RequestID,Boro,Yr,M,D,HH,MM,Vol,SegmentID,WktGeom,street,fromSt,toSt,Direction
32970,Brooklyn,2021,3,4,7,0,105,157501,POINT (988148.6889210109 151103.24158873298),CROPSEY AVENUE BRIDGE,Cropsey Avenue,Dead end,SB
32970,Brooklyn,2021,3,4,7,15,260,157501,POINT (988148.6889210109 151103.24158873298),CROPSEY AVENUE BRIDGE,Cropsey Avenue,Dead end,SB
32970,Brooklyn,2021,3,4,7,30,303,157501,POINT (988148.6889210109 151103.24158873298),CROPSEY AVENUE BRIDGE,Cropsey Avenue,Dead end,SB
32970,Brooklyn,2021,3,4,7,45,321,157501,POINT (988148.6889210109 151103.24158873298),CROPSEY AVENUE BRIDGE,Cropsey Avenue,Dead end,SB
32970,Brooklyn,2021,3,4,8,0,309,157501,POINT (988148.6889210109 151103.24158873298),CROPSEY AVENUE BRIDGE,Cropsey Avenue,Dead end,SB
32970,Brooklyn,2021,3,4,8,15,279,157501,POINT (988148.6889210109 151103.24158873298),CROPSEY AVENUE BRIDGE,Cropsey Avenue,Dead end,SB
32970,Brooklyn,2021,3,4,8,30,258,157501,POINT (988148.6889210109 151103.24158873298),CROPSEY AVENUE BRIDGE,Cropsey Avenue,Dead end,SB
32970,Brooklyn,2021,3,4,8,45,258,157501,POINT (988148.6889210109 151103.24158873298),CROPSEY AVENUE BRIDGE,Cropsey Avenue,Dead end,SB
32970,Brooklyn,2021,3,4,9,0,266,157501,POINT (988148.6889210109 151103.24158873298),CROPSEY AVENUE BRIDGE,Cropsey Avenue,Dead end,SB
32970,Brooklyn,2021,3,4,9,15,190,157501,POINT (988148.6889210109 151103.24158873298),CROPSEY AVENUE BRIDGE,Cropsey Avenue,Dead end,SB
32970,Brooklyn,2021,3,4,9,30,163,157501,POINT (988148.6889210109 151103.24158873298),CROPSEY AVENUE BRIDGE,Cropsey Avenue,Dead end,SB
32970,Brooklyn,2021,3,4,9,45,202,157501,POINT (988148.6889210109 151103.24158873298),CROPSEY AVENUE BRIDGE,Cropsey Avenue,Dead end,SB
32970,Brooklyn,2021,3,4,10,0,199,157501,POINT (988148.6889210109 151103.24158873298),CROPSEY AVENUE BRIDGE,Cropsey Avenue,Dead end,SB
32970,Brooklyn,2021,3,4,10,15,210,157501,POINT (988148.6889210109 151103.24158873298),CROPSEY AVENUE BRIDGE,Cropsey Avenue,Dead end,SB
32970,Brooklyn,2021,3,4,10,30,179,157501,POINT (988148.6889210109 151103.24158873298),CROPSEY AVENUE BRIDGE,Cropsey Avenue,Dead end,SB
32970,Brooklyn,2021,3,4,10,45,187,157501,POINT (988148.6889210109 151103.24158873298),CROPSEY AVENUE BRIDGE,Cropsey Avenue,Dead end,SB
32970,Brooklyn,2021,3,4,11,0,202,157501,POINT (988148.6889210109 151103.24158873298),CROPSEY AVENUE BRIDGE,Cropsey Avenue,Dead end,SB
32970,Brooklyn,2021,3,4,11,15,171,157501,POINT (988148.6889210109 151103.24158873298),CROPSEY AVENUE BRIDGE,Cropsey Avenue,Dead end,SB
32970,Brooklyn,2021,3,4,11,30,204,157501,POINT (988148.6889210109 151103.24158873298),CROPSEY AVENUE BRIDGE,Cropsey Avenue,Dead end,SB
32970,Brooklyn,2021,3,4,11,45,212,157501,POINT (988148.6889210109 151103.24158873298),CROPSEY AVENUE BRIDGE,Cropsey Avenue,Dead end,SB
32970,Brooklyn,2021,3,4,12,0,217,157501,POINT (988148.6889210109 151103.24158873298),CROPSEY AVENUE BRIDGE,Cropsey Avenue,Dead end,SB
32970,Brooklyn,2021,3,4,12,15,227,157501,POINT (988148.6889210109 151103.24158873298),CROPSEY AVENUE BRIDGE,Cropsey Avenue,Dead end,SB
32970,Brooklyn,2021,3,4,12,30,199,157501,POINT (988148.6889210109 151103.24158873298),CROPSEY AVENUE BRIDGE,Cropsey Avenue,Dead end,SB
32970,Brooklyn,2021,3,4,12,45,211,157501,POINT (988148.6889210109 151103.24158873298),CROPSEY AVENUE BRIDGE,Cropsey Avenue,Dead end,SB
32970,Brooklyn,2021,3,4,13,0,208,157501,POINT (988148.6889210109 151103.24158873298),CROPSEY AVENUE BRIDGE,Cropsey Avenue,Dead end,SB
32970,Brooklyn,2021,3,4,13,15,233,157501,POINT (988148.6889210109 151103.24158873298),CROPSEY AVENUE BRIDGE,Cropsey Avenue,Dead end,SB
32970,Brooklyn,2021,3,4,13,30,263,157501,POINT (988148.6889210109 151103.24158873298),CROPSEY AVENUE BRIDGE,Cropsey Avenue,Dead end,SB
32970,Brooklyn,2021,3,4,13,45,254,157501,POINT (988148.6889210109 151103.24158873298),CROPSEY AVENUE BRIDGE,Cropsey Avenue,Dead end,SB
32970,Brooklyn,2021,3,4,14,0,242,157501,POINT (988148.6889210109 151103.24158873298),CROPSEY AVENUE BRIDGE,Cropsey Avenue,Dead end,SB
32970,Brooklyn,2021,3,4,14,15,266,157501,POINT (988148.6889210109 151103.24158873298),CROPSEY AVENUE BRIDGE,Cropsey Avenue,Dead end,SB
32970,Brooklyn,2021,3,4,14,30,254,157501,POINT (988148.6889210109 151103.24158873298),CROPSEY AVENUE BRIDGE,Cropsey Avenue,Dead end,SB
32970,Brooklyn,2021,3,4,14,45,284,157501,POINT (988148.6889210109 151103.24158873298),CROPSEY AVENUE BRIDGE,Cropsey Avenue,Dead end,SB
32970,Brooklyn,2021,3,4,15,0,286,157501,POINT (988148.6889210109 151103.24158873298),CROPSEY AVENUE BRIDGE,Cropsey Avenue,Dead end,SB
32970,Brooklyn,2021,3,4,15,15,267,157501,POINT (988148.6889210109 151103.24158873298),CROPSEY AVENUE BRIDGE,Cropsey Avenue,Dead end,SB
32970,Brooklyn,2021,3,4,15,30,258,157501,POINT (988148.6889210109 151103.24158873298),CROPSEY AVENUE BRIDGE,Cropsey Avenue,Dead end,SB
32970,Brooklyn,2021,3,4,15,45,269,157501,POINT (988148.6889210109 151103.24158873298),CROPSEY AVENUE BRIDGE,Cropsey Avenue,Dead end,SB
32970,Brooklyn,2021,3,4,16,0,265,157501,POINT (988148.6889210109 151103.24158873298),CROPSEY AVENUE BRIDGE,Cropsey Avenue,Dead end,SB
32970,Brooklyn,2021,3,4,16,15,252,157501,POINT (988148.6889210109 151103.24158873298),CROPSEY AVENUE BRIDGE,Cropsey Avenue,Dead end,SB
32970,Brooklyn,2021,3,4,16,30,292,157501,POINT (988148.6889210109 151103.24158873298),CROPSEY AVENUE BRIDGE,Cropsey Avenue,Dead end,SB
32970,Brooklyn,2021,3,4,16,45,266,157501,POINT (988148.6889210109 151103.24158873298),CROPSEY AVENUE BRIDGE,Cropsey Avenue,Dead end,SB
32970,Brooklyn,2021,3,4,17,0,262,157501,POINT (988148.6889210109 151103.24158873298),CROPSEY AVENUE BRIDGE,Cropsey Avenue,Dead end,SB
32970,Brooklyn,2021,3,4,17,15,250,157501,POINT (988148.6889210109 151103.24158873298),CROPSEY AVENUE BRIDGE,Cropsey Avenue,Dead end,SB
32970,Brooklyn,2021,3,4,17,30,254,157501,POINT (988148.6889210109 151103.24158873298),CROPSEY AVENUE BRIDGE,Cropsey Avenue,Dead end,SB
32970,Brooklyn,2021,3,4,17,45,266,157501,POINT (988148.6889210109 151103.24158873298),CROPSEY AVENUE BRIDGE,Cropsey Avenue,Dead end,SB
32970,Brooklyn,2021,3,4,18,0,246,157501,POINT (988148.6889210109 151103.24158873298),CROPSEY AVENUE BRIDGE,Cropsey Avenue,Dead end,SB
32970,Brooklyn,2021,3,4,18,15,250,157501,POINT (988148.6889210109 151103.24158873298),CROPSEY AVENUE BRIDGE,Cropsey Avenue,Dead end,SB
32970,Brooklyn,2021,3,4,18,30,254,157501,POINT (988148.6889210109 151103.24158873298),CROPSEY AVENUE BRIDGE,Cropsey Avenue,Dead end,SB
32970,Brooklyn,2021,3,4,18,45,229,157501,POINT (988148.6889210109 151103.24158873298),CROPSEY AVENUE BRIDGE,Cropsey Avenue,Dead end,SB
32970,Brooklyn,2021,3,4,19,0,238,157501,POINT (988148.6889210109 151103.24158873298),CROPSEY AVENUE BRIDGE,Cropsey Avenue,Dead end,SB
32970,Brooklyn,2021,3,4,19,15,260,157501,POINT (988148.6889210109 151103.24158873298),CROPSEY AVENUE BRIDGE,Cropsey Avenue,Dead end,SB
32970,Brooklyn,2021,3,4,19,30,227,157501,POINT (988148.6889210109 151103.24158873298),CROPSEY AVENUE BRIDGE,Cropsey Avenue,Dead end,SB
32970,Brooklyn,2021,3,4,19,45,240,157501,POINT (988148.6889210109 151103.24158873298),CROPSEY AVENUE BRIDGE,Cropsey Avenue,Dead end,SB
32970,Brooklyn,2021,3,4,20,0,199,157501,POINT (988148.6889210109 151103.24158873298),CROPSEY AVENUE BRIDGE,Cropsey Avenue,Dead end,SB
32970,Brooklyn,2021,3,4,20,15,182,157501,POINT (988148.6889210109 151103.24158873298),CROPSEY AVENUE BRIDGE,Cropsey Avenue,Dead end,SB
32970,Brooklyn,2021,3,4,20,30,158,157501,POINT (988148.6889210109 151103.24158873298),CROPSEY AVENUE BRIDGE,Cropsey Avenue,Dead end,SB
32970,Brooklyn,2021,3,4,20,45,155,157501,POINT (988148.6889210109 151103.24158873298),CROPSEY AVENUE BRIDGE,Cropsey Avenue,Dead end,SB
32970,Brooklyn,2021,3,4,21,0,137,157501,POINT (988148.6889210109 151103.24158873298),CROPSEY AVENUE BRIDGE,Cropsey Avenue,Dead end,SB
32970,Brooklyn,2021,3,4,21,15,153,157501,POINT (988148.6889210109 151103.24158873298),CROPSEY AVENUE BRIDGE,Cropsey Avenue,Dead end,SB
32970,Brooklyn,2021,3,4,21,30,156,157501,POINT (988148.6889210109 151103.24158873298),CROPSEY AVENUE BRIDGE,Cropsey Avenue,Dead end,SB
32970,Brooklyn,2021,3,4,21,45,134,157501,POINT (988148.6889210109 151103.24158873298),CROPSEY AVENUE BRIDGE,Cropsey Avenue,Dead end,SB
32970,Brooklyn,2021,3,4,22,0,136,157501,POINT (988148.6889210109 151103.24158873298),CROPSEY AVENUE BRIDGE,Cropsey Avenue,Dead end,SB
32970,Brooklyn,2021,3,4,22,15,104,157501,POINT (988148.6889210109 151103.24158873298),CROPSEY AVENUE BRIDGE,Cropsey Avenue,Dead end,SB
32970,Brooklyn,2021,3,4,22,30,111,157501,POINT (988148.6889210109 151103.24158873298),CROPSEY AVENUE BRIDGE,Cropsey Avenue,Dead end,SB
32970,Brooklyn,2021,3,4,22,45,112,157501,POINT (988148.6889210109 151103.24158873298),CROPSEY AVENUE BRIDGE,Cropsey Avenue,Dead end,SB
32970,Brooklyn,2021,3,4,23,0,107,157501,POINT (988148.6889210109 151103.24158873298),CROPSEY AVENUE BRIDGE,Cropsey Avenue,Dead end,SB
32970,Brooklyn,2021,3,4,23,15,113,157501,POINT (988148.6889210109 151103.24158873298),CROPSEY AVENUE BRIDGE,Cropsey Avenue,Dead end,SB
32970,Brooklyn,2021,3,4,23,30,103,157501,POINT (988148.6889210109 151103.24158873298),CROPSEY AVENUE BRIDGE,Cropsey Avenue,Dead end,SB
32970,Brooklyn,2021,3,4,23,45,83,157501,POINT (988148.6889210109 151103.24158873298),CROPSEY AVENUE BRIDGE,Cropsey Avenue,Dead end,SB
32970,Brooklyn,2021,3,5,0,0,57,157501,POINT (988148.6889210109 151103.24158873298),CROPSEY AVENUE BRIDGE,Cropsey Avenue,Dead end,SB
32970,Brooklyn,2021,3,5,0,15,56,157501,POINT (988148.6889210109 151103.24158873298),CROPSEY AVENUE BRIDGE,Cropsey Avenue,Dead end,SB
32970,Brooklyn,2021,3,5,0,30,62,157501,POINT (988148.6889210109 151103.24158873298),CROPSEY AVENUE BRIDGE,Cropsey Avenue,Dead end,SB
32970,Brooklyn,2021,3,5,0,45,45,157501,POINT (988148.6889210109 151103.24158873298),CROPSEY AVENUE BRIDGE,Cropsey Avenue,Dead end,SB
32970,Brooklyn,2021,3,5,1,0,37,157501,POINT (988148.6889210109 151103.24158873298),CROPSEY AVENUE BRIDGE,Cropsey Avenue,Dead end,SB
32970,Brooklyn,2021,3,5,1,15,35,157501,POINT (988148.6889210109 151103.24158873298),CROPSEY AVENUE BRIDGE,Cropsey Avenue,Dead end,SB
32970,Brooklyn,2021,3,5,1,30,38,157501,POINT (988148.6889210109 151103.24158873298),CROPSEY AVENUE BRIDGE,Cropsey Avenue,Dead end,SB
32970,Brooklyn,2021,3,5,1,45,33,157501,POINT (988148.6889210109 151103.24158873298),CROPSEY AVENUE BRIDGE,Cropsey Avenue,Dead end,SB
32970,Brooklyn,2021,3,5,2,0,21,157501,POINT (988148.6889210109 151103.24158873298),CROPSEY AVENUE BRIDGE,Cropsey Avenue,Dead end,SB
32970,Brooklyn,2021,3,5,2,15,23,157501,POINT (988148.6889210109 151103.24158873298),CROPSEY AVENUE BRIDGE,Cropsey Avenue,Dead end,SB
32970,Brooklyn,2021,3,5,2,30,45,157501,POINT (988148.6889210109 151103.24158873298),CROPSEY AVENUE BRIDGE,Cropsey Avenue,Dead end,SB
32970,Brooklyn,2021,3,5,2,45,20,157501,POINT (988148.6889210109 151103.24158873298),CROPSEY AVENUE BRIDGE,Cropsey Avenue,Dead end,SB
32970,Brooklyn,2021,3,5,3,0,21,157501,POINT (988148.6889210109 151103.24158873298),CROPSEY AVENUE BRIDGE,Cropsey Avenue,Dead end,SB
32970,Brooklyn,2021,3,5,3,15,15,157501,POINT (988148.6889210109 151103.24158873298),CROPSEY AVENUE BRIDGE,Cropsey Avenue,Dead end,SB
32970,Brooklyn,2021,3,5,3,30,23,157501,POINT (988148.6889210109 151103.24158873298),CROPSEY AVENUE BRIDGE,Cropsey Avenue,Dead end,SB
32970,Brooklyn,2021,3,5,3,45,16,157501,POINT (988148.6889210109 151103.24158873298),CROPSEY AVENUE BRIDGE,Cropsey Avenue,Dead end,SB
32970,Brooklyn,2021,3,5,4,0,34,157501,POINT (988148.6889210109 151103.24158873298),CROPSEY AVENUE BRIDGE,Cropsey Avenue,Dead end,SB
32970,Brooklyn,2021,3,5,4,15,32,157501,POINT (988148.6889210109 151103.24158873298),CROPSEY AVENUE BRIDGE,Cropsey Avenue,Dead end,SB
32970,Brooklyn,2021,3,5,4,30,41,157501,POINT (988148.6889210109 151103.24158873298),CROPSEY AVENUE BRIDGE,Cropsey Avenue,Dead end,SB
32970,Brooklyn,2021,3,5,4,45,39,157501,POINT (988148.6889210109 151103.24158873298),CROPSEY AVENUE BRIDGE,Cropsey Avenue,Dead end,SB
32970,Brooklyn,2021,3,5,5,0,53,157501,POINT (988148.6889210109 151103.24158873298),CROPSEY AVENUE BRIDGE,Cropsey Avenue,Dead end,SB
32970,Brooklyn,2021,3,5,5,15,60,157501,POINT (988148.6889210109 151103.24158873298),CROPSEY AVENUE BRIDGE,Cropsey Avenue,Dead end,SB
32970,Brooklyn,2021,3,5,5,30,84,157501,POINT (988148.6889210109 151103.24158873298),CROPSEY AVENUE BRIDGE,Cropsey Avenue,Dead end,SB
32970,Brooklyn,2021,3,5,5,45,132,157501,POINT (988148.6889210109 151103.24158873298),CROPSEY AVENUE BRIDGE,Cropsey Avenue,Dead end,SB
32970,Brooklyn,2021,3,5,6,0,156,157501,POINT (988148.6889210109 151103.24158873298),CROPSEY AVENUE BRIDGE,Cropsey Avenue,Dead end,SB
32970,Brooklyn,2021,3,5,6,15,193,157501,POINT (988148.6889210109 151103.24158873298),CROPSEY AVENUE BRIDGE,Cropsey Avenue,Dead end,SB
32970,Brooklyn,2021,3,5,6,30,220,157501,POINT (988148.6889210109 151103.24158873298),CROPSEY AVENUE BRIDGE,Cropsey Avenue,Dead end,SB
32970,Brooklyn,2021,3,5,6,45,248,157501,POINT (988148.6889210109 151103.24158873298),CROPSEY AVENUE BRIDGE,Cropsey Avenue,Dead end,SB
32970,Brooklyn,2021,3,5,7,0,216,157501,POINT (988148.6889210109 151103.24158873298),CROPSEY AVENUE BRIDGE,Cropsey Avenue,Dead end,SB
32970,Brooklyn,2021,3,5,7,15,260,157501,POINT (988148.6889210109 151103.24158873298),CROPSEY AVENUE BRIDGE,Cropsey Avenue,Dead end,SB
32970,Brooklyn,2021,3,5,7,30,264,157501,POINT (988148.6889210109 151103.24158873298),CROPSEY AVENUE BRIDGE,Cropsey Avenue,Dead end,SB
32970,Brooklyn,2021,3,5,7,45,307,157501,POINT (988148.6889210109 151103.24158873298),CROPSEY AVENUE BRIDGE,Cropsey Avenue,Dead end,SB
32970,Brooklyn,2021,3,5,8,0,317,157501,POINT (988148.6889210109 151103.24158873298),CROPSEY AVENUE BRIDGE,Cropsey Avenue,Dead end,SB
32970,Brooklyn,2021,3,5,8,15,291,157501,POINT (988148.6889210109 151103.24158873298),CROPSEY AVENUE BRIDGE,Cropsey Avenue,Dead end,SB
32970,Brooklyn,2021,3,5,8,30,256,157501,POINT (988148.6889210109 151103.24158873298),CROPSEY AVENUE BRIDGE,Cropsey Avenue,Dead end,SB
32970,Brooklyn,2021,3,5,8,45,271,157501,POINT (988148.6889210109 151103.24158873298),CROPSEY AVENUE BRIDGE,Cropsey Avenue,Dead end,SB
32970,Brooklyn,2021,3,5,9,0,242,157501,POINT (988148.6889210109 151103.24158873298),CROPSEY AVENUE BRIDGE,Cropsey Avenue,Dead end,SB
32970,Brooklyn,2021,3,5,9,15,199,157501,POINT (988148.6889210109 151103.24158873298),CROPSEY AVENUE BRIDGE,Cropsey Avenue,Dead end,SB
32970,Brooklyn,2021,3,5,9,30,186,157501,POINT (988148.6889210109 151103.24158873298),CROPSEY AVENUE BRIDGE,Cropsey Avenue,Dead end,SB
32970,Brooklyn,2021,3,5,9,45,179,157501,POINT (988148.6889210109 151103.24158873298),CROPSEY AVENUE BRIDGE,Cropsey Avenue,Dead end,SB
32970,Brooklyn,2021,3,5,10,0,170,157501,POINT (988148.6889210109 151103.24158873298),CROPSEY AVENUE BRIDGE,Cropsey Avenue,Dead end,SB
32970,Brooklyn,2021,3,5,10,15,209,157501,POINT (988148.6889210109 151103.24158873298),CROPSEY AVENUE BRIDGE,Cropsey Avenue,Dead end,SB
32970,Brooklyn,2021,3,5,10,30,173,157501,POINT (988148.6889210109 151103.24158873298),CROPSEY AVENUE BRIDGE,Cropsey Avenue,Dead end,SB
32970,Brooklyn,2021,3,5,10,45,191,157501,POINT (988148.6889210109 151103.24158873298),CROPSEY AVENUE BRIDGE,Cropsey Avenue,Dead end,SB
32970,Brooklyn,2021,3,5,11,0,184,157501,POINT (988148.6889210109 151103.24158873298),CROPSEY AVENUE BRIDGE,Cropsey Avenue,Dead end,SB
32970,Brooklyn,2021,3,5,11,15,174,157501,POINT (988148.6889210109 151103.24158873298),CROPSEY AVENUE BRIDGE,Cropsey Avenue,Dead end,SB
32970,Brooklyn,2021,3,5,11,30,214,157501,POINT (988148.6889210109 151103.24158873298),CROPSEY AVENUE BRIDGE,Cropsey Avenue,Dead end,SB
32970,Brooklyn,2021,3,5,11,45,185,157501,POINT (988148.6889210109 151103.24158873298),CROPSEY AVENUE BRIDGE,Cropsey Avenue,Dead end,SB
32970,Brooklyn,2021,3,5,12,0,215,157501,POINT (988148.6889210109 151103.24158873298),CROPSEY AVENUE BRIDGE,Cropsey Avenue,Dead end,SB
32970,Brooklyn,2021,3,5,12,15,197,157501,POINT (988148.6889210109 151103.24158873298),CROPSEY AVENUE BRIDGE,Cropsey Avenue,Dead end,SB
32970,Brooklyn,2021,3,5,12,30,195,157501,POINT (988148.6889210109 151103.24158873298),CROPSEY AVENUE BRIDGE,Cropsey Avenue,Dead end,SB
32970,Brooklyn,2021,3,5,12,45,197,157501,POINT (988148.6889210109 151103.24158873298),CROPSEY AVENUE BRIDGE,Cropsey Avenue,Dead end,SB
32970,Brooklyn,2021,3,5,13,0,211,157501,POINT (988148.6889210109 151103.24158873298),CROPSEY AVENUE BRIDGE,Cropsey Avenue,Dead end,SB
32970,Brooklyn,2021,3,5,13,15,230,157501,POINT (988148.6889210109 151103.24158873298),CROPSEY AVENUE BRIDGE,Cropsey Avenue,Dead end,SB
32970,Brooklyn,2021,3,5,13,30,208,157501,POINT (988148.6889210109 151103.24158873298),CROPSEY AVENUE BRIDGE,Cropsey Avenue,Dead end,SB
32970,Brooklyn,2021,3,5,13,45,267,157501,POINT (988148.6889210109 151103.24158873298),CROPSEY AVENUE BRIDGE,Cropsey Avenue,Dead end,SB
32970,Brooklyn,2021,3,5,14,0,281,157501,POINT (988148.6889210109 151103.24158873298),CROPSEY AVENUE BRIDGE,Cropsey Avenue,Dead end,SB
32970,Brooklyn,2021,3,5,14,15,258,157501,POINT (988148.6889210109 151103.24158873298),CROPSEY AVENUE BRIDGE,Cropsey Avenue,Dead end,SB
32970,Brooklyn,2021,3,5,14,30,251,157501,POINT (988148.6889210109 151103.24158873298),CROPSEY AVENUE BRIDGE,Cropsey Avenue,Dead end,SB
32970,Brooklyn,2021,3,5,14,45,250,157501,POINT (988148.6889210109 151103.24158873298),CROPSEY AVENUE BRIDGE,Cropsey Avenue,Dead end,SB
32970,Brooklyn,2021,3,5,15,0,274,157501,POINT (988148.6889210109 151103.24158873298),CROPSEY AVENUE BRIDGE,Cropsey Avenue,Dead end,SB
32970,Brooklyn,2021,3,5,15,15,265,157501,POINT (988148.6889210109 151103.24158873298),CROPSEY AVENUE BRIDGE,Cropsey Avenue,Dead end,SB
32970,Brooklyn,2021,3,5,15,30,239,157501,POINT (988148.6889210109 151103.24158873298),CROPSEY AVENUE BRIDGE,Cropsey Avenue,Dead end,SB
32970,Brooklyn,2021,3,5,15,45,214,157501,POINT (988148.6889210109 151103.24158873298),CROPSEY AVENUE BRIDGE,Cropsey Avenue,Dead end,SB
32970,Brooklyn,2021,3,5,16,0,310,157501,POINT (988148.6889210109 151103.24158873298),CROPSEY AVENUE BRIDGE,Cropsey Avenue,Dead end,SB
32970,Brooklyn,2021,3,5,16,15,264,157501,POINT (988148.6889210109 151103.24158873298),CROPSEY AVENUE BRIDGE,Cropsey Avenue,Dead end,SB
32970,Brooklyn,2021,3,5,16,30,282,157501,POINT (988148.6889210109 151103.24158873298),CROPSEY AVENUE BRIDGE,Cropsey Avenue,Dead end,SB
32970,Brooklyn,2021,3,5,16,45,271,157501,POINT (988148.6889210109 151103.24158873298),CROPSEY AVENUE BRIDGE,Cropsey Avenue,Dead end,SB
32970,Brooklyn,2021,3,5,17,0,270,157501,POINT (988148.6889210109 151103.24158873298),CROPSEY AVENUE BRIDGE,Cropsey Avenue,Dead end,SB
32970,Brooklyn,2021,3,5,17,15,254,157501,POINT (988148.6889210109 151103.24158873298),CROPSEY AVENUE BRIDGE,Cropsey Avenue,Dead end,SB
32970,Brooklyn,2021,3,5,17,30,269,157501,POINT (988148.6889210109 151103.24158873298),CROPSEY AVENUE BRIDGE,Cropsey Avenue,Dead end,SB
32970,Brooklyn,2021,3,5,17,45,243,157501,POINT (988148.6889210109 151103.24158873298),CROPSEY AVENUE BRIDGE,Cropsey Avenue,Dead end,SB
32970,Brooklyn,2021,3,5,18,0,267,157501,POINT (988148.6889210109 151103.24158873298),CROPSEY AVENUE BRIDGE,Cropsey Avenue,Dead end,SB
32970,Brooklyn,2021,3,5,18,15,215,157501,POINT (988148.6889210109 151103.24158873298),CROPSEY AVENUE BRIDGE,Cropsey Avenue,Dead end,SB
32970,Brooklyn,2021,3,5,18,30,222,157501,POINT (988148.6889210109 151103.24158873298),CROPSEY AVENUE BRIDGE,Cropsey Avenue,Dead end,SB
32970,Brooklyn,2021,3,5,18,45,237,157501,POINT (988148.6889210109 151103.24158873298),CROPSEY AVENUE BRIDGE,Cropsey Avenue,Dead end,SB
32970,Brooklyn,2021,3,5,19,0,234,157501,POINT (988148.6889210109 151103.24158873298),CROPSEY AVENUE BRIDGE,Cropsey Avenue,Dead end,SB
32970,Brooklyn,2021,3,5,19,15,234,157501,POINT (988148.6889210109 151103.24158873298),CROPSEY AVENUE BRIDGE,Cropsey Avenue,Dead end,SB
32970,Brooklyn,2021,3,5,19,30,230,157501,POINT (988148.6889210109 151103.24158873298),CROPSEY AVENUE BRIDGE,Cropsey Avenue,Dead end,SB
32970,Brooklyn,2021,3,5,19,45,211,157501,POINT (988148.6889210109 151103.24158873298),CROPSEY AVENUE BRIDGE,Cropsey Avenue,Dead end,SB
32970,Brooklyn,2021,3,5,20,0,207,157501,POINT (988148.6889210109 151103.24158873298),CROPSEY AVENUE BRIDGE,Cropsey Avenue,Dead end,SB
32970,Brooklyn,2021,3,5,20,15,219,157501,POINT (988148.6889210109 151103.24158873298),CROPSEY AVENUE BRIDGE,Cropsey Avenue,Dead end,SB
32970,Brooklyn,2021,3,5,20,30,183,157501,POINT (988148.6889210109 151103.24158873298),CROPSEY AVENUE BRIDGE,Cropsey Avenue,Dead end,SB
32970,Brooklyn,2021,3,5,20,45,195,157501,POINT (988148.6889210109 151103.24158873298),CROPSEY AVENUE BRIDGE,Cropsey Avenue,Dead end,SB
32970,Brooklyn,2021,3,5,21,0,151,157501,POINT (988148.6889210109 151103.24158873298),CROPSEY AVENUE BRIDGE,Cropsey Avenue,Dead end,SB
32970,Brooklyn,2021,3,5,21,15,138,157501,POINT (988148.6889210109 151103.24158873298),CROPSEY AVENUE BRIDGE,Cropsey Avenue,Dead end,SB
32970,Brooklyn,2021,3,5,21,30,152,157501,POINT (988148.6889210109 151103.24158873298),CROPSEY AVENUE BRIDGE,Cropsey Avenue,Dead end,SB
32970,Brooklyn,2021,3,5,21,45,147,157501,POINT (988148.6889210109 151103.24158873298),CROPSEY AVENUE BRIDGE,Cropsey Avenue,Dead end,SB
32970,Brooklyn,2021,3,5,22,0,118,157501,POINT (988148.6889210109 151103.24158873298),CROPSEY AVENUE BRIDGE,Cropsey Avenue,Dead end,SB
32970,Brooklyn,2021,3,5,22,15,130,157501,POINT (988148.6889210109 151103.24158873298),CROPSEY AVENUE BRIDGE,Cropsey Avenue,Dead end,SB
32970,Brooklyn,2021,3,5,22,30,139,157501,POINT (988148.6889210109 151103.24158873298),CROPSEY AVENUE BRIDGE,Cropsey Avenue,Dead end,SB
32970,Brooklyn,2021,3,5,22,45,149,157501,POINT (988148.6889210109 151103.24158873298),CROPSEY AVENUE BRIDGE,Cropsey Avenue,Dead end,SB
32970,Brooklyn,2021,3,5,23,0,124,157501,POINT (988148.6889210109 151103.24158873298),CROPSEY AVENUE BRIDGE,Cropsey Avenue,Dead end,SB
32970,Brooklyn,2021,3,5,23,15,112,157501,POINT (988148.6889210109 151103.24158873298),CROPSEY AVENUE BRIDGE,Cropsey Avenue,Dead end,SB
32970,Brooklyn,2021,3,5,23,30,116,157501,POINT (988148.6889210109 151103.24158873298),CROPSEY AVENUE BRIDGE,Cropsey Avenue,Dead end,SB
32970,Brooklyn,2021,3,5,23,45,87,157501,POINT (988148.6889210109 151103.24158873298),CROPSEY AVENUE BRIDGE,Cropsey Avenue,Dead end,SB
32970,Brooklyn,2021,3,6,0,0,81,157501,POINT (988148.6889210109 151103.24158873298),CROPSEY AVENUE BRIDGE,Cropsey Avenue,Dead end,SB
32970,Brooklyn,2021,3,6,0,15,60,157501,POINT (988148.6889210109 151103.24158873298),CROPSEY AVENUE BRIDGE,Cropsey Avenue,Dead end,SB
32970,Brooklyn,2021,3,6,0,30,64,157501,POINT (988148.6889210109 151103.24158873298),CROPSEY AVENUE BRIDGE,Cropsey Avenue,Dead end,SB
32970,Brooklyn,2021,3,6,0,45,77,157501,POINT (988148.6889210109 151103.24158873298),CROPSEY AVENUE BRIDGE,Cropsey Avenue,Dead end,SB
32970,Brooklyn,2021,3,6,1,0,56,157501,POINT (988148.6889210109 151103.24158873298),CROPSEY AVENUE BRIDGE,Cropsey Avenue,Dead end,SB
32970,Brooklyn,2021,3,6,1,15,52,157501,POINT (988148.6889210109 151103.24158873298),CROPSEY AVENUE BRIDGE,Cropsey Avenue,Dead end,SB
32970,Brooklyn,2021,3,6,1,30,64,157501,POINT (988148.6889210109 151103.24158873298),CROPSEY AVENUE BRIDGE,Cropsey Avenue,Dead end,SB
32970,Brooklyn,2021,3,6,1,45,42,157501,POINT (988148.6889210109 151103.24158873298),CROPSEY AVENUE BRIDGE,Cropsey Avenue,Dead end,SB
32970,Brooklyn,2021,3,6,2,0,45,157501,POINT (988148.6889210109 151103.24158873298),CROPSEY AVENUE BRIDGE,Cropsey Avenue,Dead end,SB
32970,Brooklyn,2021,3,6,2,15,39,157501,POINT (988148.6889210109 151103.24158873298),CROPSEY AVENUE BRIDGE,Cropsey Avenue,Dead end,SB
32970,Brooklyn,2021,3,6,2,30,34,157501,POINT (988148.6889210109 151103.24158873298),CROPSEY AVENUE BRIDGE,Cropsey Avenue,Dead end,SB
32970,Brooklyn,2021,3,6,2,45,22,157501,POINT (988148.6889210109 151103.24158873298),CROPSEY AVENUE BRIDGE,Cropsey Avenue,Dead end,SB
32970,Brooklyn,2021,3,6,3,0,29,157501,POINT (988148.6889210109 151103.24158873298),CROPSEY AVENUE BRIDGE,Cropsey Avenue,Dead end,SB
32970,Brooklyn,2021,3,6,3,15,25,157501,POINT (988148.6889210109 151103.24158873298),CROPSEY AVENUE BRIDGE,Cropsey Avenue,Dead end,SB
32970,Brooklyn,2021,3,6,3,30,24,157501,POINT (988148.6889210109 151103.24158873298),CROPSEY AVENUE BRIDGE,Cropsey Avenue,Dead end,SB
32970,Brooklyn,2021,3,6,3,45,43,157501,POINT (988148.6889210109 151103.24158873298),CROPSEY AVENUE BRIDGE,Cropsey Avenue,Dead end,SB
32970,Brooklyn,2021,3,6,4,0,27,157501,POINT (988148.6889210109 151103.24158873298),CROPSEY AVENUE BRIDGE,Cropsey Avenue,Dead end,SB
32970,Brooklyn,2021,3,6,4,15,27,157501,POINT (988148.6889210109 151103.24158873298),CROPSEY AVENUE BRIDGE,Cropsey Avenue,Dead end,SB
32970,Brooklyn,2021,3,6,4,30,26,157501,POINT (988148.6889210109 151103.24158873298),CROPSEY AVENUE BRIDGE,Cropsey Avenue,Dead end,SB
32970,Brooklyn,2021,3,6,4,45,53,157501,POINT (988148.6889210109 151103.24158873298),CROPSEY AVENUE BRIDGE,Cropsey Avenue,Dead end,SB
32970,Brooklyn,2021,3,6,5,0,31,157501,POINT (988148.6889210109 151103.24158873298),CROPSEY AVENUE BRIDGE,Cropsey Avenue,Dead end,SB
32970,Brooklyn,2021,3,6,5,15,31,157501,POINT (988148.6889210109 151103.24158873298),CROPSEY AVENUE BRIDGE,Cropsey Avenue,Dead end,SB
32970,Brooklyn,2021,3,6,5,30,40,157501,POINT (988148.6889210109 151103.24158873298),CROPSEY AVENUE BRIDGE,Cropsey Avenue,Dead end,SB
32970,Brooklyn,2021,3,6,5,45,58,157501,POINT (988148.6889210109 151103.24158873298),CROPSEY AVENUE BRIDGE,Cropsey Avenue,Dead end,SB
32970,Brooklyn,2021,3,6,6,0,64,157501,POINT (988148.6889210109 151103.24158873298),CROPSEY AVENUE BRIDGE,Cropsey Avenue,Dead end,SB
32970,Brooklyn,2021,3,6,6,15,56,157501,POINT (988148.6889210109 151103.24158873298),CROPSEY AVENUE BRIDGE,Cropsey Avenue,Dead end,SB
32970,Brooklyn,2021,3,6,6,30,89,157501,POINT (988148.6889210109 151103.24158873298),CROPSEY AVENUE BRIDGE,Cropsey Avenue,Dead end,SB
32970,Brooklyn,2021,3,6,6,45,119,157501,POINT (988148.6889210109 151103.24158873298),CROPSEY AVENUE BRIDGE,Cropsey Avenue,Dead end,SB
32970,Brooklyn,2021,3,6,7,0,107,157501,POINT (988148.6889210109 151103.24158873298),CROPSEY AVENUE BRIDGE,Cropsey Avenue,Dead end,SB
32970,Brooklyn,2021,3,6,7,15,115,157501,POINT (988148.6889210109 151103.24158873298),CROPSEY AVENUE BRIDGE,Cropsey Avenue,Dead end,SB
32970,Brooklyn,2021,3,6,7,30,127,157501,POINT (988148.6889210109 151103.24158873298),CROPSEY AVENUE BRIDGE,Cropsey Avenue,Dead end,SB
32970,Brooklyn,2021,3,6,7,45,160,157501,POINT (988148.6889210109 151103.24158873298),CROPSEY AVENUE BRIDGE,Cropsey Avenue,Dead end,SB
32970,Brooklyn,2021,3,6,8,0,162,157501,POINT (988148.6889210109 151103.24158873298),CROPSEY AVENUE BRIDGE,Cropsey Avenue,Dead end,SB
32970,Brooklyn,2021,3,6,8,15,153,157501,POINT (988148.6889210109 151103.24158873298),CROPSEY AVENUE BRIDGE,Cropsey Avenue,Dead end,SB
32970,Brooklyn,2021,3,6,8,30,170,157501,POINT (988148.6889210109 151103.24158873298),CROPSEY AVENUE BRIDGE,Cropsey Avenue,Dead end,SB
32970,Brooklyn,2021,3,6,8,45,176,157501,POINT (988148.6889210109 151103.24158873298),CROPSEY AVENUE BRIDGE,Cropsey Avenue,Dead end,SB
32970,Brooklyn,2021,3,6,9,0,155,157501,POINT (988148.6889210109 151103.24158873298),CROPSEY AVENUE BRIDGE,Cropsey Avenue,Dead end,SB
32970,Brooklyn,2021,3,6,9,15,163,157501,POINT (988148.6889210109 151103.24158873298),CROPSEY AVENUE BRIDGE,Cropsey Avenue,Dead end,SB
32970,Brooklyn,2021,3,6,9,30,175,157501,POINT (988148.6889210109 151103.24158873298),CROPSEY AVENUE BRIDGE,Cropsey Avenue,Dead end,SB
32970,Brooklyn,2021,3,6,9,45,179,157501,POINT (988148.6889210109 151103.24158873298),CROPSEY AVENUE BRIDGE,Cropsey Avenue,Dead end,SB
32970,Brooklyn,2021,3,6,10,0,194,157501,POINT (988148.6889210109 151103.24158873298),CROPSEY AVENUE BRIDGE,Cropsey Avenue,Dead end,SB
32970,Brooklyn,2021,3,6,10,15,202,157501,POINT (988148.6889210109 151103.24158873298),CROPSEY AVENUE BRIDGE,Cropsey Avenue,Dead end,SB
32970,Brooklyn,2021,3,6,10,30,211,157501,POINT (988148.6889210109 151103.24158873298),CROPSEY AVENUE BRIDGE,Cropsey Avenue,Dead end,SB
32970,Brooklyn,2021,3,6,10,45,216,157501,POINT (988148.6889210109 151103.24158873298),CROPSEY AVENUE BRIDGE,Cropsey Avenue,Dead end,SB
32970,Brooklyn,2021,3,6,11,0,199,157501,POINT (988148.6889210109 151103.24158873298),CROPSEY AVENUE BRIDGE,Cropsey Avenue,Dead end,SB
32970,Brooklyn,2021,3,6,11,15,226,157501,POINT (988148.6889210109 151103.24158873298),CROPSEY AVENUE BRIDGE,Cropsey Avenue,Dead end,SB
32970,Brooklyn,2021,3,6,11,30,212,157501,POINT (988148.6889210109 151103.24158873298),CROPSEY AVENUE BRIDGE,Cropsey Avenue,Dead end,SB
32970,Brooklyn,2021,3,6,11,45,263,157501,POINT (988148.6889210109 151103.24158873298),CROPSEY AVENUE BRIDGE,Cropsey Avenue,Dead end,SB
32970,Brooklyn,2021,3,6,12,0,229,157501,POINT (988148.6889210109 151103.24158873298),CROPSEY AVENUE BRIDGE,Cropsey Avenue,Dead end,SB
32970,Brooklyn,2021,3,6,12,15,263,157501,POINT (988148.6889210109 151103.24158873298),CROPSEY AVENUE BRIDGE,Cropsey Avenue,Dead end,SB
32970,Brooklyn,2021,3,6,12,30,249,157501,POINT (988148.6889210109 151103.24158873298),CROPSEY AVENUE BRIDGE,Cropsey Avenue,Dead end,SB
32970,Brooklyn,2021,3,6,12,45,256,157501,POINT (988148.6889210109 151103.24158873298),CROPSEY AVENUE BRIDGE,Cropsey Avenue,Dead end,SB
32970,Brooklyn,2021,3,6,13,0,285,157501,POINT (988148.6889210109 151103.24158873298),CROPSEY AVENUE BRIDGE,Cropsey Avenue,Dead end,SB
32970,Brooklyn,2021,3,6,13,15,269,157501,POINT (988148.6889210109 151103.24158873298),CROPSEY AVENUE BRIDGE,Cropsey Avenue,Dead end,SB
32970,Brooklyn,2021,3,6,13,30,259,157501,POINT (988148.6889210109 151103.24158873298),CROPSEY AVENUE BRIDGE,Cropsey Avenue,Dead end,SB
32970,Brooklyn,2021,3,6,13,45,264,157501,POINT (988148.6889210109 151103.24158873298),CROPSEY AVENUE BRIDGE,Cropsey Avenue,Dead end,SB
32970,Brooklyn,2021,3,6,14,0,248,157501,POINT (988148.6889210109 151103.24158873298),CROPSEY AVENUE BRIDGE,Cropsey Avenue,Dead end,SB
32970,Brooklyn,2021,3,6,14,15,291,157501,POINT (988148.6889210109 151103.24158873298),CROPSEY AVENUE BRIDGE,Cropsey Avenue,Dead end,SB
32970,Brooklyn,2021,3,6,14,30,307,157501,POINT (988148.6889210109 151103.24158873298),CROPSEY AVENUE BRIDGE,Cropsey Avenue,Dead end,SB
32970,Brooklyn,2021,3,6,14,45,312,157501,POINT (988148.6889210109 151103.24158873298),CROPSEY AVENUE BRIDGE,Cropsey Avenue,Dead end,SB
32970,Brooklyn,2021,3,6,15,0,247,157501,POINT (988148.6889210109 151103.24158873298),CROPSEY AVENUE BRIDGE,Cropsey Avenue,Dead end,SB
32970,Brooklyn,2021,3,6,15,15,287,157501,POINT (988148.6889210109 151103.24158873298),CROPSEY AVENUE BRIDGE,Cropsey Avenue,Dead end,SB
32970,Brooklyn,2021,3,6,15,30,320,157501,POINT (988148.6889210109 151103.24158873298),CROPSEY AVENUE BRIDGE,Cropsey Avenue,Dead end,SB
32970,Brooklyn,2021,3,6,15,45,307,157501,POINT (988148.6889210109 151103.24158873298),CROPSEY AVENUE BRIDGE,Cropsey Avenue,Dead end,SB
32970,Brooklyn,2021,3,6,16,0,250,157501,POINT (988148.6889210109 151103.24158873298),CROPSEY AVENUE BRIDGE,Cropsey Avenue,Dead end,SB
32970,Brooklyn,2021,3,6,16,15,278,157501,POINT (988148.6889210109 151103.24158873298),CROPSEY AVENUE BRIDGE,Cropsey Avenue,Dead end,SB
32970,Brooklyn,2021,3,6,16,30,261,157501,POINT (988148.6889210109 151103.24158873298),CROPSEY AVENUE BRIDGE,Cropsey Avenue,Dead end,SB
32970,Brooklyn,2021,3,6,16,45,256,157501,POINT (988148.6889210109 151103.24158873298),CROPSEY AVENUE BRIDGE,Cropsey Avenue,Dead end,SB
32970,Brooklyn,2021,3,6,17,0,242,157501,POINT (988148.6889210109 151103.24158873298),CROPSEY AVENUE BRIDGE,Cropsey Avenue,Dead end,SB
32970,Brooklyn,2021,3,6,17,15,236,157501,POINT (988148.6889210109 151103.24158873298),CROPSEY AVENUE BRIDGE,Cropsey Avenue,Dead end,SB
32970,Brooklyn,2021,3,6,17,30,222,157501,POINT (988148.6889210109 151103.24158873298),CROPSEY AVENUE BRIDGE,Cropsey Avenue,Dead end,SB
32970,Brooklyn,2021,3,6,17,45,226,157501,POINT (988148.6889210109 151103.24158873298),CROPSEY AVENUE BRIDGE,Cropsey Avenue,Dead end,SB
32970,Brooklyn,2021,3,6,18,0,248,157501,POINT (988148.6889210109 151103.24158873298),CROPSEY AVENUE BRIDGE,Cropsey Avenue,Dead end,SB
32970,Brooklyn,2021,3,6,18,15,215,157501,POINT (988148.6889210109 151103.24158873298),CROPSEY AVENUE BRIDGE,Cropsey Avenue,Dead end,SB
32970,Brooklyn,2021,3,6,18,30,246,157501,POINT (988148.6889210109 151103.24158873298),CROPSEY AVENUE BRIDGE,Cropsey Avenue,Dead end,SB
32970,Brooklyn,2021,3,6,18,45,230,157501,POINT (988148.6889210109 151103.24158873298),CROPSEY AVENUE BRIDGE,Cropsey Avenue,Dead end,SB
32970,Brooklyn,2021,3,6,19,0,228,157501,POINT (988148.6889210109 151103.24158873298),CROPSEY AVENUE BRIDGE,Cropsey Avenue,Dead end,SB
32970,Brooklyn,2021,3,6,19,15,207,157501,POINT (988148.6889210109 151103.24158873298),CROPSEY AVENUE BRIDGE,Cropsey Avenue,Dead end,SB
32970,Brooklyn,2021,3,6,19,30,230,157501,POINT (988148.6889210109 151103.24158873298),CROPSEY AVENUE BRIDGE,Cropsey Avenue,Dead end,SB
32970,Brooklyn,2021,3,6,19,45,189,157501,POINT (988148.6889210109 151103.24158873298),CROPSEY AVENUE BRIDGE,Cropsey Avenue,Dead end,SB
32970,Brooklyn,2021,3,6,20,0,186,157501,POINT (988148.6889210109 151103.24158873298),CROPSEY AVENUE BRIDGE,Cropsey Avenue,Dead end,SB
32970,Brooklyn,2021,3,6,20,15,189,157501,POINT (988148.6889210109 151103.24158873298),CROPSEY AVENUE BRIDGE,Cropsey Avenue,Dead end,SB
32970,Brooklyn,2021,3,6,20,30,171,157501,POINT (988148.6889210109 151103.24158873298),CROPSEY AVENUE BRIDGE,Cropsey Avenue,Dead end,SB
32970,Brooklyn,2021,3,6,20,45,145,157501,POINT (988148.6889210109 151103.24158873298),CROPSEY AVENUE BRIDGE,Cropsey Avenue,Dead end,SB
32970,Brooklyn,2021,3,6,21,0,162,157501,POINT (988148.6889210109 151103.24158873298),CROPSEY AVENUE BRIDGE,Cropsey Avenue,Dead end,SB
32970,Brooklyn,2021,3,6,21,15,137,157501,POINT (988148.6889210109 151103.24158873298),CROPSEY AVENUE BRIDGE,Cropsey Avenue,Dead end,SB
32970,Brooklyn,2021,3,6,21,30,153,157501,POINT (988148.6889210109 151103.24158873298),CROPSEY AVENUE BRIDGE,Cropsey Avenue,Dead end,SB
32970,Brooklyn,2021,3,6,21,45,132,157501,POINT (988148.6889210109 151103.24158873298),CROPSEY AVENUE BRIDGE,Cropsey Avenue,Dead end,SB
32970,Brooklyn,2021,3,6,22,0,141,157501,POINT (988148.6889210109 151103.24158873298),CROPSEY AVENUE BRIDGE,Cropsey Avenue,Dead end,SB
32970,Brooklyn,2021,3,6,22,15,129,157501,POINT (988148.6889210109 151103.24158873298),CROPSEY AVENUE BRIDGE,Cropsey Avenue,Dead end,SB
32970,Brooklyn,2021,3,6,22,30,137,157501,POINT (988148.6889210109 151103.24158873298),CROPSEY AVENUE BRIDGE,Cropsey Avenue,Dead end,SB
32970,Brooklyn,2021,3,6,22,45,136,157501,POINT (988148.6889210109 151103.24158873298),CROPSEY AVENUE BRIDGE,Cropsey Avenue,Dead end,SB
32970,Brooklyn,2021,3,6,23,0,154,157501,POINT (988148.6889210109 151103.24158873298),CROPSEY AVENUE BRIDGE,Cropsey Avenue,Dead end,SB
32970,Brooklyn,2021,3,6,23,15,101,157501,POINT (988148.6889210109 151103.24158873298),CROPSEY AVENUE BRIDGE,Cropsey Avenue,Dead end,SB
32970,Brooklyn,2021,3,6,23,30,106,157501,POINT (988148.6889210109 151103.24158873298),CROPSEY AVENUE BRIDGE,Cropsey Avenue,Dead end,SB
32970,Brooklyn,2021,3,6,23,45,109,157501,POINT (988148.6889210109 151103.24158873298),CROPSEY AVENUE BRIDGE,Cropsey Avenue,Dead end,SB
32970,Brooklyn,2021,3,7,0,0,98,157501,POINT (988148.6889210109 151103.24158873298),CROPSEY AVENUE BRIDGE,Cropsey Avenue,Dead end,SB
32970,Brooklyn,2021,3,7,0,15,89,157501,POINT (988148.6889210109 151103.24158873298),CROPSEY AVENUE BRIDGE,Cropsey Avenue,Dead end,SB
32970,Brooklyn,2021,3,7,0,30,104,157501,POINT (988148.6889210109 151103.24158873298),CROPSEY AVENUE BRIDGE,Cropsey Avenue,Dead end,SB
32970,Brooklyn,2021,3,7,0,45,68,157501,POINT (988148.6889210109 151103.24158873298),CROPSEY AVENUE BRIDGE,Cropsey Avenue,Dead end,SB
32970,Brooklyn,2021,3,7,1,0,63,157501,POINT (988148.6889210109 151103.24158873298),CROPSEY AVENUE BRIDGE,Cropsey Avenue,Dead end,SB
32970,Brooklyn,2021,3,7,1,15,58,157501,POINT (988148.6889210109 151103.24158873298),CROPSEY AVENUE BRIDGE,Cropsey Avenue,Dead end,SB
32970,Brooklyn,2021,3,7,1,30,59,157501,POINT (988148.6889210109 151103.24158873298),CROPSEY AVENUE BRIDGE,Cropsey Avenue,Dead end,SB
32970,Brooklyn,2021,3,7,1,45,63,157501,POINT (988148.6889210109 151103.24158873298),CROPSEY AVENUE BRIDGE,Cropsey Avenue,Dead end,SB
32970,Brooklyn,2021,3,7,2,0,45,157501,POINT (988148.6889210109 151103.24158873298),CROPSEY AVENUE BRIDGE,Cropsey Avenue,Dead end,SB
32970,Brooklyn,2021,3,7,2,15,34,157501,POINT (988148.6889210109 151103.24158873298),CROPSEY AVENUE BRIDGE,Cropsey Avenue,Dead end,SB
32970,Brooklyn,2021,3,7,2,30,40,157501,POINT (988148.6889210109 151103.24158873298),CROPSEY AVENUE BRIDGE,Cropsey Avenue,Dead end,SB
32970,Brooklyn,2021,3,7,2,45,38,157501,POINT (988148.6889210109 151103.24158873298),CROPSEY AVENUE BRIDGE,Cropsey Avenue,Dead end,SB
32970,Brooklyn,2021,3,7,3,0,35,157501,POINT (988148.6889210109 151103.24158873298),CROPSEY AVENUE BRIDGE,Cropsey Avenue,Dead end,SB
32970,Brooklyn,2021,3,7,3,15,41,157501,POINT (988148.6889210109 151103.24158873298),CROPSEY AVENUE BRIDGE,Cropsey Avenue,Dead end,SB
32970,Brooklyn,2021,3,7,3,30,29,157501,POINT (988148.6889210109 151103.24158873298),CROPSEY AVENUE BRIDGE,Cropsey Avenue,Dead end,SB
32970,Brooklyn,2021,3,7,3,45,28,157501,POINT (988148.6889210109 151103.24158873298),CROPSEY AVENUE BRIDGE,Cropsey Avenue,Dead end,SB
32970,Brooklyn,2021,3,7,4,0,29,157501,POINT (988148.6889210109 151103.24158873298),CROPSEY AVENUE BRIDGE,Cropsey Avenue,Dead end,SB
32970,Brooklyn,2021,3,7,4,15,37,157501,POINT (988148.6889210109 151103.24158873298),CROPSEY AVENUE BRIDGE,Cropsey Avenue,Dead end,SB
32970,Brooklyn,2021,3,7,4,30,22,157501,POINT (988148.6889210109 151103.24158873298),CROPSEY AVENUE BRIDGE,Cropsey Avenue,Dead end,SB
32970,Brooklyn,2021,3,7,4,45,25,157501,POINT (988148.6889210109 151103.24158873298),CROPSEY AVENUE BRIDGE,Cropsey Avenue,Dead end,SB
32970,Brooklyn,2021,3,7,5,0,17,157501,POINT (988148.6889210109 151103.24158873298),CROPSEY AVENUE BRIDGE,Cropsey Avenue,Dead end,SB
32970,Brooklyn,2021,3,7,5,15,42,157501,POINT (988148.6889210109 151103.24158873298),CROPSEY AVENUE BRIDGE,Cropsey Avenue,Dead end,SB
32970,Brooklyn,2021,3,7,5,30,52,157501,POINT (988148.6889210109 151103.24158873298),CROPSEY AVENUE BRIDGE,Cropsey Avenue,Dead end,SB
32970,Brooklyn,2021,3,7,5,45,52,157501,POINT (988148.6889210109 151103.24158873298),CROPSEY AVENUE BRIDGE,Cropsey Avenue,Dead end,SB
32970,Brooklyn,2021,3,7,6,0,47,157501,POINT (988148.6889210109 151103.24158873298),CROPSEY AVENUE BRIDGE,Cropsey Avenue,Dead end,SB
32970,Brooklyn,2021,3,7,6,15,54,157501,POINT (988148.6889210109 151103.24158873298),CROPSEY AVENUE BRIDGE,Cropsey Avenue,Dead end,SB
32970,Brooklyn,2021,3,7,6,30,80,157501,POINT (988148.6889210109 151103.24158873298),CROPSEY AVENUE BRIDGE,Cropsey Avenue,Dead end,SB
32970,Brooklyn,2021,3,7,6,45,87,157501,POINT (988148.6889210109 151103.24158873298),CROPSEY AVENUE BRIDGE,Cropsey Avenue,Dead end,SB
32970,Brooklyn,2021,3,7,7,0,72,157501,POINT (988148.6889210109 151103.24158873298),CROPSEY AVENUE BRIDGE,Cropsey Avenue,Dead end,SB
32970,Brooklyn,2021,3,7,7,15,75,157501,POINT (988148.6889210109 151103.24158873298),CROPSEY AVENUE BRIDGE,Cropsey Avenue,Dead end,SB
32970,Brooklyn,2021,3,7,7,30,91,157501,POINT (988148.6889210109 151103.24158873298),CROPSEY AVENUE BRIDGE,Cropsey Avenue,Dead end,SB
32970,Brooklyn,2021,3,7,7,45,134,157501,POINT (988148.6889210109 151103.24158873298),CROPSEY AVENUE BRIDGE,Cropsey Avenue,Dead end,SB
32970,Brooklyn,2021,3,7,8,0,96,157501,POINT (988148.6889210109 151103.24158873298),CROPSEY AVENUE BRIDGE,Cropsey Avenue,Dead end,SB
32970,Brooklyn,2021,3,7,8,15,106,157501,POINT (988148.6889210109 151103.24158873298),CROPSEY AVENUE BRIDGE,Cropsey Avenue,Dead end,SB
32970,Brooklyn,2021,3,7,8,30,114,157501,POINT (988148.6889210109 151103.24158873298),CROPSEY AVENUE BRIDGE,Cropsey Avenue,Dead end,SB
32970,Brooklyn,2021,3,7,8,45,123,157501,POINT (988148.6889210109 151103.24158873298),CROPSEY AVENUE BRIDGE,Cropsey Avenue,Dead end,SB
32970,Brooklyn,2021,3,7,9,0,117,157501,POINT (988148.6889210109 151103.24158873298),CROPSEY AVENUE BRIDGE,Cropsey Avenue,Dead end,SB
32970,Brooklyn,2021,3,7,9,15,126,157501,POINT (988148.6889210109 151103.24158873298),CROPSEY AVENUE BRIDGE,Cropsey Avenue,Dead end,SB
32970,Brooklyn,2021,3,7,9,30,135,157501,POINT (988148.6889210109 151103.24158873298),CROPSEY AVENUE BRIDGE,Cropsey Avenue,Dead end,SB
32970,Brooklyn,2021,3,7,9,45,157,157501,POINT (988148.6889210109 151103.24158873298),CROPSEY AVENUE BRIDGE,Cropsey Avenue,Dead end,SB
32970,Brooklyn,2021,3,7,10,0,148,157501,POINT (988148.6889210109 151103.24158873298),CROPSEY AVENUE BRIDGE,Cropsey Avenue,Dead end,SB
32970,Brooklyn,2021,3,7,10,15,165,157501,POINT (988148.6889210109 151103.24158873298),CROPSEY AVENUE BRIDGE,Cropsey Avenue,Dead end,SB
32970,Brooklyn,2021,3,7,10,30,210,157501,POINT (988148.6889210109 151103.24158873298),CROPSEY AVENUE BRIDGE,Cropsey Avenue,Dead end,SB
32970,Brooklyn,2021,3,7,10,45,196,157501,POINT (988148.6889210109 151103.24158873298),CROPSEY AVENUE BRIDGE,Cropsey Avenue,Dead end,SB
32970,Brooklyn,2021,3,7,11,0,186,157501,POINT (988148.6889210109 151103.24158873298),CROPSEY AVENUE BRIDGE,Cropsey Avenue,Dead end,SB
32970,Brooklyn,2021,3,7,11,15,199,157501,POINT (988148.6889210109 151103.24158873298),CROPSEY AVENUE BRIDGE,Cropsey Avenue,Dead end,SB
32970,Brooklyn,2021,3,7,11,30,199,157501,POINT (988148.6889210109 151103.24158873298),CROPSEY AVENUE BRIDGE,Cropsey Avenue,Dead end,SB
32970,Brooklyn,2021,3,7,11,45,220,157501,POINT (988148.6889210109 151103.24158873298),CROPSEY AVENUE BRIDGE,Cropsey Avenue,Dead end,SB
32970,Brooklyn,2021,3,7,12,0,218,157501,POINT (988148.6889210109 151103.24158873298),CROPSEY AVENUE BRIDGE,Cropsey Avenue,Dead end,SB
32970,Brooklyn,2021,3,7,12,15,211,157501,POINT (988148.6889210109 151103.24158873298),CROPSEY AVENUE BRIDGE,Cropsey Avenue,Dead end,SB
32970,Brooklyn,2021,3,7,12,30,236,157501,POINT (988148.6889210109 151103.24158873298),CROPSEY AVENUE BRIDGE,Cropsey Avenue,Dead end,SB
32970,Brooklyn,2021,3,7,12,45,247,157501,POINT (988148.6889210109 151103.24158873298),CROPSEY AVENUE BRIDGE,Cropsey Avenue,Dead end,SB
32970,Brooklyn,2021,3,7,13,0,226,157501,POINT (988148.6889210109 151103.24158873298),CROPSEY AVENUE BRIDGE,Cropsey Avenue,Dead end,SB
32970,Brooklyn,2021,3,7,13,15,263,157501,POINT (988148.6889210109 151103.24158873298),CROPSEY AVENUE BRIDGE,Cropsey Avenue,Dead end,SB
32970,Brooklyn,2021,3,7,13,30,241,157501,POINT (988148.6889210109 151103.24158873298),CROPSEY AVENUE BRIDGE,Cropsey Avenue,Dead end,SB
32970,Brooklyn,2021,3,7,13,45,277,157501,POINT (988148.6889210109 151103.24158873298),CROPSEY AVENUE BRIDGE,Cropsey Avenue,Dead end,SB
32970,Brooklyn,2021,3,7,14,0,224,157501,POINT (988148.6889210109 151103.24158873298),CROPSEY AVENUE BRIDGE,Cropsey Avenue,Dead end,SB
32970,Brooklyn,2021,3,7,14,15,281,157501,POINT (988148.6889210109 151103.24158873298),CROPSEY AVENUE BRIDGE,Cropsey Avenue,Dead end,SB
32970,Brooklyn,2021,3,7,14,30,228,157501,POINT (988148.6889210109 151103.24158873298),CROPSEY AVENUE BRIDGE,Cropsey Avenue,Dead end,SB
32970,Brooklyn,2021,3,7,14,45,269,157501,POINT (988148.6889210109 151103.24158873298),CROPSEY AVENUE BRIDGE,Cropsey Avenue,Dead end,SB
32970,Brooklyn,2021,3,7,15,0,254,157501,POINT (988148.6889210109 151103.24158873298),CROPSEY AVENUE BRIDGE,Cropsey Avenue,Dead end,SB
32970,Brooklyn,2021,3,7,15,15,254,157501,POINT (988148.6889210109 151103.24158873298),CROPSEY AVENUE BRIDGE,Cropsey Avenue,Dead end,SB
32970,Brooklyn,2021,3,7,15,30,240,157501,POINT (988148.6889210109 151103.24158873298),CROPSEY AVENUE BRIDGE,Cropsey Avenue,Dead end,SB
32970,Brooklyn,2021,3,7,15,45,257,157501,POINT (988148.6889210109 151103.24158873298),CROPSEY AVENUE BRIDGE,Cropsey Avenue,Dead end,SB
32970,Brooklyn,2021,3,7,16,0,257,157501,POINT (988148.6889210109 151103.24158873298),CROPSEY AVENUE BRIDGE,Cropsey Avenue,Dead end,SB
32970,Brooklyn,2021,3,7,16,15,237,157501,POINT (988148.6889210109 151103.24158873298),CROPSEY AVENUE BRIDGE,Cropsey Avenue,Dead end,SB
32970,Brooklyn,2021,3,7,16,30,244,157501,POINT (988148.6889210109 151103.24158873298),CROPSEY AVENUE BRIDGE,Cropsey Avenue,Dead end,SB
32970,Brooklyn,2021,3,7,16,45,249,157501,POINT (988148.6889210109 151103.24158873298),CROPSEY AVENUE BRIDGE,Cropsey Avenue,Dead end,SB
32970,Brooklyn,2021,3,7,17,0,234,157501,POINT (988148.6889210109 151103.24158873298),CROPSEY AVENUE BRIDGE,Cropsey Avenue,Dead end,SB
32970,Brooklyn,2021,3,7,17,15,220,157501,POINT (988148.6889210109 151103.24158873298),CROPSEY AVENUE BRIDGE,Cropsey Avenue,Dead end,SB
32970,Brooklyn,2021,3,7,17,30,255,157501,POINT (988148.6889210109 151103.24158873298),CROPSEY AVENUE BRIDGE,Cropsey Avenue,Dead end,SB
32970,Brooklyn,2021,3,7,17,45,201,157501,POINT (988148.6889210109 151103.24158873298),CROPSEY AVENUE BRIDGE,Cropsey Avenue,Dead end,SB
32970,Brooklyn,2021,3,7,18,0,253,157501,POINT (988148.6889210109 151103.24158873298),CROPSEY AVENUE BRIDGE,Cropsey Avenue,Dead end,SB
32970,Brooklyn,2021,3,7,18,15,235,157501,POINT (988148.6889210109 151103.24158873298),CROPSEY AVENUE BRIDGE,Cropsey Avenue,Dead end,SB
32970,Brooklyn,2021,3,7,18,30,221,157501,POINT (988148.6889210109 151103.24158873298),CROPSEY AVENUE BRIDGE,Cropsey Avenue,Dead end,SB
32970,Brooklyn,2021,3,7,18,45,189,157501,POINT (988148.6889210109 151103.24158873298),CROPSEY AVENUE BRIDGE,Cropsey Avenue,Dead end,SB
32970,Brooklyn,2021,3,7,19,0,220,157501,POINT (988148.6889210109 151103.24158873298),CROPSEY AVENUE BRIDGE,Cropsey Avenue,Dead end,SB
32970,Brooklyn,2021,3,7,19,15,204,157501,POINT (988148.6889210109 151103.24158873298),CROPSEY AVENUE BRIDGE,Cropsey Avenue,Dead end,SB
32970,Brooklyn,2021,3,7,19,30,170,157501,POINT (988148.6889210109 151103.24158873298),CROPSEY AVENUE BRIDGE,Cropsey Avenue,Dead end,SB
32970,Brooklyn,2021,3,7,19,45,192,157501,POINT (988148.6889210109 151103.24158873298),CROPSEY AVENUE BRIDGE,Cropsey Avenue,Dead end,SB
32970,Brooklyn,2021,3,7,20,0,178,157501,POINT (988148.6889210109 151103.24158873298),CROPSEY AVENUE BRIDGE,Cropsey Avenue,Dead end,SB
32970,Brooklyn,2021,3,7,20,15,166,157501,POINT (988148.6889210109 151103.24158873298),CROPSEY AVENUE BRIDGE,Cropsey Avenue,Dead end,SB
32970,Brooklyn,2021,3,7,20,30,151,157501,POINT (988148.6889210109 151103.24158873298),CROPSEY AVENUE BRIDGE,Cropsey Avenue,Dead end,SB
32970,Brooklyn,2021,3,7,20,45,146,157501,POINT (988148.6889210109 151103.24158873298),CROPSEY AVENUE BRIDGE,Cropsey Avenue,Dead end,SB
32970,Brooklyn,2021,3,7,21,0,133,157501,POINT (988148.6889210109 151103.24158873298),CROPSEY AVENUE BRIDGE,Cropsey Avenue,Dead end,SB
32970,Brooklyn,2021,3,7,21,15,120,157501,POINT (988148.6889210109 151103.24158873298),CROPSEY AVENUE BRIDGE,Cropsey Avenue,Dead end,SB
32970,Brooklyn,2021,3,7,21,30,132,157501,POINT (988148.6889210109 151103.24158873298),CROPSEY AVENUE BRIDGE,Cropsey Avenue,Dead end,SB
32970,Brooklyn,2021,3,7,21,45,125,157501,POINT (988148.6889210109 151103.24158873298),CROPSEY AVENUE BRIDGE,Cropsey Avenue,Dead end,SB
32970,Brooklyn,2021,3,7,22,0,109,157501,POINT (988148.6889210109 151103.24158873298),CROPSEY AVENUE BRIDGE,Cropsey Avenue,Dead end,SB
32970,Brooklyn,2021,3,7,22,15,101,157501,POINT (988148.6889210109 151103.24158873298),CROPSEY AVENUE BRIDGE,Cropsey Avenue,Dead end,SB
32970,Brooklyn,2021,3,7,22,30,120,157501,POINT (988148.6889210109 151103.24158873298),CROPSEY AVENUE BRIDGE,Cropsey Avenue,Dead end,SB
32970,Brooklyn,2021,3,7,22,45,110,157501,POINT (988148.6889210109 151103.24158873298),CROPSEY AVENUE BRIDGE,Cropsey Avenue,Dead end,SB
32970,Brooklyn,2021,3,7,23,0,74,157501,POINT (988148.6889210109 151103.24158873298),CROPSEY AVENUE BRIDGE,Cropsey Avenue,Dead end,SB
32970,Brooklyn,2021,3,7,23,15,87,157501,POINT (988148.6889210109 151103.24158873298),CROPSEY AVENUE BRIDGE,Cropsey Avenue,Dead end,SB
32970,Brooklyn,2021,3,7,23,30,100,157501,POINT (988148.6889210109 151103.24158873298),CROPSEY AVENUE BRIDGE,Cropsey Avenue,Dead end,SB
32970,Brooklyn,2021,3,7,23,45,79,157501,POINT (988148.6889210109 151103.24158873298),CROPSEY AVENUE BRIDGE,Cropsey Avenue,Dead end,SB
32970,Brooklyn,2021,3,8,0,0,63,157501,POINT (988148.6889210109 151103.24158873298),CROPSEY AVENUE BRIDGE,Cropsey Avenue,Dead end,SB
32970,Brooklyn,2021,3,8,0,15,71,157501,POINT (988148.6889210109 151103.24158873298),CROPSEY AVENUE BRIDGE,Cropsey Avenue,Dead end,SB
32970,Brooklyn,2021,3,8,0,30,49,157501,POINT (988148.6889210109 151103.24158873298),CROPSEY AVENUE BRIDGE,Cropsey Avenue,Dead end,SB
32970,Brooklyn,2021,3,8,0,45,57,157501,POINT (988148.6889210109 151103.24158873298),CROPSEY AVENUE BRIDGE,Cropsey Avenue,Dead end,SB
32970,Brooklyn,2021,3,8,1,0,36,157501,POINT (988148.6889210109 151103.24158873298),CROPSEY AVENUE BRIDGE,Cropsey Avenue,Dead end,SB
32970,Brooklyn,2021,3,8,1,15,27,157501,POINT (988148.6889210109 151103.24158873298),CROPSEY AVENUE BRIDGE,Cropsey Avenue,Dead end,SB
32970,Brooklyn,2021,3,8,1,30,38,157501,POINT (988148.6889210109 151103.24158873298),CROPSEY AVENUE BRIDGE,Cropsey Avenue,Dead end,SB
32970,Brooklyn,2021,3,8,1,45,16,157501,POINT (988148.6889210109 151103.24158873298),CROPSEY AVENUE BRIDGE,Cropsey Avenue,Dead end,SB
32970,Brooklyn,2021,3,8,2,0,30,157501,POINT (988148.6889210109 151103.24158873298),CROPSEY AVENUE BRIDGE,Cropsey Avenue,Dead end,SB
32970,Brooklyn,2021,3,8,2,15,28,157501,POINT (988148.6889210109 151103.24158873298),CROPSEY AVENUE BRIDGE,Cropsey Avenue,Dead end,SB
32970,Brooklyn,2021,3,8,2,30,33,157501,POINT (988148.6889210109 151103.24158873298),CROPSEY AVENUE BRIDGE,Cropsey Avenue,Dead end,SB
32970,Brooklyn,2021,3,8,2,45,31,157501,POINT (988148.6889210109 151103.24158873298),CROPSEY AVENUE BRIDGE,Cropsey Avenue,Dead end,SB
32970,Brooklyn,2021,3,8,3,0,22,157501,POINT (988148.6889210109 151103.24158873298),CROPSEY AVENUE BRIDGE,Cropsey Avenue,Dead end,SB
32970,Brooklyn,2021,3,8,3,15,20,157501,POINT (988148.6889210109 151103.24158873298),CROPSEY AVENUE BRIDGE,Cropsey Avenue,Dead end,SB
32970,Brooklyn,2021,3,8,3,30,18,157501,POINT (988148.6889210109 151103.24158873298),CROPSEY AVENUE BRIDGE,Cropsey Avenue,Dead end,SB
32970,Brooklyn,2021,3,8,3,45,28,157501,POINT (988148.6889210109 151103.24158873298),CROPSEY AVENUE BRIDGE,Cropsey Avenue,Dead end,SB
32970,Brooklyn,2021,3,8,4,0,25,157501,POINT (988148.6889210109 151103.24158873298),CROPSEY AVENUE BRIDGE,Cropsey Avenue,Dead end,SB
32970,Brooklyn,2021,3,8,4,15,42,157501,POINT (988148.6889210109 151103.24158873298),CROPSEY AVENUE BRIDGE,Cropsey Avenue,Dead end,SB
32970,Brooklyn,2021,3,8,4,30,46,157501,POINT (988148.6889210109 151103.24158873298),CROPSEY AVENUE BRIDGE,Cropsey Avenue,Dead end,SB
32970,Brooklyn,2021,3,8,4,45,47,157501,POINT (988148.6889210109 151103.24158873298),CROPSEY AVENUE BRIDGE,Cropsey Avenue,Dead end,SB
32970,Brooklyn,2021,3,8,5,0,51,157501,POINT (988148.6889210109 151103.24158873298),CROPSEY AVENUE BRIDGE,Cropsey Avenue,Dead end,SB
32970,Brooklyn,2021,3,8,5,15,61,157501,POINT (988148.6889210109 151103.24158873298),CROPSEY AVENUE BRIDGE,Cropsey Avenue,Dead end,SB
32970,Brooklyn,2021,3,8,5,30,82,157501,POINT (988148.6889210109 151103.24158873298),CROPSEY AVENUE BRIDGE,Cropsey Avenue,Dead end,SB
32970,Brooklyn,2021,3,8,5,45,117,157501,POINT (988148.6889210109 151103.24158873298),CROPSEY AVENUE BRIDGE,Cropsey Avenue,Dead end,SB
32970,Brooklyn,2021,3,8,6,0,133,157501,POINT (988148.6889210109 151103.24158873298),CROPSEY AVENUE BRIDGE,Cropsey Avenue,Dead end,SB
32970,Brooklyn,2021,3,8,6,15,152,157501,POINT (988148.6889210109 151103.24158873298),CROPSEY AVENUE BRIDGE,Cropsey Avenue,Dead end,SB
32970,Brooklyn,2021,3,8,6,30,257,157501,POINT (988148.6889210109 151103.24158873298),CROPSEY AVENUE BRIDGE,Cropsey Avenue,Dead end,SB
32970,Brooklyn,2021,3,8,6,45,266,157501,POINT (988148.6889210109 151103.24158873298),CROPSEY AVENUE BRIDGE,Cropsey Avenue,Dead end,SB
32970,Brooklyn,2021,3,8,7,0,214,157501,POINT (988148.6889210109 151103.24158873298),CROPSEY AVENUE BRIDGE,Cropsey Avenue,Dead end,SB
32970,Brooklyn,2021,3,8,7,15,263,157501,POINT (988148.6889210109 151103.24158873298),CROPSEY AVENUE BRIDGE,Cropsey Avenue,Dead end,SB
32970,Brooklyn,2021,3,8,7,30,292,157501,POINT (988148.6889210109 151103.24158873298),CROPSEY AVENUE BRIDGE,Cropsey Avenue,Dead end,SB
32970,Brooklyn,2021,3,8,7,45,337,157501,POINT (988148.6889210109 151103.24158873298),CROPSEY AVENUE BRIDGE,Cropsey Avenue,Dead end,SB
32970,Brooklyn,2021,3,8,8,0,287,157501,POINT (988148.6889210109 151103.24158873298),CROPSEY AVENUE BRIDGE,Cropsey Avenue,Dead end,SB
32970,Brooklyn,2021,3,8,8,15,262,157501,POINT (988148.6889210109 151103.24158873298),CROPSEY AVENUE BRIDGE,Cropsey Avenue,Dead end,SB
32970,Brooklyn,2021,3,8,8,30,216,157501,POINT (988148.6889210109 151103.24158873298),CROPSEY AVENUE BRIDGE,Cropsey Avenue,Dead end,SB
32970,Brooklyn,2021,3,8,8,45,269,157501,POINT (988148.6889210109 151103.24158873298),CROPSEY AVENUE BRIDGE,Cropsey Avenue,Dead end,SB
32970,Brooklyn,2021,3,8,9,0,249,157501,POINT (988148.6889210109 151103.24158873298),CROPSEY AVENUE BRIDGE,Cropsey Avenue,Dead end,SB
32970,Brooklyn,2021,3,8,9,15,252,157501,POINT (988148.6889210109 151103.24158873298),CROPSEY AVENUE BRIDGE,Cropsey Avenue,Dead end,SB
32970,Brooklyn,2021,3,8,9,30,209,157501,POINT (988148.6889210109 151103.24158873298),CROPSEY AVENUE BRIDGE,Cropsey Avenue,Dead end,SB
32970,Brooklyn,2021,3,8,9,45,192,157501,POINT (988148.6889210109 151103.24158873298),CROPSEY AVENUE BRIDGE,Cropsey Avenue,Dead end,SB
32970,Brooklyn,2021,3,8,10,0,207,157501,POINT (988148.6889210109 151103.24158873298),CROPSEY AVENUE BRIDGE,Cropsey Avenue,Dead end,SB
32970,Brooklyn,2021,3,8,10,15,184,157501,POINT (988148.6889210109 151103.24158873298),CROPSEY AVENUE BRIDGE,Cropsey Avenue,Dead end,SB
32970,Brooklyn,2021,3,8,10,30,170,157501,POINT (988148.6889210109 151103.24158873298),CROPSEY AVENUE BRIDGE,Cropsey Avenue,Dead end,SB
32970,Brooklyn,2021,3,8,10,45,197,157501,POINT (988148.6889210109 151103.24158873298),CROPSEY AVENUE BRIDGE,Cropsey Avenue,Dead end,SB
32970,Brooklyn,2021,3,8,11,0,154,157501,POINT (988148.6889210109 151103.24158873298),CROPSEY AVENUE BRIDGE,Cropsey Avenue,Dead end,SB
32970,Brooklyn,2021,3,8,11,15,174,157501,POINT (988148.6889210109 151103.24158873298),CROPSEY AVENUE BRIDGE,Cropsey Avenue,Dead end,SB
32970,Brooklyn,2021,3,8,11,30,168,157501,POINT (988148.6889210109 151103.24158873298),CROPSEY AVENUE BRIDGE,Cropsey Avenue,Dead end,SB
32970,Brooklyn,2021,3,8,11,45,188,157501,POINT (988148.6889210109 151103.24158873298),CROPSEY AVENUE BRIDGE,Cropsey Avenue,Dead end,SB
32970,Brooklyn,2021,3,8,12,0,190,157501,POINT (988148.6889210109 151103.24158873298),CROPSEY AVENUE BRIDGE,Cropsey Avenue,Dead end,SB
32970,Brooklyn,2021,3,8,12,15,232,157501,POINT (988148.6889210109 151103.24158873298),CROPSEY AVENUE BRIDGE,Cropsey Avenue,Dead end,SB
32970,Brooklyn,2021,3,8,12,30,202,157501,POINT (988148.6889210109 151103.24158873298),CROPSEY AVENUE BRIDGE,Cropsey Avenue,Dead end,SB
32970,Brooklyn,2021,3,8,12,45,220,157501,POINT (988148.6889210109 151103.24158873298),CROPSEY AVENUE BRIDGE,Cropsey Avenue,Dead end,SB
32970,Brooklyn,2021,3,8,13,0,196,157501,POINT (988148.6889210109 151103.24158873298),CROPSEY AVENUE BRIDGE,Cropsey Avenue,Dead end,SB
32970,Brooklyn,2021,3,8,13,15,203,157501,POINT (988148.6889210109 151103.24158873298),CROPSEY AVENUE BRIDGE,Cropsey Avenue,Dead end,SB
32970,Brooklyn,2021,3,8,13,30,199,157501,POINT (988148.6889210109 151103.24158873298),CROPSEY AVENUE BRIDGE,Cropsey Avenue,Dead end,SB
32970,Brooklyn,2021,3,8,13,45,229,157501,POINT (988148.6889210109 151103.24158873298),CROPSEY AVENUE BRIDGE,Cropsey Avenue,Dead end,SB
32970,Brooklyn,2021,3,8,14,0,234,157501,POINT (988148.6889210109 151103.24158873298),CROPSEY AVENUE BRIDGE,Cropsey Avenue,Dead end,SB
32970,Brooklyn,2021,3,8,14,15,225,157501,POINT (988148.6889210109 151103.24158873298),CROPSEY AVENUE BRIDGE,Cropsey Avenue,Dead end,SB
32970,Brooklyn,2021,3,8,14,30,222,157501,POINT (988148.6889210109 151103.24158873298),CROPSEY AVENUE BRIDGE,Cropsey Avenue,Dead end,SB
32970,Brooklyn,2021,3,8,14,45,233,157501,POINT (988148.6889210109 151103.24158873298),CROPSEY AVENUE BRIDGE,Cropsey Avenue,Dead end,SB
32970,Brooklyn,2021,3,8,15,0,267,157501,POINT (988148.6889210109 151103.24158873298),CROPSEY AVENUE BRIDGE,Cropsey Avenue,Dead end,SB
32970,Brooklyn,2021,3,8,15,15,232,157501,POINT (988148.6889210109 151103.24158873298),CROPSEY AVENUE BRIDGE,Cropsey Avenue,Dead end,SB
32970,Brooklyn,2021,3,8,15,30,282,157501,POINT (988148.6889210109 151103.24158873298),CROPSEY AVENUE BRIDGE,Cropsey Avenue,Dead end,SB
32970,Brooklyn,2021,3,8,15,45,248,157501,POINT (988148.6889210109 151103.24158873298),CROPSEY AVENUE BRIDGE,Cropsey Avenue,Dead end,SB
32970,Brooklyn,2021,3,8,16,0,262,157501,POINT (988148.6889210109 151103.24158873298),CROPSEY AVENUE BRIDGE,Cropsey Avenue,Dead end,SB
32970,Brooklyn,2021,3,8,16,15,239,157501,POINT (988148.6889210109 151103.24158873298),CROPSEY AVENUE BRIDGE,Cropsey Avenue,Dead end,SB
32970,Brooklyn,2021,3,8,16,30,268,157501,POINT (988148.6889210109 151103.24158873298),CROPSEY AVENUE BRIDGE,Cropsey Avenue,Dead end,SB
32970,Brooklyn,2021,3,8,16,45,207,157501,POINT (988148.6889210109 151103.24158873298),CROPSEY AVENUE BRIDGE,Cropsey Avenue,Dead end,SB
32970,Brooklyn,2021,3,8,17,0,221,157501,POINT (988148.6889210109 151103.24158873298),CROPSEY AVENUE BRIDGE,Cropsey Avenue,Dead end,SB
32970,Brooklyn,2021,3,8,17,15,233,157501,POINT (988148.6889210109 151103.24158873298),CROPSEY AVENUE BRIDGE,Cropsey Avenue,Dead end,SB
32970,Brooklyn,2021,3,8,17,30,229,157501,POINT (988148.6889210109 151103.24158873298),CROPSEY AVENUE BRIDGE,Cropsey Avenue,Dead end,SB
32970,Brooklyn,2021,3,8,17,45,252,157501,POINT (988148.6889210109 151103.24158873298),CROPSEY AVENUE BRIDGE,Cropsey Avenue,Dead end,SB
32970,Brooklyn,2021,3,8,18,0,249,157501,POINT (988148.6889210109 151103.24158873298),CROPSEY AVENUE BRIDGE,Cropsey Avenue,Dead end,SB
32970,Brooklyn,2021,3,8,18,15,236,157501,POINT (988148.6889210109 151103.24158873298),CROPSEY AVENUE BRIDGE,Cropsey Avenue,Dead end,SB
32970,Brooklyn,2021,3,8,18,30,203,157501,POINT (988148.6889210109 151103.24158873298),CROPSEY AVENUE BRIDGE,Cropsey Avenue,Dead end,SB
32970,Brooklyn,2021,3,8,18,45,254,157501,POINT (988148.6889210109 151103.24158873298),CROPSEY AVENUE BRIDGE,Cropsey Avenue,Dead end,SB
32970,Brooklyn,2021,3,8,19,0,243,157501,POINT (988148.6889210109 151103.24158873298),CROPSEY AVENUE BRIDGE,Cropsey Avenue,Dead end,SB
32970,Brooklyn,2021,3,8,19,15,227,157501,POINT (988148.6889210109 151103.24158873298),CROPSEY AVENUE BRIDGE,Cropsey Avenue,Dead end,SB
32970,Brooklyn,2021,3,8,19,30,214,157501,POINT (988148.6889210109 151103.24158873298),CROPSEY AVENUE BRIDGE,Cropsey Avenue,Dead end,SB
32970,Brooklyn,2021,3,8,19,45,216,157501,POINT (988148.6889210109 151103.24158873298),CROPSEY AVENUE BRIDGE,Cropsey Avenue,Dead end,SB
32970,Brooklyn,2021,3,8,20,0,183,157501,POINT (988148.6889210109 151103.24158873298),CROPSEY AVENUE BRIDGE,Cropsey Avenue,Dead end,SB
32970,Brooklyn,2021,3,8,20,15,167,157501,POINT (988148.6889210109 151103.24158873298),CROPSEY AVENUE BRIDGE,Cropsey Avenue,Dead end,SB
32970,Brooklyn,2021,3,8,20,30,142,157501,POINT (988148.6889210109 151103.24158873298),CROPSEY AVENUE BRIDGE,Cropsey Avenue,Dead end,SB
32970,Brooklyn,2021,3,8,20,45,193,157501,POINT (988148.6889210109 151103.24158873298),CROPSEY AVENUE BRIDGE,Cropsey Avenue,Dead end,SB
32970,Brooklyn,2021,3,8,21,0,127,157501,POINT (988148.6889210109 151103.24158873298),CROPSEY AVENUE BRIDGE,Cropsey Avenue,Dead end,SB
32970,Brooklyn,2021,3,8,21,15,122,157501,POINT (988148.6889210109 151103.24158873298),CROPSEY AVENUE BRIDGE,Cropsey Avenue,Dead end,SB
32970,Brooklyn,2021,3,8,21,30,131,157501,POINT (988148.6889210109 151103.24158873298),CROPSEY AVENUE BRIDGE,Cropsey Avenue,Dead end,SB
32970,Brooklyn,2021,3,8,21,45,121,157501,POINT (988148.6889210109 151103.24158873298),CROPSEY AVENUE BRIDGE,Cropsey Avenue,Dead end,SB
32970,Brooklyn,2021,3,8,22,0,118,157501,POINT (988148.6889210109 151103.24158873298),CROPSEY AVENUE BRIDGE,Cropsey Avenue,Dead end,SB
32970,Brooklyn,2021,3,8,22,15,136,157501,POINT (988148.6889210109 151103.24158873298),CROPSEY AVENUE BRIDGE,Cropsey Avenue,Dead end,SB
32970,Brooklyn,2021,3,8,22,30,98,157501,POINT (988148.6889210109 151103.24158873298),CROPSEY AVENUE BRIDGE,Cropsey Avenue,Dead end,SB
32970,Brooklyn,2021,3,8,22,45,105,157501,POINT (988148.6889210109 151103.24158873298),CROPSEY AVENUE BRIDGE,Cropsey Avenue,Dead end,SB
32970,Brooklyn,2021,3,8,23,0,93,157501,POINT (988148.6889210109 151103.24158873298),CROPSEY AVENUE BRIDGE,Cropsey Avenue,Dead end,SB
32970,Brooklyn,2021,3,8,23,15,82,157501,POINT (988148.6889210109 151103.24158873298),CROPSEY AVENUE BRIDGE,Cropsey Avenue,Dead end,SB
32970,Brooklyn,2021,3,8,23,30,81,157501,POINT (988148.6889210109 151103.24158873298),CROPSEY AVENUE BRIDGE,Cropsey Avenue,Dead end,SB
32970,Brooklyn,2021,3,8,23,45,85,157501,POINT (988148.6889210109 151103.24158873298),CROPSEY AVENUE BRIDGE,Cropsey Avenue,Dead end,SB
32970,Brooklyn,2021,3,9,0,0,60,157501,POINT (988148.6889210109 151103.24158873298),CROPSEY AVENUE BRIDGE,Cropsey Avenue,Dead end,SB
32970,Brooklyn,2021,3,9,0,15,64,157501,POINT (988148.6889210109 151103.24158873298),CROPSEY AVENUE BRIDGE,Cropsey Avenue,Dead end,SB
32970,Brooklyn,2021,3,9,0,30,46,157501,POINT (988148.6889210109 151103.24158873298),CROPSEY AVENUE BRIDGE,Cropsey Avenue,Dead end,SB
32970,Brooklyn,2021,3,9,0,45,46,157501,POINT (988148.6889210109 151103.24158873298),CROPSEY AVENUE BRIDGE,Cropsey Avenue,Dead end,SB
32970,Brooklyn,2021,3,9,1,0,46,157501,POINT (988148.6889210109 151103.24158873298),CROPSEY AVENUE BRIDGE,Cropsey Avenue,Dead end,SB
32970,Brooklyn,2021,3,9,1,15,29,157501,POINT (988148.6889210109 151103.24158873298),CROPSEY AVENUE BRIDGE,Cropsey Avenue,Dead end,SB
32970,Brooklyn,2021,3,9,1,30,29,157501,POINT (988148.6889210109 151103.24158873298),CROPSEY AVENUE BRIDGE,Cropsey Avenue,Dead end,SB
32970,Brooklyn,2021,3,9,1,45,19,157501,POINT (988148.6889210109 151103.24158873298),CROPSEY AVENUE BRIDGE,Cropsey Avenue,Dead end,SB
32970,Brooklyn,2021,3,9,2,0,15,157501,POINT (988148.6889210109 151103.24158873298),CROPSEY AVENUE BRIDGE,Cropsey Avenue,Dead end,SB
32970,Brooklyn,2021,3,9,2,15,17,157501,POINT (988148.6889210109 151103.24158873298),CROPSEY AVENUE BRIDGE,Cropsey Avenue,Dead end,SB
32970,Brooklyn,2021,3,9,2,30,35,157501,POINT (988148.6889210109 151103.24158873298),CROPSEY AVENUE BRIDGE,Cropsey Avenue,Dead end,SB
32970,Brooklyn,2021,3,9,2,45,21,157501,POINT (988148.6889210109 151103.24158873298),CROPSEY AVENUE BRIDGE,Cropsey Avenue,Dead end,SB
32970,Brooklyn,2021,3,9,3,0,19,157501,POINT (988148.6889210109 151103.24158873298),CROPSEY AVENUE BRIDGE,Cropsey Avenue,Dead end,SB
32970,Brooklyn,2021,3,9,3,15,14,157501,POINT (988148.6889210109 151103.24158873298),CROPSEY AVENUE BRIDGE,Cropsey Avenue,Dead end,SB
32970,Brooklyn,2021,3,9,3,30,11,157501,POINT (988148.6889210109 151103.24158873298),CROPSEY AVENUE BRIDGE,Cropsey Avenue,Dead end,SB
32970,Brooklyn,2021,3,9,3,45,33,157501,POINT (988148.6889210109 151103.24158873298),CROPSEY AVENUE BRIDGE,Cropsey Avenue,Dead end,SB
32970,Brooklyn,2021,3,9,4,0,17,157501,POINT (988148.6889210109 151103.24158873298),CROPSEY AVENUE BRIDGE,Cropsey Avenue,Dead end,SB
32970,Brooklyn,2021,3,9,4,15,29,157501,POINT (988148.6889210109 151103.24158873298),CROPSEY AVENUE BRIDGE,Cropsey Avenue,Dead end,SB
32970,Brooklyn,2021,3,9,4,30,27,157501,POINT (988148.6889210109 151103.24158873298),CROPSEY AVENUE BRIDGE,Cropsey Avenue,Dead end,SB
32970,Brooklyn,2021,3,9,4,45,52,157501,POINT (988148.6889210109 151103.24158873298),CROPSEY AVENUE BRIDGE,Cropsey Avenue,Dead end,SB
32970,Brooklyn,2021,3,9,5,0,45,157501,POINT (988148.6889210109 151103.24158873298),CROPSEY AVENUE BRIDGE,Cropsey Avenue,Dead end,SB
32970,Brooklyn,2021,3,9,5,15,86,157501,POINT (988148.6889210109 151103.24158873298),CROPSEY AVENUE BRIDGE,Cropsey Avenue,Dead end,SB
32970,Brooklyn,2021,3,9,5,30,84,157501,POINT (988148.6889210109 151103.24158873298),CROPSEY AVENUE BRIDGE,Cropsey Avenue,Dead end,SB
32970,Brooklyn,2021,3,9,5,45,126,157501,POINT (988148.6889210109 151103.24158873298),CROPSEY AVENUE BRIDGE,Cropsey Avenue,Dead end,SB
32970,Brooklyn,2021,3,9,6,0,136,157501,POINT (988148.6889210109 151103.24158873298),CROPSEY AVENUE BRIDGE,Cropsey Avenue,Dead end,SB
32970,Brooklyn,2021,3,9,6,15,168,157501,POINT (988148.6889210109 151103.24158873298),CROPSEY AVENUE BRIDGE,Cropsey Avenue,Dead end,SB
32970,Brooklyn,2021,3,9,6,30,252,157501,POINT (988148.6889210109 151103.24158873298),CROPSEY AVENUE BRIDGE,Cropsey Avenue,Dead end,SB
32970,Brooklyn,2021,3,9,6,45,279,157501,POINT (988148.6889210109 151103.24158873298),CROPSEY AVENUE BRIDGE,Cropsey Avenue,Dead end,SB
32970,Brooklyn,2021,3,9,7,0,229,157501,POINT (988148.6889210109 151103.24158873298),CROPSEY AVENUE BRIDGE,Cropsey Avenue,Dead end,SB
32970,Brooklyn,2021,3,9,7,15,266,157501,POINT (988148.6889210109 151103.24158873298),CROPSEY AVENUE BRIDGE,Cropsey Avenue,Dead end,SB
32970,Brooklyn,2021,3,9,7,30,293,157501,POINT (988148.6889210109 151103.24158873298),CROPSEY AVENUE BRIDGE,Cropsey Avenue,Dead end,SB
32970,Brooklyn,2021,3,9,7,45,325,157501,POINT (988148.6889210109 151103.24158873298),CROPSEY AVENUE BRIDGE,Cropsey Avenue,Dead end,SB
32970,Brooklyn,2021,3,9,8,0,292,157501,POINT (988148.6889210109 151103.24158873298),CROPSEY AVENUE BRIDGE,Cropsey Avenue,Dead end,SB
32970,Brooklyn,2021,3,9,8,15,272,157501,POINT (988148.6889210109 151103.24158873298),CROPSEY AVENUE BRIDGE,Cropsey Avenue,Dead end,SB
32970,Brooklyn,2021,3,9,8,30,252,157501,POINT (988148.6889210109 151103.24158873298),CROPSEY AVENUE BRIDGE,Cropsey Avenue,Dead end,SB
32970,Brooklyn,2021,3,9,8,45,286,157501,POINT (988148.6889210109 151103.24158873298),CROPSEY AVENUE BRIDGE,Cropsey Avenue,Dead end,SB
32970,Brooklyn,2021,3,9,9,0,260,157501,POINT (988148.6889210109 151103.24158873298),CROPSEY AVENUE BRIDGE,Cropsey Avenue,Dead end,SB
32970,Brooklyn,2021,3,9,9,15,230,157501,POINT (988148.6889210109 151103.24158873298),CROPSEY AVENUE BRIDGE,Cropsey Avenue,Dead end,SB
32970,Brooklyn,2021,3,9,9,30,208,157501,POINT (988148.6889210109 151103.24158873298),CROPSEY AVENUE BRIDGE,Cropsey Avenue,Dead end,SB
32970,Brooklyn,2021,3,9,9,45,247,157501,POINT (988148.6889210109 151103.24158873298),CROPSEY AVENUE BRIDGE,Cropsey Avenue,Dead end,SB
32970,Brooklyn,2021,3,9,10,0,236,157501,POINT (988148.6889210109 151103.24158873298),CROPSEY AVENUE BRIDGE,Cropsey Avenue,Dead end,SB
32970,Brooklyn,2021,3,9,10,15,238,157501,POINT (988148.6889210109 151103.24158873298),CROPSEY AVENUE BRIDGE,Cropsey Avenue,Dead end,SB
32970,Brooklyn,2021,3,9,10,30,259,157501,POINT (988148.6889210109 151103.24158873298),CROPSEY AVENUE BRIDGE,Cropsey Avenue,Dead end,SB
32970,Brooklyn,2021,3,9,10,45,256,157501,POINT (988148.6889210109 151103.24158873298),CROPSEY AVENUE BRIDGE,Cropsey Avenue,Dead end,SB
32970,Brooklyn,2021,3,9,11,0,272,157501,POINT (988148.6889210109 151103.24158873298),CROPSEY AVENUE BRIDGE,Cropsey Avenue,Dead end,SB
32970,Brooklyn,2021,3,9,11,15,283,157501,POINT (988148.6889210109 151103.24158873298),CROPSEY AVENUE BRIDGE,Cropsey Avenue,Dead end,SB
32970,Brooklyn,2021,3,9,11,30,280,157501,POINT (988148.6889210109 151103.24158873298),CROPSEY AVENUE BRIDGE,Cropsey Avenue,Dead end,SB
32970,Brooklyn,2021,3,9,11,45,269,157501,POINT (988148.6889210109 151103.24158873298),CROPSEY AVENUE BRIDGE,Cropsey Avenue,Dead end,SB
32970,Brooklyn,2021,3,9,12,0,309,157501,POINT (988148.6889210109 151103.24158873298),CROPSEY AVENUE BRIDGE,Cropsey Avenue,Dead end,SB
32970,Brooklyn,2021,3,9,12,15,312,157501,POINT (988148.6889210109 151103.24158873298),CROPSEY AVENUE BRIDGE,Cropsey Avenue,Dead end,SB
32970,Brooklyn,2021,3,9,12,30,299,157501,POINT (988148.6889210109 151103.24158873298),CROPSEY AVENUE BRIDGE,Cropsey Avenue,Dead end,SB
32970,Brooklyn,2021,3,9,12,45,315,157501,POINT (988148.6889210109 151103.24158873298),CROPSEY AVENUE BRIDGE,Cropsey Avenue,Dead end,SB
32970,Brooklyn,2021,3,9,13,0,306,157501,POINT (988148.6889210109 151103.24158873298),CROPSEY AVENUE BRIDGE,Cropsey Avenue,Dead end,SB
32970,Brooklyn,2021,3,9,13,15,292,157501,POINT (988148.6889210109 151103.24158873298),CROPSEY AVENUE BRIDGE,Cropsey Avenue,Dead end,SB
32970,Brooklyn,2021,3,9,13,30,309,157501,POINT (988148.6889210109 151103.24158873298),CROPSEY AVENUE BRIDGE,Cropsey Avenue,Dead end,SB
32970,Brooklyn,2021,3,9,13,45,387,157501,POINT (988148.6889210109 151103.24158873298),CROPSEY AVENUE BRIDGE,Cropsey Avenue,Dead end,SB
32970,Brooklyn,2021,3,9,14,0,293,157501,POINT (988148.6889210109 151103.24158873298),CROPSEY AVENUE BRIDGE,Cropsey Avenue,Dead end,SB
32970,Brooklyn,2021,3,9,14,15,287,157501,POINT (988148.6889210109 151103.24158873298),CROPSEY AVENUE BRIDGE,Cropsey Avenue,Dead end,SB
32970,Brooklyn,2021,3,9,14,30,289,157501,POINT (988148.6889210109 151103.24158873298),CROPSEY AVENUE BRIDGE,Cropsey Avenue,Dead end,SB
32970,Brooklyn,2021,3,9,14,45,289,157501,POINT (988148.6889210109 151103.24158873298),CROPSEY AVENUE BRIDGE,Cropsey Avenue,Dead end,SB
32970,Brooklyn,2021,3,9,15,0,311,157501,POINT (988148.6889210109 151103.24158873298),CROPSEY AVENUE BRIDGE,Cropsey Avenue,Dead end,SB
32970,Brooklyn,2021,3,9,15,15,301,157501,POINT (988148.6889210109 151103.24158873298),CROPSEY AVENUE BRIDGE,Cropsey Avenue,Dead end,SB
32970,Brooklyn,2021,3,9,15,30,296,157501,POINT (988148.6889210109 151103.24158873298),CROPSEY AVENUE BRIDGE,Cropsey Avenue,Dead end,SB
32970,Brooklyn,2021,3,9,15,45,232,157501,POINT (988148.6889210109 151103.24158873298),CROPSEY AVENUE BRIDGE,Cropsey Avenue,Dead end,SB
32970,Brooklyn,2021,3,9,16,0,296,157501,POINT (988148.6889210109 151103.24158873298),CROPSEY AVENUE BRIDGE,Cropsey Avenue,Dead end,SB
32970,Brooklyn,2021,3,9,16,15,259,157501,POINT (988148.6889210109 151103.24158873298),CROPSEY AVENUE BRIDGE,Cropsey Avenue,Dead end,SB
32970,Brooklyn,2021,3,9,16,30,258,157501,POINT (988148.6889210109 151103.24158873298),CROPSEY AVENUE BRIDGE,Cropsey Avenue,Dead end,SB
32970,Brooklyn,2021,3,9,16,45,248,157501,POINT (988148.6889210109 151103.24158873298),CROPSEY AVENUE BRIDGE,Cropsey Avenue,Dead end,SB
32970,Brooklyn,2021,3,9,17,0,279,157501,POINT (988148.6889210109 151103.24158873298),CROPSEY AVENUE BRIDGE,Cropsey Avenue,Dead end,SB
32970,Brooklyn,2021,3,9,17,15,279,157501,POINT (988148.6889210109 151103.24158873298),CROPSEY AVENUE BRIDGE,Cropsey Avenue,Dead end,SB
32970,Brooklyn,2021,3,9,17,30,299,157501,POINT (988148.6889210109 151103.24158873298),CROPSEY AVENUE BRIDGE,Cropsey Avenue,Dead end,SB
32970,Brooklyn,2021,3,9,17,45,265,157501,POINT (988148.6889210109 151103.24158873298),CROPSEY AVENUE BRIDGE,Cropsey Avenue,Dead end,SB
32970,Brooklyn,2021,3,9,18,0,301,157501,POINT (988148.6889210109 151103.24158873298),CROPSEY AVENUE BRIDGE,Cropsey Avenue,Dead end,SB
32970,Brooklyn,2021,3,9,18,15,236,157501,POINT (988148.6889210109 151103.24158873298),CROPSEY AVENUE BRIDGE,Cropsey Avenue,Dead end,SB
32970,Brooklyn,2021,3,9,18,30,279,157501,POINT (988148.6889210109 151103.24158873298),CROPSEY AVENUE BRIDGE,Cropsey Avenue,Dead end,SB
32970,Brooklyn,2021,3,9,18,45,229,157501,POINT (988148.6889210109 151103.24158873298),CROPSEY AVENUE BRIDGE,Cropsey Avenue,Dead end,SB
32970,Brooklyn,2021,3,9,19,0,284,157501,POINT (988148.6889210109 151103.24158873298),CROPSEY AVENUE BRIDGE,Cropsey Avenue,Dead end,SB
32970,Brooklyn,2021,3,9,19,15,249,157501,POINT (988148.6889210109 151103.24158873298),CROPSEY AVENUE BRIDGE,Cropsey Avenue,Dead end,SB
32970,Brooklyn,2021,3,9,19,30,275,157501,POINT (988148.6889210109 151103.24158873298),CROPSEY AVENUE BRIDGE,Cropsey Avenue,Dead end,SB
32970,Brooklyn,2021,3,9,19,45,232,157501,POINT (988148.6889210109 151103.24158873298),CROPSEY AVENUE BRIDGE,Cropsey Avenue,Dead end,SB
32970,Brooklyn,2021,3,9,20,0,231,157501,POINT (988148.6889210109 151103.24158873298),CROPSEY AVENUE BRIDGE,Cropsey Avenue,Dead end,SB
32970,Brooklyn,2021,3,9,20,15,200,157501,POINT (988148.6889210109 151103.24158873298),CROPSEY AVENUE BRIDGE,Cropsey Avenue,Dead end,SB
32970,Brooklyn,2021,3,9,20,30,181,157501,POINT (988148.6889210109 151103.24158873298),CROPSEY AVENUE BRIDGE,Cropsey Avenue,Dead end,SB
32970,Brooklyn,2021,3,9,20,45,172,157501,POINT (988148.6889210109 151103.24158873298),CROPSEY AVENUE BRIDGE,Cropsey Avenue,Dead end,SB
32970,Brooklyn,2021,3,9,21,0,151,157501,POINT (988148.6889210109 151103.24158873298),CROPSEY AVENUE BRIDGE,Cropsey Avenue,Dead end,SB
32970,Brooklyn,2021,3,9,21,15,145,157501,POINT (988148.6889210109 151103.24158873298),CROPSEY AVENUE BRIDGE,Cropsey Avenue,Dead end,SB
32970,Brooklyn,2021,3,9,21,30,133,157501,POINT (988148.6889210109 151103.24158873298),CROPSEY AVENUE BRIDGE,Cropsey Avenue,Dead end,SB
32970,Brooklyn,2021,3,9,21,45,138,157501,POINT (988148.6889210109 151103.24158873298),CROPSEY AVENUE BRIDGE,Cropsey Avenue,Dead end,SB
32970,Brooklyn,2021,3,9,22,0,130,157501,POINT (988148.6889210109 151103.24158873298),CROPSEY AVENUE BRIDGE,Cropsey Avenue,Dead end,SB
32970,Brooklyn,2021,3,9,22,15,130,157501,POINT (988148.6889210109 151103.24158873298),CROPSEY AVENUE BRIDGE,Cropsey Avenue,Dead end,SB
32970,Brooklyn,2021,3,9,22,30,126,157501,POINT (988148.6889210109 151103.24158873298),CROPSEY AVENUE BRIDGE,Cropsey Avenue,Dead end,SB
32970,Brooklyn,2021,3,9,22,45,112,157501,POINT (988148.6889210109 151103.24158873298),CROPSEY AVENUE BRIDGE,Cropsey Avenue,Dead end,SB
32970,Brooklyn,2021,3,9,23,0,105,157501,POINT (988148.6889210109 151103.24158873298),CROPSEY AVENUE BRIDGE,Cropsey Avenue,Dead end,SB
32970,Brooklyn,2021,3,9,23,15,89,157501,POINT (988148.6889210109 151103.24158873298),CROPSEY AVENUE BRIDGE,Cropsey Avenue,Dead end,SB
32970,Brooklyn,2021,3,9,23,30,87,157501,POINT (988148.6889210109 151103.24158873298),CROPSEY AVENUE BRIDGE,Cropsey Avenue,Dead end,SB
32970,Brooklyn,2021,3,9,23,45,86,157501,POINT (988148.6889210109 151103.24158873298),CROPSEY AVENUE BRIDGE,Cropsey Avenue,Dead end,SB
32970,Brooklyn,2021,3,10,0,0,64,157501,POINT (988148.6889210109 151103.24158873298),CROPSEY AVENUE BRIDGE,Cropsey Avenue,Dead end,SB
32970,Brooklyn,2021,3,10,0,15,58,157501,POINT (988148.6889210109 151103.24158873298),CROPSEY AVENUE BRIDGE,Cropsey Avenue,Dead end,SB
32970,Brooklyn,2021,3,10,0,30,54,157501,POINT (988148.6889210109 151103.24158873298),CROPSEY AVENUE BRIDGE,Cropsey Avenue,Dead end,SB
32970,Brooklyn,2021,3,10,0,45,67,157501,POINT (988148.6889210109 151103.24158873298),CROPSEY AVENUE BRIDGE,Cropsey Avenue,Dead end,SB
32970,Brooklyn,2021,3,10,1,0,34,157501,POINT (988148.6889210109 151103.24158873298),CROPSEY AVENUE BRIDGE,Cropsey Avenue,Dead end,SB
32970,Brooklyn,2021,3,10,1,15,41,157501,POINT (988148.6889210109 151103.24158873298),CROPSEY AVENUE BRIDGE,Cropsey Avenue,Dead end,SB
32970,Brooklyn,2021,3,10,1,30,33,157501,POINT (988148.6889210109 151103.24158873298),CROPSEY AVENUE BRIDGE,Cropsey Avenue,Dead end,SB
32970,Brooklyn,2021,3,10,1,45,27,157501,POINT (988148.6889210109 151103.24158873298),CROPSEY AVENUE BRIDGE,Cropsey Avenue,Dead end,SB
32970,Brooklyn,2021,3,10,2,0,27,157501,POINT (988148.6889210109 151103.24158873298),CROPSEY AVENUE BRIDGE,Cropsey Avenue,Dead end,SB
32970,Brooklyn,2021,3,10,2,15,28,157501,POINT (988148.6889210109 151103.24158873298),CROPSEY AVENUE BRIDGE,Cropsey Avenue,Dead end,SB
32970,Brooklyn,2021,3,10,2,30,31,157501,POINT (988148.6889210109 151103.24158873298),CROPSEY AVENUE BRIDGE,Cropsey Avenue,Dead end,SB
32970,Brooklyn,2021,3,10,2,45,21,157501,POINT (988148.6889210109 151103.24158873298),CROPSEY AVENUE BRIDGE,Cropsey Avenue,Dead end,SB
32970,Brooklyn,2021,3,10,3,0,27,157501,POINT (988148.6889210109 151103.24158873298),CROPSEY AVENUE BRIDGE,Cropsey Avenue,Dead end,SB
32970,Brooklyn,2021,3,10,3,15,21,157501,POINT (988148.6889210109 151103.24158873298),CROPSEY AVENUE BRIDGE,Cropsey Avenue,Dead end,SB
32970,Brooklyn,2021,3,10,3,30,18,157501,POINT (988148.6889210109 151103.24158873298),CROPSEY AVENUE BRIDGE,Cropsey Avenue,Dead end,SB
32970,Brooklyn,2021,3,10,3,45,25,157501,POINT (988148.6889210109 151103.24158873298),CROPSEY AVENUE BRIDGE,Cropsey Avenue,Dead end,SB
32970,Brooklyn,2021,3,10,4,0,31,157501,POINT (988148.6889210109 151103.24158873298),CROPSEY AVENUE BRIDGE,Cropsey Avenue,Dead end,SB
32970,Brooklyn,2021,3,10,4,15,30,157501,POINT (988148.6889210109 151103.24158873298),CROPSEY AVENUE BRIDGE,Cropsey Avenue,Dead end,SB
32970,Brooklyn,2021,3,10,4,30,42,157501,POINT (988148.6889210109 151103.24158873298),CROPSEY AVENUE BRIDGE,Cropsey Avenue,Dead end,SB
32970,Brooklyn,2021,3,10,4,45,62,157501,POINT (988148.6889210109 151103.24158873298),CROPSEY AVENUE BRIDGE,Cropsey Avenue,Dead end,SB
32970,Brooklyn,2021,3,10,5,0,47,157501,POINT (988148.6889210109 151103.24158873298),CROPSEY AVENUE BRIDGE,Cropsey Avenue,Dead end,SB
32970,Brooklyn,2021,3,10,5,15,73,157501,POINT (988148.6889210109 151103.24158873298),CROPSEY AVENUE BRIDGE,Cropsey Avenue,Dead end,SB
32970,Brooklyn,2021,3,10,5,30,82,157501,POINT (988148.6889210109 151103.24158873298),CROPSEY AVENUE BRIDGE,Cropsey Avenue,Dead end,SB
32970,Brooklyn,2021,3,10,5,45,140,157501,POINT (988148.6889210109 151103.24158873298),CROPSEY AVENUE BRIDGE,Cropsey Avenue,Dead end,SB
32970,Brooklyn,2021,3,10,6,0,140,157501,POINT (988148.6889210109 151103.24158873298),CROPSEY AVENUE BRIDGE,Cropsey Avenue,Dead end,SB
32970,Brooklyn,2021,3,10,6,15,192,157501,POINT (988148.6889210109 151103.24158873298),CROPSEY AVENUE BRIDGE,Cropsey Avenue,Dead end,SB
32970,Brooklyn,2021,3,10,6,30,240,157501,POINT (988148.6889210109 151103.24158873298),CROPSEY AVENUE BRIDGE,Cropsey Avenue,Dead end,SB
32970,Brooklyn,2021,3,10,6,45,281,157501,POINT (988148.6889210109 151103.24158873298),CROPSEY AVENUE BRIDGE,Cropsey Avenue,Dead end,SB
32970,Brooklyn,2021,3,10,7,0,235,157501,POINT (988148.6889210109 151103.24158873298),CROPSEY AVENUE BRIDGE,Cropsey Avenue,Dead end,SB
32970,Brooklyn,2021,3,10,7,15,254,157501,POINT (988148.6889210109 151103.24158873298),CROPSEY AVENUE BRIDGE,Cropsey Avenue,Dead end,SB
32970,Brooklyn,2021,3,10,7,30,267,157501,POINT (988148.6889210109 151103.24158873298),CROPSEY AVENUE BRIDGE,Cropsey Avenue,Dead end,SB
32970,Brooklyn,2021,3,10,7,45,304,157501,POINT (988148.6889210109 151103.24158873298),CROPSEY AVENUE BRIDGE,Cropsey Avenue,Dead end,SB
32970,Brooklyn,2021,3,10,8,0,279,157501,POINT (988148.6889210109 151103.24158873298),CROPSEY AVENUE BRIDGE,Cropsey Avenue,Dead end,SB
32970,Brooklyn,2021,3,10,8,15,252,157501,POINT (988148.6889210109 151103.24158873298),CROPSEY AVENUE BRIDGE,Cropsey Avenue,Dead end,SB
32970,Brooklyn,2021,3,10,8,30,278,157501,POINT (988148.6889210109 151103.24158873298),CROPSEY AVENUE BRIDGE,Cropsey Avenue,Dead end,SB
32970,Brooklyn,2021,3,10,8,45,298,157501,POINT (988148.6889210109 151103.24158873298),CROPSEY AVENUE BRIDGE,Cropsey Avenue,Dead end,SB
32970,Brooklyn,2021,3,10,9,0,244,157501,POINT (988148.6889210109 151103.24158873298),CROPSEY AVENUE BRIDGE,Cropsey Avenue,Dead end,SB
32970,Brooklyn,2021,3,10,9,15,294,157501,POINT (988148.6889210109 151103.24158873298),CROPSEY AVENUE BRIDGE,Cropsey Avenue,Dead end,SB
32970,Brooklyn,2021,3,10,9,30,259,157501,POINT (988148.6889210109 151103.24158873298),CROPSEY AVENUE BRIDGE,Cropsey Avenue,Dead end,SB
32970,Brooklyn,2021,3,10,9,45,284,157501,POINT (988148.6889210109 151103.24158873298),CROPSEY AVENUE BRIDGE,Cropsey Avenue,Dead end,SB
32970,Brooklyn,2021,3,10,10,0,234,157501,POINT (988148.6889210109 151103.24158873298),CROPSEY AVENUE BRIDGE,Cropsey Avenue,Dead end,SB
32970,Brooklyn,2021,3,10,10,15,255,157501,POINT (988148.6889210109 151103.24158873298),CROPSEY AVENUE BRIDGE,Cropsey Avenue,Dead end,SB
32970,Brooklyn,2021,3,10,10,30,232,157501,POINT (988148.6889210109 151103.24158873298),CROPSEY AVENUE BRIDGE,Cropsey Avenue,Dead end,SB
32970,Brooklyn,2021,3,10,10,45,291,157501,POINT (988148.6889210109 151103.24158873298),CROPSEY AVENUE BRIDGE,Cropsey Avenue,Dead end,SB
32970,Brooklyn,2021,3,10,11,0,238,157501,POINT (988148.6889210109 151103.24158873298),CROPSEY AVENUE BRIDGE,Cropsey Avenue,Dead end,SB
32970,Brooklyn,2021,3,10,11,15,265,157501,POINT (988148.6889210109 151103.24158873298),CROPSEY AVENUE BRIDGE,Cropsey Avenue,Dead end,SB
32970,Brooklyn,2021,3,10,11,30,295,157501,POINT (988148.6889210109 151103.24158873298),CROPSEY AVENUE BRIDGE,Cropsey Avenue,Dead end,SB
32970,Brooklyn,2021,3,10,11,45,292,157501,POINT (988148.6889210109 151103.24158873298),CROPSEY AVENUE BRIDGE,Cropsey Avenue,Dead end,SB
32970,Brooklyn,2021,3,10,12,0,299,157501,POINT (988148.6889210109 151103.24158873298),CROPSEY AVENUE BRIDGE,Cropsey Avenue,Dead end,SB
32970,Brooklyn,2021,3,10,12,15,298,157501,POINT (988148.6889210109 151103.24158873298),CROPSEY AVENUE BRIDGE,Cropsey Avenue,Dead end,SB
32970,Brooklyn,2021,3,10,12,30,299,157501,POINT (988148.6889210109 151103.24158873298),CROPSEY AVENUE BRIDGE,Cropsey Avenue,Dead end,SB
32970,Brooklyn,2021,3,10,12,45,288,157501,POINT (988148.6889210109 151103.24158873298),CROPSEY AVENUE BRIDGE,Cropsey Avenue,Dead end,SB
32970,Brooklyn,2021,3,10,13,0,336,157501,POINT (988148.6889210109 151103.24158873298),CROPSEY AVENUE BRIDGE,Cropsey Avenue,Dead end,SB
32970,Brooklyn,2021,3,10,13,15,329,157501,POINT (988148.6889210109 151103.24158873298),CROPSEY AVENUE BRIDGE,Cropsey Avenue,Dead end,SB
32970,Brooklyn,2021,3,10,13,30,320,157501,POINT (988148.6889210109 151103.24158873298),CROPSEY AVENUE BRIDGE,Cropsey Avenue,Dead end,SB
32970,Brooklyn,2021,3,10,13,45,360,157501,POINT (988148.6889210109 151103.24158873298),CROPSEY AVENUE BRIDGE,Cropsey Avenue,Dead end,SB
32970,Brooklyn,2021,3,10,14,0,305,157501,POINT (988148.6889210109 151103.24158873298),CROPSEY AVENUE BRIDGE,Cropsey Avenue,Dead end,SB
32970,Brooklyn,2021,3,10,14,15,297,157501,POINT (988148.6889210109 151103.24158873298),CROPSEY AVENUE BRIDGE,Cropsey Avenue,Dead end,SB
32970,Brooklyn,2021,3,10,14,30,269,157501,POINT (988148.6889210109 151103.24158873298),CROPSEY AVENUE BRIDGE,Cropsey Avenue,Dead end,SB
32970,Brooklyn,2021,3,10,14,45,305,157501,POINT (988148.6889210109 151103.24158873298),CROPSEY AVENUE BRIDGE,Cropsey Avenue,Dead end,SB
32970,Brooklyn,2021,3,10,15,0,279,157501,POINT (988148.6889210109 151103.24158873298),CROPSEY AVENUE BRIDGE,Cropsey Avenue,Dead end,SB
32970,Brooklyn,2021,3,10,15,15,263,157501,POINT (988148.6889210109 151103.24158873298),CROPSEY AVENUE BRIDGE,Cropsey Avenue,Dead end,SB
32970,Brooklyn,2021,3,10,15,30,243,157501,POINT (988148.6889210109 151103.24158873298),CROPSEY AVENUE BRIDGE,Cropsey Avenue,Dead end,SB
32970,Brooklyn,2021,3,10,15,45,253,157501,POINT (988148.6889210109 151103.24158873298),CROPSEY AVENUE BRIDGE,Cropsey Avenue,Dead end,SB
32970,Brooklyn,2021,3,10,16,0,294,157501,POINT (988148.6889210109 151103.24158873298),CROPSEY AVENUE BRIDGE,Cropsey Avenue,Dead end,SB
32970,Brooklyn,2021,3,10,16,15,247,157501,POINT (988148.6889210109 151103.24158873298),CROPSEY AVENUE BRIDGE,Cropsey Avenue,Dead end,SB
32970,Brooklyn,2021,3,10,16,30,254,157501,POINT (988148.6889210109 151103.24158873298),CROPSEY AVENUE BRIDGE,Cropsey Avenue,Dead end,SB
32970,Brooklyn,2021,3,10,16,45,242,157501,POINT (988148.6889210109 151103.24158873298),CROPSEY AVENUE BRIDGE,Cropsey Avenue,Dead end,SB
32970,Brooklyn,2021,3,10,17,0,288,157501,POINT (988148.6889210109 151103.24158873298),CROPSEY AVENUE BRIDGE,Cropsey Avenue,Dead end,SB
32970,Brooklyn,2021,3,10,17,15,283,157501,POINT (988148.6889210109 151103.24158873298),CROPSEY AVENUE BRIDGE,Cropsey Avenue,Dead end,SB
32970,Brooklyn,2021,3,10,17,30,263,157501,POINT (988148.6889210109 151103.24158873298),CROPSEY AVENUE BRIDGE,Cropsey Avenue,Dead end,SB
32970,Brooklyn,2021,3,10,17,45,274,157501,POINT (988148.6889210109 151103.24158873298),CROPSEY AVENUE BRIDGE,Cropsey Avenue,Dead end,SB
32970,Brooklyn,2021,3,10,18,0,291,157501,POINT (988148.6889210109 151103.24158873298),CROPSEY AVENUE BRIDGE,Cropsey Avenue,Dead end,SB
32970,Brooklyn,2021,3,10,18,15,241,157501,POINT (988148.6889210109 151103.24158873298),CROPSEY AVENUE BRIDGE,Cropsey Avenue,Dead end,SB
32970,Brooklyn,2021,3,10,18,30,295,157501,POINT (988148.6889210109 151103.24158873298),CROPSEY AVENUE BRIDGE,Cropsey Avenue,Dead end,SB
32970,Brooklyn,2021,3,10,18,45,286,157501,POINT (988148.6889210109 151103.24158873298),CROPSEY AVENUE BRIDGE,Cropsey Avenue,Dead end,SB
32970,Brooklyn,2021,3,10,19,0,290,157501,POINT (988148.6889210109 151103.24158873298),CROPSEY AVENUE BRIDGE,Cropsey Avenue,Dead end,SB
32970,Brooklyn,2021,3,10,19,15,264,157501,POINT (988148.6889210109 151103.24158873298),CROPSEY AVENUE BRIDGE,Cropsey Avenue,Dead end,SB
32970,Brooklyn,2021,3,10,19,30,241,157501,POINT (988148.6889210109 151103.24158873298),CROPSEY AVENUE BRIDGE,Cropsey Avenue,Dead end,SB
32970,Brooklyn,2021,3,10,19,45,232,157501,POINT (988148.6889210109 151103.24158873298),CROPSEY AVENUE BRIDGE,Cropsey Avenue,Dead end,SB
32970,Brooklyn,2021,3,10,20,0,237,157501,POINT (988148.6889210109 151103.24158873298),CROPSEY AVENUE BRIDGE,Cropsey Avenue,Dead end,SB
32970,Brooklyn,2021,3,10,20,15,198,157501,POINT (988148.6889210109 151103.24158873298),CROPSEY AVENUE BRIDGE,Cropsey Avenue,Dead end,SB
32970,Brooklyn,2021,3,10,20,30,189,157501,POINT (988148.6889210109 151103.24158873298),CROPSEY AVENUE BRIDGE,Cropsey Avenue,Dead end,SB
32970,Brooklyn,2021,3,10,20,45,175,157501,POINT (988148.6889210109 151103.24158873298),CROPSEY AVENUE BRIDGE,Cropsey Avenue,Dead end,SB
32970,Brooklyn,2021,3,10,21,0,163,157501,POINT (988148.6889210109 151103.24158873298),CROPSEY AVENUE BRIDGE,Cropsey Avenue,Dead end,SB
32970,Brooklyn,2021,3,10,21,15,135,157501,POINT (988148.6889210109 151103.24158873298),CROPSEY AVENUE BRIDGE,Cropsey Avenue,Dead end,SB
32970,Brooklyn,2021,3,10,21,30,140,157501,POINT (988148.6889210109 151103.24158873298),CROPSEY AVENUE BRIDGE,Cropsey Avenue,Dead end,SB
32970,Brooklyn,2021,3,10,21,45,118,157501,POINT (988148.6889210109 151103.24158873298),CROPSEY AVENUE BRIDGE,Cropsey Avenue,Dead end,SB
32970,Brooklyn,2021,3,10,22,0,117,157501,POINT (988148.6889210109 151103.24158873298),CROPSEY AVENUE BRIDGE,Cropsey Avenue,Dead end,SB
32970,Brooklyn,2021,3,10,22,15,120,157501,POINT (988148.6889210109 151103.24158873298),CROPSEY AVENUE BRIDGE,Cropsey Avenue,Dead end,SB
32970,Brooklyn,2021,3,10,22,30,115,157501,POINT (988148.6889210109 151103.24158873298),CROPSEY AVENUE BRIDGE,Cropsey Avenue,Dead end,SB
32970,Brooklyn,2021,3,10,22,45,119,157501,POINT (988148.6889210109 151103.24158873298),CROPSEY AVENUE BRIDGE,Cropsey Avenue,Dead end,SB
32970,Brooklyn,2021,3,10,23,0,95,157501,POINT (988148.6889210109 151103.24158873298),CROPSEY AVENUE BRIDGE,Cropsey Avenue,Dead end,SB
32970,Brooklyn,2021,3,10,23,15,89,157501,POINT (988148.6889210109 151103.24158873298),CROPSEY AVENUE BRIDGE,Cropsey Avenue,Dead end,SB
32970,Brooklyn,2021,3,10,23,30,101,157501,POINT (988148.6889210109 151103.24158873298),CROPSEY AVENUE BRIDGE,Cropsey Avenue,Dead end,SB
32970,Brooklyn,2021,3,10,23,45,74,157501,POINT (988148.6889210109 151103.24158873298),CROPSEY AVENUE BRIDGE,Cropsey Avenue,Dead end,SB
32970,Brooklyn,2021,3,11,0,0,67,157501,POINT (988148.6889210109 151103.24158873298),CROPSEY AVENUE BRIDGE,Cropsey Avenue,Dead end,SB
32970,Brooklyn,2021,3,11,0,15,62,157501,POINT (988148.6889210109 151103.24158873298),CROPSEY AVENUE BRIDGE,Cropsey Avenue,Dead end,SB
32970,Brooklyn,2021,3,11,0,30,54,157501,POINT (988148.6889210109 151103.24158873298),CROPSEY AVENUE BRIDGE,Cropsey Avenue,Dead end,SB
32970,Brooklyn,2021,3,11,0,45,56,157501,POINT (988148.6889210109 151103.24158873298),CROPSEY AVENUE BRIDGE,Cropsey Avenue,Dead end,SB
32970,Brooklyn,2021,3,11,1,0,32,157501,POINT (988148.6889210109 151103.24158873298),CROPSEY AVENUE BRIDGE,Cropsey Avenue,Dead end,SB
32970,Brooklyn,2021,3,11,1,15,39,157501,POINT (988148.6889210109 151103.24158873298),CROPSEY AVENUE BRIDGE,Cropsey Avenue,Dead end,SB
32970,Brooklyn,2021,3,11,1,30,33,157501,POINT (988148.6889210109 151103.24158873298),CROPSEY AVENUE BRIDGE,Cropsey Avenue,Dead end,SB
32970,Brooklyn,2021,3,11,1,45,24,157501,POINT (988148.6889210109 151103.24158873298),CROPSEY AVENUE BRIDGE,Cropsey Avenue,Dead end,SB
32970,Brooklyn,2021,3,11,2,0,32,157501,POINT (988148.6889210109 151103.24158873298),CROPSEY AVENUE BRIDGE,Cropsey Avenue,Dead end,SB
32970,Brooklyn,2021,3,11,2,15,33,157501,POINT (988148.6889210109 151103.24158873298),CROPSEY AVENUE BRIDGE,Cropsey Avenue,Dead end,SB
32970,Brooklyn,2021,3,11,2,30,24,157501,POINT (988148.6889210109 151103.24158873298),CROPSEY AVENUE BRIDGE,Cropsey Avenue,Dead end,SB
32970,Brooklyn,2021,3,11,2,45,27,157501,POINT (988148.6889210109 151103.24158873298),CROPSEY AVENUE BRIDGE,Cropsey Avenue,Dead end,SB
32970,Brooklyn,2021,3,11,3,0,24,157501,POINT (988148.6889210109 151103.24158873298),CROPSEY AVENUE BRIDGE,Cropsey Avenue,Dead end,SB
32970,Brooklyn,2021,3,11,3,15,19,157501,POINT (988148.6889210109 151103.24158873298),CROPSEY AVENUE BRIDGE,Cropsey Avenue,Dead end,SB
32970,Brooklyn,2021,3,11,3,30,24,157501,POINT (988148.6889210109 151103.24158873298),CROPSEY AVENUE BRIDGE,Cropsey Avenue,Dead end,SB
32970,Brooklyn,2021,3,11,3,45,28,157501,POINT (988148.6889210109 151103.24158873298),CROPSEY AVENUE BRIDGE,Cropsey Avenue,Dead end,SB
32970,Brooklyn,2021,3,11,4,0,21,157501,POINT (988148.6889210109 151103.24158873298),CROPSEY AVENUE BRIDGE,Cropsey Avenue,Dead end,SB
32970,Brooklyn,2021,3,11,4,15,38,157501,POINT (988148.6889210109 151103.24158873298),CROPSEY AVENUE BRIDGE,Cropsey Avenue,Dead end,SB
32970,Brooklyn,2021,3,11,4,30,32,157501,POINT (988148.6889210109 151103.24158873298),CROPSEY AVENUE BRIDGE,Cropsey Avenue,Dead end,SB
32970,Brooklyn,2021,3,11,4,45,49,157501,POINT (988148.6889210109 151103.24158873298),CROPSEY AVENUE BRIDGE,Cropsey Avenue,Dead end,SB
32970,Brooklyn,2021,3,11,5,0,44,157501,POINT (988148.6889210109 151103.24158873298),CROPSEY AVENUE BRIDGE,Cropsey Avenue,Dead end,SB
32970,Brooklyn,2021,3,11,5,15,73,157501,POINT (988148.6889210109 151103.24158873298),CROPSEY AVENUE BRIDGE,Cropsey Avenue,Dead end,SB
32970,Brooklyn,2021,3,11,5,30,96,157501,POINT (988148.6889210109 151103.24158873298),CROPSEY AVENUE BRIDGE,Cropsey Avenue,Dead end,SB
32970,Brooklyn,2021,3,11,5,45,129,157501,POINT (988148.6889210109 151103.24158873298),CROPSEY AVENUE BRIDGE,Cropsey Avenue,Dead end,SB
32970,Brooklyn,2021,3,11,6,0,141,157501,POINT (988148.6889210109 151103.24158873298),CROPSEY AVENUE BRIDGE,Cropsey Avenue,Dead end,SB
32970,Brooklyn,2021,3,11,6,15,190,157501,POINT (988148.6889210109 151103.24158873298),CROPSEY AVENUE BRIDGE,Cropsey Avenue,Dead end,SB
32970,Brooklyn,2021,3,11,6,30,244,157501,POINT (988148.6889210109 151103.24158873298),CROPSEY AVENUE BRIDGE,Cropsey Avenue,Dead end,SB
32970,Brooklyn,2021,3,11,6,45,277,157501,POINT (988148.6889210109 151103.24158873298),CROPSEY AVENUE BRIDGE,Cropsey Avenue,Dead end,SB
32970,Brooklyn,2021,3,11,7,0,232,157501,POINT (988148.6889210109 151103.24158873298),CROPSEY AVENUE BRIDGE,Cropsey Avenue,Dead end,SB
32970,Brooklyn,2021,3,11,7,15,269,157501,POINT (988148.6889210109 151103.24158873298),CROPSEY AVENUE BRIDGE,Cropsey Avenue,Dead end,SB
32970,Brooklyn,2021,3,11,7,30,262,157501,POINT (988148.6889210109 151103.24158873298),CROPSEY AVENUE BRIDGE,Cropsey Avenue,Dead end,SB
32970,Brooklyn,2021,3,11,7,45,305,157501,POINT (988148.6889210109 151103.24158873298),CROPSEY AVENUE BRIDGE,Cropsey Avenue,Dead end,SB
32970,Brooklyn,2021,3,11,8,0,296,157501,POINT (988148.6889210109 151103.24158873298),CROPSEY AVENUE BRIDGE,Cropsey Avenue,Dead end,SB
32970,Brooklyn,2021,3,11,8,15,290,157501,POINT (988148.6889210109 151103.24158873298),CROPSEY AVENUE BRIDGE,Cropsey Avenue,Dead end,SB
32970,Brooklyn,2021,3,11,8,30,258,157501,POINT (988148.6889210109 151103.24158873298),CROPSEY AVENUE BRIDGE,Cropsey Avenue,Dead end,SB
32970,Brooklyn,2021,3,11,8,45,265,157501,POINT (988148.6889210109 151103.24158873298),CROPSEY AVENUE BRIDGE,Cropsey Avenue,Dead end,SB
32970,Brooklyn,2021,3,11,9,0,272,157501,POINT (988148.6889210109 151103.24158873298),CROPSEY AVENUE BRIDGE,Cropsey Avenue,Dead end,SB
32970,Brooklyn,2021,3,11,9,15,263,157501,POINT (988148.6889210109 151103.24158873298),CROPSEY AVENUE BRIDGE,Cropsey Avenue,Dead end,SB
32970,Brooklyn,2021,3,11,9,30,283,157501,POINT (988148.6889210109 151103.24158873298),CROPSEY AVENUE BRIDGE,Cropsey Avenue,Dead end,SB
32970,Brooklyn,2021,3,11,9,45,260,157501,POINT (988148.6889210109 151103.24158873298),CROPSEY AVENUE BRIDGE,Cropsey Avenue,Dead end,SB
32970,Brooklyn,2021,3,11,10,0,266,157501,POINT (988148.6889210109 151103.24158873298),CROPSEY AVENUE BRIDGE,Cropsey Avenue,Dead end,SB
32970,Brooklyn,2021,3,11,10,15,257,157501,POINT (988148.6889210109 151103.24158873298),CROPSEY AVENUE BRIDGE,Cropsey Avenue,Dead end,SB
32970,Brooklyn,2021,3,11,10,30,280,157501,POINT (988148.6889210109 151103.24158873298),CROPSEY AVENUE BRIDGE,Cropsey Avenue,Dead end,SB
32970,Brooklyn,2021,3,11,10,45,297,157501,POINT (988148.6889210109 151103.24158873298),CROPSEY AVENUE BRIDGE,Cropsey Avenue,Dead end,SB
32970,Brooklyn,2021,3,11,11,0,301,157501,POINT (988148.6889210109 151103.24158873298),CROPSEY AVENUE BRIDGE,Cropsey Avenue,Dead end,SB
32970,Brooklyn,2021,3,11,11,15,286,157501,POINT (988148.6889210109 151103.24158873298),CROPSEY AVENUE BRIDGE,Cropsey Avenue,Dead end,SB
32970,Brooklyn,2021,3,11,11,30,308,157501,POINT (988148.6889210109 151103.24158873298),CROPSEY AVENUE BRIDGE,Cropsey Avenue,Dead end,SB
32970,Brooklyn,2021,3,11,11,45,322,157501,POINT (988148.6889210109 151103.24158873298),CROPSEY AVENUE BRIDGE,Cropsey Avenue,Dead end,SB
32970,Brooklyn,2021,3,11,12,0,346,157501,POINT (988148.6889210109 151103.24158873298),CROPSEY AVENUE BRIDGE,Cropsey Avenue,Dead end,SB
32970,Brooklyn,2021,3,11,12,15,312,157501,POINT (988148.6889210109 151103.24158873298),CROPSEY AVENUE BRIDGE,Cropsey Avenue,Dead end,SB
32970,Brooklyn,2021,3,11,12,30,347,157501,POINT (988148.6889210109 151103.24158873298),CROPSEY AVENUE BRIDGE,Cropsey Avenue,Dead end,SB
32970,Brooklyn,2021,3,11,12,45,319,157501,POINT (988148.6889210109 151103.24158873298),CROPSEY AVENUE BRIDGE,Cropsey Avenue,Dead end,SB
32970,Brooklyn,2021,3,11,13,0,283,157501,POINT (988148.6889210109 151103.24158873298),CROPSEY AVENUE BRIDGE,Cropsey Avenue,Dead end,SB
32970,Brooklyn,2021,3,11,13,15,332,157501,POINT (988148.6889210109 151103.24158873298),CROPSEY AVENUE BRIDGE,Cropsey Avenue,Dead end,SB
32970,Brooklyn,2021,3,11,13,30,290,157501,POINT (988148.6889210109 151103.24158873298),CROPSEY AVENUE BRIDGE,Cropsey Avenue,Dead end,SB
32970,Brooklyn,2021,3,11,13,45,322,157501,POINT (988148.6889210109 151103.24158873298),CROPSEY AVENUE BRIDGE,Cropsey Avenue,Dead end,SB
32970,Brooklyn,2021,3,11,14,0,303,157501,POINT (988148.6889210109 151103.24158873298),CROPSEY AVENUE BRIDGE,Cropsey Avenue,Dead end,SB
32970,Brooklyn,2021,3,11,14,15,302,157501,POINT (988148.6889210109 151103.24158873298),CROPSEY AVENUE BRIDGE,Cropsey Avenue,Dead end,SB
32970,Brooklyn,2021,3,11,14,30,287,157501,POINT (988148.6889210109 151103.24158873298),CROPSEY AVENUE BRIDGE,Cropsey Avenue,Dead end,SB
32970,Brooklyn,2021,3,11,14,45,279,157501,POINT (988148.6889210109 151103.24158873298),CROPSEY AVENUE BRIDGE,Cropsey Avenue,Dead end,SB
32970,Brooklyn,2021,3,11,15,0,289,157501,POINT (988148.6889210109 151103.24158873298),CROPSEY AVENUE BRIDGE,Cropsey Avenue,Dead end,SB
32970,Brooklyn,2021,3,11,15,15,319,157501,POINT (988148.6889210109 151103.24158873298),CROPSEY AVENUE BRIDGE,Cropsey Avenue,Dead end,SB
32970,Brooklyn,2021,3,11,15,30,263,157501,POINT (988148.6889210109 151103.24158873298),CROPSEY AVENUE BRIDGE,Cropsey Avenue,Dead end,SB
32970,Brooklyn,2021,3,11,15,45,289,157501,POINT (988148.6889210109 151103.24158873298),CROPSEY AVENUE BRIDGE,Cropsey Avenue,Dead end,SB
32970,Brooklyn,2021,3,11,16,0,297,157501,POINT (988148.6889210109 151103.24158873298),CROPSEY AVENUE BRIDGE,Cropsey Avenue,Dead end,SB
32970,Brooklyn,2021,3,11,16,15,302,157501,POINT (988148.6889210109 151103.24158873298),CROPSEY AVENUE BRIDGE,Cropsey Avenue,Dead end,SB
32970,Brooklyn,2021,3,11,16,30,269,157501,POINT (988148.6889210109 151103.24158873298),CROPSEY AVENUE BRIDGE,Cropsey Avenue,Dead end,SB
32970,Brooklyn,2021,3,11,16,45,282,157501,POINT (988148.6889210109 151103.24158873298),CROPSEY AVENUE BRIDGE,Cropsey Avenue,Dead end,SB
32970,Brooklyn,2021,3,11,17,0,287,157501,POINT (988148.6889210109 151103.24158873298),CROPSEY AVENUE BRIDGE,Cropsey Avenue,Dead end,SB
32970,Brooklyn,2021,3,11,17,15,281,157501,POINT (988148.6889210109 151103.24158873298),CROPSEY AVENUE BRIDGE,Cropsey Avenue,Dead end,SB
32970,Brooklyn,2021,3,11,17,30,287,157501,POINT (988148.6889210109 151103.24158873298),CROPSEY AVENUE BRIDGE,Cropsey Avenue,Dead end,SB
32970,Brooklyn,2021,3,11,17,45,265,157501,POINT (988148.6889210109 151103.24158873298),CROPSEY AVENUE BRIDGE,Cropsey Avenue,Dead end,SB
32970,Brooklyn,2021,3,11,18,0,304,157501,POINT (988148.6889210109 151103.24158873298),CROPSEY AVENUE BRIDGE,Cropsey Avenue,Dead end,SB
32970,Brooklyn,2021,3,11,18,15,250,157501,POINT (988148.6889210109 151103.24158873298),CROPSEY AVENUE BRIDGE,Cropsey Avenue,Dead end,SB
32970,Brooklyn,2021,3,11,18,30,257,157501,POINT (988148.6889210109 151103.24158873298),CROPSEY AVENUE BRIDGE,Cropsey Avenue,Dead end,SB
32970,Brooklyn,2021,3,11,18,45,293,157501,POINT (988148.6889210109 151103.24158873298),CROPSEY AVENUE BRIDGE,Cropsey Avenue,Dead end,SB
32970,Brooklyn,2021,3,11,19,0,264,157501,POINT (988148.6889210109 151103.24158873298),CROPSEY AVENUE BRIDGE,Cropsey Avenue,Dead end,SB
32970,Brooklyn,2021,3,11,19,15,276,157501,POINT (988148.6889210109 151103.24158873298),CROPSEY AVENUE BRIDGE,Cropsey Avenue,Dead end,SB
32970,Brooklyn,2021,3,11,19,30,261,157501,POINT (988148.6889210109 151103.24158873298),CROPSEY AVENUE BRIDGE,Cropsey Avenue,Dead end,SB
32970,Brooklyn,2021,3,11,19,45,274,157501,POINT (988148.6889210109 151103.24158873298),CROPSEY AVENUE BRIDGE,Cropsey Avenue,Dead end,SB
32970,Brooklyn,2021,3,11,20,0,197,157501,POINT (988148.6889210109 151103.24158873298),CROPSEY AVENUE BRIDGE,Cropsey Avenue,Dead end,SB
32970,Brooklyn,2021,3,11,20,15,200,157501,POINT (988148.6889210109 151103.24158873298),CROPSEY AVENUE BRIDGE,Cropsey Avenue,Dead end,SB
32970,Brooklyn,2021,3,11,20,30,196,157501,POINT (988148.6889210109 151103.24158873298),CROPSEY AVENUE BRIDGE,Cropsey Avenue,Dead end,SB
32970,Brooklyn,2021,3,11,20,45,166,157501,POINT (988148.6889210109 151103.24158873298),CROPSEY AVENUE BRIDGE,Cropsey Avenue,Dead end,SB
32970,Brooklyn,2021,3,11,21,0,171,157501,POINT (988148.6889210109 151103.24158873298),CROPSEY AVENUE BRIDGE,Cropsey Avenue,Dead end,SB
32970,Brooklyn,2021,3,11,21,15,146,157501,POINT (988148.6889210109 151103.24158873298),CROPSEY AVENUE BRIDGE,Cropsey Avenue,Dead end,SB
32970,Brooklyn,2021,3,11,21,30,170,157501,POINT (988148.6889210109 151103.24158873298),CROPSEY AVENUE BRIDGE,Cropsey Avenue,Dead end,SB
32970,Brooklyn,2021,3,11,21,45,144,157501,POINT (988148.6889210109 151103.24158873298),CROPSEY AVENUE BRIDGE,Cropsey Avenue,Dead end,SB
32970,Brooklyn,2021,3,11,22,0,128,157501,POINT (988148.6889210109 151103.24158873298),CROPSEY AVENUE BRIDGE,Cropsey Avenue,Dead end,SB
32970,Brooklyn,2021,3,11,22,15,151,157501,POINT (988148.6889210109 151103.24158873298),CROPSEY AVENUE BRIDGE,Cropsey Avenue,Dead end,SB
32970,Brooklyn,2021,3,11,22,30,136,157501,POINT (988148.6889210109 151103.24158873298),CROPSEY AVENUE BRIDGE,Cropsey Avenue,Dead end,SB
32970,Brooklyn,2021,3,11,22,45,98,157501,POINT (988148.6889210109 151103.24158873298),CROPSEY AVENUE BRIDGE,Cropsey Avenue,Dead end,SB
32970,Brooklyn,2021,3,11,23,0,100,157501,POINT (988148.6889210109 151103.24158873298),CROPSEY AVENUE BRIDGE,Cropsey Avenue,Dead end,SB
32970,Brooklyn,2021,3,11,23,15,93,157501,POINT (988148.6889210109 151103.24158873298),CROPSEY AVENUE BRIDGE,Cropsey Avenue,Dead end,SB
32970,Brooklyn,2021,3,11,23,30,92,157501,POINT (988148.6889210109 151103.24158873298),CROPSEY AVENUE BRIDGE,Cropsey Avenue,Dead end,SB
32970,Brooklyn,2021,3,11,23,45,108,157501,POINT (988148.6889210109 151103.24158873298),CROPSEY AVENUE BRIDGE,Cropsey Avenue,Dead end,SB
32970,Brooklyn,2021,3,12,0,0,76,157501,POINT (988148.6889210109 151103.24158873298),CROPSEY AVENUE BRIDGE,Cropsey Avenue,Dead end,SB
32970,Brooklyn,2021,3,12,0,15,70,157501,POINT (988148.6889210109 151103.24158873298),CROPSEY AVENUE BRIDGE,Cropsey Avenue,Dead end,SB
32970,Brooklyn,2021,3,12,0,30,47,157501,POINT (988148.6889210109 151103.24158873298),CROPSEY AVENUE BRIDGE,Cropsey Avenue,Dead end,SB
32970,Brooklyn,2021,3,12,0,45,66,157501,POINT (988148.6889210109 151103.24158873298),CROPSEY AVENUE BRIDGE,Cropsey Avenue,Dead end,SB
32970,Brooklyn,2021,3,12,1,0,46,157501,POINT (988148.6889210109 151103.24158873298),CROPSEY AVENUE BRIDGE,Cropsey Avenue,Dead end,SB
32970,Brooklyn,2021,3,12,1,15,37,157501,POINT (988148.6889210109 151103.24158873298),CROPSEY AVENUE BRIDGE,Cropsey Avenue,Dead end,SB
32970,Brooklyn,2021,3,12,1,30,33,157501,POINT (988148.6889210109 151103.24158873298),CROPSEY AVENUE BRIDGE,Cropsey Avenue,Dead end,SB
32970,Brooklyn,2021,3,12,1,45,44,157501,POINT (988148.6889210109 151103.24158873298),CROPSEY AVENUE BRIDGE,Cropsey Avenue,Dead end,SB
32970,Brooklyn,2021,3,12,2,0,36,157501,POINT (988148.6889210109 151103.24158873298),CROPSEY AVENUE BRIDGE,Cropsey Avenue,Dead end,SB
32970,Brooklyn,2021,3,12,2,15,34,157501,POINT (988148.6889210109 151103.24158873298),CROPSEY AVENUE BRIDGE,Cropsey Avenue,Dead end,SB
32970,Brooklyn,2021,3,12,2,30,23,157501,POINT (988148.6889210109 151103.24158873298),CROPSEY AVENUE BRIDGE,Cropsey Avenue,Dead end,SB
32970,Brooklyn,2021,3,12,2,45,19,157501,POINT (988148.6889210109 151103.24158873298),CROPSEY AVENUE BRIDGE,Cropsey Avenue,Dead end,SB
32970,Brooklyn,2021,3,12,3,0,31,157501,POINT (988148.6889210109 151103.24158873298),CROPSEY AVENUE BRIDGE,Cropsey Avenue,Dead end,SB
32970,Brooklyn,2021,3,12,3,15,26,157501,POINT (988148.6889210109 151103.24158873298),CROPSEY AVENUE BRIDGE,Cropsey Avenue,Dead end,SB
32970,Brooklyn,2021,3,12,3,30,25,157501,POINT (988148.6889210109 151103.24158873298),CROPSEY AVENUE BRIDGE,Cropsey Avenue,Dead end,SB
32970,Brooklyn,2021,3,12,3,45,29,157501,POINT (988148.6889210109 151103.24158873298),CROPSEY AVENUE BRIDGE,Cropsey Avenue,Dead end,SB
32970,Brooklyn,2021,3,12,4,0,23,157501,POINT (988148.6889210109 151103.24158873298),CROPSEY AVENUE BRIDGE,Cropsey Avenue,Dead end,SB
32970,Brooklyn,2021,3,12,4,15,33,157501,POINT (988148.6889210109 151103.24158873298),CROPSEY AVENUE BRIDGE,Cropsey Avenue,Dead end,SB
32970,Brooklyn,2021,3,12,4,30,39,157501,POINT (988148.6889210109 151103.24158873298),CROPSEY AVENUE BRIDGE,Cropsey Avenue,Dead end,SB
32970,Brooklyn,2021,3,12,4,45,51,157501,POINT (988148.6889210109 151103.24158873298),CROPSEY AVENUE BRIDGE,Cropsey Avenue,Dead end,SB
32970,Brooklyn,2021,3,12,5,0,51,157501,POINT (988148.6889210109 151103.24158873298),CROPSEY AVENUE BRIDGE,Cropsey Avenue,Dead end,SB
32970,Brooklyn,2021,3,12,5,15,59,157501,POINT (988148.6889210109 151103.24158873298),CROPSEY AVENUE BRIDGE,Cropsey Avenue,Dead end,SB
32970,Brooklyn,2021,3,12,5,30,85,157501,POINT (988148.6889210109 151103.24158873298),CROPSEY AVENUE BRIDGE,Cropsey Avenue,Dead end,SB
32970,Brooklyn,2021,3,12,5,45,116,157501,POINT (988148.6889210109 151103.24158873298),CROPSEY AVENUE BRIDGE,Cropsey Avenue,Dead end,SB
32970,Brooklyn,2021,3,12,6,0,139,157501,POINT (988148.6889210109 151103.24158873298),CROPSEY AVENUE BRIDGE,Cropsey Avenue,Dead end,SB
32970,Brooklyn,2021,3,12,6,15,198,157501,POINT (988148.6889210109 151103.24158873298),CROPSEY AVENUE BRIDGE,Cropsey Avenue,Dead end,SB
32970,Brooklyn,2021,3,12,6,30,230,157501,POINT (988148.6889210109 151103.24158873298),CROPSEY AVENUE BRIDGE,Cropsey Avenue,Dead end,SB
32970,Brooklyn,2021,3,12,6,45,263,157501,POINT (988148.6889210109 151103.24158873298),CROPSEY AVENUE BRIDGE,Cropsey Avenue,Dead end,SB
32970,Brooklyn,2021,3,12,7,0,210,157501,POINT (988148.6889210109 151103.24158873298),CROPSEY AVENUE BRIDGE,Cropsey Avenue,Dead end,SB
32970,Brooklyn,2021,3,12,7,15,245,157501,POINT (988148.6889210109 151103.24158873298),CROPSEY AVENUE BRIDGE,Cropsey Avenue,Dead end,SB
32970,Brooklyn,2021,3,12,7,30,255,157501,POINT (988148.6889210109 151103.24158873298),CROPSEY AVENUE BRIDGE,Cropsey Avenue,Dead end,SB
32970,Brooklyn,2021,3,12,7,45,324,157501,POINT (988148.6889210109 151103.24158873298),CROPSEY AVENUE BRIDGE,Cropsey Avenue,Dead end,SB
32970,Brooklyn,2021,3,12,8,0,300,157501,POINT (988148.6889210109 151103.24158873298),CROPSEY AVENUE BRIDGE,Cropsey Avenue,Dead end,SB
32970,Brooklyn,2021,3,12,8,15,294,157501,POINT (988148.6889210109 151103.24158873298),CROPSEY AVENUE BRIDGE,Cropsey Avenue,Dead end,SB
32970,Brooklyn,2021,3,12,8,30,279,157501,POINT (988148.6889210109 151103.24158873298),CROPSEY AVENUE BRIDGE,Cropsey Avenue,Dead end,SB
32970,Brooklyn,2021,3,12,8,45,276,157501,POINT (988148.6889210109 151103.24158873298),CROPSEY AVENUE BRIDGE,Cropsey Avenue,Dead end,SB
32970,Brooklyn,2021,3,12,9,0,254,157501,POINT (988148.6889210109 151103.24158873298),CROPSEY AVENUE BRIDGE,Cropsey Avenue,Dead end,SB
32970,Brooklyn,2021,3,12,9,15,268,157501,POINT (988148.6889210109 151103.24158873298),CROPSEY AVENUE BRIDGE,Cropsey Avenue,Dead end,SB
32970,Brooklyn,2021,3,12,9,30,262,157501,POINT (988148.6889210109 151103.24158873298),CROPSEY AVENUE BRIDGE,Cropsey Avenue,Dead end,SB
32970,Brooklyn,2021,3,12,9,45,255,157501,POINT (988148.6889210109 151103.24158873298),CROPSEY AVENUE BRIDGE,Cropsey Avenue,Dead end,SB
32970,Brooklyn,2021,3,12,10,0,273,157501,POINT (988148.6889210109 151103.24158873298),CROPSEY AVENUE BRIDGE,Cropsey Avenue,Dead end,SB
32970,Brooklyn,2021,3,12,10,15,282,157501,POINT (988148.6889210109 151103.24158873298),CROPSEY AVENUE BRIDGE,Cropsey Avenue,Dead end,SB
32970,Brooklyn,2021,3,12,10,30,264,157501,POINT (988148.6889210109 151103.24158873298),CROPSEY AVENUE BRIDGE,Cropsey Avenue,Dead end,SB
32970,Brooklyn,2021,3,12,10,45,261,157501,POINT (988148.6889210109 151103.24158873298),CROPSEY AVENUE BRIDGE,Cropsey Avenue,Dead end,SB
32970,Brooklyn,2021,3,12,11,0,262,157501,POINT (988148.6889210109 151103.24158873298),CROPSEY AVENUE BRIDGE,Cropsey Avenue,Dead end,SB
32970,Brooklyn,2021,3,12,11,15,281,157501,POINT (988148.6889210109 151103.24158873298),CROPSEY AVENUE BRIDGE,Cropsey Avenue,Dead end,SB
32970,Brooklyn,2021,3,12,11,30,269,157501,POINT (988148.6889210109 151103.24158873298),CROPSEY AVENUE BRIDGE,Cropsey Avenue,Dead end,SB
32970,Brooklyn,2021,3,12,11,45,292,157501,POINT (988148.6889210109 151103.24158873298),CROPSEY AVENUE BRIDGE,Cropsey Avenue,Dead end,SB
32970,Brooklyn,2021,3,12,12,0,317,157501,POINT (988148.6889210109 151103.24158873298),CROPSEY AVENUE BRIDGE,Cropsey Avenue,Dead end,SB
32970,Brooklyn,2021,3,12,12,15,326,157501,POINT (988148.6889210109 151103.24158873298),CROPSEY AVENUE BRIDGE,Cropsey Avenue,Dead end,SB
32970,Brooklyn,2021,3,12,12,30,316,157501,POINT (988148.6889210109 151103.24158873298),CROPSEY AVENUE BRIDGE,Cropsey Avenue,Dead end,SB
32970,Brooklyn,2021,3,12,12,45,318,157501,POINT (988148.6889210109 151103.24158873298),CROPSEY AVENUE BRIDGE,Cropsey Avenue,Dead end,SB
32970,Brooklyn,2021,3,12,13,0,292,157501,POINT (988148.6889210109 151103.24158873298),CROPSEY AVENUE BRIDGE,Cropsey Avenue,Dead end,SB
32970,Brooklyn,2021,3,12,13,15,331,157501,POINT (988148.6889210109 151103.24158873298),CROPSEY AVENUE BRIDGE,Cropsey Avenue,Dead end,SB
32970,Brooklyn,2021,3,12,13,30,303,157501,POINT (988148.6889210109 151103.24158873298),CROPSEY AVENUE BRIDGE,Cropsey Avenue,Dead end,SB
32970,Brooklyn,2021,3,12,13,45,383,157501,POINT (988148.6889210109 151103.24158873298),CROPSEY AVENUE BRIDGE,Cropsey Avenue,Dead end,SB
32970,Brooklyn,2021,3,12,14,0,336,157501,POINT (988148.6889210109 151103.24158873298),CROPSEY AVENUE BRIDGE,Cropsey Avenue,Dead end,SB
32970,Brooklyn,2021,3,12,14,15,287,157501,POINT (988148.6889210109 151103.24158873298),CROPSEY AVENUE BRIDGE,Cropsey Avenue,Dead end,SB
32970,Brooklyn,2021,3,12,14,30,298,157501,POINT (988148.6889210109 151103.24158873298),CROPSEY AVENUE BRIDGE,Cropsey Avenue,Dead end,SB
32970,Brooklyn,2021,3,12,14,45,298,157501,POINT (988148.6889210109 151103.24158873298),CROPSEY AVENUE BRIDGE,Cropsey Avenue,Dead end,SB
32970,Brooklyn,2021,3,12,15,0,284,157501,POINT (988148.6889210109 151103.24158873298),CROPSEY AVENUE BRIDGE,Cropsey Avenue,Dead end,SB
32970,Brooklyn,2021,3,12,15,15,265,157501,POINT (988148.6889210109 151103.24158873298),CROPSEY AVENUE BRIDGE,Cropsey Avenue,Dead end,SB
32970,Brooklyn,2021,3,12,15,30,304,157501,POINT (988148.6889210109 151103.24158873298),CROPSEY AVENUE BRIDGE,Cropsey Avenue,Dead end,SB
32970,Brooklyn,2021,3,12,15,45,295,157501,POINT (988148.6889210109 151103.24158873298),CROPSEY AVENUE BRIDGE,Cropsey Avenue,Dead end,SB
32970,Brooklyn,2021,3,12,16,0,281,157501,POINT (988148.6889210109 151103.24158873298),CROPSEY AVENUE BRIDGE,Cropsey Avenue,Dead end,SB
32970,Brooklyn,2021,3,12,16,15,274,157501,POINT (988148.6889210109 151103.24158873298),CROPSEY AVENUE BRIDGE,Cropsey Avenue,Dead end,SB
32970,Brooklyn,2021,3,12,16,30,290,157501,POINT (988148.6889210109 151103.24158873298),CROPSEY AVENUE BRIDGE,Cropsey Avenue,Dead end,SB
32970,Brooklyn,2021,3,12,16,45,300,157501,POINT (988148.6889210109 151103.24158873298),CROPSEY AVENUE BRIDGE,Cropsey Avenue,Dead end,SB
32970,Brooklyn,2021,3,12,17,0,285,157501,POINT (988148.6889210109 151103.24158873298),CROPSEY AVENUE BRIDGE,Cropsey Avenue,Dead end,SB
32970,Brooklyn,2021,3,12,17,15,274,157501,POINT (988148.6889210109 151103.24158873298),CROPSEY AVENUE BRIDGE,Cropsey Avenue,Dead end,SB
32970,Brooklyn,2021,3,12,17,30,315,157501,POINT (988148.6889210109 151103.24158873298),CROPSEY AVENUE BRIDGE,Cropsey Avenue,Dead end,SB
32970,Brooklyn,2021,3,12,17,45,312,157501,POINT (988148.6889210109 151103.24158873298),CROPSEY AVENUE BRIDGE,Cropsey Avenue,Dead end,SB
32970,Brooklyn,2021,3,12,18,0,295,157501,POINT (988148.6889210109 151103.24158873298),CROPSEY AVENUE BRIDGE,Cropsey Avenue,Dead end,SB
32970,Brooklyn,2021,3,12,18,15,297,157501,POINT (988148.6889210109 151103.24158873298),CROPSEY AVENUE BRIDGE,Cropsey Avenue,Dead end,SB
32970,Brooklyn,2021,3,12,18,30,261,157501,POINT (988148.6889210109 151103.24158873298),CROPSEY AVENUE BRIDGE,Cropsey Avenue,Dead end,SB
32970,Brooklyn,2021,3,12,18,45,240,157501,POINT (988148.6889210109 151103.24158873298),CROPSEY AVENUE BRIDGE,Cropsey Avenue,Dead end,SB
32970,Brooklyn,2021,3,12,19,0,250,157501,POINT (988148.6889210109 151103.24158873298),CROPSEY AVENUE BRIDGE,Cropsey Avenue,Dead end,SB
32970,Brooklyn,2021,3,12,19,15,229,157501,POINT (988148.6889210109 151103.24158873298),CROPSEY AVENUE BRIDGE,Cropsey Avenue,Dead end,SB
32970,Brooklyn,2021,3,12,19,30,254,157501,POINT (988148.6889210109 151103.24158873298),CROPSEY AVENUE BRIDGE,Cropsey Avenue,Dead end,SB
32970,Brooklyn,2021,3,12,19,45,213,157501,POINT (988148.6889210109 151103.24158873298),CROPSEY AVENUE BRIDGE,Cropsey Avenue,Dead end,SB
32970,Brooklyn,2021,3,12,20,0,217,157501,POINT (988148.6889210109 151103.24158873298),CROPSEY AVENUE BRIDGE,Cropsey Avenue,Dead end,SB
32970,Brooklyn,2021,3,12,20,15,202,157501,POINT (988148.6889210109 151103.24158873298),CROPSEY AVENUE BRIDGE,Cropsey Avenue,Dead end,SB
32970,Brooklyn,2021,3,12,20,30,210,157501,POINT (988148.6889210109 151103.24158873298),CROPSEY AVENUE BRIDGE,Cropsey Avenue,Dead end,SB
32970,Brooklyn,2021,3,12,20,45,208,157501,POINT (988148.6889210109 151103.24158873298),CROPSEY AVENUE BRIDGE,Cropsey Avenue,Dead end,SB
32970,Brooklyn,2021,3,12,21,0,184,157501,POINT (988148.6889210109 151103.24158873298),CROPSEY AVENUE BRIDGE,Cropsey Avenue,Dead end,SB
32970,Brooklyn,2021,3,12,21,15,156,157501,POINT (988148.6889210109 151103.24158873298),CROPSEY AVENUE BRIDGE,Cropsey Avenue,Dead end,SB
32970,Brooklyn,2021,3,12,21,30,143,157501,POINT (988148.6889210109 151103.24158873298),CROPSEY AVENUE BRIDGE,Cropsey Avenue,Dead end,SB
32970,Brooklyn,2021,3,12,21,45,175,157501,POINT (988148.6889210109 151103.24158873298),CROPSEY AVENUE BRIDGE,Cropsey Avenue,Dead end,SB
32970,Brooklyn,2021,3,12,22,0,147,157501,POINT (988148.6889210109 151103.24158873298),CROPSEY AVENUE BRIDGE,Cropsey Avenue,Dead end,SB
32970,Brooklyn,2021,3,12,22,15,163,157501,POINT (988148.6889210109 151103.24158873298),CROPSEY AVENUE BRIDGE,Cropsey Avenue,Dead end,SB
32970,Brooklyn,2021,3,12,22,30,137,157501,POINT (988148.6889210109 151103.24158873298),CROPSEY AVENUE BRIDGE,Cropsey Avenue,Dead end,SB
32970,Brooklyn,2021,3,12,22,45,128,157501,POINT (988148.6889210109 151103.24158873298),CROPSEY AVENUE BRIDGE,Cropsey Avenue,Dead end,SB
32970,Brooklyn,2021,3,12,23,0,129,157501,POINT (988148.6889210109 151103.24158873298),CROPSEY AVENUE BRIDGE,Cropsey Avenue,Dead end,SB
32970,Brooklyn,2021,3,12,23,15,128,157501,POINT (988148.6889210109 151103.24158873298),CROPSEY AVENUE BRIDGE,Cropsey Avenue,Dead end,SB
32970,Brooklyn,2021,3,12,23,30,136,157501,POINT (988148.6889210109 151103.24158873298),CROPSEY AVENUE BRIDGE,Cropsey Avenue,Dead end,SB
32970,Brooklyn,2021,3,12,23,45,112,157501,POINT (988148.6889210109 151103.24158873298),CROPSEY AVENUE BRIDGE,Cropsey Avenue,Dead end,SB
32970,Brooklyn,2021,3,13,0,0,95,157501,POINT (988148.6889210109 151103.24158873298),CROPSEY AVENUE BRIDGE,Cropsey Avenue,Dead end,SB
32970,Brooklyn,2021,3,13,0,15,91,157501,POINT (988148.6889210109 151103.24158873298),CROPSEY AVENUE BRIDGE,Cropsey Avenue,Dead end,SB
32970,Brooklyn,2021,3,13,0,30,73,157501,POINT (988148.6889210109 151103.24158873298),CROPSEY AVENUE BRIDGE,Cropsey Avenue,Dead end,SB
32970,Brooklyn,2021,3,13,0,45,62,157501,POINT (988148.6889210109 151103.24158873298),CROPSEY AVENUE BRIDGE,Cropsey Avenue,Dead end,SB
32970,Brooklyn,2021,3,13,1,0,66,157501,POINT (988148.6889210109 151103.24158873298),CROPSEY AVENUE BRIDGE,Cropsey Avenue,Dead end,SB
32970,Brooklyn,2021,3,13,1,15,72,157501,POINT (988148.6889210109 151103.24158873298),CROPSEY AVENUE BRIDGE,Cropsey Avenue,Dead end,SB
32970,Brooklyn,2021,3,13,1,30,58,157501,POINT (988148.6889210109 151103.24158873298),CROPSEY AVENUE BRIDGE,Cropsey Avenue,Dead end,SB
32970,Brooklyn,2021,3,13,1,45,60,157501,POINT (988148.6889210109 151103.24158873298),CROPSEY AVENUE BRIDGE,Cropsey Avenue,Dead end,SB
32970,Brooklyn,2021,3,13,2,0,49,157501,POINT (988148.6889210109 151103.24158873298),CROPSEY AVENUE BRIDGE,Cropsey Avenue,Dead end,SB
32970,Brooklyn,2021,3,13,2,15,45,157501,POINT (988148.6889210109 151103.24158873298),CROPSEY AVENUE BRIDGE,Cropsey Avenue,Dead end,SB
32970,Brooklyn,2021,3,13,2,30,27,157501,POINT (988148.6889210109 151103.24158873298),CROPSEY AVENUE BRIDGE,Cropsey Avenue,Dead end,SB
32970,Brooklyn,2021,3,13,2,45,28,157501,POINT (988148.6889210109 151103.24158873298),CROPSEY AVENUE BRIDGE,Cropsey Avenue,Dead end,SB
32970,Brooklyn,2021,3,13,3,0,29,157501,POINT (988148.6889210109 151103.24158873298),CROPSEY AVENUE BRIDGE,Cropsey Avenue,Dead end,SB
32970,Brooklyn,2021,3,13,3,15,37,157501,POINT (988148.6889210109 151103.24158873298),CROPSEY AVENUE BRIDGE,Cropsey Avenue,Dead end,SB
32970,Brooklyn,2021,3,13,3,30,33,157501,POINT (988148.6889210109 151103.24158873298),CROPSEY AVENUE BRIDGE,Cropsey Avenue,Dead end,SB
32970,Brooklyn,2021,3,13,3,45,42,157501,POINT (988148.6889210109 151103.24158873298),CROPSEY AVENUE BRIDGE,Cropsey Avenue,Dead end,SB
32970,Brooklyn,2021,3,13,4,0,32,157501,POINT (988148.6889210109 151103.24158873298),CROPSEY AVENUE BRIDGE,Cropsey Avenue,Dead end,SB
32970,Brooklyn,2021,3,13,4,15,16,157501,POINT (988148.6889210109 151103.24158873298),CROPSEY AVENUE BRIDGE,Cropsey Avenue,Dead end,SB
32970,Brooklyn,2021,3,13,4,30,37,157501,POINT (988148.6889210109 151103.24158873298),CROPSEY AVENUE BRIDGE,Cropsey Avenue,Dead end,SB
32970,Brooklyn,2021,3,13,4,45,35,157501,POINT (988148.6889210109 151103.24158873298),CROPSEY AVENUE BRIDGE,Cropsey Avenue,Dead end,SB
32970,Brooklyn,2021,3,13,5,0,43,157501,POINT (988148.6889210109 151103.24158873298),CROPSEY AVENUE BRIDGE,Cropsey Avenue,Dead end,SB
32970,Brooklyn,2021,3,13,5,15,36,157501,POINT (988148.6889210109 151103.24158873298),CROPSEY AVENUE BRIDGE,Cropsey Avenue,Dead end,SB
32970,Brooklyn,2021,3,13,5,30,41,157501,POINT (988148.6889210109 151103.24158873298),CROPSEY AVENUE BRIDGE,Cropsey Avenue,Dead end,SB
32970,Brooklyn,2021,3,13,5,45,58,157501,POINT (988148.6889210109 151103.24158873298),CROPSEY AVENUE BRIDGE,Cropsey Avenue,Dead end,SB
32970,Brooklyn,2021,3,13,6,0,54,157501,POINT (988148.6889210109 151103.24158873298),CROPSEY AVENUE BRIDGE,Cropsey Avenue,Dead end,SB
32970,Brooklyn,2021,3,13,6,15,59,157501,POINT (988148.6889210109 151103.24158873298),CROPSEY AVENUE BRIDGE,Cropsey Avenue,Dead end,SB
32970,Brooklyn,2021,3,13,6,30,93,157501,POINT (988148.6889210109 151103.24158873298),CROPSEY AVENUE BRIDGE,Cropsey Avenue,Dead end,SB
32970,Brooklyn,2021,3,13,6,45,137,157501,POINT (988148.6889210109 151103.24158873298),CROPSEY AVENUE BRIDGE,Cropsey Avenue,Dead end,SB
32970,Brooklyn,2021,3,13,7,0,109,157501,POINT (988148.6889210109 151103.24158873298),CROPSEY AVENUE BRIDGE,Cropsey Avenue,Dead end,SB
32970,Brooklyn,2021,3,13,7,15,120,157501,POINT (988148.6889210109 151103.24158873298),CROPSEY AVENUE BRIDGE,Cropsey Avenue,Dead end,SB
32970,Brooklyn,2021,3,13,7,30,151,157501,POINT (988148.6889210109 151103.24158873298),CROPSEY AVENUE BRIDGE,Cropsey Avenue,Dead end,SB
32970,Brooklyn,2021,3,13,7,45,182,157501,POINT (988148.6889210109 151103.24158873298),CROPSEY AVENUE BRIDGE,Cropsey Avenue,Dead end,SB
32970,Brooklyn,2021,3,13,8,0,151,157501,POINT (988148.6889210109 151103.24158873298),CROPSEY AVENUE BRIDGE,Cropsey Avenue,Dead end,SB
32970,Brooklyn,2021,3,13,8,15,150,157501,POINT (988148.6889210109 151103.24158873298),CROPSEY AVENUE BRIDGE,Cropsey Avenue,Dead end,SB
32970,Brooklyn,2021,3,13,8,30,193,157501,POINT (988148.6889210109 151103.24158873298),CROPSEY AVENUE BRIDGE,Cropsey Avenue,Dead end,SB
32970,Brooklyn,2021,3,13,8,45,184,157501,POINT (988148.6889210109 151103.24158873298),CROPSEY AVENUE BRIDGE,Cropsey Avenue,Dead end,SB
32970,Brooklyn,2021,3,13,9,0,190,157501,POINT (988148.6889210109 151103.24158873298),CROPSEY AVENUE BRIDGE,Cropsey Avenue,Dead end,SB
32970,Brooklyn,2021,3,13,9,15,200,157501,POINT (988148.6889210109 151103.24158873298),CROPSEY AVENUE BRIDGE,Cropsey Avenue,Dead end,SB
32970,Brooklyn,2021,3,13,9,30,188,157501,POINT (988148.6889210109 151103.24158873298),CROPSEY AVENUE BRIDGE,Cropsey Avenue,Dead end,SB
32970,Brooklyn,2021,3,13,9,45,201,157501,POINT (988148.6889210109 151103.24158873298),CROPSEY AVENUE BRIDGE,Cropsey Avenue,Dead end,SB
32970,Brooklyn,2021,3,13,10,0,212,157501,POINT (988148.6889210109 151103.24158873298),CROPSEY AVENUE BRIDGE,Cropsey Avenue,Dead end,SB
32970,Brooklyn,2021,3,13,10,15,187,157501,POINT (988148.6889210109 151103.24158873298),CROPSEY AVENUE BRIDGE,Cropsey Avenue,Dead end,SB
32970,Brooklyn,2021,3,13,10,30,205,157501,POINT (988148.6889210109 151103.24158873298),CROPSEY AVENUE BRIDGE,Cropsey Avenue,Dead end,SB
32970,Brooklyn,2021,3,13,10,45,243,157501,POINT (988148.6889210109 151103.24158873298),CROPSEY AVENUE BRIDGE,Cropsey Avenue,Dead end,SB
32970,Brooklyn,2021,3,13,11,0,243,157501,POINT (988148.6889210109 151103.24158873298),CROPSEY AVENUE BRIDGE,Cropsey Avenue,Dead end,SB
32970,Brooklyn,2021,3,13,11,15,237,157501,POINT (988148.6889210109 151103.24158873298),CROPSEY AVENUE BRIDGE,Cropsey Avenue,Dead end,SB
32970,Brooklyn,2021,3,13,11,30,238,157501,POINT (988148.6889210109 151103.24158873298),CROPSEY AVENUE BRIDGE,Cropsey Avenue,Dead end,SB
32970,Brooklyn,2021,3,13,11,45,231,157501,POINT (988148.6889210109 151103.24158873298),CROPSEY AVENUE BRIDGE,Cropsey Avenue,Dead end,SB
32970,Brooklyn,2021,3,13,12,0,254,157501,POINT (988148.6889210109 151103.24158873298),CROPSEY AVENUE BRIDGE,Cropsey Avenue,Dead end,SB
32970,Brooklyn,2021,3,13,12,15,247,157501,POINT (988148.6889210109 151103.24158873298),CROPSEY AVENUE BRIDGE,Cropsey Avenue,Dead end,SB
32970,Brooklyn,2021,3,13,12,30,264,157501,POINT (988148.6889210109 151103.24158873298),CROPSEY AVENUE BRIDGE,Cropsey Avenue,Dead end,SB
32970,Brooklyn,2021,3,13,12,45,261,157501,POINT (988148.6889210109 151103.24158873298),CROPSEY AVENUE BRIDGE,Cropsey Avenue,Dead end,SB
32970,Brooklyn,2021,3,13,13,0,245,157501,POINT (988148.6889210109 151103.24158873298),CROPSEY AVENUE BRIDGE,Cropsey Avenue,Dead end,SB
32970,Brooklyn,2021,3,13,13,15,239,157501,POINT (988148.6889210109 151103.24158873298),CROPSEY AVENUE BRIDGE,Cropsey Avenue,Dead end,SB
32970,Brooklyn,2021,3,13,13,30,265,157501,POINT (988148.6889210109 151103.24158873298),CROPSEY AVENUE BRIDGE,Cropsey Avenue,Dead end,SB
32970,Brooklyn,2021,3,13,13,45,241,157501,POINT (988148.6889210109 151103.24158873298),CROPSEY AVENUE BRIDGE,Cropsey Avenue,Dead end,SB
32970,Brooklyn,2021,3,13,14,0,272,157501,POINT (988148.6889210109 151103.24158873298),CROPSEY AVENUE BRIDGE,Cropsey Avenue,Dead end,SB
32970,Brooklyn,2021,3,13,14,15,255,157501,POINT (988148.6889210109 151103.24158873298),CROPSEY AVENUE BRIDGE,Cropsey Avenue,Dead end,SB
32970,Brooklyn,2021,3,13,14,30,247,157501,POINT (988148.6889210109 151103.24158873298),CROPSEY AVENUE BRIDGE,Cropsey Avenue,Dead end,SB
32970,Brooklyn,2021,3,13,14,45,302,157501,POINT (988148.6889210109 151103.24158873298),CROPSEY AVENUE BRIDGE,Cropsey Avenue,Dead end,SB
32970,Brooklyn,2021,3,13,15,0,316,157501,POINT (988148.6889210109 151103.24158873298),CROPSEY AVENUE BRIDGE,Cropsey Avenue,Dead end,SB
32970,Brooklyn,2021,3,13,15,15,274,157501,POINT (988148.6889210109 151103.24158873298),CROPSEY AVENUE BRIDGE,Cropsey Avenue,Dead end,SB
32970,Brooklyn,2021,3,13,15,30,252,157501,POINT (988148.6889210109 151103.24158873298),CROPSEY AVENUE BRIDGE,Cropsey Avenue,Dead end,SB
32970,Brooklyn,2021,3,13,15,45,259,157501,POINT (988148.6889210109 151103.24158873298),CROPSEY AVENUE BRIDGE,Cropsey Avenue,Dead end,SB
32970,Brooklyn,2021,3,13,16,0,249,157501,POINT (988148.6889210109 151103.24158873298),CROPSEY AVENUE BRIDGE,Cropsey Avenue,Dead end,SB
32970,Brooklyn,2021,3,13,16,15,257,157501,POINT (988148.6889210109 151103.24158873298),CROPSEY AVENUE BRIDGE,Cropsey Avenue,Dead end,SB
32970,Brooklyn,2021,3,13,16,30,264,157501,POINT (988148.6889210109 151103.24158873298),CROPSEY AVENUE BRIDGE,Cropsey Avenue,Dead end,SB
32970,Brooklyn,2021,3,13,16,45,261,157501,POINT (988148.6889210109 151103.24158873298),CROPSEY AVENUE BRIDGE,Cropsey Avenue,Dead end,SB
32970,Brooklyn,2021,3,13,17,0,249,157501,POINT (988148.6889210109 151103.24158873298),CROPSEY AVENUE BRIDGE,Cropsey Avenue,Dead end,SB
32970,Brooklyn,2021,3,13,17,15,246,157501,POINT (988148.6889210109 151103.24158873298),CROPSEY AVENUE BRIDGE,Cropsey Avenue,Dead end,SB
32970,Brooklyn,2021,3,13,17,30,227,157501,POINT (988148.6889210109 151103.24158873298),CROPSEY AVENUE BRIDGE,Cropsey Avenue,Dead end,SB
32970,Brooklyn,2021,3,13,17,45,234,157501,POINT (988148.6889210109 151103.24158873298),CROPSEY AVENUE BRIDGE,Cropsey Avenue,Dead end,SB
32970,Brooklyn,2021,3,13,18,0,226,157501,POINT (988148.6889210109 151103.24158873298),CROPSEY AVENUE BRIDGE,Cropsey Avenue,Dead end,SB
32970,Brooklyn,2021,3,13,18,15,236,157501,POINT (988148.6889210109 151103.24158873298),CROPSEY AVENUE BRIDGE,Cropsey Avenue,Dead end,SB
32970,Brooklyn,2021,3,13,18,30,219,157501,POINT (988148.6889210109 151103.24158873298),CROPSEY AVENUE BRIDGE,Cropsey Avenue,Dead end,SB
32970,Brooklyn,2021,3,13,18,45,252,157501,POINT (988148.6889210109 151103.24158873298),CROPSEY AVENUE BRIDGE,Cropsey Avenue,Dead end,SB
32970,Brooklyn,2021,3,13,19,0,205,157501,POINT (988148.6889210109 151103.24158873298),CROPSEY AVENUE BRIDGE,Cropsey Avenue,Dead end,SB
32970,Brooklyn,2021,3,13,19,15,216,157501,POINT (988148.6889210109 151103.24158873298),CROPSEY AVENUE BRIDGE,Cropsey Avenue,Dead end,SB
32970,Brooklyn,2021,3,13,19,30,245,157501,POINT (988148.6889210109 151103.24158873298),CROPSEY AVENUE BRIDGE,Cropsey Avenue,Dead end,SB
32970,Brooklyn,2021,3,13,19,45,207,157501,POINT (988148.6889210109 151103.24158873298),CROPSEY AVENUE BRIDGE,Cropsey Avenue,Dead end,SB
32970,Brooklyn,2021,3,13,20,0,194,157501,POINT (988148.6889210109 151103.24158873298),CROPSEY AVENUE BRIDGE,Cropsey Avenue,Dead end,SB
32970,Brooklyn,2021,3,13,20,15,209,157501,POINT (988148.6889210109 151103.24158873298),CROPSEY AVENUE BRIDGE,Cropsey Avenue,Dead end,SB
32970,Brooklyn,2021,3,13,20,30,217,157501,POINT (988148.6889210109 151103.24158873298),CROPSEY AVENUE BRIDGE,Cropsey Avenue,Dead end,SB
32970,Brooklyn,2021,3,13,20,45,184,157501,POINT (988148.6889210109 151103.24158873298),CROPSEY AVENUE BRIDGE,Cropsey Avenue,Dead end,SB
32970,Brooklyn,2021,3,13,21,0,184,157501,POINT (988148.6889210109 151103.24158873298),CROPSEY AVENUE BRIDGE,Cropsey Avenue,Dead end,SB
32970,Brooklyn,2021,3,13,21,15,173,157501,POINT (988148.6889210109 151103.24158873298),CROPSEY AVENUE BRIDGE,Cropsey Avenue,Dead end,SB
32970,Brooklyn,2021,3,13,21,30,145,157501,POINT (988148.6889210109 151103.24158873298),CROPSEY AVENUE BRIDGE,Cropsey Avenue,Dead end,SB
32970,Brooklyn,2021,3,13,21,45,154,157501,POINT (988148.6889210109 151103.24158873298),CROPSEY AVENUE BRIDGE,Cropsey Avenue,Dead end,SB
32970,Brooklyn,2021,3,13,22,0,133,157501,POINT (988148.6889210109 151103.24158873298),CROPSEY AVENUE BRIDGE,Cropsey Avenue,Dead end,SB
32970,Brooklyn,2021,3,13,22,15,144,157501,POINT (988148.6889210109 151103.24158873298),CROPSEY AVENUE BRIDGE,Cropsey Avenue,Dead end,SB
32970,Brooklyn,2021,3,13,22,30,147,157501,POINT (988148.6889210109 151103.24158873298),CROPSEY AVENUE BRIDGE,Cropsey Avenue,Dead end,SB
32970,Brooklyn,2021,3,13,22,45,158,157501,POINT (988148.6889210109 151103.24158873298),CROPSEY AVENUE BRIDGE,Cropsey Avenue,Dead end,SB
32970,Brooklyn,2021,3,13,23,0,120,157501,POINT (988148.6889210109 151103.24158873298),CROPSEY AVENUE BRIDGE,Cropsey Avenue,Dead end,SB
32970,Brooklyn,2021,3,13,23,15,108,157501,POINT (988148.6889210109 151103.24158873298),CROPSEY AVENUE BRIDGE,Cropsey Avenue,Dead end,SB
32970,Brooklyn,2021,3,13,23,30,124,157501,POINT (988148.6889210109 151103.24158873298),CROPSEY AVENUE BRIDGE,Cropsey Avenue,Dead end,SB
32970,Brooklyn,2021,3,13,23,45,103,157501,POINT (988148.6889210109 151103.24158873298),CROPSEY AVENUE BRIDGE,Cropsey Avenue,Dead end,SB
32970,Brooklyn,2021,3,14,0,0,107,157501,POINT (988148.6889210109 151103.24158873298),CROPSEY AVENUE BRIDGE,Cropsey Avenue,Dead end,SB
32970,Brooklyn,2021,3,14,0,15,97,157501,POINT (988148.6889210109 151103.24158873298),CROPSEY AVENUE BRIDGE,Cropsey Avenue,Dead end,SB
32970,Brooklyn,2021,3,14,0,30,85,157501,POINT (988148.6889210109 151103.24158873298),CROPSEY AVENUE BRIDGE,Cropsey Avenue,Dead end,SB
32970,Brooklyn,2021,3,14,0,45,72,157501,POINT (988148.6889210109 151103.24158873298),CROPSEY AVENUE BRIDGE,Cropsey Avenue,Dead end,SB
32970,Brooklyn,2021,3,14,1,0,58,157501,POINT (988148.6889210109 151103.24158873298),CROPSEY AVENUE BRIDGE,Cropsey Avenue,Dead end,SB
32970,Brooklyn,2021,3,14,1,15,58,157501,POINT (988148.6889210109 151103.24158873298),CROPSEY AVENUE BRIDGE,Cropsey Avenue,Dead end,SB
32970,Brooklyn,2021,3,14,1,30,42,157501,POINT (988148.6889210109 151103.24158873298),CROPSEY AVENUE BRIDGE,Cropsey Avenue,Dead end,SB
32970,Brooklyn,2021,3,14,1,45,49,157501,POINT (988148.6889210109 151103.24158873298),CROPSEY AVENUE BRIDGE,Cropsey Avenue,Dead end,SB
32970,Brooklyn,2021,3,14,2,0,43,157501,POINT (988148.6889210109 151103.24158873298),CROPSEY AVENUE BRIDGE,Cropsey Avenue,Dead end,SB
32970,Brooklyn,2021,3,14,2,15,44,157501,POINT (988148.6889210109 151103.24158873298),CROPSEY AVENUE BRIDGE,Cropsey Avenue,Dead end,SB
32970,Brooklyn,2021,3,14,2,30,36,157501,POINT (988148.6889210109 151103.24158873298),CROPSEY AVENUE BRIDGE,Cropsey Avenue,Dead end,SB
32970,Brooklyn,2021,3,14,2,45,48,157501,POINT (988148.6889210109 151103.24158873298),CROPSEY AVENUE BRIDGE,Cropsey Avenue,Dead end,SB
32970,Brooklyn,2021,3,14,3,0,32,157501,POINT (988148.6889210109 151103.24158873298),CROPSEY AVENUE BRIDGE,Cropsey Avenue,Dead end,SB
32970,Brooklyn,2021,3,14,3,15,35,157501,POINT (988148.6889210109 151103.24158873298),CROPSEY AVENUE BRIDGE,Cropsey Avenue,Dead end,SB
32970,Brooklyn,2021,3,14,3,30,24,157501,POINT (988148.6889210109 151103.24158873298),CROPSEY AVENUE BRIDGE,Cropsey Avenue,Dead end,SB
32970,Brooklyn,2021,3,14,3,45,29,157501,POINT (988148.6889210109 151103.24158873298),CROPSEY AVENUE BRIDGE,Cropsey Avenue,Dead end,SB
32970,Brooklyn,2021,3,14,4,0,36,157501,POINT (988148.6889210109 151103.24158873298),CROPSEY AVENUE BRIDGE,Cropsey Avenue,Dead end,SB
32970,Brooklyn,2021,3,14,4,15,32,157501,POINT (988148.6889210109 151103.24158873298),CROPSEY AVENUE BRIDGE,Cropsey Avenue,Dead end,SB
32970,Brooklyn,2021,3,14,4,30,43,157501,POINT (988148.6889210109 151103.24158873298),CROPSEY AVENUE BRIDGE,Cropsey Avenue,Dead end,SB
32970,Brooklyn,2021,3,14,4,45,40,157501,POINT (988148.6889210109 151103.24158873298),CROPSEY AVENUE BRIDGE,Cropsey Avenue,Dead end,SB
32970,Brooklyn,2021,3,14,5,0,43,157501,POINT (988148.6889210109 151103.24158873298),CROPSEY AVENUE BRIDGE,Cropsey Avenue,Dead end,SB
32970,Brooklyn,2021,3,14,5,15,53,157501,POINT (988148.6889210109 151103.24158873298),CROPSEY AVENUE BRIDGE,Cropsey Avenue,Dead end,SB
32970,Brooklyn,2021,3,14,5,30,72,157501,POINT (988148.6889210109 151103.24158873298),CROPSEY AVENUE BRIDGE,Cropsey Avenue,Dead end,SB
32970,Brooklyn,2021,3,14,5,45,81,157501,POINT (988148.6889210109 151103.24158873298),CROPSEY AVENUE BRIDGE,Cropsey Avenue,Dead end,SB
32970,Brooklyn,2021,3,14,6,0,86,157501,POINT (988148.6889210109 151103.24158873298),CROPSEY AVENUE BRIDGE,Cropsey Avenue,Dead end,SB
32970,Brooklyn,2021,3,14,6,15,73,157501,POINT (988148.6889210109 151103.24158873298),CROPSEY AVENUE BRIDGE,Cropsey Avenue,Dead end,SB
32970,Brooklyn,2021,3,14,6,30,100,157501,POINT (988148.6889210109 151103.24158873298),CROPSEY AVENUE BRIDGE,Cropsey Avenue,Dead end,SB
32970,Brooklyn,2021,3,14,6,45,95,157501,POINT (988148.6889210109 151103.24158873298),CROPSEY AVENUE BRIDGE,Cropsey Avenue,Dead end,SB
32970,Brooklyn,2021,3,14,7,0,86,157501,POINT (988148.6889210109 151103.24158873298),CROPSEY AVENUE BRIDGE,Cropsey Avenue,Dead end,SB
32970,Brooklyn,2021,3,14,7,15,91,157501,POINT (988148.6889210109 151103.24158873298),CROPSEY AVENUE BRIDGE,Cropsey Avenue,Dead end,SB
32970,Brooklyn,2021,3,14,7,30,111,157501,POINT (988148.6889210109 151103.24158873298),CROPSEY AVENUE BRIDGE,Cropsey Avenue,Dead end,SB
32970,Brooklyn,2021,3,14,7,45,116,157501,POINT (988148.6889210109 151103.24158873298),CROPSEY AVENUE BRIDGE,Cropsey Avenue,Dead end,SB
32970,Brooklyn,2021,3,14,8,0,120,157501,POINT (988148.6889210109 151103.24158873298),CROPSEY AVENUE BRIDGE,Cropsey Avenue,Dead end,SB
32970,Brooklyn,2021,3,14,8,15,101,157501,POINT (988148.6889210109 151103.24158873298),CROPSEY AVENUE BRIDGE,Cropsey Avenue,Dead end,SB
32970,Brooklyn,2021,3,14,8,30,120,157501,POINT (988148.6889210109 151103.24158873298),CROPSEY AVENUE BRIDGE,Cropsey Avenue,Dead end,SB
32970,Brooklyn,2021,3,14,8,45,135,157501,POINT (988148.6889210109 151103.24158873298),CROPSEY AVENUE BRIDGE,Cropsey Avenue,Dead end,SB
32970,Brooklyn,2021,3,14,9,0,155,157501,POINT (988148.6889210109 151103.24158873298),CROPSEY AVENUE BRIDGE,Cropsey Avenue,Dead end,SB
32970,Brooklyn,2021,3,14,9,15,165,157501,POINT (988148.6889210109 151103.24158873298),CROPSEY AVENUE BRIDGE,Cropsey Avenue,Dead end,SB
32970,Brooklyn,2021,3,14,9,30,149,157501,POINT (988148.6889210109 151103.24158873298),CROPSEY AVENUE BRIDGE,Cropsey Avenue,Dead end,SB
32970,Brooklyn,2021,3,14,9,45,175,157501,POINT (988148.6889210109 151103.24158873298),CROPSEY AVENUE BRIDGE,Cropsey Avenue,Dead end,SB
32970,Brooklyn,2021,3,14,10,0,197,157501,POINT (988148.6889210109 151103.24158873298),CROPSEY AVENUE BRIDGE,Cropsey Avenue,Dead end,SB
32970,Brooklyn,2021,3,14,10,15,176,157501,POINT (988148.6889210109 151103.24158873298),CROPSEY AVENUE BRIDGE,Cropsey Avenue,Dead end,SB
32970,Brooklyn,2021,3,14,10,30,195,157501,POINT (988148.6889210109 151103.24158873298),CROPSEY AVENUE BRIDGE,Cropsey Avenue,Dead end,SB
32970,Brooklyn,2021,3,14,10,45,225,157501,POINT (988148.6889210109 151103.24158873298),CROPSEY AVENUE BRIDGE,Cropsey Avenue,Dead end,SB
32970,Brooklyn,2021,3,14,11,0,224,157501,POINT (988148.6889210109 151103.24158873298),CROPSEY AVENUE BRIDGE,Cropsey Avenue,Dead end,SB
32970,Brooklyn,2021,3,14,11,15,224,157501,POINT (988148.6889210109 151103.24158873298),CROPSEY AVENUE BRIDGE,Cropsey Avenue,Dead end,SB
32970,Brooklyn,2021,3,14,11,30,225,157501,POINT (988148.6889210109 151103.24158873298),CROPSEY AVENUE BRIDGE,Cropsey Avenue,Dead end,SB
32970,Brooklyn,2021,3,14,11,45,237,157501,POINT (988148.6889210109 151103.24158873298),CROPSEY AVENUE BRIDGE,Cropsey Avenue,Dead end,SB
32970,Brooklyn,2021,3,14,12,0,244,157501,POINT (988148.6889210109 151103.24158873298),CROPSEY AVENUE BRIDGE,Cropsey Avenue,Dead end,SB
32970,Brooklyn,2021,3,14,12,15,235,157501,POINT (988148.6889210109 151103.24158873298),CROPSEY AVENUE BRIDGE,Cropsey Avenue,Dead end,SB
32970,Brooklyn,2021,3,14,12,30,247,157501,POINT (988148.6889210109 151103.24158873298),CROPSEY AVENUE BRIDGE,Cropsey Avenue,Dead end,SB
32970,Brooklyn,2021,3,14,12,45,262,157501,POINT (988148.6889210109 151103.24158873298),CROPSEY AVENUE BRIDGE,Cropsey Avenue,Dead end,SB
32970,Brooklyn,2021,3,14,13,0,246,157501,POINT (988148.6889210109 151103.24158873298),CROPSEY AVENUE BRIDGE,Cropsey Avenue,Dead end,SB
32970,Brooklyn,2021,3,14,13,15,261,157501,POINT (988148.6889210109 151103.24158873298),CROPSEY AVENUE BRIDGE,Cropsey Avenue,Dead end,SB
32970,Brooklyn,2021,3,14,13,30,265,157501,POINT (988148.6889210109 151103.24158873298),CROPSEY AVENUE BRIDGE,Cropsey Avenue,Dead end,SB
32970,Brooklyn,2021,3,14,13,45,271,157501,POINT (988148.6889210109 151103.24158873298),CROPSEY AVENUE BRIDGE,Cropsey Avenue,Dead end,SB
32970,Brooklyn,2021,3,14,14,0,272,157501,POINT (988148.6889210109 151103.24158873298),CROPSEY AVENUE BRIDGE,Cropsey Avenue,Dead end,SB
32970,Brooklyn,2021,3,14,14,15,285,157501,POINT (988148.6889210109 151103.24158873298),CROPSEY AVENUE BRIDGE,Cropsey Avenue,Dead end,SB
32970,Brooklyn,2021,3,14,14,30,287,157501,POINT (988148.6889210109 151103.24158873298),CROPSEY AVENUE BRIDGE,Cropsey Avenue,Dead end,SB
32970,Brooklyn,2021,3,14,14,45,272,157501,POINT (988148.6889210109 151103.24158873298),CROPSEY AVENUE BRIDGE,Cropsey Avenue,Dead end,SB
32970,Brooklyn,2021,3,14,15,0,265,157501,POINT (988148.6889210109 151103.24158873298),CROPSEY AVENUE BRIDGE,Cropsey Avenue,Dead end,SB
32970,Brooklyn,2021,3,14,15,15,221,157501,POINT (988148.6889210109 151103.24158873298),CROPSEY AVENUE BRIDGE,Cropsey Avenue,Dead end,SB
32970,Brooklyn,2021,3,14,15,30,211,157501,POINT (988148.6889210109 151103.24158873298),CROPSEY AVENUE BRIDGE,Cropsey Avenue,Dead end,SB
32970,Brooklyn,2021,3,14,15,45,193,157501,POINT (988148.6889210109 151103.24158873298),CROPSEY AVENUE BRIDGE,Cropsey Avenue,Dead end,SB
32970,Brooklyn,2021,3,14,16,0,210,157501,POINT (988148.6889210109 151103.24158873298),CROPSEY AVENUE BRIDGE,Cropsey Avenue,Dead end,SB
32970,Brooklyn,2021,3,14,16,15,188,157501,POINT (988148.6889210109 151103.24158873298),CROPSEY AVENUE BRIDGE,Cropsey Avenue,Dead end,SB
32970,Brooklyn,2021,3,14,16,30,186,157501,POINT (988148.6889210109 151103.24158873298),CROPSEY AVENUE BRIDGE,Cropsey Avenue,Dead end,SB
32970,Brooklyn,2021,3,14,16,45,194,157501,POINT (988148.6889210109 151103.24158873298),CROPSEY AVENUE BRIDGE,Cropsey Avenue,Dead end,SB
32970,Brooklyn,2021,3,14,17,0,211,157501,POINT (988148.6889210109 151103.24158873298),CROPSEY AVENUE BRIDGE,Cropsey Avenue,Dead end,SB
32970,Brooklyn,2021,3,14,17,15,197,157501,POINT (988148.6889210109 151103.24158873298),CROPSEY AVENUE BRIDGE,Cropsey Avenue,Dead end,SB
32970,Brooklyn,2021,3,14,17,30,228,157501,POINT (988148.6889210109 151103.24158873298),CROPSEY AVENUE BRIDGE,Cropsey Avenue,Dead end,SB
32970,Brooklyn,2021,3,14,17,45,206,157501,POINT (988148.6889210109 151103.24158873298),CROPSEY AVENUE BRIDGE,Cropsey Avenue,Dead end,SB
32970,Brooklyn,2021,3,14,18,0,220,157501,POINT (988148.6889210109 151103.24158873298),CROPSEY AVENUE BRIDGE,Cropsey Avenue,Dead end,SB
32970,Brooklyn,2021,3,14,18,15,194,157501,POINT (988148.6889210109 151103.24158873298),CROPSEY AVENUE BRIDGE,Cropsey Avenue,Dead end,SB
32970,Brooklyn,2021,3,14,18,30,200,157501,POINT (988148.6889210109 151103.24158873298),CROPSEY AVENUE BRIDGE,Cropsey Avenue,Dead end,SB
32970,Brooklyn,2021,3,14,18,45,221,157501,POINT (988148.6889210109 151103.24158873298),CROPSEY AVENUE BRIDGE,Cropsey Avenue,Dead end,SB
32970,Brooklyn,2021,3,14,19,0,209,157501,POINT (988148.6889210109 151103.24158873298),CROPSEY AVENUE BRIDGE,Cropsey Avenue,Dead end,SB
32970,Brooklyn,2021,3,14,19,15,173,157501,POINT (988148.6889210109 151103.24158873298),CROPSEY AVENUE BRIDGE,Cropsey Avenue,Dead end,SB
32970,Brooklyn,2021,3,14,19,30,162,157501,POINT (988148.6889210109 151103.24158873298),CROPSEY AVENUE BRIDGE,Cropsey Avenue,Dead end,SB
32970,Brooklyn,2021,3,14,19,45,161,157501,POINT (988148.6889210109 151103.24158873298),CROPSEY AVENUE BRIDGE,Cropsey Avenue,Dead end,SB
32970,Brooklyn,2021,3,14,20,0,159,157501,POINT (988148.6889210109 151103.24158873298),CROPSEY AVENUE BRIDGE,Cropsey Avenue,Dead end,SB
32970,Brooklyn,2021,3,14,20,15,168,157501,POINT (988148.6889210109 151103.24158873298),CROPSEY AVENUE BRIDGE,Cropsey Avenue,Dead end,SB
32970,Brooklyn,2021,3,14,20,30,164,157501,POINT (988148.6889210109 151103.24158873298),CROPSEY AVENUE BRIDGE,Cropsey Avenue,Dead end,SB
32970,Brooklyn,2021,3,14,20,45,126,157501,POINT (988148.6889210109 151103.24158873298),CROPSEY AVENUE BRIDGE,Cropsey Avenue,Dead end,SB
32970,Brooklyn,2021,3,14,21,0,151,157501,POINT (988148.6889210109 151103.24158873298),CROPSEY AVENUE BRIDGE,Cropsey Avenue,Dead end,SB
32970,Brooklyn,2021,3,14,21,15,143,157501,POINT (988148.6889210109 151103.24158873298),CROPSEY AVENUE BRIDGE,Cropsey Avenue,Dead end,SB
32970,Brooklyn,2021,3,14,21,30,116,157501,POINT (988148.6889210109 151103.24158873298),CROPSEY AVENUE BRIDGE,Cropsey Avenue,Dead end,SB
32970,Brooklyn,2021,3,14,21,45,138,157501,POINT (988148.6889210109 151103.24158873298),CROPSEY AVENUE BRIDGE,Cropsey Avenue,Dead end,SB
32970,Brooklyn,2021,3,14,22,0,112,157501,POINT (988148.6889210109 151103.24158873298),CROPSEY AVENUE BRIDGE,Cropsey Avenue,Dead end,SB
32970,Brooklyn,2021,3,14,22,15,104,157501,POINT (988148.6889210109 151103.24158873298),CROPSEY AVENUE BRIDGE,Cropsey Avenue,Dead end,SB
32970,Brooklyn,2021,3,14,22,30,107,157501,POINT (988148.6889210109 151103.24158873298),CROPSEY AVENUE BRIDGE,Cropsey Avenue,Dead end,SB
32970,Brooklyn,2021,3,14,22,45,97,157501,POINT (988148.6889210109 151103.24158873298),CROPSEY AVENUE BRIDGE,Cropsey Avenue,Dead end,SB
32970,Brooklyn,2021,3,14,23,0,71,157501,POINT (988148.6889210109 151103.24158873298),CROPSEY AVENUE BRIDGE,Cropsey Avenue,Dead end,SB
32970,Brooklyn,2021,3,14,23,15,72,157501,POINT (988148.6889210109 151103.24158873298),CROPSEY AVENUE BRIDGE,Cropsey Avenue,Dead end,SB
32970,Brooklyn,2021,3,14,23,30,58,157501,POINT (988148.6889210109 151103.24158873298),CROPSEY AVENUE BRIDGE,Cropsey Avenue,Dead end,SB
32970,Brooklyn,2021,3,14,23,45,47,157501,POINT (988148.6889210109 151103.24158873298),CROPSEY AVENUE BRIDGE,Cropsey Avenue,Dead end,SB
32970,Brooklyn,2021,3,15,0,0,42,157501,POINT (988148.6889210109 151103.24158873298),CROPSEY AVENUE BRIDGE,Cropsey Avenue,Dead end,SB
32970,Brooklyn,2021,3,15,0,15,35,157501,POINT (988148.6889210109 151103.24158873298),CROPSEY AVENUE BRIDGE,Cropsey Avenue,Dead end,SB
32970,Brooklyn,2021,3,15,0,30,48,157501,POINT (988148.6889210109 151103.24158873298),CROPSEY AVENUE BRIDGE,Cropsey Avenue,Dead end,SB
32970,Brooklyn,2021,3,15,0,45,20,157501,POINT (988148.6889210109 151103.24158873298),CROPSEY AVENUE BRIDGE,Cropsey Avenue,Dead end,SB
32970,Brooklyn,2021,3,15,1,0,27,157501,POINT (988148.6889210109 151103.24158873298),CROPSEY AVENUE BRIDGE,Cropsey Avenue,Dead end,SB
32970,Brooklyn,2021,3,15,1,15,28,157501,POINT (988148.6889210109 151103.24158873298),CROPSEY AVENUE BRIDGE,Cropsey Avenue,Dead end,SB
32970,Brooklyn,2021,3,15,1,30,18,157501,POINT (988148.6889210109 151103.24158873298),CROPSEY AVENUE BRIDGE,Cropsey Avenue,Dead end,SB
32970,Brooklyn,2021,3,15,1,45,26,157501,POINT (988148.6889210109 151103.24158873298),CROPSEY AVENUE BRIDGE,Cropsey Avenue,Dead end,SB
32970,Brooklyn,2021,3,15,2,0,23,157501,POINT (988148.6889210109 151103.24158873298),CROPSEY AVENUE BRIDGE,Cropsey Avenue,Dead end,SB
32970,Brooklyn,2021,3,15,2,15,19,157501,POINT (988148.6889210109 151103.24158873298),CROPSEY AVENUE BRIDGE,Cropsey Avenue,Dead end,SB
32970,Brooklyn,2021,3,15,2,30,15,157501,POINT (988148.6889210109 151103.24158873298),CROPSEY AVENUE BRIDGE,Cropsey Avenue,Dead end,SB
32970,Brooklyn,2021,3,15,2,45,31,157501,POINT (988148.6889210109 151103.24158873298),CROPSEY AVENUE BRIDGE,Cropsey Avenue,Dead end,SB
32970,Brooklyn,2021,3,15,3,0,29,157501,POINT (988148.6889210109 151103.24158873298),CROPSEY AVENUE BRIDGE,Cropsey Avenue,Dead end,SB
32970,Brooklyn,2021,3,15,3,15,31,157501,POINT (988148.6889210109 151103.24158873298),CROPSEY AVENUE BRIDGE,Cropsey Avenue,Dead end,SB
32970,Brooklyn,2021,3,15,3,30,42,157501,POINT (988148.6889210109 151103.24158873298),CROPSEY AVENUE BRIDGE,Cropsey Avenue,Dead end,SB
32970,Brooklyn,2021,3,15,3,45,54,157501,POINT (988148.6889210109 151103.24158873298),CROPSEY AVENUE BRIDGE,Cropsey Avenue,Dead end,SB
32970,Brooklyn,2021,3,15,4,0,43,157501,POINT (988148.6889210109 151103.24158873298),CROPSEY AVENUE BRIDGE,Cropsey Avenue,Dead end,SB
32970,Brooklyn,2021,3,15,4,15,49,157501,POINT (988148.6889210109 151103.24158873298),CROPSEY AVENUE BRIDGE,Cropsey Avenue,Dead end,SB
32970,Brooklyn,2021,3,15,4,30,85,157501,POINT (988148.6889210109 151103.24158873298),CROPSEY AVENUE BRIDGE,Cropsey Avenue,Dead end,SB
32970,Brooklyn,2021,3,15,4,45,83,157501,POINT (988148.6889210109 151103.24158873298),CROPSEY AVENUE BRIDGE,Cropsey Avenue,Dead end,SB
32970,Brooklyn,2021,3,15,5,0,120,157501,POINT (988148.6889210109 151103.24158873298),CROPSEY AVENUE BRIDGE,Cropsey Avenue,Dead end,SB
32970,Brooklyn,2021,3,15,5,15,173,157501,POINT (988148.6889210109 151103.24158873298),CROPSEY AVENUE BRIDGE,Cropsey Avenue,Dead end,SB
32970,Brooklyn,2021,3,15,5,30,211,157501,POINT (988148.6889210109 151103.24158873298),CROPSEY AVENUE BRIDGE,Cropsey Avenue,Dead end,SB
32970,Brooklyn,2021,3,15,5,45,244,157501,POINT (988148.6889210109 151103.24158873298),CROPSEY AVENUE BRIDGE,Cropsey Avenue,Dead end,SB
32970,Brooklyn,2021,3,15,6,0,214,157501,POINT (988148.6889210109 151103.24158873298),CROPSEY AVENUE BRIDGE,Cropsey Avenue,Dead end,SB
32970,Brooklyn,2021,3,15,6,15,244,157501,POINT (988148.6889210109 151103.24158873298),CROPSEY AVENUE BRIDGE,Cropsey Avenue,Dead end,SB
32970,Brooklyn,2021,3,15,6,30,227,157501,POINT (988148.6889210109 151103.24158873298),CROPSEY AVENUE BRIDGE,Cropsey Avenue,Dead end,SB
32970,Brooklyn,2021,3,15,6,45,279,157501,POINT (988148.6889210109 151103.24158873298),CROPSEY AVENUE BRIDGE,Cropsey Avenue,Dead end,SB
32970,Brooklyn,2021,3,15,7,0,265,157501,POINT (988148.6889210109 151103.24158873298),CROPSEY AVENUE BRIDGE,Cropsey Avenue,Dead end,SB
32970,Brooklyn,2021,3,15,7,15,81,157501,POINT (988148.6889210109 151103.24158873298),CROPSEY AVENUE BRIDGE,Cropsey Avenue,Dead end,SB
32970,Brooklyn,2021,3,15,7,30,231,157501,POINT (988148.6889210109 151103.24158873298),CROPSEY AVENUE BRIDGE,Cropsey Avenue,Dead end,SB
32970,Brooklyn,2021,3,15,7,45,255,157501,POINT (988148.6889210109 151103.24158873298),CROPSEY AVENUE BRIDGE,Cropsey Avenue,Dead end,SB
32970,Brooklyn,2021,3,15,8,0,272,157501,POINT (988148.6889210109 151103.24158873298),CROPSEY AVENUE BRIDGE,Cropsey Avenue,Dead end,SB
32970,Brooklyn,2021,3,15,8,15,241,157501,POINT (988148.6889210109 151103.24158873298),CROPSEY AVENUE BRIDGE,Cropsey Avenue,Dead end,SB
32970,Brooklyn,2021,3,15,8,30,218,157501,POINT (988148.6889210109 151103.24158873298),CROPSEY AVENUE BRIDGE,Cropsey Avenue,Dead end,SB
32970,Brooklyn,2021,3,15,8,45,227,157501,POINT (988148.6889210109 151103.24158873298),CROPSEY AVENUE BRIDGE,Cropsey Avenue,Dead end,SB
32970,Brooklyn,2021,3,15,9,0,228,157501,POINT (988148.6889210109 151103.24158873298),CROPSEY AVENUE BRIDGE,Cropsey Avenue,Dead end,SB
32970,Brooklyn,2021,3,15,9,15,217,157501,POINT (988148.6889210109 151103.24158873298),CROPSEY AVENUE BRIDGE,Cropsey Avenue,Dead end,SB
32970,Brooklyn,2021,3,15,9,30,182,157501,POINT (988148.6889210109 151103.24158873298),CROPSEY AVENUE BRIDGE,Cropsey Avenue,Dead end,SB
32970,Brooklyn,2021,3,15,9,45,236,157501,POINT (988148.6889210109 151103.24158873298),CROPSEY AVENUE BRIDGE,Cropsey Avenue,Dead end,SB
32970,Brooklyn,2021,3,15,10,0,236,157501,POINT (988148.6889210109 151103.24158873298),CROPSEY AVENUE BRIDGE,Cropsey Avenue,Dead end,SB
32970,Brooklyn,2021,3,15,10,15,203,157501,POINT (988148.6889210109 151103.24158873298),CROPSEY AVENUE BRIDGE,Cropsey Avenue,Dead end,SB
32970,Brooklyn,2021,3,15,10,30,210,157501,POINT (988148.6889210109 151103.24158873298),CROPSEY AVENUE BRIDGE,Cropsey Avenue,Dead end,SB
32970,Brooklyn,2021,3,15,10,45,210,157501,POINT (988148.6889210109 151103.24158873298),CROPSEY AVENUE BRIDGE,Cropsey Avenue,Dead end,SB
32970,Brooklyn,2021,3,15,11,0,183,157501,POINT (988148.6889210109 151103.24158873298),CROPSEY AVENUE BRIDGE,Cropsey Avenue,Dead end,SB
32970,Brooklyn,2021,3,15,11,15,234,157501,POINT (988148.6889210109 151103.24158873298),CROPSEY AVENUE BRIDGE,Cropsey Avenue,Dead end,SB
32970,Brooklyn,2021,3,15,11,30,215,157501,POINT (988148.6889210109 151103.24158873298),CROPSEY AVENUE BRIDGE,Cropsey Avenue,Dead end,SB
32970,Brooklyn,2021,3,15,11,45,237,157501,POINT (988148.6889210109 151103.24158873298),CROPSEY AVENUE BRIDGE,Cropsey Avenue,Dead end,SB
32970,Brooklyn,2021,3,15,12,0,223,157501,POINT (988148.6889210109 151103.24158873298),CROPSEY AVENUE BRIDGE,Cropsey Avenue,Dead end,SB
32970,Brooklyn,2021,3,15,12,15,226,157501,POINT (988148.6889210109 151103.24158873298),CROPSEY AVENUE BRIDGE,Cropsey Avenue,Dead end,SB
32970,Brooklyn,2021,3,15,12,30,244,157501,POINT (988148.6889210109 151103.24158873298),CROPSEY AVENUE BRIDGE,Cropsey Avenue,Dead end,SB
32970,Brooklyn,2021,3,15,12,45,285,157501,POINT (988148.6889210109 151103.24158873298),CROPSEY AVENUE BRIDGE,Cropsey Avenue,Dead end,SB
32970,Brooklyn,2021,3,15,13,0,262,157501,POINT (988148.6889210109 151103.24158873298),CROPSEY AVENUE BRIDGE,Cropsey Avenue,Dead end,SB
32970,Brooklyn,2021,3,15,13,15,269,157501,POINT (988148.6889210109 151103.24158873298),CROPSEY AVENUE BRIDGE,Cropsey Avenue,Dead end,SB
32970,Brooklyn,2021,3,15,13,30,260,157501,POINT (988148.6889210109 151103.24158873298),CROPSEY AVENUE BRIDGE,Cropsey Avenue,Dead end,SB
32970,Brooklyn,2021,3,15,13,45,248,157501,POINT (988148.6889210109 151103.24158873298),CROPSEY AVENUE BRIDGE,Cropsey Avenue,Dead end,SB
32970,Brooklyn,2021,3,15,14,0,241,157501,POINT (988148.6889210109 151103.24158873298),CROPSEY AVENUE BRIDGE,Cropsey Avenue,Dead end,SB
32970,Brooklyn,2021,3,15,14,15,257,157501,POINT (988148.6889210109 151103.24158873298),CROPSEY AVENUE BRIDGE,Cropsey Avenue,Dead end,SB
32970,Brooklyn,2021,3,15,14,30,248,157501,POINT (988148.6889210109 151103.24158873298),CROPSEY AVENUE BRIDGE,Cropsey Avenue,Dead end,SB
32970,Brooklyn,2021,3,15,14,45,230,157501,POINT (988148.6889210109 151103.24158873298),CROPSEY AVENUE BRIDGE,Cropsey Avenue,Dead end,SB
32970,Brooklyn,2021,3,15,15,0,254,157501,POINT (988148.6889210109 151103.24158873298),CROPSEY AVENUE BRIDGE,Cropsey Avenue,Dead end,SB
32970,Brooklyn,2021,3,15,15,15,238,157501,POINT (988148.6889210109 151103.24158873298),CROPSEY AVENUE BRIDGE,Cropsey Avenue,Dead end,SB
32970,Brooklyn,2021,3,15,15,30,247,157501,POINT (988148.6889210109 151103.24158873298),CROPSEY AVENUE BRIDGE,Cropsey Avenue,Dead end,SB
32970,Brooklyn,2021,3,15,15,45,276,157501,POINT (988148.6889210109 151103.24158873298),CROPSEY AVENUE BRIDGE,Cropsey Avenue,Dead end,SB
32970,Brooklyn,2021,3,15,16,0,286,157501,POINT (988148.6889210109 151103.24158873298),CROPSEY AVENUE BRIDGE,Cropsey Avenue,Dead end,SB
32970,Brooklyn,2021,3,15,16,15,263,157501,POINT (988148.6889210109 151103.24158873298),CROPSEY AVENUE BRIDGE,Cropsey Avenue,Dead end,SB
32970,Brooklyn,2021,3,15,16,30,281,157501,POINT (988148.6889210109 151103.24158873298),CROPSEY AVENUE BRIDGE,Cropsey Avenue,Dead end,SB
32970,Brooklyn,2021,3,15,16,45,252,157501,POINT (988148.6889210109 151103.24158873298),CROPSEY AVENUE BRIDGE,Cropsey Avenue,Dead end,SB
32970,Brooklyn,2021,3,15,17,0,264,157501,POINT (988148.6889210109 151103.24158873298),CROPSEY AVENUE BRIDGE,Cropsey Avenue,Dead end,SB
32970,Brooklyn,2021,3,15,17,15,241,157501,POINT (988148.6889210109 151103.24158873298),CROPSEY AVENUE BRIDGE,Cropsey Avenue,Dead end,SB
32970,Brooklyn,2021,3,15,17,30,244,157501,POINT (988148.6889210109 151103.24158873298),CROPSEY AVENUE BRIDGE,Cropsey Avenue,Dead end,SB
32970,Brooklyn,2021,3,15,17,45,258,157501,POINT (988148.6889210109 151103.24158873298),CROPSEY AVENUE BRIDGE,Cropsey Avenue,Dead end,SB
32970,Brooklyn,2021,3,15,18,0,270,157501,POINT (988148.6889210109 151103.24158873298),CROPSEY AVENUE BRIDGE,Cropsey Avenue,Dead end,SB
32970,Brooklyn,2021,3,15,18,15,251,157501,POINT (988148.6889210109 151103.24158873298),CROPSEY AVENUE BRIDGE,Cropsey Avenue,Dead end,SB
32970,Brooklyn,2021,3,15,18,30,199,157501,POINT (988148.6889210109 151103.24158873298),CROPSEY AVENUE BRIDGE,Cropsey Avenue,Dead end,SB
32970,Brooklyn,2021,3,15,18,45,231,157501,POINT (988148.6889210109 151103.24158873298),CROPSEY AVENUE BRIDGE,Cropsey Avenue,Dead end,SB
32970,Brooklyn,2021,3,15,19,0,227,157501,POINT (988148.6889210109 151103.24158873298),CROPSEY AVENUE BRIDGE,Cropsey Avenue,Dead end,SB
32970,Brooklyn,2021,3,15,19,15,217,157501,POINT (988148.6889210109 151103.24158873298),CROPSEY AVENUE BRIDGE,Cropsey Avenue,Dead end,SB
32970,Brooklyn,2021,3,15,19,30,170,157501,POINT (988148.6889210109 151103.24158873298),CROPSEY AVENUE BRIDGE,Cropsey Avenue,Dead end,SB
32970,Brooklyn,2021,3,15,19,45,173,157501,POINT (988148.6889210109 151103.24158873298),CROPSEY AVENUE BRIDGE,Cropsey Avenue,Dead end,SB
32970,Brooklyn,2021,3,15,20,0,156,157501,POINT (988148.6889210109 151103.24158873298),CROPSEY AVENUE BRIDGE,Cropsey Avenue,Dead end,SB
32970,Brooklyn,2021,3,15,20,15,127,157501,POINT (988148.6889210109 151103.24158873298),CROPSEY AVENUE BRIDGE,Cropsey Avenue,Dead end,SB
32970,Brooklyn,2021,3,15,20,30,156,157501,POINT (988148.6889210109 151103.24158873298),CROPSEY AVENUE BRIDGE,Cropsey Avenue,Dead end,SB
32970,Brooklyn,2021,3,15,20,45,141,157501,POINT (988148.6889210109 151103.24158873298),CROPSEY AVENUE BRIDGE,Cropsey Avenue,Dead end,SB
32970,Brooklyn,2021,3,15,21,0,124,157501,POINT (988148.6889210109 151103.24158873298),CROPSEY AVENUE BRIDGE,Cropsey Avenue,Dead end,SB
32970,Brooklyn,2021,3,15,21,15,113,157501,POINT (988148.6889210109 151103.24158873298),CROPSEY AVENUE BRIDGE,Cropsey Avenue,Dead end,SB
32970,Brooklyn,2021,3,15,21,30,100,157501,POINT (988148.6889210109 151103.24158873298),CROPSEY AVENUE BRIDGE,Cropsey Avenue,Dead end,SB
32970,Brooklyn,2021,3,15,21,45,123,157501,POINT (988148.6889210109 151103.24158873298),CROPSEY AVENUE BRIDGE,Cropsey Avenue,Dead end,SB
32970,Brooklyn,2021,3,15,22,0,98,157501,POINT (988148.6889210109 151103.24158873298),CROPSEY AVENUE BRIDGE,Cropsey Avenue,Dead end,SB
32970,Brooklyn,2021,3,15,22,15,105,157501,POINT (988148.6889210109 151103.24158873298),CROPSEY AVENUE BRIDGE,Cropsey Avenue,Dead end,SB
32970,Brooklyn,2021,3,15,22,30,103,157501,POINT (988148.6889210109 151103.24158873298),CROPSEY AVENUE BRIDGE,Cropsey Avenue,Dead end,SB
32970,Brooklyn,2021,3,15,22,45,93,157501,POINT (988148.6889210109 151103.24158873298),CROPSEY AVENUE BRIDGE,Cropsey Avenue,Dead end,SB
32970,Brooklyn,2021,3,15,23,0,60,157501,POINT (988148.6889210109 151103.24158873298),CROPSEY AVENUE BRIDGE,Cropsey Avenue,Dead end,SB
32970,Brooklyn,2021,3,15,23,15,65,157501,POINT (988148.6889210109 151103.24158873298),CROPSEY AVENUE BRIDGE,Cropsey Avenue,Dead end,SB
32970,Brooklyn,2021,3,15,23,30,51,157501,POINT (988148.6889210109 151103.24158873298),CROPSEY AVENUE BRIDGE,Cropsey Avenue,Dead end,SB
32970,Brooklyn,2021,3,15,23,45,52,157501,POINT (988148.6889210109 151103.24158873298),CROPSEY AVENUE BRIDGE,Cropsey Avenue,Dead end,SB
32970,Brooklyn,2021,3,16,0,0,37,157501,POINT (988148.6889210109 151103.24158873298),CROPSEY AVENUE BRIDGE,Cropsey Avenue,Dead end,SB
32970,Brooklyn,2021,3,16,0,15,45,157501,POINT (988148.6889210109 151103.24158873298),CROPSEY AVENUE BRIDGE,Cropsey Avenue,Dead end,SB
32970,Brooklyn,2021,3,16,0,30,31,157501,POINT (988148.6889210109 151103.24158873298),CROPSEY AVENUE BRIDGE,Cropsey Avenue,Dead end,SB
32970,Brooklyn,2021,3,16,0,45,30,157501,POINT (988148.6889210109 151103.24158873298),CROPSEY AVENUE BRIDGE,Cropsey Avenue,Dead end,SB
32970,Brooklyn,2021,3,16,1,0,30,157501,POINT (988148.6889210109 151103.24158873298),CROPSEY AVENUE BRIDGE,Cropsey Avenue,Dead end,SB
32970,Brooklyn,2021,3,16,1,15,20,157501,POINT (988148.6889210109 151103.24158873298),CROPSEY AVENUE BRIDGE,Cropsey Avenue,Dead end,SB
32970,Brooklyn,2021,3,16,1,30,25,157501,POINT (988148.6889210109 151103.24158873298),CROPSEY AVENUE BRIDGE,Cropsey Avenue,Dead end,SB
32970,Brooklyn,2021,3,16,1,45,24,157501,POINT (988148.6889210109 151103.24158873298),CROPSEY AVENUE BRIDGE,Cropsey Avenue,Dead end,SB
32970,Brooklyn,2021,3,16,2,0,15,157501,POINT (988148.6889210109 151103.24158873298),CROPSEY AVENUE BRIDGE,Cropsey Avenue,Dead end,SB
32970,Brooklyn,2021,3,16,2,15,19,157501,POINT (988148.6889210109 151103.24158873298),CROPSEY AVENUE BRIDGE,Cropsey Avenue,Dead end,SB
32970,Brooklyn,2021,3,16,2,30,16,157501,POINT (988148.6889210109 151103.24158873298),CROPSEY AVENUE BRIDGE,Cropsey Avenue,Dead end,SB
32970,Brooklyn,2021,3,16,2,45,27,157501,POINT (988148.6889210109 151103.24158873298),CROPSEY AVENUE BRIDGE,Cropsey Avenue,Dead end,SB
32970,Brooklyn,2021,3,16,3,0,25,157501,POINT (988148.6889210109 151103.24158873298),CROPSEY AVENUE BRIDGE,Cropsey Avenue,Dead end,SB
32970,Brooklyn,2021,3,16,3,15,25,157501,POINT (988148.6889210109 151103.24158873298),CROPSEY AVENUE BRIDGE,Cropsey Avenue,Dead end,SB
32970,Brooklyn,2021,3,16,3,30,46,157501,POINT (988148.6889210109 151103.24158873298),CROPSEY AVENUE BRIDGE,Cropsey Avenue,Dead end,SB
32970,Brooklyn,2021,3,16,3,45,35,157501,POINT (988148.6889210109 151103.24158873298),CROPSEY AVENUE BRIDGE,Cropsey Avenue,Dead end,SB
32970,Brooklyn,2021,3,16,4,0,42,157501,POINT (988148.6889210109 151103.24158873298),CROPSEY AVENUE BRIDGE,Cropsey Avenue,Dead end,SB
32970,Brooklyn,2021,3,16,4,15,73,157501,POINT (988148.6889210109 151103.24158873298),CROPSEY AVENUE BRIDGE,Cropsey Avenue,Dead end,SB
32970,Brooklyn,2021,3,16,4,30,82,157501,POINT (988148.6889210109 151103.24158873298),CROPSEY AVENUE BRIDGE,Cropsey Avenue,Dead end,SB
32970,Brooklyn,2021,3,16,4,45,130,157501,POINT (988148.6889210109 151103.24158873298),CROPSEY AVENUE BRIDGE,Cropsey Avenue,Dead end,SB
32970,Brooklyn,2021,3,16,5,0,138,157501,POINT (988148.6889210109 151103.24158873298),CROPSEY AVENUE BRIDGE,Cropsey Avenue,Dead end,SB
32970,Brooklyn,2021,3,16,5,15,176,157501,POINT (988148.6889210109 151103.24158873298),CROPSEY AVENUE BRIDGE,Cropsey Avenue,Dead end,SB
32970,Brooklyn,2021,3,16,5,30,231,157501,POINT (988148.6889210109 151103.24158873298),CROPSEY AVENUE BRIDGE,Cropsey Avenue,Dead end,SB
32970,Brooklyn,2021,3,16,5,45,240,157501,POINT (988148.6889210109 151103.24158873298),CROPSEY AVENUE BRIDGE,Cropsey Avenue,Dead end,SB
32970,Brooklyn,2021,3,16,6,0,220,157501,POINT (988148.6889210109 151103.24158873298),CROPSEY AVENUE BRIDGE,Cropsey Avenue,Dead end,SB
32970,Brooklyn,2021,3,16,6,15,237,157501,POINT (988148.6889210109 151103.24158873298),CROPSEY AVENUE BRIDGE,Cropsey Avenue,Dead end,SB
32970,Brooklyn,2021,3,16,6,30,235,157501,POINT (988148.6889210109 151103.24158873298),CROPSEY AVENUE BRIDGE,Cropsey Avenue,Dead end,SB
32970,Brooklyn,2021,3,16,6,45,323,157501,POINT (988148.6889210109 151103.24158873298),CROPSEY AVENUE BRIDGE,Cropsey Avenue,Dead end,SB
32970,Brooklyn,2021,3,16,7,0,296,157501,POINT (988148.6889210109 151103.24158873298),CROPSEY AVENUE BRIDGE,Cropsey Avenue,Dead end,SB
32970,Brooklyn,2021,3,16,7,15,278,157501,POINT (988148.6889210109 151103.24158873298),CROPSEY AVENUE BRIDGE,Cropsey Avenue,Dead end,SB
32970,Brooklyn,2021,3,16,7,30,252,157501,POINT (988148.6889210109 151103.24158873298),CROPSEY AVENUE BRIDGE,Cropsey Avenue,Dead end,SB
32970,Brooklyn,2021,3,16,7,45,292,157501,POINT (988148.6889210109 151103.24158873298),CROPSEY AVENUE BRIDGE,Cropsey Avenue,Dead end,SB
32970,Brooklyn,2021,3,16,8,0,250,157501,POINT (988148.6889210109 151103.24158873298),CROPSEY AVENUE BRIDGE,Cropsey Avenue,Dead end,SB
32970,Brooklyn,2021,3,16,8,15,254,157501,POINT (988148.6889210109 151103.24158873298),CROPSEY AVENUE BRIDGE,Cropsey Avenue,Dead end,SB
32970,Brooklyn,2021,3,16,8,30,226,157501,POINT (988148.6889210109 151103.24158873298),CROPSEY AVENUE BRIDGE,Cropsey Avenue,Dead end,SB
32970,Brooklyn,2021,3,16,8,45,276,157501,POINT (988148.6889210109 151103.24158873298),CROPSEY AVENUE BRIDGE,Cropsey Avenue,Dead end,SB
32970,Brooklyn,2021,3,16,9,0,260,157501,POINT (988148.6889210109 151103.24158873298),CROPSEY AVENUE BRIDGE,Cropsey Avenue,Dead end,SB
32970,Brooklyn,2021,3,16,9,15,222,157501,POINT (988148.6889210109 151103.24158873298),CROPSEY AVENUE BRIDGE,Cropsey Avenue,Dead end,SB
32970,Brooklyn,2021,3,16,9,30,221,157501,POINT (988148.6889210109 151103.24158873298),CROPSEY AVENUE BRIDGE,Cropsey Avenue,Dead end,SB
32970,Brooklyn,2021,3,16,9,45,245,157501,POINT (988148.6889210109 151103.24158873298),CROPSEY AVENUE BRIDGE,Cropsey Avenue,Dead end,SB
32970,Brooklyn,2021,3,16,10,0,228,157501,POINT (988148.6889210109 151103.24158873298),CROPSEY AVENUE BRIDGE,Cropsey Avenue,Dead end,SB
32970,Brooklyn,2021,3,16,10,15,230,157501,POINT (988148.6889210109 151103.24158873298),CROPSEY AVENUE BRIDGE,Cropsey Avenue,Dead end,SB
32970,Brooklyn,2021,3,16,10,30,261,157501,POINT (988148.6889210109 151103.24158873298),CROPSEY AVENUE BRIDGE,Cropsey Avenue,Dead end,SB
32970,Brooklyn,2021,3,16,10,45,290,157501,POINT (988148.6889210109 151103.24158873298),CROPSEY AVENUE BRIDGE,Cropsey Avenue,Dead end,SB
32970,Brooklyn,2021,3,16,11,0,268,157501,POINT (988148.6889210109 151103.24158873298),CROPSEY AVENUE BRIDGE,Cropsey Avenue,Dead end,SB
32970,Brooklyn,2021,3,16,11,15,225,157501,POINT (988148.6889210109 151103.24158873298),CROPSEY AVENUE BRIDGE,Cropsey Avenue,Dead end,SB
32970,Brooklyn,2021,3,16,11,30,265,157501,POINT (988148.6889210109 151103.24158873298),CROPSEY AVENUE BRIDGE,Cropsey Avenue,Dead end,SB
32970,Brooklyn,2021,3,16,11,45,256,157501,POINT (988148.6889210109 151103.24158873298),CROPSEY AVENUE BRIDGE,Cropsey Avenue,Dead end,SB
32970,Brooklyn,2021,3,16,12,0,234,157501,POINT (988148.6889210109 151103.24158873298),CROPSEY AVENUE BRIDGE,Cropsey Avenue,Dead end,SB
32970,Brooklyn,2021,3,16,12,15,271,157501,POINT (988148.6889210109 151103.24158873298),CROPSEY AVENUE BRIDGE,Cropsey Avenue,Dead end,SB
32970,Brooklyn,2021,3,16,12,30,268,157501,POINT (988148.6889210109 151103.24158873298),CROPSEY AVENUE BRIDGE,Cropsey Avenue,Dead end,SB
32970,Brooklyn,2021,3,16,12,45,278,157501,POINT (988148.6889210109 151103.24158873298),CROPSEY AVENUE BRIDGE,Cropsey Avenue,Dead end,SB
32970,Brooklyn,2021,3,16,13,0,256,157501,POINT (988148.6889210109 151103.24158873298),CROPSEY AVENUE BRIDGE,Cropsey Avenue,Dead end,SB
32970,Brooklyn,2021,3,16,13,15,241,157501,POINT (988148.6889210109 151103.24158873298),CROPSEY AVENUE BRIDGE,Cropsey Avenue,Dead end,SB
32970,Brooklyn,2021,3,16,13,30,234,157501,POINT (988148.6889210109 151103.24158873298),CROPSEY AVENUE BRIDGE,Cropsey Avenue,Dead end,SB
32970,Brooklyn,2021,3,16,13,45,293,157501,POINT (988148.6889210109 151103.24158873298),CROPSEY AVENUE BRIDGE,Cropsey Avenue,Dead end,SB
32970,Brooklyn,2021,3,16,14,0,239,157501,POINT (988148.6889210109 151103.24158873298),CROPSEY AVENUE BRIDGE,Cropsey Avenue,Dead end,SB
32970,Brooklyn,2021,3,16,14,15,286,157501,POINT (988148.6889210109 151103.24158873298),CROPSEY AVENUE BRIDGE,Cropsey Avenue,Dead end,SB
32970,Brooklyn,2021,3,16,14,30,268,157501,POINT (988148.6889210109 151103.24158873298),CROPSEY AVENUE BRIDGE,Cropsey Avenue,Dead end,SB
32970,Brooklyn,2021,3,16,14,45,265,157501,POINT (988148.6889210109 151103.24158873298),CROPSEY AVENUE BRIDGE,Cropsey Avenue,Dead end,SB
32970,Brooklyn,2021,3,16,15,0,278,157501,POINT (988148.6889210109 151103.24158873298),CROPSEY AVENUE BRIDGE,Cropsey Avenue,Dead end,SB
32970,Brooklyn,2021,3,16,15,15,265,157501,POINT (988148.6889210109 151103.24158873298),CROPSEY AVENUE BRIDGE,Cropsey Avenue,Dead end,SB
32970,Brooklyn,2021,3,16,15,30,288,157501,POINT (988148.6889210109 151103.24158873298),CROPSEY AVENUE BRIDGE,Cropsey Avenue,Dead end,SB
32970,Brooklyn,2021,3,16,15,45,274,157501,POINT (988148.6889210109 151103.24158873298),CROPSEY AVENUE BRIDGE,Cropsey Avenue,Dead end,SB
32970,Brooklyn,2021,3,16,16,0,273,157501,POINT (988148.6889210109 151103.24158873298),CROPSEY AVENUE BRIDGE,Cropsey Avenue,Dead end,SB
32970,Brooklyn,2021,3,16,16,15,262,157501,POINT (988148.6889210109 151103.24158873298),CROPSEY AVENUE BRIDGE,Cropsey Avenue,Dead end,SB
32970,Brooklyn,2021,3,16,16,30,293,157501,POINT (988148.6889210109 151103.24158873298),CROPSEY AVENUE BRIDGE,Cropsey Avenue,Dead end,SB
32970,Brooklyn,2021,3,16,16,45,277,157501,POINT (988148.6889210109 151103.24158873298),CROPSEY AVENUE BRIDGE,Cropsey Avenue,Dead end,SB
32970,Brooklyn,2021,3,16,17,0,306,157501,POINT (988148.6889210109 151103.24158873298),CROPSEY AVENUE BRIDGE,Cropsey Avenue,Dead end,SB
32970,Brooklyn,2021,3,16,17,15,335,157501,POINT (988148.6889210109 151103.24158873298),CROPSEY AVENUE BRIDGE,Cropsey Avenue,Dead end,SB
32970,Brooklyn,2021,3,16,17,30,290,157501,POINT (988148.6889210109 151103.24158873298),CROPSEY AVENUE BRIDGE,Cropsey Avenue,Dead end,SB
32970,Brooklyn,2021,3,16,17,45,305,157501,POINT (988148.6889210109 151103.24158873298),CROPSEY AVENUE BRIDGE,Cropsey Avenue,Dead end,SB
32970,Brooklyn,2021,3,16,18,0,255,157501,POINT (988148.6889210109 151103.24158873298),CROPSEY AVENUE BRIDGE,Cropsey Avenue,Dead end,SB
32970,Brooklyn,2021,3,16,18,15,223,157501,POINT (988148.6889210109 151103.24158873298),CROPSEY AVENUE BRIDGE,Cropsey Avenue,Dead end,SB
32970,Brooklyn,2021,3,16,18,30,243,157501,POINT (988148.6889210109 151103.24158873298),CROPSEY AVENUE BRIDGE,Cropsey Avenue,Dead end,SB
32970,Brooklyn,2021,3,16,18,45,207,157501,POINT (988148.6889210109 151103.24158873298),CROPSEY AVENUE BRIDGE,Cropsey Avenue,Dead end,SB
32970,Brooklyn,2021,3,16,19,0,220,157501,POINT (988148.6889210109 151103.24158873298),CROPSEY AVENUE BRIDGE,Cropsey Avenue,Dead end,SB
32970,Brooklyn,2021,3,16,19,15,189,157501,POINT (988148.6889210109 151103.24158873298),CROPSEY AVENUE BRIDGE,Cropsey Avenue,Dead end,SB
32970,Brooklyn,2021,3,16,19,30,154,157501,POINT (988148.6889210109 151103.24158873298),CROPSEY AVENUE BRIDGE,Cropsey Avenue,Dead end,SB
32970,Brooklyn,2021,3,16,19,45,154,157501,POINT (988148.6889210109 151103.24158873298),CROPSEY AVENUE BRIDGE,Cropsey Avenue,Dead end,SB
32970,Brooklyn,2021,3,16,20,0,143,157501,POINT (988148.6889210109 151103.24158873298),CROPSEY AVENUE BRIDGE,Cropsey Avenue,Dead end,SB
32970,Brooklyn,2021,3,16,20,15,133,157501,POINT (988148.6889210109 151103.24158873298),CROPSEY AVENUE BRIDGE,Cropsey Avenue,Dead end,SB
32970,Brooklyn,2021,3,16,20,30,140,157501,POINT (988148.6889210109 151103.24158873298),CROPSEY AVENUE BRIDGE,Cropsey Avenue,Dead end,SB
32970,Brooklyn,2021,3,16,20,45,139,157501,POINT (988148.6889210109 151103.24158873298),CROPSEY AVENUE BRIDGE,Cropsey Avenue,Dead end,SB
32970,Brooklyn,2021,3,16,21,0,132,157501,POINT (988148.6889210109 151103.24158873298),CROPSEY AVENUE BRIDGE,Cropsey Avenue,Dead end,SB
32970,Brooklyn,2021,3,16,21,15,134,157501,POINT (988148.6889210109 151103.24158873298),CROPSEY AVENUE BRIDGE,Cropsey Avenue,Dead end,SB
32970,Brooklyn,2021,3,16,21,30,98,157501,POINT (988148.6889210109 151103.24158873298),CROPSEY AVENUE BRIDGE,Cropsey Avenue,Dead end,SB
32970,Brooklyn,2021,3,16,21,45,116,157501,POINT (988148.6889210109 151103.24158873298),CROPSEY AVENUE BRIDGE,Cropsey Avenue,Dead end,SB
32970,Brooklyn,2021,3,16,22,0,115,157501,POINT (988148.6889210109 151103.24158873298),CROPSEY AVENUE BRIDGE,Cropsey Avenue,Dead end,SB
32970,Brooklyn,2021,3,16,22,15,104,157501,POINT (988148.6889210109 151103.24158873298),CROPSEY AVENUE BRIDGE,Cropsey Avenue,Dead end,SB
32970,Brooklyn,2021,3,16,22,30,73,157501,POINT (988148.6889210109 151103.24158873298),CROPSEY AVENUE BRIDGE,Cropsey Avenue,Dead end,SB
32970,Brooklyn,2021,3,16,22,45,91,157501,POINT (988148.6889210109 151103.24158873298),CROPSEY AVENUE BRIDGE,Cropsey Avenue,Dead end,SB
32970,Brooklyn,2021,3,16,23,0,72,157501,POINT (988148.6889210109 151103.24158873298),CROPSEY AVENUE BRIDGE,Cropsey Avenue,Dead end,SB
32970,Brooklyn,2021,3,16,23,15,62,157501,POINT (988148.6889210109 151103.24158873298),CROPSEY AVENUE BRIDGE,Cropsey Avenue,Dead end,SB
32970,Brooklyn,2021,3,16,23,30,54,157501,POINT (988148.6889210109 151103.24158873298),CROPSEY AVENUE BRIDGE,Cropsey Avenue,Dead end,SB
32970,Brooklyn,2021,3,16,23,45,55,157501,POINT (988148.6889210109 151103.24158873298),CROPSEY AVENUE BRIDGE,Cropsey Avenue,Dead end,SB
32970,Brooklyn,2021,3,17,0,0,41,157501,POINT (988148.6889210109 151103.24158873298),CROPSEY AVENUE BRIDGE,Cropsey Avenue,Dead end,SB
32970,Brooklyn,2021,3,17,0,15,41,157501,POINT (988148.6889210109 151103.24158873298),CROPSEY AVENUE BRIDGE,Cropsey Avenue,Dead end,SB
32970,Brooklyn,2021,3,17,0,30,21,157501,POINT (988148.6889210109 151103.24158873298),CROPSEY AVENUE BRIDGE,Cropsey Avenue,Dead end,SB
32970,Brooklyn,2021,3,17,0,45,23,157501,POINT (988148.6889210109 151103.24158873298),CROPSEY AVENUE BRIDGE,Cropsey Avenue,Dead end,SB
32970,Brooklyn,2021,3,17,1,0,31,157501,POINT (988148.6889210109 151103.24158873298),CROPSEY AVENUE BRIDGE,Cropsey Avenue,Dead end,SB
32970,Brooklyn,2021,3,17,1,15,24,157501,POINT (988148.6889210109 151103.24158873298),CROPSEY AVENUE BRIDGE,Cropsey Avenue,Dead end,SB
32970,Brooklyn,2021,3,17,1,30,37,157501,POINT (988148.6889210109 151103.24158873298),CROPSEY AVENUE BRIDGE,Cropsey Avenue,Dead end,SB
32970,Brooklyn,2021,3,17,1,45,25,157501,POINT (988148.6889210109 151103.24158873298),CROPSEY AVENUE BRIDGE,Cropsey Avenue,Dead end,SB
32970,Brooklyn,2021,3,17,2,0,15,157501,POINT (988148.6889210109 151103.24158873298),CROPSEY AVENUE BRIDGE,Cropsey Avenue,Dead end,SB
32970,Brooklyn,2021,3,17,2,15,20,157501,POINT (988148.6889210109 151103.24158873298),CROPSEY AVENUE BRIDGE,Cropsey Avenue,Dead end,SB
32970,Brooklyn,2021,3,17,2,30,24,157501,POINT (988148.6889210109 151103.24158873298),CROPSEY AVENUE BRIDGE,Cropsey Avenue,Dead end,SB
32970,Brooklyn,2021,3,17,2,45,21,157501,POINT (988148.6889210109 151103.24158873298),CROPSEY AVENUE BRIDGE,Cropsey Avenue,Dead end,SB
32970,Brooklyn,2021,3,17,3,0,25,157501,POINT (988148.6889210109 151103.24158873298),CROPSEY AVENUE BRIDGE,Cropsey Avenue,Dead end,SB
32970,Brooklyn,2021,3,17,3,15,32,157501,POINT (988148.6889210109 151103.24158873298),CROPSEY AVENUE BRIDGE,Cropsey Avenue,Dead end,SB
32970,Brooklyn,2021,3,17,3,30,47,157501,POINT (988148.6889210109 151103.24158873298),CROPSEY AVENUE BRIDGE,Cropsey Avenue,Dead end,SB
32970,Brooklyn,2021,3,17,3,45,39,157501,POINT (988148.6889210109 151103.24158873298),CROPSEY AVENUE BRIDGE,Cropsey Avenue,Dead end,SB
32970,Brooklyn,2021,3,17,4,0,53,157501,POINT (988148.6889210109 151103.24158873298),CROPSEY AVENUE BRIDGE,Cropsey Avenue,Dead end,SB
32970,Brooklyn,2021,3,17,4,15,72,157501,POINT (988148.6889210109 151103.24158873298),CROPSEY AVENUE BRIDGE,Cropsey Avenue,Dead end,SB
32970,Brooklyn,2021,3,17,4,30,80,157501,POINT (988148.6889210109 151103.24158873298),CROPSEY AVENUE BRIDGE,Cropsey Avenue,Dead end,SB
32970,Brooklyn,2021,3,17,4,45,127,157501,POINT (988148.6889210109 151103.24158873298),CROPSEY AVENUE BRIDGE,Cropsey Avenue,Dead end,SB
32970,Brooklyn,2021,3,17,5,0,107,157501,POINT (988148.6889210109 151103.24158873298),CROPSEY AVENUE BRIDGE,Cropsey Avenue,Dead end,SB
32970,Brooklyn,2021,3,17,5,15,184,157501,POINT (988148.6889210109 151103.24158873298),CROPSEY AVENUE BRIDGE,Cropsey Avenue,Dead end,SB
32970,Brooklyn,2021,3,17,5,30,217,157501,POINT (988148.6889210109 151103.24158873298),CROPSEY AVENUE BRIDGE,Cropsey Avenue,Dead end,SB
32970,Brooklyn,2021,3,17,5,45,243,157501,POINT (988148.6889210109 151103.24158873298),CROPSEY AVENUE BRIDGE,Cropsey Avenue,Dead end,SB
32970,Brooklyn,2021,3,17,6,0,223,157501,POINT (988148.6889210109 151103.24158873298),CROPSEY AVENUE BRIDGE,Cropsey Avenue,Dead end,SB
32970,Brooklyn,2021,3,17,6,15,258,157501,POINT (988148.6889210109 151103.24158873298),CROPSEY AVENUE BRIDGE,Cropsey Avenue,Dead end,SB
32970,Brooklyn,2021,3,17,6,30,261,157501,POINT (988148.6889210109 151103.24158873298),CROPSEY AVENUE BRIDGE,Cropsey Avenue,Dead end,SB
32970,Brooklyn,2021,3,17,6,45,319,157501,POINT (988148.6889210109 151103.24158873298),CROPSEY AVENUE BRIDGE,Cropsey Avenue,Dead end,SB
32970,Brooklyn,2021,3,17,7,0,284,157501,POINT (988148.6889210109 151103.24158873298),CROPSEY AVENUE BRIDGE,Cropsey Avenue,Dead end,SB
32970,Brooklyn,2021,3,17,7,15,249,157501,POINT (988148.6889210109 151103.24158873298),CROPSEY AVENUE BRIDGE,Cropsey Avenue,Dead end,SB
32970,Brooklyn,2021,3,17,7,30,256,157501,POINT (988148.6889210109 151103.24158873298),CROPSEY AVENUE BRIDGE,Cropsey Avenue,Dead end,SB
32970,Brooklyn,2021,3,17,7,45,288,157501,POINT (988148.6889210109 151103.24158873298),CROPSEY AVENUE BRIDGE,Cropsey Avenue,Dead end,SB
32970,Brooklyn,2021,3,17,8,0,279,157501,POINT (988148.6889210109 151103.24158873298),CROPSEY AVENUE BRIDGE,Cropsey Avenue,Dead end,SB
32970,Brooklyn,2021,3,17,8,15,231,157501,POINT (988148.6889210109 151103.24158873298),CROPSEY AVENUE BRIDGE,Cropsey Avenue,Dead end,SB
32970,Brooklyn,2021,3,17,8,30,231,157501,POINT (988148.6889210109 151103.24158873298),CROPSEY AVENUE BRIDGE,Cropsey Avenue,Dead end,SB
32970,Brooklyn,2021,3,17,8,45,235,157501,POINT (988148.6889210109 151103.24158873298),CROPSEY AVENUE BRIDGE,Cropsey Avenue,Dead end,SB
32970,Brooklyn,2021,3,17,9,0,231,157501,POINT (988148.6889210109 151103.24158873298),CROPSEY AVENUE BRIDGE,Cropsey Avenue,Dead end,SB
32970,Brooklyn,2021,3,17,9,15,228,157501,POINT (988148.6889210109 151103.24158873298),CROPSEY AVENUE BRIDGE,Cropsey Avenue,Dead end,SB
32970,Brooklyn,2021,3,17,9,30,237,157501,POINT (988148.6889210109 151103.24158873298),CROPSEY AVENUE BRIDGE,Cropsey Avenue,Dead end,SB
32970,Brooklyn,2021,3,17,9,45,243,157501,POINT (988148.6889210109 151103.24158873298),CROPSEY AVENUE BRIDGE,Cropsey Avenue,Dead end,SB
32970,Brooklyn,2021,3,17,10,0,248,157501,POINT (988148.6889210109 151103.24158873298),CROPSEY AVENUE BRIDGE,Cropsey Avenue,Dead end,SB
32970,Brooklyn,2021,3,17,10,15,231,157501,POINT (988148.6889210109 151103.24158873298),CROPSEY AVENUE BRIDGE,Cropsey Avenue,Dead end,SB
32970,Brooklyn,2021,3,17,10,30,246,157501,POINT (988148.6889210109 151103.24158873298),CROPSEY AVENUE BRIDGE,Cropsey Avenue,Dead end,SB
32970,Brooklyn,2021,3,17,10,45,259,157501,POINT (988148.6889210109 151103.24158873298),CROPSEY AVENUE BRIDGE,Cropsey Avenue,Dead end,SB
32970,Brooklyn,2021,3,17,11,0,234,157501,POINT (988148.6889210109 151103.24158873298),CROPSEY AVENUE BRIDGE,Cropsey Avenue,Dead end,SB
32970,Brooklyn,2021,3,17,11,15,247,157501,POINT (988148.6889210109 151103.24158873298),CROPSEY AVENUE BRIDGE,Cropsey Avenue,Dead end,SB
32970,Brooklyn,2021,3,17,11,30,251,157501,POINT (988148.6889210109 151103.24158873298),CROPSEY AVENUE BRIDGE,Cropsey Avenue,Dead end,SB
32970,Brooklyn,2021,3,17,11,45,257,157501,POINT (988148.6889210109 151103.24158873298),CROPSEY AVENUE BRIDGE,Cropsey Avenue,Dead end,SB
32970,Brooklyn,2021,3,17,12,0,258,157501,POINT (988148.6889210109 151103.24158873298),CROPSEY AVENUE BRIDGE,Cropsey Avenue,Dead end,SB
32970,Brooklyn,2021,3,17,12,15,248,157501,POINT (988148.6889210109 151103.24158873298),CROPSEY AVENUE BRIDGE,Cropsey Avenue,Dead end,SB
32970,Brooklyn,2021,3,17,12,30,275,157501,POINT (988148.6889210109 151103.24158873298),CROPSEY AVENUE BRIDGE,Cropsey Avenue,Dead end,SB
32970,Brooklyn,2021,3,17,12,45,272,157501,POINT (988148.6889210109 151103.24158873298),CROPSEY AVENUE BRIDGE,Cropsey Avenue,Dead end,SB
32970,Brooklyn,2021,3,17,13,0,228,157501,POINT (988148.6889210109 151103.24158873298),CROPSEY AVENUE BRIDGE,Cropsey Avenue,Dead end,SB
32970,Brooklyn,2021,3,17,13,15,206,157501,POINT (988148.6889210109 151103.24158873298),CROPSEY AVENUE BRIDGE,Cropsey Avenue,Dead end,SB
32970,Brooklyn,2021,3,17,13,30,222,157501,POINT (988148.6889210109 151103.24158873298),CROPSEY AVENUE BRIDGE,Cropsey Avenue,Dead end,SB
32970,Brooklyn,2021,3,17,13,45,293,157501,POINT (988148.6889210109 151103.24158873298),CROPSEY AVENUE BRIDGE,Cropsey Avenue,Dead end,SB
32970,Brooklyn,2021,3,17,14,0,261,157501,POINT (988148.6889210109 151103.24158873298),CROPSEY AVENUE BRIDGE,Cropsey Avenue,Dead end,SB
32970,Brooklyn,2021,3,17,14,15,265,157501,POINT (988148.6889210109 151103.24158873298),CROPSEY AVENUE BRIDGE,Cropsey Avenue,Dead end,SB
32970,Brooklyn,2021,3,17,14,30,268,157501,POINT (988148.6889210109 151103.24158873298),CROPSEY AVENUE BRIDGE,Cropsey Avenue,Dead end,SB
32970,Brooklyn,2021,3,17,14,45,286,157501,POINT (988148.6889210109 151103.24158873298),CROPSEY AVENUE BRIDGE,Cropsey Avenue,Dead end,SB
32970,Brooklyn,2021,3,17,15,0,303,157501,POINT (988148.6889210109 151103.24158873298),CROPSEY AVENUE BRIDGE,Cropsey Avenue,Dead end,SB
32970,Brooklyn,2021,3,17,15,15,289,157501,POINT (988148.6889210109 151103.24158873298),CROPSEY AVENUE BRIDGE,Cropsey Avenue,Dead end,SB
32970,Brooklyn,2021,3,17,15,30,300,157501,POINT (988148.6889210109 151103.24158873298),CROPSEY AVENUE BRIDGE,Cropsey Avenue,Dead end,SB
32970,Brooklyn,2021,3,17,15,45,277,157501,POINT (988148.6889210109 151103.24158873298),CROPSEY AVENUE BRIDGE,Cropsey Avenue,Dead end,SB
32970,Brooklyn,2021,3,17,16,0,264,157501,POINT (988148.6889210109 151103.24158873298),CROPSEY AVENUE BRIDGE,Cropsey Avenue,Dead end,SB
32970,Brooklyn,2021,3,17,16,15,273,157501,POINT (988148.6889210109 151103.24158873298),CROPSEY AVENUE BRIDGE,Cropsey Avenue,Dead end,SB
32970,Brooklyn,2021,3,17,16,30,270,157501,POINT (988148.6889210109 151103.24158873298),CROPSEY AVENUE BRIDGE,Cropsey Avenue,Dead end,SB
32970,Brooklyn,2021,3,17,16,45,262,157501,POINT (988148.6889210109 151103.24158873298),CROPSEY AVENUE BRIDGE,Cropsey Avenue,Dead end,SB
32970,Brooklyn,2021,3,17,17,0,271,157501,POINT (988148.6889210109 151103.24158873298),CROPSEY AVENUE BRIDGE,Cropsey Avenue,Dead end,SB
32970,Brooklyn,2021,3,17,17,15,285,157501,POINT (988148.6889210109 151103.24158873298),CROPSEY AVENUE BRIDGE,Cropsey Avenue,Dead end,SB
32970,Brooklyn,2021,3,17,17,30,269,157501,POINT (988148.6889210109 151103.24158873298),CROPSEY AVENUE BRIDGE,Cropsey Avenue,Dead end,SB
32970,Brooklyn,2021,3,17,17,45,271,157501,POINT (988148.6889210109 151103.24158873298),CROPSEY AVENUE BRIDGE,Cropsey Avenue,Dead end,SB
32970,Brooklyn,2021,3,17,18,0,274,157501,POINT (988148.6889210109 151103.24158873298),CROPSEY AVENUE BRIDGE,Cropsey Avenue,Dead end,SB
32970,Brooklyn,2021,3,17,18,15,249,157501,POINT (988148.6889210109 151103.24158873298),CROPSEY AVENUE BRIDGE,Cropsey Avenue,Dead end,SB
32970,Brooklyn,2021,3,17,18,30,249,157501,POINT (988148.6889210109 151103.24158873298),CROPSEY AVENUE BRIDGE,Cropsey Avenue,Dead end,SB
32970,Brooklyn,2021,3,17,18,45,257,157501,POINT (988148.6889210109 151103.24158873298),CROPSEY AVENUE BRIDGE,Cropsey Avenue,Dead end,SB
32970,Brooklyn,2021,3,17,19,0,233,157501,POINT (988148.6889210109 151103.24158873298),CROPSEY AVENUE BRIDGE,Cropsey Avenue,Dead end,SB
32970,Brooklyn,2021,3,17,19,15,193,157501,POINT (988148.6889210109 151103.24158873298),CROPSEY AVENUE BRIDGE,Cropsey Avenue,Dead end,SB
32970,Brooklyn,2021,3,17,19,30,200,157501,POINT (988148.6889210109 151103.24158873298),CROPSEY AVENUE BRIDGE,Cropsey Avenue,Dead end,SB
32970,Brooklyn,2021,3,17,19,45,186,157501,POINT (988148.6889210109 151103.24158873298),CROPSEY AVENUE BRIDGE,Cropsey Avenue,Dead end,SB
32970,Brooklyn,2021,3,17,20,0,171,157501,POINT (988148.6889210109 151103.24158873298),CROPSEY AVENUE BRIDGE,Cropsey Avenue,Dead end,SB
32970,Brooklyn,2021,3,17,20,15,117,157501,POINT (988148.6889210109 151103.24158873298),CROPSEY AVENUE BRIDGE,Cropsey Avenue,Dead end,SB
32970,Brooklyn,2021,3,17,20,30,171,157501,POINT (988148.6889210109 151103.24158873298),CROPSEY AVENUE BRIDGE,Cropsey Avenue,Dead end,SB
32970,Brooklyn,2021,3,17,20,45,175,157501,POINT (988148.6889210109 151103.24158873298),CROPSEY AVENUE BRIDGE,Cropsey Avenue,Dead end,SB
32970,Brooklyn,2021,3,17,21,0,132,157501,POINT (988148.6889210109 151103.24158873298),CROPSEY AVENUE BRIDGE,Cropsey Avenue,Dead end,SB
32970,Brooklyn,2021,3,17,21,15,117,157501,POINT (988148.6889210109 151103.24158873298),CROPSEY AVENUE BRIDGE,Cropsey Avenue,Dead end,SB
32970,Brooklyn,2021,3,17,21,30,133,157501,POINT (988148.6889210109 151103.24158873298),CROPSEY AVENUE BRIDGE,Cropsey Avenue,Dead end,SB
32970,Brooklyn,2021,3,17,21,45,135,157501,POINT (988148.6889210109 151103.24158873298),CROPSEY AVENUE BRIDGE,Cropsey Avenue,Dead end,SB
32970,Brooklyn,2021,3,17,22,0,111,157501,POINT (988148.6889210109 151103.24158873298),CROPSEY AVENUE BRIDGE,Cropsey Avenue,Dead end,SB
32970,Brooklyn,2021,3,17,22,15,107,157501,POINT (988148.6889210109 151103.24158873298),CROPSEY AVENUE BRIDGE,Cropsey Avenue,Dead end,SB
32970,Brooklyn,2021,3,17,22,30,86,157501,POINT (988148.6889210109 151103.24158873298),CROPSEY AVENUE BRIDGE,Cropsey Avenue,Dead end,SB
32970,Brooklyn,2021,3,17,22,45,108,157501,POINT (988148.6889210109 151103.24158873298),CROPSEY AVENUE BRIDGE,Cropsey Avenue,Dead end,SB
32970,Brooklyn,2021,3,17,23,0,66,157501,POINT (988148.6889210109 151103.24158873298),CROPSEY AVENUE BRIDGE,Cropsey Avenue,Dead end,SB
32970,Brooklyn,2021,3,17,23,15,76,157501,POINT (988148.6889210109 151103.24158873298),CROPSEY AVENUE BRIDGE,Cropsey Avenue,Dead end,SB
32970,Brooklyn,2021,3,17,23,30,64,157501,POINT (988148.6889210109 151103.24158873298),CROPSEY AVENUE BRIDGE,Cropsey Avenue,Dead end,SB
32970,Brooklyn,2021,3,17,23,45,67,157501,POINT (988148.6889210109 151103.24158873298),CROPSEY AVENUE BRIDGE,Cropsey Avenue,Dead end,SB
32970,Brooklyn,2021,3,18,0,0,39,157501,POINT (988148.6889210109 151103.24158873298),CROPSEY AVENUE BRIDGE,Cropsey Avenue,Dead end,SB
32970,Brooklyn,2021,3,18,0,15,36,157501,POINT (988148.6889210109 151103.24158873298),CROPSEY AVENUE BRIDGE,Cropsey Avenue,Dead end,SB
32970,Brooklyn,2021,3,18,0,30,37,157501,POINT (988148.6889210109 151103.24158873298),CROPSEY AVENUE BRIDGE,Cropsey Avenue,Dead end,SB
32970,Brooklyn,2021,3,18,0,45,43,157501,POINT (988148.6889210109 151103.24158873298),CROPSEY AVENUE BRIDGE,Cropsey Avenue,Dead end,SB
32970,Brooklyn,2021,3,18,1,0,35,157501,POINT (988148.6889210109 151103.24158873298),CROPSEY AVENUE BRIDGE,Cropsey Avenue,Dead end,SB
32970,Brooklyn,2021,3,18,1,15,30,157501,POINT (988148.6889210109 151103.24158873298),CROPSEY AVENUE BRIDGE,Cropsey Avenue,Dead end,SB
32970,Brooklyn,2021,3,18,1,30,23,157501,POINT (988148.6889210109 151103.24158873298),CROPSEY AVENUE BRIDGE,Cropsey Avenue,Dead end,SB
32970,Brooklyn,2021,3,18,1,45,28,157501,POINT (988148.6889210109 151103.24158873298),CROPSEY AVENUE BRIDGE,Cropsey Avenue,Dead end,SB
32970,Brooklyn,2021,3,18,2,0,23,157501,POINT (988148.6889210109 151103.24158873298),CROPSEY AVENUE BRIDGE,Cropsey Avenue,Dead end,SB
32970,Brooklyn,2021,3,18,2,15,35,157501,POINT (988148.6889210109 151103.24158873298),CROPSEY AVENUE BRIDGE,Cropsey Avenue,Dead end,SB
32970,Brooklyn,2021,3,18,2,30,21,157501,POINT (988148.6889210109 151103.24158873298),CROPSEY AVENUE BRIDGE,Cropsey Avenue,Dead end,SB
32970,Brooklyn,2021,3,18,2,45,17,157501,POINT (988148.6889210109 151103.24158873298),CROPSEY AVENUE BRIDGE,Cropsey Avenue,Dead end,SB
32970,Brooklyn,2021,3,18,3,0,27,157501,POINT (988148.6889210109 151103.24158873298),CROPSEY AVENUE BRIDGE,Cropsey Avenue,Dead end,SB
32970,Brooklyn,2021,3,18,3,15,38,157501,POINT (988148.6889210109 151103.24158873298),CROPSEY AVENUE BRIDGE,Cropsey Avenue,Dead end,SB
32970,Brooklyn,2021,3,18,3,30,46,157501,POINT (988148.6889210109 151103.24158873298),CROPSEY AVENUE BRIDGE,Cropsey Avenue,Dead end,SB
32970,Brooklyn,2021,3,18,3,45,49,157501,POINT (988148.6889210109 151103.24158873298),CROPSEY AVENUE BRIDGE,Cropsey Avenue,Dead end,SB
32970,Brooklyn,2021,3,18,4,0,35,157501,POINT (988148.6889210109 151103.24158873298),CROPSEY AVENUE BRIDGE,Cropsey Avenue,Dead end,SB
32970,Brooklyn,2021,3,18,4,15,61,157501,POINT (988148.6889210109 151103.24158873298),CROPSEY AVENUE BRIDGE,Cropsey Avenue,Dead end,SB
32970,Brooklyn,2021,3,18,4,30,99,157501,POINT (988148.6889210109 151103.24158873298),CROPSEY AVENUE BRIDGE,Cropsey Avenue,Dead end,SB
32970,Brooklyn,2021,3,18,4,45,120,157501,POINT (988148.6889210109 151103.24158873298),CROPSEY AVENUE BRIDGE,Cropsey Avenue,Dead end,SB
32970,Brooklyn,2021,3,18,5,0,145,157501,POINT (988148.6889210109 151103.24158873298),CROPSEY AVENUE BRIDGE,Cropsey Avenue,Dead end,SB
32970,Brooklyn,2021,3,18,5,15,156,157501,POINT (988148.6889210109 151103.24158873298),CROPSEY AVENUE BRIDGE,Cropsey Avenue,Dead end,SB
32970,Brooklyn,2021,3,18,5,30,199,157501,POINT (988148.6889210109 151103.24158873298),CROPSEY AVENUE BRIDGE,Cropsey Avenue,Dead end,SB
32970,Brooklyn,2021,3,18,5,45,247,157501,POINT (988148.6889210109 151103.24158873298),CROPSEY AVENUE BRIDGE,Cropsey Avenue,Dead end,SB
32970,Brooklyn,2021,3,18,6,0,238,157501,POINT (988148.6889210109 151103.24158873298),CROPSEY AVENUE BRIDGE,Cropsey Avenue,Dead end,SB
32970,Brooklyn,2021,3,18,6,15,245,157501,POINT (988148.6889210109 151103.24158873298),CROPSEY AVENUE BRIDGE,Cropsey Avenue,Dead end,SB
32970,Brooklyn,2021,3,18,6,30,249,157501,POINT (988148.6889210109 151103.24158873298),CROPSEY AVENUE BRIDGE,Cropsey Avenue,Dead end,SB
32970,Brooklyn,2021,3,18,6,45,282,157501,POINT (988148.6889210109 151103.24158873298),CROPSEY AVENUE BRIDGE,Cropsey Avenue,Dead end,SB
32970,Brooklyn,2021,3,18,7,0,309,157501,POINT (988148.6889210109 151103.24158873298),CROPSEY AVENUE BRIDGE,Cropsey Avenue,Dead end,SB
32970,Brooklyn,2021,3,18,7,15,280,157501,POINT (988148.6889210109 151103.24158873298),CROPSEY AVENUE BRIDGE,Cropsey Avenue,Dead end,SB
32970,Brooklyn,2021,3,18,7,30,252,157501,POINT (988148.6889210109 151103.24158873298),CROPSEY AVENUE BRIDGE,Cropsey Avenue,Dead end,SB
32970,Brooklyn,2021,3,18,7,45,214,157501,POINT (988148.6889210109 151103.24158873298),CROPSEY AVENUE BRIDGE,Cropsey Avenue,Dead end,SB
32970,Brooklyn,2021,3,18,8,0,280,157501,POINT (988148.6889210109 151103.24158873298),CROPSEY AVENUE BRIDGE,Cropsey Avenue,Dead end,SB
32970,Brooklyn,2021,3,18,8,15,266,157501,POINT (988148.6889210109 151103.24158873298),CROPSEY AVENUE BRIDGE,Cropsey Avenue,Dead end,SB
32970,Brooklyn,2021,3,18,8,30,225,157501,POINT (988148.6889210109 151103.24158873298),CROPSEY AVENUE BRIDGE,Cropsey Avenue,Dead end,SB
32970,Brooklyn,2021,3,18,8,45,259,157501,POINT (988148.6889210109 151103.24158873298),CROPSEY AVENUE BRIDGE,Cropsey Avenue,Dead end,SB
32970,Brooklyn,2021,3,18,9,0,218,157501,POINT (988148.6889210109 151103.24158873298),CROPSEY AVENUE BRIDGE,Cropsey Avenue,Dead end,SB
32970,Brooklyn,2021,3,18,9,15,212,157501,POINT (988148.6889210109 151103.24158873298),CROPSEY AVENUE BRIDGE,Cropsey Avenue,Dead end,SB
32970,Brooklyn,2021,3,18,9,30,225,157501,POINT (988148.6889210109 151103.24158873298),CROPSEY AVENUE BRIDGE,Cropsey Avenue,Dead end,SB
32970,Brooklyn,2021,3,18,9,45,224,157501,POINT (988148.6889210109 151103.24158873298),CROPSEY AVENUE BRIDGE,Cropsey Avenue,Dead end,SB
32970,Brooklyn,2021,3,18,10,0,217,157501,POINT (988148.6889210109 151103.24158873298),CROPSEY AVENUE BRIDGE,Cropsey Avenue,Dead end,SB
32970,Brooklyn,2021,3,18,10,15,215,157501,POINT (988148.6889210109 151103.24158873298),CROPSEY AVENUE BRIDGE,Cropsey Avenue,Dead end,SB
32970,Brooklyn,2021,3,18,10,30,233,157501,POINT (988148.6889210109 151103.24158873298),CROPSEY AVENUE BRIDGE,Cropsey Avenue,Dead end,SB
32970,Brooklyn,2021,3,18,10,45,224,157501,POINT (988148.6889210109 151103.24158873298),CROPSEY AVENUE BRIDGE,Cropsey Avenue,Dead end,SB
32970,Brooklyn,2021,3,18,11,0,231,157501,POINT (988148.6889210109 151103.24158873298),CROPSEY AVENUE BRIDGE,Cropsey Avenue,Dead end,SB
32970,Brooklyn,2021,3,18,11,15,253,157501,POINT (988148.6889210109 151103.24158873298),CROPSEY AVENUE BRIDGE,Cropsey Avenue,Dead end,SB
32970,Brooklyn,2021,3,18,11,30,253,157501,POINT (988148.6889210109 151103.24158873298),CROPSEY AVENUE BRIDGE,Cropsey Avenue,Dead end,SB
32970,Brooklyn,2021,3,18,11,45,228,157501,POINT (988148.6889210109 151103.24158873298),CROPSEY AVENUE BRIDGE,Cropsey Avenue,Dead end,SB
32970,Brooklyn,2021,3,18,12,0,235,157501,POINT (988148.6889210109 151103.24158873298),CROPSEY AVENUE BRIDGE,Cropsey Avenue,Dead end,SB
32970,Brooklyn,2021,3,18,12,15,243,157501,POINT (988148.6889210109 151103.24158873298),CROPSEY AVENUE BRIDGE,Cropsey Avenue,Dead end,SB
32970,Brooklyn,2021,3,18,12,30,228,157501,POINT (988148.6889210109 151103.24158873298),CROPSEY AVENUE BRIDGE,Cropsey Avenue,Dead end,SB
32970,Brooklyn,2021,3,18,12,45,268,157501,POINT (988148.6889210109 151103.24158873298),CROPSEY AVENUE BRIDGE,Cropsey Avenue,Dead end,SB
32970,Brooklyn,2021,3,18,13,0,267,157501,POINT (988148.6889210109 151103.24158873298),CROPSEY AVENUE BRIDGE,Cropsey Avenue,Dead end,SB
32970,Brooklyn,2021,3,18,13,15,231,157501,POINT (988148.6889210109 151103.24158873298),CROPSEY AVENUE BRIDGE,Cropsey Avenue,Dead end,SB
32970,Brooklyn,2021,3,18,13,30,201,157501,POINT (988148.6889210109 151103.24158873298),CROPSEY AVENUE BRIDGE,Cropsey Avenue,Dead end,SB
32970,Brooklyn,2021,3,18,13,45,216,157501,POINT (988148.6889210109 151103.24158873298),CROPSEY AVENUE BRIDGE,Cropsey Avenue,Dead end,SB
32970,Brooklyn,2021,3,18,14,0,263,157501,POINT (988148.6889210109 151103.24158873298),CROPSEY AVENUE BRIDGE,Cropsey Avenue,Dead end,SB
32970,Brooklyn,2021,3,18,14,15,235,157501,POINT (988148.6889210109 151103.24158873298),CROPSEY AVENUE BRIDGE,Cropsey Avenue,Dead end,SB
32970,Brooklyn,2021,3,18,14,30,216,157501,POINT (988148.6889210109 151103.24158873298),CROPSEY AVENUE BRIDGE,Cropsey Avenue,Dead end,SB
32970,Brooklyn,2021,3,18,14,45,255,157501,POINT (988148.6889210109 151103.24158873298),CROPSEY AVENUE BRIDGE,Cropsey Avenue,Dead end,SB
32970,Brooklyn,2021,3,18,15,0,230,157501,POINT (988148.6889210109 151103.24158873298),CROPSEY AVENUE BRIDGE,Cropsey Avenue,Dead end,SB
32970,Brooklyn,2021,3,18,15,15,252,157501,POINT (988148.6889210109 151103.24158873298),CROPSEY AVENUE BRIDGE,Cropsey Avenue,Dead end,SB
32970,Brooklyn,2021,3,18,15,30,258,157501,POINT (988148.6889210109 151103.24158873298),CROPSEY AVENUE BRIDGE,Cropsey Avenue,Dead end,SB
32970,Brooklyn,2021,3,18,15,45,235,157501,POINT (988148.6889210109 151103.24158873298),CROPSEY AVENUE BRIDGE,Cropsey Avenue,Dead end,SB
32970,Brooklyn,2021,3,18,16,0,255,157501,POINT (988148.6889210109 151103.24158873298),CROPSEY AVENUE BRIDGE,Cropsey Avenue,Dead end,SB
32970,Brooklyn,2021,3,18,16,15,232,157501,POINT (988148.6889210109 151103.24158873298),CROPSEY AVENUE BRIDGE,Cropsey Avenue,Dead end,SB
32970,Brooklyn,2021,3,18,16,30,269,157501,POINT (988148.6889210109 151103.24158873298),CROPSEY AVENUE BRIDGE,Cropsey Avenue,Dead end,SB
32970,Brooklyn,2021,3,18,16,45,262,157501,POINT (988148.6889210109 151103.24158873298),CROPSEY AVENUE BRIDGE,Cropsey Avenue,Dead end,SB
32970,Brooklyn,2021,3,18,17,0,217,157501,POINT (988148.6889210109 151103.24158873298),CROPSEY AVENUE BRIDGE,Cropsey Avenue,Dead end,SB
32970,Brooklyn,2021,3,18,17,15,231,157501,POINT (988148.6889210109 151103.24158873298),CROPSEY AVENUE BRIDGE,Cropsey Avenue,Dead end,SB
32970,Brooklyn,2021,3,18,17,30,239,157501,POINT (988148.6889210109 151103.24158873298),CROPSEY AVENUE BRIDGE,Cropsey Avenue,Dead end,SB
32970,Brooklyn,2021,3,18,17,45,260,157501,POINT (988148.6889210109 151103.24158873298),CROPSEY AVENUE BRIDGE,Cropsey Avenue,Dead end,SB
32970,Brooklyn,2021,3,18,18,0,238,157501,POINT (988148.6889210109 151103.24158873298),CROPSEY AVENUE BRIDGE,Cropsey Avenue,Dead end,SB
32970,Brooklyn,2021,3,18,18,15,211,157501,POINT (988148.6889210109 151103.24158873298),CROPSEY AVENUE BRIDGE,Cropsey Avenue,Dead end,SB
32970,Brooklyn,2021,3,18,18,30,240,157501,POINT (988148.6889210109 151103.24158873298),CROPSEY AVENUE BRIDGE,Cropsey Avenue,Dead end,SB
32970,Brooklyn,2021,3,18,18,45,259,157501,POINT (988148.6889210109 151103.24158873298),CROPSEY AVENUE BRIDGE,Cropsey Avenue,Dead end,SB
32970,Brooklyn,2021,3,18,19,0,212,157501,POINT (988148.6889210109 151103.24158873298),CROPSEY AVENUE BRIDGE,Cropsey Avenue,Dead end,SB
32970,Brooklyn,2021,3,18,19,15,206,157501,POINT (988148.6889210109 151103.24158873298),CROPSEY AVENUE BRIDGE,Cropsey Avenue,Dead end,SB
32970,Brooklyn,2021,3,18,19,30,192,157501,POINT (988148.6889210109 151103.24158873298),CROPSEY AVENUE BRIDGE,Cropsey Avenue,Dead end,SB
32970,Brooklyn,2021,3,18,19,45,179,157501,POINT (988148.6889210109 151103.24158873298),CROPSEY AVENUE BRIDGE,Cropsey Avenue,Dead end,SB
32970,Brooklyn,2021,3,18,20,0,179,157501,POINT (988148.6889210109 151103.24158873298),CROPSEY AVENUE BRIDGE,Cropsey Avenue,Dead end,SB
32970,Brooklyn,2021,3,18,20,15,132,157501,POINT (988148.6889210109 151103.24158873298),CROPSEY AVENUE BRIDGE,Cropsey Avenue,Dead end,SB
32970,Brooklyn,2021,3,18,20,30,130,157501,POINT (988148.6889210109 151103.24158873298),CROPSEY AVENUE BRIDGE,Cropsey Avenue,Dead end,SB
32970,Brooklyn,2021,3,18,20,45,138,157501,POINT (988148.6889210109 151103.24158873298),CROPSEY AVENUE BRIDGE,Cropsey Avenue,Dead end,SB
32970,Brooklyn,2021,3,18,21,0,142,157501,POINT (988148.6889210109 151103.24158873298),CROPSEY AVENUE BRIDGE,Cropsey Avenue,Dead end,SB
32970,Brooklyn,2021,3,18,21,15,116,157501,POINT (988148.6889210109 151103.24158873298),CROPSEY AVENUE BRIDGE,Cropsey Avenue,Dead end,SB
32970,Brooklyn,2021,3,18,21,30,105,157501,POINT (988148.6889210109 151103.24158873298),CROPSEY AVENUE BRIDGE,Cropsey Avenue,Dead end,SB
32970,Brooklyn,2021,3,18,21,45,129,157501,POINT (988148.6889210109 151103.24158873298),CROPSEY AVENUE BRIDGE,Cropsey Avenue,Dead end,SB
32970,Brooklyn,2021,3,18,22,0,100,157501,POINT (988148.6889210109 151103.24158873298),CROPSEY AVENUE BRIDGE,Cropsey Avenue,Dead end,SB
32970,Brooklyn,2021,3,18,22,15,105,157501,POINT (988148.6889210109 151103.24158873298),CROPSEY AVENUE BRIDGE,Cropsey Avenue,Dead end,SB
32970,Brooklyn,2021,3,18,22,30,97,157501,POINT (988148.6889210109 151103.24158873298),CROPSEY AVENUE BRIDGE,Cropsey Avenue,Dead end,SB
32970,Brooklyn,2021,3,18,22,45,93,157501,POINT (988148.6889210109 151103.24158873298),CROPSEY AVENUE BRIDGE,Cropsey Avenue,Dead end,SB
32970,Brooklyn,2021,3,18,23,0,78,157501,POINT (988148.6889210109 151103.24158873298),CROPSEY AVENUE BRIDGE,Cropsey Avenue,Dead end,SB
32970,Brooklyn,2021,3,18,23,15,62,157501,POINT (988148.6889210109 151103.24158873298),CROPSEY AVENUE BRIDGE,Cropsey Avenue,Dead end,SB
32970,Brooklyn,2021,3,18,23,30,60,157501,POINT (988148.6889210109 151103.24158873298),CROPSEY AVENUE BRIDGE,Cropsey Avenue,Dead end,SB
32970,Brooklyn,2021,3,18,23,45,51,157501,POINT (988148.6889210109 151103.24158873298),CROPSEY AVENUE BRIDGE,Cropsey Avenue,Dead end,SB
32970,Brooklyn,2021,3,19,0,0,46,157501,POINT (988148.6889210109 151103.24158873298),CROPSEY AVENUE BRIDGE,Cropsey Avenue,Dead end,SB
32970,Brooklyn,2021,3,19,0,15,32,157501,POINT (988148.6889210109 151103.24158873298),CROPSEY AVENUE BRIDGE,Cropsey Avenue,Dead end,SB
32970,Brooklyn,2021,3,19,0,30,25,157501,POINT (988148.6889210109 151103.24158873298),CROPSEY AVENUE BRIDGE,Cropsey Avenue,Dead end,SB
32970,Brooklyn,2021,3,19,0,45,42,157501,POINT (988148.6889210109 151103.24158873298),CROPSEY AVENUE BRIDGE,Cropsey Avenue,Dead end,SB
32970,Brooklyn,2021,3,19,1,0,27,157501,POINT (988148.6889210109 151103.24158873298),CROPSEY AVENUE BRIDGE,Cropsey Avenue,Dead end,SB
32970,Brooklyn,2021,3,19,1,15,31,157501,POINT (988148.6889210109 151103.24158873298),CROPSEY AVENUE BRIDGE,Cropsey Avenue,Dead end,SB
32970,Brooklyn,2021,3,19,1,30,27,157501,POINT (988148.6889210109 151103.24158873298),CROPSEY AVENUE BRIDGE,Cropsey Avenue,Dead end,SB
32970,Brooklyn,2021,3,19,1,45,19,157501,POINT (988148.6889210109 151103.24158873298),CROPSEY AVENUE BRIDGE,Cropsey Avenue,Dead end,SB
32970,Brooklyn,2021,3,19,2,0,14,157501,POINT (988148.6889210109 151103.24158873298),CROPSEY AVENUE BRIDGE,Cropsey Avenue,Dead end,SB
32970,Brooklyn,2021,3,19,2,15,19,157501,POINT (988148.6889210109 151103.24158873298),CROPSEY AVENUE BRIDGE,Cropsey Avenue,Dead end,SB
32970,Brooklyn,2021,3,19,2,30,19,157501,POINT (988148.6889210109 151103.24158873298),CROPSEY AVENUE BRIDGE,Cropsey Avenue,Dead end,SB
32970,Brooklyn,2021,3,19,2,45,21,157501,POINT (988148.6889210109 151103.24158873298),CROPSEY AVENUE BRIDGE,Cropsey Avenue,Dead end,SB
32970,Brooklyn,2021,3,19,3,0,36,157501,POINT (988148.6889210109 151103.24158873298),CROPSEY AVENUE BRIDGE,Cropsey Avenue,Dead end,SB
32970,Brooklyn,2021,3,19,3,15,39,157501,POINT (988148.6889210109 151103.24158873298),CROPSEY AVENUE BRIDGE,Cropsey Avenue,Dead end,SB
32970,Brooklyn,2021,3,19,3,30,49,157501,POINT (988148.6889210109 151103.24158873298),CROPSEY AVENUE BRIDGE,Cropsey Avenue,Dead end,SB
32970,Brooklyn,2021,3,19,3,45,34,157501,POINT (988148.6889210109 151103.24158873298),CROPSEY AVENUE BRIDGE,Cropsey Avenue,Dead end,SB
32970,Brooklyn,2021,3,19,4,0,40,157501,POINT (988148.6889210109 151103.24158873298),CROPSEY AVENUE BRIDGE,Cropsey Avenue,Dead end,SB
32970,Brooklyn,2021,3,19,4,15,61,157501,POINT (988148.6889210109 151103.24158873298),CROPSEY AVENUE BRIDGE,Cropsey Avenue,Dead end,SB
32970,Brooklyn,2021,3,19,4,30,93,157501,POINT (988148.6889210109 151103.24158873298),CROPSEY AVENUE BRIDGE,Cropsey Avenue,Dead end,SB
32970,Brooklyn,2021,3,19,4,45,118,157501,POINT (988148.6889210109 151103.24158873298),CROPSEY AVENUE BRIDGE,Cropsey Avenue,Dead end,SB
32970,Brooklyn,2021,3,19,5,0,135,157501,POINT (988148.6889210109 151103.24158873298),CROPSEY AVENUE BRIDGE,Cropsey Avenue,Dead end,SB
32970,Brooklyn,2021,3,19,5,15,179,157501,POINT (988148.6889210109 151103.24158873298),CROPSEY AVENUE BRIDGE,Cropsey Avenue,Dead end,SB
32970,Brooklyn,2021,3,19,5,30,203,157501,POINT (988148.6889210109 151103.24158873298),CROPSEY AVENUE BRIDGE,Cropsey Avenue,Dead end,SB
32970,Brooklyn,2021,3,19,5,45,241,157501,POINT (988148.6889210109 151103.24158873298),CROPSEY AVENUE BRIDGE,Cropsey Avenue,Dead end,SB
32970,Brooklyn,2021,3,19,6,0,185,157501,POINT (988148.6889210109 151103.24158873298),CROPSEY AVENUE BRIDGE,Cropsey Avenue,Dead end,SB
32970,Brooklyn,2021,3,19,6,15,232,157501,POINT (988148.6889210109 151103.24158873298),CROPSEY AVENUE BRIDGE,Cropsey Avenue,Dead end,SB
32970,Brooklyn,2021,3,19,6,30,160,157501,POINT (988148.6889210109 151103.24158873298),CROPSEY AVENUE BRIDGE,Cropsey Avenue,Dead end,SB
32970,Brooklyn,2021,3,19,6,45,313,157501,POINT (988148.6889210109 151103.24158873298),CROPSEY AVENUE BRIDGE,Cropsey Avenue,Dead end,SB
32970,Brooklyn,2021,3,19,7,0,291,157501,POINT (988148.6889210109 151103.24158873298),CROPSEY AVENUE BRIDGE,Cropsey Avenue,Dead end,SB
32970,Brooklyn,2021,3,19,7,15,274,157501,POINT (988148.6889210109 151103.24158873298),CROPSEY AVENUE BRIDGE,Cropsey Avenue,Dead end,SB
32970,Brooklyn,2021,3,19,7,30,271,157501,POINT (988148.6889210109 151103.24158873298),CROPSEY AVENUE BRIDGE,Cropsey Avenue,Dead end,SB
32970,Brooklyn,2021,3,19,7,45,264,157501,POINT (988148.6889210109 151103.24158873298),CROPSEY AVENUE BRIDGE,Cropsey Avenue,Dead end,SB
32970,Brooklyn,2021,3,19,8,0,253,157501,POINT (988148.6889210109 151103.24158873298),CROPSEY AVENUE BRIDGE,Cropsey Avenue,Dead end,SB
32970,Brooklyn,2021,3,19,8,15,259,157501,POINT (988148.6889210109 151103.24158873298),CROPSEY AVENUE BRIDGE,Cropsey Avenue,Dead end,SB
32970,Brooklyn,2021,3,19,8,30,246,157501,POINT (988148.6889210109 151103.24158873298),CROPSEY AVENUE BRIDGE,Cropsey Avenue,Dead end,SB
32970,Brooklyn,2021,3,19,8,45,274,157501,POINT (988148.6889210109 151103.24158873298),CROPSEY AVENUE BRIDGE,Cropsey Avenue,Dead end,SB
32970,Brooklyn,2021,3,19,9,0,222,157501,POINT (988148.6889210109 151103.24158873298),CROPSEY AVENUE BRIDGE,Cropsey Avenue,Dead end,SB
32970,Brooklyn,2021,3,19,9,15,229,157501,POINT (988148.6889210109 151103.24158873298),CROPSEY AVENUE BRIDGE,Cropsey Avenue,Dead end,SB
32970,Brooklyn,2021,3,19,9,30,229,157501,POINT (988148.6889210109 151103.24158873298),CROPSEY AVENUE BRIDGE,Cropsey Avenue,Dead end,SB
32970,Brooklyn,2021,3,19,9,45,207,157501,POINT (988148.6889210109 151103.24158873298),CROPSEY AVENUE BRIDGE,Cropsey Avenue,Dead end,SB
32970,Brooklyn,2021,3,19,10,0,238,157501,POINT (988148.6889210109 151103.24158873298),CROPSEY AVENUE BRIDGE,Cropsey Avenue,Dead end,SB
32970,Brooklyn,2021,3,19,10,15,221,157501,POINT (988148.6889210109 151103.24158873298),CROPSEY AVENUE BRIDGE,Cropsey Avenue,Dead end,SB
32970,Brooklyn,2021,3,19,10,30,210,157501,POINT (988148.6889210109 151103.24158873298),CROPSEY AVENUE BRIDGE,Cropsey Avenue,Dead end,SB
32970,Brooklyn,2021,3,19,10,45,245,157501,POINT (988148.6889210109 151103.24158873298),CROPSEY AVENUE BRIDGE,Cropsey Avenue,Dead end,SB
32970,Brooklyn,2021,3,19,11,0,241,157501,POINT (988148.6889210109 151103.24158873298),CROPSEY AVENUE BRIDGE,Cropsey Avenue,Dead end,SB
32970,Brooklyn,2021,3,19,11,15,232,157501,POINT (988148.6889210109 151103.24158873298),CROPSEY AVENUE BRIDGE,Cropsey Avenue,Dead end,SB
32970,Brooklyn,2021,3,19,11,30,243,157501,POINT (988148.6889210109 151103.24158873298),CROPSEY AVENUE BRIDGE,Cropsey Avenue,Dead end,SB
32970,Brooklyn,2021,3,19,11,45,261,157501,POINT (988148.6889210109 151103.24158873298),CROPSEY AVENUE BRIDGE,Cropsey Avenue,Dead end,SB
32970,Brooklyn,2021,3,19,12,0,267,157501,POINT (988148.6889210109 151103.24158873298),CROPSEY AVENUE BRIDGE,Cropsey Avenue,Dead end,SB
32970,Brooklyn,2021,3,19,12,15,284,157501,POINT (988148.6889210109 151103.24158873298),CROPSEY AVENUE BRIDGE,Cropsey Avenue,Dead end,SB
32970,Brooklyn,2021,3,19,12,30,249,157501,POINT (988148.6889210109 151103.24158873298),CROPSEY AVENUE BRIDGE,Cropsey Avenue,Dead end,SB
32970,Brooklyn,2021,3,19,12,45,262,157501,POINT (988148.6889210109 151103.24158873298),CROPSEY AVENUE BRIDGE,Cropsey Avenue,Dead end,SB
32970,Brooklyn,2021,3,19,13,0,286,157501,POINT (988148.6889210109 151103.24158873298),CROPSEY AVENUE BRIDGE,Cropsey Avenue,Dead end,SB
32970,Brooklyn,2021,3,19,13,15,251,157501,POINT (988148.6889210109 151103.24158873298),CROPSEY AVENUE BRIDGE,Cropsey Avenue,Dead end,SB
32970,Brooklyn,2021,3,19,13,30,267,157501,POINT (988148.6889210109 151103.24158873298),CROPSEY AVENUE BRIDGE,Cropsey Avenue,Dead end,SB
32970,Brooklyn,2021,3,19,13,45,270,157501,POINT (988148.6889210109 151103.24158873298),CROPSEY AVENUE BRIDGE,Cropsey Avenue,Dead end,SB
32970,Brooklyn,2021,3,19,14,0,264,157501,POINT (988148.6889210109 151103.24158873298),CROPSEY AVENUE BRIDGE,Cropsey Avenue,Dead end,SB
32970,Brooklyn,2021,3,19,14,15,239,157501,POINT (988148.6889210109 151103.24158873298),CROPSEY AVENUE BRIDGE,Cropsey Avenue,Dead end,SB
32970,Brooklyn,2021,3,19,14,30,234,157501,POINT (988148.6889210109 151103.24158873298),CROPSEY AVENUE BRIDGE,Cropsey Avenue,Dead end,SB
32970,Brooklyn,2021,3,19,14,45,268,157501,POINT (988148.6889210109 151103.24158873298),CROPSEY AVENUE BRIDGE,Cropsey Avenue,Dead end,SB
32970,Brooklyn,2021,3,19,15,0,259,157501,POINT (988148.6889210109 151103.24158873298),CROPSEY AVENUE BRIDGE,Cropsey Avenue,Dead end,SB
32970,Brooklyn,2021,3,19,15,15,240,157501,POINT (988148.6889210109 151103.24158873298),CROPSEY AVENUE BRIDGE,Cropsey Avenue,Dead end,SB
32970,Brooklyn,2021,3,19,15,30,236,157501,POINT (988148.6889210109 151103.24158873298),CROPSEY AVENUE BRIDGE,Cropsey Avenue,Dead end,SB
32970,Brooklyn,2021,3,19,15,45,249,157501,POINT (988148.6889210109 151103.24158873298),CROPSEY AVENUE BRIDGE,Cropsey Avenue,Dead end,SB
32970,Brooklyn,2021,3,19,16,0,255,157501,POINT (988148.6889210109 151103.24158873298),CROPSEY AVENUE BRIDGE,Cropsey Avenue,Dead end,SB
32970,Brooklyn,2021,3,19,16,15,247,157501,POINT (988148.6889210109 151103.24158873298),CROPSEY AVENUE BRIDGE,Cropsey Avenue,Dead end,SB
32970,Brooklyn,2021,3,19,16,30,245,157501,POINT (988148.6889210109 151103.24158873298),CROPSEY AVENUE BRIDGE,Cropsey Avenue,Dead end,SB
32970,Brooklyn,2021,3,19,16,45,255,157501,POINT (988148.6889210109 151103.24158873298),CROPSEY AVENUE BRIDGE,Cropsey Avenue,Dead end,SB
32970,Brooklyn,2021,3,19,17,0,267,157501,POINT (988148.6889210109 151103.24158873298),CROPSEY AVENUE BRIDGE,Cropsey Avenue,Dead end,SB
32970,Brooklyn,2021,3,19,17,15,277,157501,POINT (988148.6889210109 151103.24158873298),CROPSEY AVENUE BRIDGE,Cropsey Avenue,Dead end,SB
32970,Brooklyn,2021,3,19,17,30,265,157501,POINT (988148.6889210109 151103.24158873298),CROPSEY AVENUE BRIDGE,Cropsey Avenue,Dead end,SB
32970,Brooklyn,2021,3,19,17,45,264,157501,POINT (988148.6889210109 151103.24158873298),CROPSEY AVENUE BRIDGE,Cropsey Avenue,Dead end,SB
32970,Brooklyn,2021,3,19,18,0,231,157501,POINT (988148.6889210109 151103.24158873298),CROPSEY AVENUE BRIDGE,Cropsey Avenue,Dead end,SB
32970,Brooklyn,2021,3,19,18,15,232,157501,POINT (988148.6889210109 151103.24158873298),CROPSEY AVENUE BRIDGE,Cropsey Avenue,Dead end,SB
32970,Brooklyn,2021,3,19,18,30,223,157501,POINT (988148.6889210109 151103.24158873298),CROPSEY AVENUE BRIDGE,Cropsey Avenue,Dead end,SB
32970,Brooklyn,2021,3,19,18,45,245,157501,POINT (988148.6889210109 151103.24158873298),CROPSEY AVENUE BRIDGE,Cropsey Avenue,Dead end,SB
32970,Brooklyn,2021,3,19,19,0,210,157501,POINT (988148.6889210109 151103.24158873298),CROPSEY AVENUE BRIDGE,Cropsey Avenue,Dead end,SB
32970,Brooklyn,2021,3,19,19,15,198,157501,POINT (988148.6889210109 151103.24158873298),CROPSEY AVENUE BRIDGE,Cropsey Avenue,Dead end,SB
32970,Brooklyn,2021,3,19,19,30,195,157501,POINT (988148.6889210109 151103.24158873298),CROPSEY AVENUE BRIDGE,Cropsey Avenue,Dead end,SB
32970,Brooklyn,2021,3,19,19,45,207,157501,POINT (988148.6889210109 151103.24158873298),CROPSEY AVENUE BRIDGE,Cropsey Avenue,Dead end,SB
32970,Brooklyn,2021,3,19,20,0,181,157501,POINT (988148.6889210109 151103.24158873298),CROPSEY AVENUE BRIDGE,Cropsey Avenue,Dead end,SB
32970,Brooklyn,2021,3,19,20,15,204,157501,POINT (988148.6889210109 151103.24158873298),CROPSEY AVENUE BRIDGE,Cropsey Avenue,Dead end,SB
32970,Brooklyn,2021,3,19,20,30,160,157501,POINT (988148.6889210109 151103.24158873298),CROPSEY AVENUE BRIDGE,Cropsey Avenue,Dead end,SB
32970,Brooklyn,2021,3,19,20,45,141,157501,POINT (988148.6889210109 151103.24158873298),CROPSEY AVENUE BRIDGE,Cropsey Avenue,Dead end,SB
32970,Brooklyn,2021,3,19,21,0,150,157501,POINT (988148.6889210109 151103.24158873298),CROPSEY AVENUE BRIDGE,Cropsey Avenue,Dead end,SB
32970,Brooklyn,2021,3,19,21,15,157,157501,POINT (988148.6889210109 151103.24158873298),CROPSEY AVENUE BRIDGE,Cropsey Avenue,Dead end,SB
32970,Brooklyn,2021,3,19,21,30,147,157501,POINT (988148.6889210109 151103.24158873298),CROPSEY AVENUE BRIDGE,Cropsey Avenue,Dead end,SB
32970,Brooklyn,2021,3,19,21,45,131,157501,POINT (988148.6889210109 151103.24158873298),CROPSEY AVENUE BRIDGE,Cropsey Avenue,Dead end,SB
32970,Brooklyn,2021,3,19,22,0,126,157501,POINT (988148.6889210109 151103.24158873298),CROPSEY AVENUE BRIDGE,Cropsey Avenue,Dead end,SB
32970,Brooklyn,2021,3,19,22,15,126,157501,POINT (988148.6889210109 151103.24158873298),CROPSEY AVENUE BRIDGE,Cropsey Avenue,Dead end,SB
32970,Brooklyn,2021,3,19,22,30,128,157501,POINT (988148.6889210109 151103.24158873298),CROPSEY AVENUE BRIDGE,Cropsey Avenue,Dead end,SB
32970,Brooklyn,2021,3,19,22,45,114,157501,POINT (988148.6889210109 151103.24158873298),CROPSEY AVENUE BRIDGE,Cropsey Avenue,Dead end,SB
32970,Brooklyn,2021,3,19,23,0,91,157501,POINT (988148.6889210109 151103.24158873298),CROPSEY AVENUE BRIDGE,Cropsey Avenue,Dead end,SB
32970,Brooklyn,2021,3,19,23,15,94,157501,POINT (988148.6889210109 151103.24158873298),CROPSEY AVENUE BRIDGE,Cropsey Avenue,Dead end,SB
32970,Brooklyn,2021,3,19,23,30,102,157501,POINT (988148.6889210109 151103.24158873298),CROPSEY AVENUE BRIDGE,Cropsey Avenue,Dead end,SB
32970,Brooklyn,2021,3,19,23,45,71,157501,POINT (988148.6889210109 151103.24158873298),CROPSEY AVENUE BRIDGE,Cropsey Avenue,Dead end,SB
32970,Brooklyn,2021,3,20,0,0,63,157501,POINT (988148.6889210109 151103.24158873298),CROPSEY AVENUE BRIDGE,Cropsey Avenue,Dead end,SB
32970,Brooklyn,2021,3,20,0,15,61,157501,POINT (988148.6889210109 151103.24158873298),CROPSEY AVENUE BRIDGE,Cropsey Avenue,Dead end,SB
32970,Brooklyn,2021,3,20,0,30,56,157501,POINT (988148.6889210109 151103.24158873298),CROPSEY AVENUE BRIDGE,Cropsey Avenue,Dead end,SB
32970,Brooklyn,2021,3,20,0,45,59,157501,POINT (988148.6889210109 151103.24158873298),CROPSEY AVENUE BRIDGE,Cropsey Avenue,Dead end,SB
32970,Brooklyn,2021,3,20,1,0,53,157501,POINT (988148.6889210109 151103.24158873298),CROPSEY AVENUE BRIDGE,Cropsey Avenue,Dead end,SB
32970,Brooklyn,2021,3,20,1,15,35,157501,POINT (988148.6889210109 151103.24158873298),CROPSEY AVENUE BRIDGE,Cropsey Avenue,Dead end,SB
32970,Brooklyn,2021,3,20,1,30,39,157501,POINT (988148.6889210109 151103.24158873298),CROPSEY AVENUE BRIDGE,Cropsey Avenue,Dead end,SB
32970,Brooklyn,2021,3,20,1,45,29,157501,POINT (988148.6889210109 151103.24158873298),CROPSEY AVENUE BRIDGE,Cropsey Avenue,Dead end,SB
32970,Brooklyn,2021,3,20,2,0,38,157501,POINT (988148.6889210109 151103.24158873298),CROPSEY AVENUE BRIDGE,Cropsey Avenue,Dead end,SB
32970,Brooklyn,2021,3,20,2,15,41,157501,POINT (988148.6889210109 151103.24158873298),CROPSEY AVENUE BRIDGE,Cropsey Avenue,Dead end,SB
32970,Brooklyn,2021,3,20,2,30,36,157501,POINT (988148.6889210109 151103.24158873298),CROPSEY AVENUE BRIDGE,Cropsey Avenue,Dead end,SB
32970,Brooklyn,2021,3,20,2,45,37,157501,POINT (988148.6889210109 151103.24158873298),CROPSEY AVENUE BRIDGE,Cropsey Avenue,Dead end,SB
32970,Brooklyn,2021,3,20,3,0,33,157501,POINT (988148.6889210109 151103.24158873298),CROPSEY AVENUE BRIDGE,Cropsey Avenue,Dead end,SB
32970,Brooklyn,2021,3,20,3,15,25,157501,POINT (988148.6889210109 151103.24158873298),CROPSEY AVENUE BRIDGE,Cropsey Avenue,Dead end,SB
32970,Brooklyn,2021,3,20,3,30,29,157501,POINT (988148.6889210109 151103.24158873298),CROPSEY AVENUE BRIDGE,Cropsey Avenue,Dead end,SB
32970,Brooklyn,2021,3,20,3,45,36,157501,POINT (988148.6889210109 151103.24158873298),CROPSEY AVENUE BRIDGE,Cropsey Avenue,Dead end,SB
32970,Brooklyn,2021,3,20,4,0,24,157501,POINT (988148.6889210109 151103.24158873298),CROPSEY AVENUE BRIDGE,Cropsey Avenue,Dead end,SB
32970,Brooklyn,2021,3,20,4,15,37,157501,POINT (988148.6889210109 151103.24158873298),CROPSEY AVENUE BRIDGE,Cropsey Avenue,Dead end,SB
32970,Brooklyn,2021,3,20,4,30,39,157501,POINT (988148.6889210109 151103.24158873298),CROPSEY AVENUE BRIDGE,Cropsey Avenue,Dead end,SB
32970,Brooklyn,2021,3,20,4,45,62,157501,POINT (988148.6889210109 151103.24158873298),CROPSEY AVENUE BRIDGE,Cropsey Avenue,Dead end,SB
32970,Brooklyn,2021,3,20,5,0,56,157501,POINT (988148.6889210109 151103.24158873298),CROPSEY AVENUE BRIDGE,Cropsey Avenue,Dead end,SB
32970,Brooklyn,2021,3,20,5,15,61,157501,POINT (988148.6889210109 151103.24158873298),CROPSEY AVENUE BRIDGE,Cropsey Avenue,Dead end,SB
32970,Brooklyn,2021,3,20,5,30,85,157501,POINT (988148.6889210109 151103.24158873298),CROPSEY AVENUE BRIDGE,Cropsey Avenue,Dead end,SB
32970,Brooklyn,2021,3,20,5,45,122,157501,POINT (988148.6889210109 151103.24158873298),CROPSEY AVENUE BRIDGE,Cropsey Avenue,Dead end,SB
32970,Brooklyn,2021,3,20,6,0,97,157501,POINT (988148.6889210109 151103.24158873298),CROPSEY AVENUE BRIDGE,Cropsey Avenue,Dead end,SB
32970,Brooklyn,2021,3,20,6,15,109,157501,POINT (988148.6889210109 151103.24158873298),CROPSEY AVENUE BRIDGE,Cropsey Avenue,Dead end,SB
32970,Brooklyn,2021,3,20,6,30,145,157501,POINT (988148.6889210109 151103.24158873298),CROPSEY AVENUE BRIDGE,Cropsey Avenue,Dead end,SB
32970,Brooklyn,2021,3,20,6,45,160,157501,POINT (988148.6889210109 151103.24158873298),CROPSEY AVENUE BRIDGE,Cropsey Avenue,Dead end,SB
32970,Brooklyn,2021,3,20,7,0,132,157501,POINT (988148.6889210109 151103.24158873298),CROPSEY AVENUE BRIDGE,Cropsey Avenue,Dead end,SB
32970,Brooklyn,2021,3,20,7,15,149,157501,POINT (988148.6889210109 151103.24158873298),CROPSEY AVENUE BRIDGE,Cropsey Avenue,Dead end,SB
32970,Brooklyn,2021,3,20,7,30,186,157501,POINT (988148.6889210109 151103.24158873298),CROPSEY AVENUE BRIDGE,Cropsey Avenue,Dead end,SB
32970,Brooklyn,2021,3,20,7,45,143,157501,POINT (988148.6889210109 151103.24158873298),CROPSEY AVENUE BRIDGE,Cropsey Avenue,Dead end,SB
32970,Brooklyn,2021,3,20,8,0,163,157501,POINT (988148.6889210109 151103.24158873298),CROPSEY AVENUE BRIDGE,Cropsey Avenue,Dead end,SB
32970,Brooklyn,2021,3,20,8,15,165,157501,POINT (988148.6889210109 151103.24158873298),CROPSEY AVENUE BRIDGE,Cropsey Avenue,Dead end,SB
32970,Brooklyn,2021,3,20,8,30,206,157501,POINT (988148.6889210109 151103.24158873298),CROPSEY AVENUE BRIDGE,Cropsey Avenue,Dead end,SB
32970,Brooklyn,2021,3,20,8,45,217,157501,POINT (988148.6889210109 151103.24158873298),CROPSEY AVENUE BRIDGE,Cropsey Avenue,Dead end,SB
32970,Brooklyn,2021,3,20,9,0,223,157501,POINT (988148.6889210109 151103.24158873298),CROPSEY AVENUE BRIDGE,Cropsey Avenue,Dead end,SB
32970,Brooklyn,2021,3,20,9,15,206,157501,POINT (988148.6889210109 151103.24158873298),CROPSEY AVENUE BRIDGE,Cropsey Avenue,Dead end,SB
32970,Brooklyn,2021,3,20,9,30,198,157501,POINT (988148.6889210109 151103.24158873298),CROPSEY AVENUE BRIDGE,Cropsey Avenue,Dead end,SB
32970,Brooklyn,2021,3,20,9,45,239,157501,POINT (988148.6889210109 151103.24158873298),CROPSEY AVENUE BRIDGE,Cropsey Avenue,Dead end,SB
32970,Brooklyn,2021,3,20,10,0,224,157501,POINT (988148.6889210109 151103.24158873298),CROPSEY AVENUE BRIDGE,Cropsey Avenue,Dead end,SB
32970,Brooklyn,2021,3,20,10,15,241,157501,POINT (988148.6889210109 151103.24158873298),CROPSEY AVENUE BRIDGE,Cropsey Avenue,Dead end,SB
32970,Brooklyn,2021,3,20,10,30,298,157501,POINT (988148.6889210109 151103.24158873298),CROPSEY AVENUE BRIDGE,Cropsey Avenue,Dead end,SB
32970,Brooklyn,2021,3,20,10,45,260,157501,POINT (988148.6889210109 151103.24158873298),CROPSEY AVENUE BRIDGE,Cropsey Avenue,Dead end,SB
32970,Brooklyn,2021,3,20,11,0,233,157501,POINT (988148.6889210109 151103.24158873298),CROPSEY AVENUE BRIDGE,Cropsey Avenue,Dead end,SB
32970,Brooklyn,2021,3,20,11,15,266,157501,POINT (988148.6889210109 151103.24158873298),CROPSEY AVENUE BRIDGE,Cropsey Avenue,Dead end,SB
32970,Brooklyn,2021,3,20,11,30,262,157501,POINT (988148.6889210109 151103.24158873298),CROPSEY AVENUE BRIDGE,Cropsey Avenue,Dead end,SB
32970,Brooklyn,2021,3,20,11,45,276,157501,POINT (988148.6889210109 151103.24158873298),CROPSEY AVENUE BRIDGE,Cropsey Avenue,Dead end,SB
32970,Brooklyn,2021,3,20,12,0,285,157501,POINT (988148.6889210109 151103.24158873298),CROPSEY AVENUE BRIDGE,Cropsey Avenue,Dead end,SB
32970,Brooklyn,2021,3,20,12,15,226,157501,POINT (988148.6889210109 151103.24158873298),CROPSEY AVENUE BRIDGE,Cropsey Avenue,Dead end,SB
32970,Brooklyn,2021,3,20,12,30,245,157501,POINT (988148.6889210109 151103.24158873298),CROPSEY AVENUE BRIDGE,Cropsey Avenue,Dead end,SB
32970,Brooklyn,2021,3,20,12,45,261,157501,POINT (988148.6889210109 151103.24158873298),CROPSEY AVENUE BRIDGE,Cropsey Avenue,Dead end,SB
32970,Brooklyn,2021,3,20,13,0,269,157501,POINT (988148.6889210109 151103.24158873298),CROPSEY AVENUE BRIDGE,Cropsey Avenue,Dead end,SB
32970,Brooklyn,2021,3,20,13,15,261,157501,POINT (988148.6889210109 151103.24158873298),CROPSEY AVENUE BRIDGE,Cropsey Avenue,Dead end,SB
32970,Brooklyn,2021,3,20,13,30,257,157501,POINT (988148.6889210109 151103.24158873298),CROPSEY AVENUE BRIDGE,Cropsey Avenue,Dead end,SB
32970,Brooklyn,2021,3,20,13,45,271,157501,POINT (988148.6889210109 151103.24158873298),CROPSEY AVENUE BRIDGE,Cropsey Avenue,Dead end,SB
32970,Brooklyn,2021,3,20,14,0,262,157501,POINT (988148.6889210109 151103.24158873298),CROPSEY AVENUE BRIDGE,Cropsey Avenue,Dead end,SB
32970,Brooklyn,2021,3,20,14,15,244,157501,POINT (988148.6889210109 151103.24158873298),CROPSEY AVENUE BRIDGE,Cropsey Avenue,Dead end,SB
32970,Brooklyn,2021,3,20,14,30,308,157501,POINT (988148.6889210109 151103.24158873298),CROPSEY AVENUE BRIDGE,Cropsey Avenue,Dead end,SB
32970,Brooklyn,2021,3,20,14,45,306,157501,POINT (988148.6889210109 151103.24158873298),CROPSEY AVENUE BRIDGE,Cropsey Avenue,Dead end,SB
32970,Brooklyn,2021,3,20,15,0,259,157501,POINT (988148.6889210109 151103.24158873298),CROPSEY AVENUE BRIDGE,Cropsey Avenue,Dead end,SB
32970,Brooklyn,2021,3,20,15,15,249,157501,POINT (988148.6889210109 151103.24158873298),CROPSEY AVENUE BRIDGE,Cropsey Avenue,Dead end,SB
32970,Brooklyn,2021,3,20,15,30,305,157501,POINT (988148.6889210109 151103.24158873298),CROPSEY AVENUE BRIDGE,Cropsey Avenue,Dead end,SB
32970,Brooklyn,2021,3,20,15,45,247,157501,POINT (988148.6889210109 151103.24158873298),CROPSEY AVENUE BRIDGE,Cropsey Avenue,Dead end,SB
32970,Brooklyn,2021,3,20,16,0,232,157501,POINT (988148.6889210109 151103.24158873298),CROPSEY AVENUE BRIDGE,Cropsey Avenue,Dead end,SB
32970,Brooklyn,2021,3,20,16,15,275,157501,POINT (988148.6889210109 151103.24158873298),CROPSEY AVENUE BRIDGE,Cropsey Avenue,Dead end,SB
32970,Brooklyn,2021,3,20,16,30,244,157501,POINT (988148.6889210109 151103.24158873298),CROPSEY AVENUE BRIDGE,Cropsey Avenue,Dead end,SB
32970,Brooklyn,2021,3,20,16,45,248,157501,POINT (988148.6889210109 151103.24158873298),CROPSEY AVENUE BRIDGE,Cropsey Avenue,Dead end,SB
32970,Brooklyn,2021,3,20,17,0,254,157501,POINT (988148.6889210109 151103.24158873298),CROPSEY AVENUE BRIDGE,Cropsey Avenue,Dead end,SB
32970,Brooklyn,2021,3,20,17,15,251,157501,POINT (988148.6889210109 151103.24158873298),CROPSEY AVENUE BRIDGE,Cropsey Avenue,Dead end,SB
32970,Brooklyn,2021,3,20,17,30,239,157501,POINT (988148.6889210109 151103.24158873298),CROPSEY AVENUE BRIDGE,Cropsey Avenue,Dead end,SB
32970,Brooklyn,2021,3,20,17,45,227,157501,POINT (988148.6889210109 151103.24158873298),CROPSEY AVENUE BRIDGE,Cropsey Avenue,Dead end,SB
32970,Brooklyn,2021,3,20,18,0,277,157501,POINT (988148.6889210109 151103.24158873298),CROPSEY AVENUE BRIDGE,Cropsey Avenue,Dead end,SB
32970,Brooklyn,2021,3,20,18,15,222,157501,POINT (988148.6889210109 151103.24158873298),CROPSEY AVENUE BRIDGE,Cropsey Avenue,Dead end,SB
32970,Brooklyn,2021,3,20,18,30,229,157501,POINT (988148.6889210109 151103.24158873298),CROPSEY AVENUE BRIDGE,Cropsey Avenue,Dead end,SB
32970,Brooklyn,2021,3,20,18,45,220,157501,POINT (988148.6889210109 151103.24158873298),CROPSEY AVENUE BRIDGE,Cropsey Avenue,Dead end,SB
32970,Brooklyn,2021,3,20,19,0,228,157501,POINT (988148.6889210109 151103.24158873298),CROPSEY AVENUE BRIDGE,Cropsey Avenue,Dead end,SB
32970,Brooklyn,2021,3,20,19,15,226,157501,POINT (988148.6889210109 151103.24158873298),CROPSEY AVENUE BRIDGE,Cropsey Avenue,Dead end,SB
32970,Brooklyn,2021,3,20,19,30,193,157501,POINT (988148.6889210109 151103.24158873298),CROPSEY AVENUE BRIDGE,Cropsey Avenue,Dead end,SB
32970,Brooklyn,2021,3,20,19,45,167,157501,POINT (988148.6889210109 151103.24158873298),CROPSEY AVENUE BRIDGE,Cropsey Avenue,Dead end,SB
32970,Brooklyn,2021,3,20,20,0,181,157501,POINT (988148.6889210109 151103.24158873298),CROPSEY AVENUE BRIDGE,Cropsey Avenue,Dead end,SB
32970,Brooklyn,2021,3,20,20,15,172,157501,POINT (988148.6889210109 151103.24158873298),CROPSEY AVENUE BRIDGE,Cropsey Avenue,Dead end,SB
32970,Brooklyn,2021,3,20,20,30,147,157501,POINT (988148.6889210109 151103.24158873298),CROPSEY AVENUE BRIDGE,Cropsey Avenue,Dead end,SB
32970,Brooklyn,2021,3,20,20,45,170,157501,POINT (988148.6889210109 151103.24158873298),CROPSEY AVENUE BRIDGE,Cropsey Avenue,Dead end,SB
32970,Brooklyn,2021,3,20,21,0,160,157501,POINT (988148.6889210109 151103.24158873298),CROPSEY AVENUE BRIDGE,Cropsey Avenue,Dead end,SB
32970,Brooklyn,2021,3,20,21,15,143,157501,POINT (988148.6889210109 151103.24158873298),CROPSEY AVENUE BRIDGE,Cropsey Avenue,Dead end,SB
32970,Brooklyn,2021,3,20,21,30,142,157501,POINT (988148.6889210109 151103.24158873298),CROPSEY AVENUE BRIDGE,Cropsey Avenue,Dead end,SB
32970,Brooklyn,2021,3,20,21,45,161,157501,POINT (988148.6889210109 151103.24158873298),CROPSEY AVENUE BRIDGE,Cropsey Avenue,Dead end,SB
32970,Brooklyn,2021,3,20,22,0,131,157501,POINT (988148.6889210109 151103.24158873298),CROPSEY AVENUE BRIDGE,Cropsey Avenue,Dead end,SB
32970,Brooklyn,2021,3,20,22,15,127,157501,POINT (988148.6889210109 151103.24158873298),CROPSEY AVENUE BRIDGE,Cropsey Avenue,Dead end,SB
32970,Brooklyn,2021,3,20,22,30,137,157501,POINT (988148.6889210109 151103.24158873298),CROPSEY AVENUE BRIDGE,Cropsey Avenue,Dead end,SB
32970,Brooklyn,2021,3,20,22,45,130,157501,POINT (988148.6889210109 151103.24158873298),CROPSEY AVENUE BRIDGE,Cropsey Avenue,Dead end,SB
32970,Brooklyn,2021,3,20,23,0,108,157501,POINT (988148.6889210109 151103.24158873298),CROPSEY AVENUE BRIDGE,Cropsey Avenue,Dead end,SB
32970,Brooklyn,2021,3,20,23,15,106,157501,POINT (988148.6889210109 151103.24158873298),CROPSEY AVENUE BRIDGE,Cropsey Avenue,Dead end,SB
32970,Brooklyn,2021,3,20,23,30,104,157501,POINT (988148.6889210109 151103.24158873298),CROPSEY AVENUE BRIDGE,Cropsey Avenue,Dead end,SB
32970,Brooklyn,2021,3,20,23,45,100,157501,POINT (988148.6889210109 151103.24158873298),CROPSEY AVENUE BRIDGE,Cropsey Avenue,Dead end,SB
32970,Brooklyn,2021,3,21,0,0,55,157501,POINT (988148.6889210109 151103.24158873298),CROPSEY AVENUE BRIDGE,Cropsey Avenue,Dead end,SB
32970,Brooklyn,2021,3,21,0,15,60,157501,POINT (988148.6889210109 151103.24158873298),CROPSEY AVENUE BRIDGE,Cropsey Avenue,Dead end,SB
32970,Brooklyn,2021,3,21,0,30,64,157501,POINT (988148.6889210109 151103.24158873298),CROPSEY AVENUE BRIDGE,Cropsey Avenue,Dead end,SB
32970,Brooklyn,2021,3,21,0,45,55,157501,POINT (988148.6889210109 151103.24158873298),CROPSEY AVENUE BRIDGE,Cropsey Avenue,Dead end,SB
32970,Brooklyn,2021,3,21,1,0,63,157501,POINT (988148.6889210109 151103.24158873298),CROPSEY AVENUE BRIDGE,Cropsey Avenue,Dead end,SB
32970,Brooklyn,2021,3,21,1,15,50,157501,POINT (988148.6889210109 151103.24158873298),CROPSEY AVENUE BRIDGE,Cropsey Avenue,Dead end,SB
32970,Brooklyn,2021,3,21,1,30,49,157501,POINT (988148.6889210109 151103.24158873298),CROPSEY AVENUE BRIDGE,Cropsey Avenue,Dead end,SB
32970,Brooklyn,2021,3,21,1,45,46,157501,POINT (988148.6889210109 151103.24158873298),CROPSEY AVENUE BRIDGE,Cropsey Avenue,Dead end,SB
32970,Brooklyn,2021,3,21,2,0,47,157501,POINT (988148.6889210109 151103.24158873298),CROPSEY AVENUE BRIDGE,Cropsey Avenue,Dead end,SB
32970,Brooklyn,2021,3,21,2,15,27,157501,POINT (988148.6889210109 151103.24158873298),CROPSEY AVENUE BRIDGE,Cropsey Avenue,Dead end,SB
32970,Brooklyn,2021,3,21,2,30,26,157501,POINT (988148.6889210109 151103.24158873298),CROPSEY AVENUE BRIDGE,Cropsey Avenue,Dead end,SB
32970,Brooklyn,2021,3,21,2,45,33,157501,POINT (988148.6889210109 151103.24158873298),CROPSEY AVENUE BRIDGE,Cropsey Avenue,Dead end,SB
32970,Brooklyn,2021,3,21,3,0,32,157501,POINT (988148.6889210109 151103.24158873298),CROPSEY AVENUE BRIDGE,Cropsey Avenue,Dead end,SB
32970,Brooklyn,2021,3,21,3,15,32,157501,POINT (988148.6889210109 151103.24158873298),CROPSEY AVENUE BRIDGE,Cropsey Avenue,Dead end,SB
32970,Brooklyn,2021,3,21,3,30,22,157501,POINT (988148.6889210109 151103.24158873298),CROPSEY AVENUE BRIDGE,Cropsey Avenue,Dead end,SB
32970,Brooklyn,2021,3,21,3,45,29,157501,POINT (988148.6889210109 151103.24158873298),CROPSEY AVENUE BRIDGE,Cropsey Avenue,Dead end,SB
32970,Brooklyn,2021,3,21,4,0,33,157501,POINT (988148.6889210109 151103.24158873298),CROPSEY AVENUE BRIDGE,Cropsey Avenue,Dead end,SB
32970,Brooklyn,2021,3,21,4,15,29,157501,POINT (988148.6889210109 151103.24158873298),CROPSEY AVENUE BRIDGE,Cropsey Avenue,Dead end,SB
32970,Brooklyn,2021,3,21,4,30,32,157501,POINT (988148.6889210109 151103.24158873298),CROPSEY AVENUE BRIDGE,Cropsey Avenue,Dead end,SB
32970,Brooklyn,2021,3,21,4,45,50,157501,POINT (988148.6889210109 151103.24158873298),CROPSEY AVENUE BRIDGE,Cropsey Avenue,Dead end,SB
32970,Brooklyn,2021,3,21,5,0,37,157501,POINT (988148.6889210109 151103.24158873298),CROPSEY AVENUE BRIDGE,Cropsey Avenue,Dead end,SB
32970,Brooklyn,2021,3,21,5,15,45,157501,POINT (988148.6889210109 151103.24158873298),CROPSEY AVENUE BRIDGE,Cropsey Avenue,Dead end,SB
32970,Brooklyn,2021,3,21,5,30,64,157501,POINT (988148.6889210109 151103.24158873298),CROPSEY AVENUE BRIDGE,Cropsey Avenue,Dead end,SB
32970,Brooklyn,2021,3,21,5,45,98,157501,POINT (988148.6889210109 151103.24158873298),CROPSEY AVENUE BRIDGE,Cropsey Avenue,Dead end,SB
32970,Brooklyn,2021,3,21,6,0,82,157501,POINT (988148.6889210109 151103.24158873298),CROPSEY AVENUE BRIDGE,Cropsey Avenue,Dead end,SB
32970,Brooklyn,2021,3,21,6,15,77,157501,POINT (988148.6889210109 151103.24158873298),CROPSEY AVENUE BRIDGE,Cropsey Avenue,Dead end,SB
32970,Brooklyn,2021,3,21,6,30,92,157501,POINT (988148.6889210109 151103.24158873298),CROPSEY AVENUE BRIDGE,Cropsey Avenue,Dead end,SB
32970,Brooklyn,2021,3,21,6,45,108,157501,POINT (988148.6889210109 151103.24158873298),CROPSEY AVENUE BRIDGE,Cropsey Avenue,Dead end,SB
32970,Brooklyn,2021,3,21,7,0,87,157501,POINT (988148.6889210109 151103.24158873298),CROPSEY AVENUE BRIDGE,Cropsey Avenue,Dead end,SB
32970,Brooklyn,2021,3,21,7,15,107,157501,POINT (988148.6889210109 151103.24158873298),CROPSEY AVENUE BRIDGE,Cropsey Avenue,Dead end,SB
32970,Brooklyn,2021,3,21,7,30,118,157501,POINT (988148.6889210109 151103.24158873298),CROPSEY AVENUE BRIDGE,Cropsey Avenue,Dead end,SB
32970,Brooklyn,2021,3,21,7,45,139,157501,POINT (988148.6889210109 151103.24158873298),CROPSEY AVENUE BRIDGE,Cropsey Avenue,Dead end,SB
32970,Brooklyn,2021,3,21,8,0,133,157501,POINT (988148.6889210109 151103.24158873298),CROPSEY AVENUE BRIDGE,Cropsey Avenue,Dead end,SB
32970,Brooklyn,2021,3,21,8,15,102,157501,POINT (988148.6889210109 151103.24158873298),CROPSEY AVENUE BRIDGE,Cropsey Avenue,Dead end,SB
32970,Brooklyn,2021,3,21,8,30,129,157501,POINT (988148.6889210109 151103.24158873298),CROPSEY AVENUE BRIDGE,Cropsey Avenue,Dead end,SB
32970,Brooklyn,2021,3,21,8,45,152,157501,POINT (988148.6889210109 151103.24158873298),CROPSEY AVENUE BRIDGE,Cropsey Avenue,Dead end,SB
32970,Brooklyn,2021,3,21,9,0,147,157501,POINT (988148.6889210109 151103.24158873298),CROPSEY AVENUE BRIDGE,Cropsey Avenue,Dead end,SB
32970,Brooklyn,2021,3,21,9,15,164,157501,POINT (988148.6889210109 151103.24158873298),CROPSEY AVENUE BRIDGE,Cropsey Avenue,Dead end,SB
32970,Brooklyn,2021,3,21,9,30,175,157501,POINT (988148.6889210109 151103.24158873298),CROPSEY AVENUE BRIDGE,Cropsey Avenue,Dead end,SB
32970,Brooklyn,2021,3,21,9,45,219,157501,POINT (988148.6889210109 151103.24158873298),CROPSEY AVENUE BRIDGE,Cropsey Avenue,Dead end,SB
32970,Brooklyn,2021,3,21,10,0,203,157501,POINT (988148.6889210109 151103.24158873298),CROPSEY AVENUE BRIDGE,Cropsey Avenue,Dead end,SB
32970,Brooklyn,2021,3,21,10,15,218,157501,POINT (988148.6889210109 151103.24158873298),CROPSEY AVENUE BRIDGE,Cropsey Avenue,Dead end,SB
32970,Brooklyn,2021,3,21,10,30,213,157501,POINT (988148.6889210109 151103.24158873298),CROPSEY AVENUE BRIDGE,Cropsey Avenue,Dead end,SB
32970,Brooklyn,2021,3,21,10,45,244,157501,POINT (988148.6889210109 151103.24158873298),CROPSEY AVENUE BRIDGE,Cropsey Avenue,Dead end,SB
32970,Brooklyn,2021,3,21,11,0,245,157501,POINT (988148.6889210109 151103.24158873298),CROPSEY AVENUE BRIDGE,Cropsey Avenue,Dead end,SB
32970,Brooklyn,2021,3,21,11,15,247,157501,POINT (988148.6889210109 151103.24158873298),CROPSEY AVENUE BRIDGE,Cropsey Avenue,Dead end,SB
32970,Brooklyn,2021,3,21,11,30,240,157501,POINT (988148.6889210109 151103.24158873298),CROPSEY AVENUE BRIDGE,Cropsey Avenue,Dead end,SB
32970,Brooklyn,2021,3,21,11,45,229,157501,POINT (988148.6889210109 151103.24158873298),CROPSEY AVENUE BRIDGE,Cropsey Avenue,Dead end,SB
32970,Brooklyn,2021,3,21,12,0,200,157501,POINT (988148.6889210109 151103.24158873298),CROPSEY AVENUE BRIDGE,Cropsey Avenue,Dead end,SB
32970,Brooklyn,2021,3,21,12,15,252,157501,POINT (988148.6889210109 151103.24158873298),CROPSEY AVENUE BRIDGE,Cropsey Avenue,Dead end,SB
32970,Brooklyn,2021,3,21,12,30,265,157501,POINT (988148.6889210109 151103.24158873298),CROPSEY AVENUE BRIDGE,Cropsey Avenue,Dead end,SB
32970,Brooklyn,2021,3,21,12,45,260,157501,POINT (988148.6889210109 151103.24158873298),CROPSEY AVENUE BRIDGE,Cropsey Avenue,Dead end,SB
32970,Brooklyn,2021,3,21,13,0,244,157501,POINT (988148.6889210109 151103.24158873298),CROPSEY AVENUE BRIDGE,Cropsey Avenue,Dead end,SB
32970,Brooklyn,2021,3,21,13,15,269,157501,POINT (988148.6889210109 151103.24158873298),CROPSEY AVENUE BRIDGE,Cropsey Avenue,Dead end,SB
32970,Brooklyn,2021,3,21,13,30,269,157501,POINT (988148.6889210109 151103.24158873298),CROPSEY AVENUE BRIDGE,Cropsey Avenue,Dead end,SB
32970,Brooklyn,2021,3,21,13,45,311,157501,POINT (988148.6889210109 151103.24158873298),CROPSEY AVENUE BRIDGE,Cropsey Avenue,Dead end,SB
32970,Brooklyn,2021,3,21,14,0,276,157501,POINT (988148.6889210109 151103.24158873298),CROPSEY AVENUE BRIDGE,Cropsey Avenue,Dead end,SB
32970,Brooklyn,2021,3,21,14,15,280,157501,POINT (988148.6889210109 151103.24158873298),CROPSEY AVENUE BRIDGE,Cropsey Avenue,Dead end,SB
32970,Brooklyn,2021,3,21,14,30,309,157501,POINT (988148.6889210109 151103.24158873298),CROPSEY AVENUE BRIDGE,Cropsey Avenue,Dead end,SB
32970,Brooklyn,2021,3,21,14,45,297,157501,POINT (988148.6889210109 151103.24158873298),CROPSEY AVENUE BRIDGE,Cropsey Avenue,Dead end,SB
32970,Brooklyn,2021,3,21,15,0,285,157501,POINT (988148.6889210109 151103.24158873298),CROPSEY AVENUE BRIDGE,Cropsey Avenue,Dead end,SB
32970,Brooklyn,2021,3,21,15,15,286,157501,POINT (988148.6889210109 151103.24158873298),CROPSEY AVENUE BRIDGE,Cropsey Avenue,Dead end,SB
32970,Brooklyn,2021,3,21,15,30,288,157501,POINT (988148.6889210109 151103.24158873298),CROPSEY AVENUE BRIDGE,Cropsey Avenue,Dead end,SB
32970,Brooklyn,2021,3,21,15,45,272,157501,POINT (988148.6889210109 151103.24158873298),CROPSEY AVENUE BRIDGE,Cropsey Avenue,Dead end,SB
32970,Brooklyn,2021,3,21,16,0,262,157501,POINT (988148.6889210109 151103.24158873298),CROPSEY AVENUE BRIDGE,Cropsey Avenue,Dead end,SB
32970,Brooklyn,2021,3,21,16,15,265,157501,POINT (988148.6889210109 151103.24158873298),CROPSEY AVENUE BRIDGE,Cropsey Avenue,Dead end,SB
32970,Brooklyn,2021,3,21,16,30,275,157501,POINT (988148.6889210109 151103.24158873298),CROPSEY AVENUE BRIDGE,Cropsey Avenue,Dead end,SB
32970,Brooklyn,2021,3,21,16,45,248,157501,POINT (988148.6889210109 151103.24158873298),CROPSEY AVENUE BRIDGE,Cropsey Avenue,Dead end,SB
32970,Brooklyn,2021,3,21,17,0,264,157501,POINT (988148.6889210109 151103.24158873298),CROPSEY AVENUE BRIDGE,Cropsey Avenue,Dead end,SB
32970,Brooklyn,2021,3,21,17,15,241,157501,POINT (988148.6889210109 151103.24158873298),CROPSEY AVENUE BRIDGE,Cropsey Avenue,Dead end,SB
32970,Brooklyn,2021,3,21,17,30,210,157501,POINT (988148.6889210109 151103.24158873298),CROPSEY AVENUE BRIDGE,Cropsey Avenue,Dead end,SB
32970,Brooklyn,2021,3,21,17,45,229,157501,POINT (988148.6889210109 151103.24158873298),CROPSEY AVENUE BRIDGE,Cropsey Avenue,Dead end,SB
32970,Brooklyn,2021,3,21,18,0,233,157501,POINT (988148.6889210109 151103.24158873298),CROPSEY AVENUE BRIDGE,Cropsey Avenue,Dead end,SB
32970,Brooklyn,2021,3,21,18,15,225,157501,POINT (988148.6889210109 151103.24158873298),CROPSEY AVENUE BRIDGE,Cropsey Avenue,Dead end,SB
32970,Brooklyn,2021,3,21,18,30,245,157501,POINT (988148.6889210109 151103.24158873298),CROPSEY AVENUE BRIDGE,Cropsey Avenue,Dead end,SB
32970,Brooklyn,2021,3,21,18,45,242,157501,POINT (988148.6889210109 151103.24158873298),CROPSEY AVENUE BRIDGE,Cropsey Avenue,Dead end,SB
32970,Brooklyn,2021,3,21,19,0,208,157501,POINT (988148.6889210109 151103.24158873298),CROPSEY AVENUE BRIDGE,Cropsey Avenue,Dead end,SB
32970,Brooklyn,2021,3,21,19,15,216,157501,POINT (988148.6889210109 151103.24158873298),CROPSEY AVENUE BRIDGE,Cropsey Avenue,Dead end,SB
32970,Brooklyn,2021,3,21,19,30,207,157501,POINT (988148.6889210109 151103.24158873298),CROPSEY AVENUE BRIDGE,Cropsey Avenue,Dead end,SB
32970,Brooklyn,2021,3,21,19,45,159,157501,POINT (988148.6889210109 151103.24158873298),CROPSEY AVENUE BRIDGE,Cropsey Avenue,Dead end,SB
32970,Brooklyn,2021,3,21,20,0,171,157501,POINT (988148.6889210109 151103.24158873298),CROPSEY AVENUE BRIDGE,Cropsey Avenue,Dead end,SB
32970,Brooklyn,2021,3,21,20,15,126,157501,POINT (988148.6889210109 151103.24158873298),CROPSEY AVENUE BRIDGE,Cropsey Avenue,Dead end,SB
32970,Brooklyn,2021,3,21,20,30,153,157501,POINT (988148.6889210109 151103.24158873298),CROPSEY AVENUE BRIDGE,Cropsey Avenue,Dead end,SB
32970,Brooklyn,2021,3,21,20,45,140,157501,POINT (988148.6889210109 151103.24158873298),CROPSEY AVENUE BRIDGE,Cropsey Avenue,Dead end,SB
32970,Brooklyn,2021,3,21,21,0,151,157501,POINT (988148.6889210109 151103.24158873298),CROPSEY AVENUE BRIDGE,Cropsey Avenue,Dead end,SB
32970,Brooklyn,2021,3,21,21,15,142,157501,POINT (988148.6889210109 151103.24158873298),CROPSEY AVENUE BRIDGE,Cropsey Avenue,Dead end,SB
32970,Brooklyn,2021,3,21,21,30,108,157501,POINT (988148.6889210109 151103.24158873298),CROPSEY AVENUE BRIDGE,Cropsey Avenue,Dead end,SB
32970,Brooklyn,2021,3,21,21,45,108,157501,POINT (988148.6889210109 151103.24158873298),CROPSEY AVENUE BRIDGE,Cropsey Avenue,Dead end,SB
32970,Brooklyn,2021,3,21,22,0,100,157501,POINT (988148.6889210109 151103.24158873298),CROPSEY AVENUE BRIDGE,Cropsey Avenue,Dead end,SB
32970,Brooklyn,2021,3,21,22,15,105,157501,POINT (988148.6889210109 151103.24158873298),CROPSEY AVENUE BRIDGE,Cropsey Avenue,Dead end,SB
32970,Brooklyn,2021,3,21,22,30,117,157501,POINT (988148.6889210109 151103.24158873298),CROPSEY AVENUE BRIDGE,Cropsey Avenue,Dead end,SB
32970,Brooklyn,2021,3,21,22,45,87,157501,POINT (988148.6889210109 151103.24158873298),CROPSEY AVENUE BRIDGE,Cropsey Avenue,Dead end,SB
32970,Brooklyn,2021,3,21,23,0,85,157501,POINT (988148.6889210109 151103.24158873298),CROPSEY AVENUE BRIDGE,Cropsey Avenue,Dead end,SB
32970,Brooklyn,2021,3,21,23,15,74,157501,POINT (988148.6889210109 151103.24158873298),CROPSEY AVENUE BRIDGE,Cropsey Avenue,Dead end,SB
32970,Brooklyn,2021,3,21,23,30,67,157501,POINT (988148.6889210109 151103.24158873298),CROPSEY AVENUE BRIDGE,Cropsey Avenue,Dead end,SB
32970,Brooklyn,2021,3,21,23,45,35,157501,POINT (988148.6889210109 151103.24158873298),CROPSEY AVENUE BRIDGE,Cropsey Avenue,Dead end,SB
32970,Brooklyn,2021,3,22,0,0,50,157501,POINT (988148.6889210109 151103.24158873298),CROPSEY AVENUE BRIDGE,Cropsey Avenue,Dead end,SB
32970,Brooklyn,2021,3,22,0,15,26,157501,POINT (988148.6889210109 151103.24158873298),CROPSEY AVENUE BRIDGE,Cropsey Avenue,Dead end,SB
32970,Brooklyn,2021,3,22,0,30,36,157501,POINT (988148.6889210109 151103.24158873298),CROPSEY AVENUE BRIDGE,Cropsey Avenue,Dead end,SB
32970,Brooklyn,2021,3,22,0,45,37,157501,POINT (988148.6889210109 151103.24158873298),CROPSEY AVENUE BRIDGE,Cropsey Avenue,Dead end,SB
32970,Brooklyn,2021,3,22,1,0,25,157501,POINT (988148.6889210109 151103.24158873298),CROPSEY AVENUE BRIDGE,Cropsey Avenue,Dead end,SB
32970,Brooklyn,2021,3,22,1,15,35,157501,POINT (988148.6889210109 151103.24158873298),CROPSEY AVENUE BRIDGE,Cropsey Avenue,Dead end,SB
32970,Brooklyn,2021,3,22,1,30,19,157501,POINT (988148.6889210109 151103.24158873298),CROPSEY AVENUE BRIDGE,Cropsey Avenue,Dead end,SB
32970,Brooklyn,2021,3,22,1,45,15,157501,POINT (988148.6889210109 151103.24158873298),CROPSEY AVENUE BRIDGE,Cropsey Avenue,Dead end,SB
32970,Brooklyn,2021,3,22,2,0,19,157501,POINT (988148.6889210109 151103.24158873298),CROPSEY AVENUE BRIDGE,Cropsey Avenue,Dead end,SB
32970,Brooklyn,2021,3,22,2,15,23,157501,POINT (988148.6889210109 151103.24158873298),CROPSEY AVENUE BRIDGE,Cropsey Avenue,Dead end,SB
32970,Brooklyn,2021,3,22,2,30,18,157501,POINT (988148.6889210109 151103.24158873298),CROPSEY AVENUE BRIDGE,Cropsey Avenue,Dead end,SB
32970,Brooklyn,2021,3,22,2,45,27,157501,POINT (988148.6889210109 151103.24158873298),CROPSEY AVENUE BRIDGE,Cropsey Avenue,Dead end,SB
32970,Brooklyn,2021,3,22,3,0,29,157501,POINT (988148.6889210109 151103.24158873298),CROPSEY AVENUE BRIDGE,Cropsey Avenue,Dead end,SB
32970,Brooklyn,2021,3,22,3,15,38,157501,POINT (988148.6889210109 151103.24158873298),CROPSEY AVENUE BRIDGE,Cropsey Avenue,Dead end,SB
32970,Brooklyn,2021,3,22,3,30,50,157501,POINT (988148.6889210109 151103.24158873298),CROPSEY AVENUE BRIDGE,Cropsey Avenue,Dead end,SB
32970,Brooklyn,2021,3,22,3,45,49,157501,POINT (988148.6889210109 151103.24158873298),CROPSEY AVENUE BRIDGE,Cropsey Avenue,Dead end,SB
32970,Brooklyn,2021,3,22,4,0,52,157501,POINT (988148.6889210109 151103.24158873298),CROPSEY AVENUE BRIDGE,Cropsey Avenue,Dead end,SB
32970,Brooklyn,2021,3,22,4,15,78,157501,POINT (988148.6889210109 151103.24158873298),CROPSEY AVENUE BRIDGE,Cropsey Avenue,Dead end,SB
32970,Brooklyn,2021,3,22,4,30,85,157501,POINT (988148.6889210109 151103.24158873298),CROPSEY AVENUE BRIDGE,Cropsey Avenue,Dead end,SB
32970,Brooklyn,2021,3,22,4,45,116,157501,POINT (988148.6889210109 151103.24158873298),CROPSEY AVENUE BRIDGE,Cropsey Avenue,Dead end,SB
32970,Brooklyn,2021,3,22,5,0,130,157501,POINT (988148.6889210109 151103.24158873298),CROPSEY AVENUE BRIDGE,Cropsey Avenue,Dead end,SB
32970,Brooklyn,2021,3,22,5,15,173,157501,POINT (988148.6889210109 151103.24158873298),CROPSEY AVENUE BRIDGE,Cropsey Avenue,Dead end,SB
32970,Brooklyn,2021,3,22,5,30,213,157501,POINT (988148.6889210109 151103.24158873298),CROPSEY AVENUE BRIDGE,Cropsey Avenue,Dead end,SB
32970,Brooklyn,2021,3,22,5,45,240,157501,POINT (988148.6889210109 151103.24158873298),CROPSEY AVENUE BRIDGE,Cropsey Avenue,Dead end,SB
32970,Brooklyn,2021,3,22,6,0,225,157501,POINT (988148.6889210109 151103.24158873298),CROPSEY AVENUE BRIDGE,Cropsey Avenue,Dead end,SB
32970,Brooklyn,2021,3,22,6,15,261,157501,POINT (988148.6889210109 151103.24158873298),CROPSEY AVENUE BRIDGE,Cropsey Avenue,Dead end,SB
32970,Brooklyn,2021,3,22,6,30,244,157501,POINT (988148.6889210109 151103.24158873298),CROPSEY AVENUE BRIDGE,Cropsey Avenue,Dead end,SB
32970,Brooklyn,2021,3,22,6,45,312,157501,POINT (988148.6889210109 151103.24158873298),CROPSEY AVENUE BRIDGE,Cropsey Avenue,Dead end,SB
32970,Queens,2021,3,4,7,30,9,177615,POINT (1028931.8143046284 215115.26618027306),ROOSEVELT AVENUE BRIDGE,Flushing Line,Flushing Line,EB
32970,Queens,2021,3,4,7,45,111,177615,POINT (1028931.8143046284 215115.26618027306),ROOSEVELT AVENUE BRIDGE,Flushing Line,Flushing Line,EB
32970,Queens,2021,3,4,8,0,77,177615,POINT (1028931.8143046284 215115.26618027306),ROOSEVELT AVENUE BRIDGE,Flushing Line,Flushing Line,EB
32970,Queens,2021,3,4,8,15,77,177615,POINT (1028931.8143046284 215115.26618027306),ROOSEVELT AVENUE BRIDGE,Flushing Line,Flushing Line,EB
32970,Queens,2021,3,4,8,30,92,177615,POINT (1028931.8143046284 215115.26618027306),ROOSEVELT AVENUE BRIDGE,Flushing Line,Flushing Line,EB
32970,Queens,2021,3,4,8,45,99,177615,POINT (1028931.8143046284 215115.26618027306),ROOSEVELT AVENUE BRIDGE,Flushing Line,Flushing Line,EB
32970,Queens,2021,3,4,9,0,75,177615,POINT (1028931.8143046284 215115.26618027306),ROOSEVELT AVENUE BRIDGE,Flushing Line,Flushing Line,EB
32970,Queens,2021,3,4,9,15,103,177615,POINT (1028931.8143046284 215115.26618027306),ROOSEVELT AVENUE BRIDGE,Flushing Line,Flushing Line,EB
32970,Queens,2021,3,4,9,30,111,177615,POINT (1028931.8143046284 215115.26618027306),ROOSEVELT AVENUE BRIDGE,Flushing Line,Flushing Line,EB
32970,Queens,2021,3,4,9,45,93,177615,POINT (1028931.8143046284 215115.26618027306),ROOSEVELT AVENUE BRIDGE,Flushing Line,Flushing Line,EB
32970,Queens,2021,3,4,10,0,94,177615,POINT (1028931.8143046284 215115.26618027306),ROOSEVELT AVENUE BRIDGE,Flushing Line,Flushing Line,EB
32970,Queens,2021,3,4,10,15,88,177615,POINT (1028931.8143046284 215115.26618027306),ROOSEVELT AVENUE BRIDGE,Flushing Line,Flushing Line,EB
32970,Queens,2021,3,4,10,30,107,177615,POINT (1028931.8143046284 215115.26618027306),ROOSEVELT AVENUE BRIDGE,Flushing Line,Flushing Line,EB
32970,Queens,2021,3,4,10,45,94,177615,POINT (1028931.8143046284 215115.26618027306),ROOSEVELT AVENUE BRIDGE,Flushing Line,Flushing Line,EB
32970,Queens,2021,3,4,11,0,102,177615,POINT (1028931.8143046284 215115.26618027306),ROOSEVELT AVENUE BRIDGE,Flushing Line,Flushing Line,EB
32970,Queens,2021,3,4,11,15,112,177615,POINT (1028931.8143046284 215115.26618027306),ROOSEVELT AVENUE BRIDGE,Flushing Line,Flushing Line,EB
32970,Queens,2021,3,4,11,30,70,177615,POINT (1028931.8143046284 215115.26618027306),ROOSEVELT AVENUE BRIDGE,Flushing Line,Flushing Line,EB
32970,Queens,2021,3,4,11,45,83,177615,POINT (1028931.8143046284 215115.26618027306),ROOSEVELT AVENUE BRIDGE,Flushing Line,Flushing Line,EB
32970,Queens,2021,3,4,12,0,125,177615,POINT (1028931.8143046284 215115.26618027306),ROOSEVELT AVENUE BRIDGE,Flushing Line,Flushing Line,EB
32970,Queens,2021,3,4,12,15,125,177615,POINT (1028931.8143046284 215115.26618027306),ROOSEVELT AVENUE BRIDGE,Flushing Line,Flushing Line,EB
32970,Queens,2021,3,4,12,30,124,177615,POINT (1028931.8143046284 215115.26618027306),ROOSEVELT AVENUE BRIDGE,Flushing Line,Flushing Line,EB
32970,Queens,2021,3,4,12,45,103,177615,POINT (1028931.8143046284 215115.26618027306),ROOSEVELT AVENUE BRIDGE,Flushing Line,Flushing Line,EB
32970,Queens,2021,3,4,13,0,94,177615,POINT (1028931.8143046284 215115.26618027306),ROOSEVELT AVENUE BRIDGE,Flushing Line,Flushing Line,EB
32970,Queens,2021,3,4,13,15,91,177615,POINT (1028931.8143046284 215115.26618027306),ROOSEVELT AVENUE BRIDGE,Flushing Line,Flushing Line,EB
32970,Queens,2021,3,4,13,30,106,177615,POINT (1028931.8143046284 215115.26618027306),ROOSEVELT AVENUE BRIDGE,Flushing Line,Flushing Line,EB
32970,Queens,2021,3,4,13,45,124,177615,POINT (1028931.8143046284 215115.26618027306),ROOSEVELT AVENUE BRIDGE,Flushing Line,Flushing Line,EB
32970,Queens,2021,3,4,14,0,108,177615,POINT (1028931.8143046284 215115.26618027306),ROOSEVELT AVENUE BRIDGE,Flushing Line,Flushing Line,EB
32970,Queens,2021,3,4,14,15,112,177615,POINT (1028931.8143046284 215115.26618027306),ROOSEVELT AVENUE BRIDGE,Flushing Line,Flushing Line,EB
32970,Queens,2021,3,4,14,30,118,177615,POINT (1028931.8143046284 215115.26618027306),ROOSEVELT AVENUE BRIDGE,Flushing Line,Flushing Line,EB
32970,Queens,2021,3,4,14,45,120,177615,POINT (1028931.8143046284 215115.26618027306),ROOSEVELT AVENUE BRIDGE,Flushing Line,Flushing Line,EB
32970,Queens,2021,3,4,15,0,119,177615,POINT (1028931.8143046284 215115.26618027306),ROOSEVELT AVENUE BRIDGE,Flushing Line,Flushing Line,EB
32970,Queens,2021,3,4,15,15,113,177615,POINT (1028931.8143046284 215115.26618027306),ROOSEVELT AVENUE BRIDGE,Flushing Line,Flushing Line,EB
32970,Queens,2021,3,4,15,30,104,177615,POINT (1028931.8143046284 215115.26618027306),ROOSEVELT AVENUE BRIDGE,Flushing Line,Flushing Line,EB
32970,Queens,2021,3,4,15,45,140,177615,POINT (1028931.8143046284 215115.26618027306),ROOSEVELT AVENUE BRIDGE,Flushing Line,Flushing Line,EB
32970,Queens,2021,3,4,16,0,147,177615,POINT (1028931.8143046284 215115.26618027306),ROOSEVELT AVENUE BRIDGE,Flushing Line,Flushing Line,EB
32970,Queens,2021,3,4,16,15,125,177615,POINT (1028931.8143046284 215115.26618027306),ROOSEVELT AVENUE BRIDGE,Flushing Line,Flushing Line,EB
32970,Queens,2021,3,4,16,30,128,177615,POINT (1028931.8143046284 215115.26618027306),ROOSEVELT AVENUE BRIDGE,Flushing Line,Flushing Line,EB
32970,Queens,2021,3,4,16,45,118,177615,POINT (1028931.8143046284 215115.26618027306),ROOSEVELT AVENUE BRIDGE,Flushing Line,Flushing Line,EB
32970,Queens,2021,3,4,17,0,158,177615,POINT (1028931.8143046284 215115.26618027306),ROOSEVELT AVENUE BRIDGE,Flushing Line,Flushing Line,EB
32970,Queens,2021,3,4,17,15,130,177615,POINT (1028931.8143046284 215115.26618027306),ROOSEVELT AVENUE BRIDGE,Flushing Line,Flushing Line,EB
32970,Queens,2021,3,4,17,30,157,177615,POINT (1028931.8143046284 215115.26618027306),ROOSEVELT AVENUE BRIDGE,Flushing Line,Flushing Line,EB
32970,Queens,2021,3,4,17,45,151,177615,POINT (1028931.8143046284 215115.26618027306),ROOSEVELT AVENUE BRIDGE,Flushing Line,Flushing Line,EB
32970,Queens,2021,3,4,18,0,148,177615,POINT (1028931.8143046284 215115.26618027306),ROOSEVELT AVENUE BRIDGE,Flushing Line,Flushing Line,EB
32970,Queens,2021,3,4,18,15,126,177615,POINT (1028931.8143046284 215115.26618027306),ROOSEVELT AVENUE BRIDGE,Flushing Line,Flushing Line,EB
32970,Queens,2021,3,4,18,30,110,177615,POINT (1028931.8143046284 215115.26618027306),ROOSEVELT AVENUE BRIDGE,Flushing Line,Flushing Line,EB
32970,Queens,2021,3,4,18,45,99,177615,POINT (1028931.8143046284 215115.26618027306),ROOSEVELT AVENUE BRIDGE,Flushing Line,Flushing Line,EB
32970,Queens,2021,3,4,19,0,104,177615,POINT (1028931.8143046284 215115.26618027306),ROOSEVELT AVENUE BRIDGE,Flushing Line,Flushing Line,EB
32970,Queens,2021,3,4,19,15,84,177615,POINT (1028931.8143046284 215115.26618027306),ROOSEVELT AVENUE BRIDGE,Flushing Line,Flushing Line,EB
32970,Queens,2021,3,4,19,30,94,177615,POINT (1028931.8143046284 215115.26618027306),ROOSEVELT AVENUE BRIDGE,Flushing Line,Flushing Line,EB
32970,Queens,2021,3,4,19,45,81,177615,POINT (1028931.8143046284 215115.26618027306),ROOSEVELT AVENUE BRIDGE,Flushing Line,Flushing Line,EB
32970,Queens,2021,3,4,20,0,74,177615,POINT (1028931.8143046284 215115.26618027306),ROOSEVELT AVENUE BRIDGE,Flushing Line,Flushing Line,EB
32970,Queens,2021,3,4,20,15,71,177615,POINT (1028931.8143046284 215115.26618027306),ROOSEVELT AVENUE BRIDGE,Flushing Line,Flushing Line,EB
32970,Queens,2021,3,4,20,30,55,177615,POINT (1028931.8143046284 215115.26618027306),ROOSEVELT AVENUE BRIDGE,Flushing Line,Flushing Line,EB
32970,Queens,2021,3,4,20,45,67,177615,POINT (1028931.8143046284 215115.26618027306),ROOSEVELT AVENUE BRIDGE,Flushing Line,Flushing Line,EB
32970,Queens,2021,3,4,21,0,38,177615,POINT (1028931.8143046284 215115.26618027306),ROOSEVELT AVENUE BRIDGE,Flushing Line,Flushing Line,EB
32970,Queens,2021,3,4,21,15,61,177615,POINT (1028931.8143046284 215115.26618027306),ROOSEVELT AVENUE BRIDGE,Flushing Line,Flushing Line,EB
32970,Queens,2021,3,4,21,30,57,177615,POINT (1028931.8143046284 215115.26618027306),ROOSEVELT AVENUE BRIDGE,Flushing Line,Flushing Line,EB
32970,Queens,2021,3,4,21,45,62,177615,POINT (1028931.8143046284 215115.26618027306),ROOSEVELT AVENUE BRIDGE,Flushing Line,Flushing Line,EB
32970,Queens,2021,3,4,22,0,35,177615,POINT (1028931.8143046284 215115.26618027306),ROOSEVELT AVENUE BRIDGE,Flushing Line,Flushing Line,EB
32970,Queens,2021,3,4,22,15,44,177615,POINT (1028931.8143046284 215115.26618027306),ROOSEVELT AVENUE BRIDGE,Flushing Line,Flushing Line,EB
32970,Queens,2021,3,4,22,30,38,177615,POINT (1028931.8143046284 215115.26618027306),ROOSEVELT AVENUE BRIDGE,Flushing Line,Flushing Line,EB
32970,Queens,2021,3,4,22,45,31,177615,POINT (1028931.8143046284 215115.26618027306),ROOSEVELT AVENUE BRIDGE,Flushing Line,Flushing Line,EB
32970,Queens,2021,3,4,23,0,32,177615,POINT (1028931.8143046284 215115.26618027306),ROOSEVELT AVENUE BRIDGE,Flushing Line,Flushing Line,EB
32970,Queens,2021,3,4,23,15,37,177615,POINT (1028931.8143046284 215115.26618027306),ROOSEVELT AVENUE BRIDGE,Flushing Line,Flushing Line,EB
32970,Queens,2021,3,4,23,30,36,177615,POINT (1028931.8143046284 215115.26618027306),ROOSEVELT AVENUE BRIDGE,Flushing Line,Flushing Line,EB
32970,Queens,2021,3,4,23,45,23,177615,POINT (1028931.8143046284 215115.26618027306),ROOSEVELT AVENUE BRIDGE,Flushing Line,Flushing Line,EB
32970,Queens,2021,3,5,0,0,20,177615,POINT (1028931.8143046284 215115.26618027306),ROOSEVELT AVENUE BRIDGE,Flushing Line,Flushing Line,EB
32970,Queens,2021,3,5,0,15,24,177615,POINT (1028931.8143046284 215115.26618027306),ROOSEVELT AVENUE BRIDGE,Flushing Line,Flushing Line,EB
32970,Queens,2021,3,5,0,30,20,177615,POINT (1028931.8143046284 215115.26618027306),ROOSEVELT AVENUE BRIDGE,Flushing Line,Flushing Line,EB
32970,Queens,2021,3,5,0,45,16,177615,POINT (1028931.8143046284 215115.26618027306),ROOSEVELT AVENUE BRIDGE,Flushing Line,Flushing Line,EB
32970,Queens,2021,3,5,1,0,19,177615,POINT (1028931.8143046284 215115.26618027306),ROOSEVELT AVENUE BRIDGE,Flushing Line,Flushing Line,EB
32970,Queens,2021,3,5,1,15,14,177615,POINT (1028931.8143046284 215115.26618027306),ROOSEVELT AVENUE BRIDGE,Flushing Line,Flushing Line,EB
32970,Queens,2021,3,5,1,30,13,177615,POINT (1028931.8143046284 215115.26618027306),ROOSEVELT AVENUE BRIDGE,Flushing Line,Flushing Line,EB
32970,Queens,2021,3,5,1,45,11,177615,POINT (1028931.8143046284 215115.26618027306),ROOSEVELT AVENUE BRIDGE,Flushing Line,Flushing Line,EB
32970,Queens,2021,3,5,2,0,9,177615,POINT (1028931.8143046284 215115.26618027306),ROOSEVELT AVENUE BRIDGE,Flushing Line,Flushing Line,EB
32970,Queens,2021,3,5,2,15,11,177615,POINT (1028931.8143046284 215115.26618027306),ROOSEVELT AVENUE BRIDGE,Flushing Line,Flushing Line,EB
32970,Queens,2021,3,5,2,30,13,177615,POINT (1028931.8143046284 215115.26618027306),ROOSEVELT AVENUE BRIDGE,Flushing Line,Flushing Line,EB
32970,Queens,2021,3,5,2,45,5,177615,POINT (1028931.8143046284 215115.26618027306),ROOSEVELT AVENUE BRIDGE,Flushing Line,Flushing Line,EB
32970,Queens,2021,3,5,3,0,15,177615,POINT (1028931.8143046284 215115.26618027306),ROOSEVELT AVENUE BRIDGE,Flushing Line,Flushing Line,EB
32970,Queens,2021,3,5,3,15,8,177615,POINT (1028931.8143046284 215115.26618027306),ROOSEVELT AVENUE BRIDGE,Flushing Line,Flushing Line,EB
32970,Queens,2021,3,5,3,30,8,177615,POINT (1028931.8143046284 215115.26618027306),ROOSEVELT AVENUE BRIDGE,Flushing Line,Flushing Line,EB
32970,Queens,2021,3,5,3,45,17,177615,POINT (1028931.8143046284 215115.26618027306),ROOSEVELT AVENUE BRIDGE,Flushing Line,Flushing Line,EB
32970,Queens,2021,3,5,4,0,12,177615,POINT (1028931.8143046284 215115.26618027306),ROOSEVELT AVENUE BRIDGE,Flushing Line,Flushing Line,EB
32970,Queens,2021,3,5,4,15,14,177615,POINT (1028931.8143046284 215115.26618027306),ROOSEVELT AVENUE BRIDGE,Flushing Line,Flushing Line,EB
32970,Queens,2021,3,5,4,30,17,177615,POINT (1028931.8143046284 215115.26618027306),ROOSEVELT AVENUE BRIDGE,Flushing Line,Flushing Line,EB
32970,Queens,2021,3,5,4,45,15,177615,POINT (1028931.8143046284 215115.26618027306),ROOSEVELT AVENUE BRIDGE,Flushing Line,Flushing Line,EB
32970,Queens,2021,3,5,5,0,12,177615,POINT (1028931.8143046284 215115.26618027306),ROOSEVELT AVENUE BRIDGE,Flushing Line,Flushing Line,EB
32970,Queens,2021,3,5,5,15,23,177615,POINT (1028931.8143046284 215115.26618027306),ROOSEVELT AVENUE BRIDGE,Flushing Line,Flushing Line,EB
32970,Queens,2021,3,5,5,30,31,177615,POINT (1028931.8143046284 215115.26618027306),ROOSEVELT AVENUE BRIDGE,Flushing Line,Flushing Line,EB
32970,Queens,2021,3,5,5,45,37,177615,POINT (1028931.8143046284 215115.26618027306),ROOSEVELT AVENUE BRIDGE,Flushing Line,Flushing Line,EB
32970,Queens,2021,3,5,6,0,44,177615,POINT (1028931.8143046284 215115.26618027306),ROOSEVELT AVENUE BRIDGE,Flushing Line,Flushing Line,EB
32970,Queens,2021,3,5,6,15,36,177615,POINT (1028931.8143046284 215115.26618027306),ROOSEVELT AVENUE BRIDGE,Flushing Line,Flushing Line,EB
32970,Queens,2021,3,5,6,30,43,177615,POINT (1028931.8143046284 215115.26618027306),ROOSEVELT AVENUE BRIDGE,Flushing Line,Flushing Line,EB
32970,Queens,2021,3,5,6,45,62,177615,POINT (1028931.8143046284 215115.26618027306),ROOSEVELT AVENUE BRIDGE,Flushing Line,Flushing Line,EB
32970,Queens,2021,3,5,7,0,67,177615,POINT (1028931.8143046284 215115.26618027306),ROOSEVELT AVENUE BRIDGE,Flushing Line,Flushing Line,EB
32970,Queens,2021,3,5,7,15,68,177615,POINT (1028931.8143046284 215115.26618027306),ROOSEVELT AVENUE BRIDGE,Flushing Line,Flushing Line,EB
32970,Queens,2021,3,5,7,30,69,177615,POINT (1028931.8143046284 215115.26618027306),ROOSEVELT AVENUE BRIDGE,Flushing Line,Flushing Line,EB
32970,Queens,2021,3,5,7,45,79,177615,POINT (1028931.8143046284 215115.26618027306),ROOSEVELT AVENUE BRIDGE,Flushing Line,Flushing Line,EB
32970,Queens,2021,3,5,8,0,75,177615,POINT (1028931.8143046284 215115.26618027306),ROOSEVELT AVENUE BRIDGE,Flushing Line,Flushing Line,EB
32970,Queens,2021,3,5,8,15,87,177615,POINT (1028931.8143046284 215115.26618027306),ROOSEVELT AVENUE BRIDGE,Flushing Line,Flushing Line,EB
32970,Queens,2021,3,5,8,30,83,177615,POINT (1028931.8143046284 215115.26618027306),ROOSEVELT AVENUE BRIDGE,Flushing Line,Flushing Line,EB
32970,Queens,2021,3,5,8,45,106,177615,POINT (1028931.8143046284 215115.26618027306),ROOSEVELT AVENUE BRIDGE,Flushing Line,Flushing Line,EB
32970,Queens,2021,3,5,9,0,100,177615,POINT (1028931.8143046284 215115.26618027306),ROOSEVELT AVENUE BRIDGE,Flushing Line,Flushing Line,EB
32970,Queens,2021,3,5,9,15,93,177615,POINT (1028931.8143046284 215115.26618027306),ROOSEVELT AVENUE BRIDGE,Flushing Line,Flushing Line,EB
32970,Queens,2021,3,5,9,30,118,177615,POINT (1028931.8143046284 215115.26618027306),ROOSEVELT AVENUE BRIDGE,Flushing Line,Flushing Line,EB
32970,Queens,2021,3,5,9,45,112,177615,POINT (1028931.8143046284 215115.26618027306),ROOSEVELT AVENUE BRIDGE,Flushing Line,Flushing Line,EB
32970,Queens,2021,3,5,10,0,92,177615,POINT (1028931.8143046284 215115.26618027306),ROOSEVELT AVENUE BRIDGE,Flushing Line,Flushing Line,EB
32970,Queens,2021,3,5,10,15,106,177615,POINT (1028931.8143046284 215115.26618027306),ROOSEVELT AVENUE BRIDGE,Flushing Line,Flushing Line,EB
32970,Queens,2021,3,5,10,30,91,177615,POINT (1028931.8143046284 215115.26618027306),ROOSEVELT AVENUE BRIDGE,Flushing Line,Flushing Line,EB
32970,Queens,2021,3,5,10,45,106,177615,POINT (1028931.8143046284 215115.26618027306),ROOSEVELT AVENUE BRIDGE,Flushing Line,Flushing Line,EB
32970,Queens,2021,3,5,11,0,115,177615,POINT (1028931.8143046284 215115.26618027306),ROOSEVELT AVENUE BRIDGE,Flushing Line,Flushing Line,EB
32970,Queens,2021,3,5,11,15,122,177615,POINT (1028931.8143046284 215115.26618027306),ROOSEVELT AVENUE BRIDGE,Flushing Line,Flushing Line,EB
32970,Queens,2021,3,5,11,30,86,177615,POINT (1028931.8143046284 215115.26618027306),ROOSEVELT AVENUE BRIDGE,Flushing Line,Flushing Line,EB
32970,Queens,2021,3,5,11,45,121,177615,POINT (1028931.8143046284 215115.26618027306),ROOSEVELT AVENUE BRIDGE,Flushing Line,Flushing Line,EB
32970,Queens,2021,3,5,12,0,114,177615,POINT (1028931.8143046284 215115.26618027306),ROOSEVELT AVENUE BRIDGE,Flushing Line,Flushing Line,EB
32970,Queens,2021,3,5,12,15,112,177615,POINT (1028931.8143046284 215115.26618027306),ROOSEVELT AVENUE BRIDGE,Flushing Line,Flushing Line,EB
32970,Queens,2021,3,5,12,30,103,177615,POINT (1028931.8143046284 215115.26618027306),ROOSEVELT AVENUE BRIDGE,Flushing Line,Flushing Line,EB
32970,Queens,2021,3,5,12,45,95,177615,POINT (1028931.8143046284 215115.26618027306),ROOSEVELT AVENUE BRIDGE,Flushing Line,Flushing Line,EB
32970,Queens,2021,3,5,13,0,91,177615,POINT (1028931.8143046284 215115.26618027306),ROOSEVELT AVENUE BRIDGE,Flushing Line,Flushing Line,EB
32970,Queens,2021,3,5,13,15,109,177615,POINT (1028931.8143046284 215115.26618027306),ROOSEVELT AVENUE BRIDGE,Flushing Line,Flushing Line,EB
32970,Queens,2021,3,5,13,30,102,177615,POINT (1028931.8143046284 215115.26618027306),ROOSEVELT AVENUE BRIDGE,Flushing Line,Flushing Line,EB
32970,Queens,2021,3,5,13,45,110,177615,POINT (1028931.8143046284 215115.26618027306),ROOSEVELT AVENUE BRIDGE,Flushing Line,Flushing Line,EB
32970,Queens,2021,3,5,14,0,110,177615,POINT (1028931.8143046284 215115.26618027306),ROOSEVELT AVENUE BRIDGE,Flushing Line,Flushing Line,EB
32970,Queens,2021,3,5,14,15,134,177615,POINT (1028931.8143046284 215115.26618027306),ROOSEVELT AVENUE BRIDGE,Flushing Line,Flushing Line,EB
32970,Queens,2021,3,5,14,30,143,177615,POINT (1028931.8143046284 215115.26618027306),ROOSEVELT AVENUE BRIDGE,Flushing Line,Flushing Line,EB
32970,Queens,2021,3,5,14,45,133,177615,POINT (1028931.8143046284 215115.26618027306),ROOSEVELT AVENUE BRIDGE,Flushing Line,Flushing Line,EB
32970,Queens,2021,3,5,15,0,131,177615,POINT (1028931.8143046284 215115.26618027306),ROOSEVELT AVENUE BRIDGE,Flushing Line,Flushing Line,EB
32970,Queens,2021,3,5,15,15,110,177615,POINT (1028931.8143046284 215115.26618027306),ROOSEVELT AVENUE BRIDGE,Flushing Line,Flushing Line,EB
32970,Queens,2021,3,5,15,30,136,177615,POINT (1028931.8143046284 215115.26618027306),ROOSEVELT AVENUE BRIDGE,Flushing Line,Flushing Line,EB
32970,Queens,2021,3,5,15,45,152,177615,POINT (1028931.8143046284 215115.26618027306),ROOSEVELT AVENUE BRIDGE,Flushing Line,Flushing Line,EB
32970,Queens,2021,3,5,16,0,143,177615,POINT (1028931.8143046284 215115.26618027306),ROOSEVELT AVENUE BRIDGE,Flushing Line,Flushing Line,EB
32970,Queens,2021,3,5,16,15,129,177615,POINT (1028931.8143046284 215115.26618027306),ROOSEVELT AVENUE BRIDGE,Flushing Line,Flushing Line,EB
32970,Queens,2021,3,5,16,30,136,177615,POINT (1028931.8143046284 215115.26618027306),ROOSEVELT AVENUE BRIDGE,Flushing Line,Flushing Line,EB
32970,Queens,2021,3,5,16,45,146,177615,POINT (1028931.8143046284 215115.26618027306),ROOSEVELT AVENUE BRIDGE,Flushing Line,Flushing Line,EB
32970,Queens,2021,3,5,17,0,150,177615,POINT (1028931.8143046284 215115.26618027306),ROOSEVELT AVENUE BRIDGE,Flushing Line,Flushing Line,EB
32970,Queens,2021,3,5,17,15,155,177615,POINT (1028931.8143046284 215115.26618027306),ROOSEVELT AVENUE BRIDGE,Flushing Line,Flushing Line,EB
32970,Queens,2021,3,5,17,30,134,177615,POINT (1028931.8143046284 215115.26618027306),ROOSEVELT AVENUE BRIDGE,Flushing Line,Flushing Line,EB
32970,Queens,2021,3,5,17,45,163,177615,POINT (1028931.8143046284 215115.26618027306),ROOSEVELT AVENUE BRIDGE,Flushing Line,Flushing Line,EB
32970,Queens,2021,3,5,18,0,178,177615,POINT (1028931.8143046284 215115.26618027306),ROOSEVELT AVENUE BRIDGE,Flushing Line,Flushing Line,EB
32970,Queens,2021,3,5,18,15,147,177615,POINT (1028931.8143046284 215115.26618027306),ROOSEVELT AVENUE BRIDGE,Flushing Line,Flushing Line,EB
32970,Queens,2021,3,5,18,30,146,177615,POINT (1028931.8143046284 215115.26618027306),ROOSEVELT AVENUE BRIDGE,Flushing Line,Flushing Line,EB
32970,Queens,2021,3,5,18,45,141,177615,POINT (1028931.8143046284 215115.26618027306),ROOSEVELT AVENUE BRIDGE,Flushing Line,Flushing Line,EB
32970,Queens,2021,3,5,19,0,133,177615,POINT (1028931.8143046284 215115.26618027306),ROOSEVELT AVENUE BRIDGE,Flushing Line,Flushing Line,EB
32970,Queens,2021,3,5,19,15,116,177615,POINT (1028931.8143046284 215115.26618027306),ROOSEVELT AVENUE BRIDGE,Flushing Line,Flushing Line,EB
32970,Queens,2021,3,5,19,30,91,177615,POINT (1028931.8143046284 215115.26618027306),ROOSEVELT AVENUE BRIDGE,Flushing Line,Flushing Line,EB
32970,Queens,2021,3,5,19,45,90,177615,POINT (1028931.8143046284 215115.26618027306),ROOSEVELT AVENUE BRIDGE,Flushing Line,Flushing Line,EB
32970,Queens,2021,3,5,20,0,94,177615,POINT (1028931.8143046284 215115.26618027306),ROOSEVELT AVENUE BRIDGE,Flushing Line,Flushing Line,EB
32970,Queens,2021,3,5,20,15,91,177615,POINT (1028931.8143046284 215115.26618027306),ROOSEVELT AVENUE BRIDGE,Flushing Line,Flushing Line,EB
32970,Queens,2021,3,5,20,30,71,177615,POINT (1028931.8143046284 215115.26618027306),ROOSEVELT AVENUE BRIDGE,Flushing Line,Flushing Line,EB
32970,Queens,2021,3,5,20,45,75,177615,POINT (1028931.8143046284 215115.26618027306),ROOSEVELT AVENUE BRIDGE,Flushing Line,Flushing Line,EB
32970,Queens,2021,3,5,21,0,57,177615,POINT (1028931.8143046284 215115.26618027306),ROOSEVELT AVENUE BRIDGE,Flushing Line,Flushing Line,EB
32970,Queens,2021,3,5,21,15,58,177615,POINT (1028931.8143046284 215115.26618027306),ROOSEVELT AVENUE BRIDGE,Flushing Line,Flushing Line,EB
32970,Queens,2021,3,5,21,30,61,177615,POINT (1028931.8143046284 215115.26618027306),ROOSEVELT AVENUE BRIDGE,Flushing Line,Flushing Line,EB
32970,Queens,2021,3,5,21,45,45,177615,POINT (1028931.8143046284 215115.26618027306),ROOSEVELT AVENUE BRIDGE,Flushing Line,Flushing Line,EB
32970,Queens,2021,3,5,22,0,69,177615,POINT (1028931.8143046284 215115.26618027306),ROOSEVELT AVENUE BRIDGE,Flushing Line,Flushing Line,EB
32970,Queens,2021,3,5,22,15,67,177615,POINT (1028931.8143046284 215115.26618027306),ROOSEVELT AVENUE BRIDGE,Flushing Line,Flushing Line,EB
32970,Queens,2021,3,5,22,30,47,177615,POINT (1028931.8143046284 215115.26618027306),ROOSEVELT AVENUE BRIDGE,Flushing Line,Flushing Line,EB
32970,Queens,2021,3,5,22,45,46,177615,POINT (1028931.8143046284 215115.26618027306),ROOSEVELT AVENUE BRIDGE,Flushing Line,Flushing Line,EB
32970,Queens,2021,3,5,23,0,34,177615,POINT (1028931.8143046284 215115.26618027306),ROOSEVELT AVENUE BRIDGE,Flushing Line,Flushing Line,EB
32970,Queens,2021,3,5,23,15,40,177615,POINT (1028931.8143046284 215115.26618027306),ROOSEVELT AVENUE BRIDGE,Flushing Line,Flushing Line,EB
32970,Queens,2021,3,5,23,30,41,177615,POINT (1028931.8143046284 215115.26618027306),ROOSEVELT AVENUE BRIDGE,Flushing Line,Flushing Line,EB
32970,Queens,2021,3,5,23,45,42,177615,POINT (1028931.8143046284 215115.26618027306),ROOSEVELT AVENUE BRIDGE,Flushing Line,Flushing Line,EB
32970,Queens,2021,3,6,0,0,29,177615,POINT (1028931.8143046284 215115.26618027306),ROOSEVELT AVENUE BRIDGE,Flushing Line,Flushing Line,EB
32970,Queens,2021,3,6,0,15,33,177615,POINT (1028931.8143046284 215115.26618027306),ROOSEVELT AVENUE BRIDGE,Flushing Line,Flushing Line,EB
32970,Queens,2021,3,6,0,30,23,177615,POINT (1028931.8143046284 215115.26618027306),ROOSEVELT AVENUE BRIDGE,Flushing Line,Flushing Line,EB
32970,Queens,2021,3,6,0,45,21,177615,POINT (1028931.8143046284 215115.26618027306),ROOSEVELT AVENUE BRIDGE,Flushing Line,Flushing Line,EB
32970,Queens,2021,3,6,1,0,20,177615,POINT (1028931.8143046284 215115.26618027306),ROOSEVELT AVENUE BRIDGE,Flushing Line,Flushing Line,EB
32970,Queens,2021,3,6,1,15,25,177615,POINT (1028931.8143046284 215115.26618027306),ROOSEVELT AVENUE BRIDGE,Flushing Line,Flushing Line,EB
32970,Queens,2021,3,6,1,30,25,177615,POINT (1028931.8143046284 215115.26618027306),ROOSEVELT AVENUE BRIDGE,Flushing Line,Flushing Line,EB
32970,Queens,2021,3,6,1,45,20,177615,POINT (1028931.8143046284 215115.26618027306),ROOSEVELT AVENUE BRIDGE,Flushing Line,Flushing Line,EB
32970,Queens,2021,3,6,2,0,14,177615,POINT (1028931.8143046284 215115.26618027306),ROOSEVELT AVENUE BRIDGE,Flushing Line,Flushing Line,EB
32970,Queens,2021,3,6,2,15,13,177615,POINT (1028931.8143046284 215115.26618027306),ROOSEVELT AVENUE BRIDGE,Flushing Line,Flushing Line,EB
32970,Queens,2021,3,6,2,30,7,177615,POINT (1028931.8143046284 215115.26618027306),ROOSEVELT AVENUE BRIDGE,Flushing Line,Flushing Line,EB
32970,Queens,2021,3,6,2,45,14,177615,POINT (1028931.8143046284 215115.26618027306),ROOSEVELT AVENUE BRIDGE,Flushing Line,Flushing Line,EB
32970,Queens,2021,3,6,3,0,13,177615,POINT (1028931.8143046284 215115.26618027306),ROOSEVELT AVENUE BRIDGE,Flushing Line,Flushing Line,EB
32970,Queens,2021,3,6,3,15,9,177615,POINT (1028931.8143046284 215115.26618027306),ROOSEVELT AVENUE BRIDGE,Flushing Line,Flushing Line,EB
32970,Queens,2021,3,6,3,30,10,177615,POINT (1028931.8143046284 215115.26618027306),ROOSEVELT AVENUE BRIDGE,Flushing Line,Flushing Line,EB
32970,Queens,2021,3,6,3,45,21,177615,POINT (1028931.8143046284 215115.26618027306),ROOSEVELT AVENUE BRIDGE,Flushing Line,Flushing Line,EB
32970,Queens,2021,3,6,4,0,10,177615,POINT (1028931.8143046284 215115.26618027306),ROOSEVELT AVENUE BRIDGE,Flushing Line,Flushing Line,EB
32970,Queens,2021,3,6,4,15,19,177615,POINT (1028931.8143046284 215115.26618027306),ROOSEVELT AVENUE BRIDGE,Flushing Line,Flushing Line,EB
32970,Queens,2021,3,6,4,30,14,177615,POINT (1028931.8143046284 215115.26618027306),ROOSEVELT AVENUE BRIDGE,Flushing Line,Flushing Line,EB
32970,Queens,2021,3,6,4,45,18,177615,POINT (1028931.8143046284 215115.26618027306),ROOSEVELT AVENUE BRIDGE,Flushing Line,Flushing Line,EB
32970,Queens,2021,3,6,5,0,17,177615,POINT (1028931.8143046284 215115.26618027306),ROOSEVELT AVENUE BRIDGE,Flushing Line,Flushing Line,EB
32970,Queens,2021,3,6,5,15,25,177615,POINT (1028931.8143046284 215115.26618027306),ROOSEVELT AVENUE BRIDGE,Flushing Line,Flushing Line,EB
32970,Queens,2021,3,6,5,30,24,177615,POINT (1028931.8143046284 215115.26618027306),ROOSEVELT AVENUE BRIDGE,Flushing Line,Flushing Line,EB
32970,Queens,2021,3,6,5,45,29,177615,POINT (1028931.8143046284 215115.26618027306),ROOSEVELT AVENUE BRIDGE,Flushing Line,Flushing Line,EB
32970,Queens,2021,3,6,6,0,30,177615,POINT (1028931.8143046284 215115.26618027306),ROOSEVELT AVENUE BRIDGE,Flushing Line,Flushing Line,EB
32970,Queens,2021,3,6,6,15,25,177615,POINT (1028931.8143046284 215115.26618027306),ROOSEVELT AVENUE BRIDGE,Flushing Line,Flushing Line,EB
32970,Queens,2021,3,6,6,30,40,177615,POINT (1028931.8143046284 215115.26618027306),ROOSEVELT AVENUE BRIDGE,Flushing Line,Flushing Line,EB
32970,Queens,2021,3,6,6,45,53,177615,POINT (1028931.8143046284 215115.26618027306),ROOSEVELT AVENUE BRIDGE,Flushing Line,Flushing Line,EB
32970,Queens,2021,3,6,7,0,46,177615,POINT (1028931.8143046284 215115.26618027306),ROOSEVELT AVENUE BRIDGE,Flushing Line,Flushing Line,EB
32970,Queens,2021,3,6,7,15,49,177615,POINT (1028931.8143046284 215115.26618027306),ROOSEVELT AVENUE BRIDGE,Flushing Line,Flushing Line,EB
32970,Queens,2021,3,6,7,30,63,177615,POINT (1028931.8143046284 215115.26618027306),ROOSEVELT AVENUE BRIDGE,Flushing Line,Flushing Line,EB
32970,Queens,2021,3,6,7,45,72,177615,POINT (1028931.8143046284 215115.26618027306),ROOSEVELT AVENUE BRIDGE,Flushing Line,Flushing Line,EB
32970,Queens,2021,3,6,8,0,89,177615,POINT (1028931.8143046284 215115.26618027306),ROOSEVELT AVENUE BRIDGE,Flushing Line,Flushing Line,EB
32970,Queens,2021,3,6,8,15,67,177615,POINT (1028931.8143046284 215115.26618027306),ROOSEVELT AVENUE BRIDGE,Flushing Line,Flushing Line,EB
32970,Queens,2021,3,6,8,30,76,177615,POINT (1028931.8143046284 215115.26618027306),ROOSEVELT AVENUE BRIDGE,Flushing Line,Flushing Line,EB
32970,Queens,2021,3,6,8,45,119,177615,POINT (1028931.8143046284 215115.26618027306),ROOSEVELT AVENUE BRIDGE,Flushing Line,Flushing Line,EB
32970,Queens,2021,3,6,9,0,90,177615,POINT (1028931.8143046284 215115.26618027306),ROOSEVELT AVENUE BRIDGE,Flushing Line,Flushing Line,EB
32970,Queens,2021,3,6,9,15,112,177615,POINT (1028931.8143046284 215115.26618027306),ROOSEVELT AVENUE BRIDGE,Flushing Line,Flushing Line,EB
32970,Queens,2021,3,6,9,30,121,177615,POINT (1028931.8143046284 215115.26618027306),ROOSEVELT AVENUE BRIDGE,Flushing Line,Flushing Line,EB
32970,Queens,2021,3,6,9,45,124,177615,POINT (1028931.8143046284 215115.26618027306),ROOSEVELT AVENUE BRIDGE,Flushing Line,Flushing Line,EB
32970,Queens,2021,3,6,10,0,108,177615,POINT (1028931.8143046284 215115.26618027306),ROOSEVELT AVENUE BRIDGE,Flushing Line,Flushing Line,EB
32970,Queens,2021,3,6,10,15,132,177615,POINT (1028931.8143046284 215115.26618027306),ROOSEVELT AVENUE BRIDGE,Flushing Line,Flushing Line,EB
32970,Queens,2021,3,6,10,30,148,177615,POINT (1028931.8143046284 215115.26618027306),ROOSEVELT AVENUE BRIDGE,Flushing Line,Flushing Line,EB
32970,Queens,2021,3,6,10,45,119,177615,POINT (1028931.8143046284 215115.26618027306),ROOSEVELT AVENUE BRIDGE,Flushing Line,Flushing Line,EB
32970,Queens,2021,3,6,11,0,107,177615,POINT (1028931.8143046284 215115.26618027306),ROOSEVELT AVENUE BRIDGE,Flushing Line,Flushing Line,EB
32970,Queens,2021,3,6,11,15,140,177615,POINT (1028931.8143046284 215115.26618027306),ROOSEVELT AVENUE BRIDGE,Flushing Line,Flushing Line,EB
32970,Queens,2021,3,6,11,30,127,177615,POINT (1028931.8143046284 215115.26618027306),ROOSEVELT AVENUE BRIDGE,Flushing Line,Flushing Line,EB
32970,Queens,2021,3,6,11,45,162,177615,POINT (1028931.8143046284 215115.26618027306),ROOSEVELT AVENUE BRIDGE,Flushing Line,Flushing Line,EB
32970,Queens,2021,3,6,12,0,121,177615,POINT (1028931.8143046284 215115.26618027306),ROOSEVELT AVENUE BRIDGE,Flushing Line,Flushing Line,EB
32970,Queens,2021,3,6,12,15,136,177615,POINT (1028931.8143046284 215115.26618027306),ROOSEVELT AVENUE BRIDGE,Flushing Line,Flushing Line,EB
32970,Queens,2021,3,6,12,30,138,177615,POINT (1028931.8143046284 215115.26618027306),ROOSEVELT AVENUE BRIDGE,Flushing Line,Flushing Line,EB
32970,Queens,2021,3,6,12,45,122,177615,POINT (1028931.8143046284 215115.26618027306),ROOSEVELT AVENUE BRIDGE,Flushing Line,Flushing Line,EB
32970,Queens,2021,3,6,13,0,106,177615,POINT (1028931.8143046284 215115.26618027306),ROOSEVELT AVENUE BRIDGE,Flushing Line,Flushing Line,EB
32970,Queens,2021,3,6,13,15,150,177615,POINT (1028931.8143046284 215115.26618027306),ROOSEVELT AVENUE BRIDGE,Flushing Line,Flushing Line,EB
32970,Queens,2021,3,6,13,30,120,177615,POINT (1028931.8143046284 215115.26618027306),ROOSEVELT AVENUE BRIDGE,Flushing Line,Flushing Line,EB
32970,Queens,2021,3,6,13,45,138,177615,POINT (1028931.8143046284 215115.26618027306),ROOSEVELT AVENUE BRIDGE,Flushing Line,Flushing Line,EB
32970,Queens,2021,3,6,14,0,116,177615,POINT (1028931.8143046284 215115.26618027306),ROOSEVELT AVENUE BRIDGE,Flushing Line,Flushing Line,EB
32970,Queens,2021,3,6,14,15,146,177615,POINT (1028931.8143046284 215115.26618027306),ROOSEVELT AVENUE BRIDGE,Flushing Line,Flushing Line,EB
32970,Queens,2021,3,6,14,30,145,177615,POINT (1028931.8143046284 215115.26618027306),ROOSEVELT AVENUE BRIDGE,Flushing Line,Flushing Line,EB
32970,Queens,2021,3,6,14,45,128,177615,POINT (1028931.8143046284 215115.26618027306),ROOSEVELT AVENUE BRIDGE,Flushing Line,Flushing Line,EB
32970,Queens,2021,3,6,15,0,124,177615,POINT (1028931.8143046284 215115.26618027306),ROOSEVELT AVENUE BRIDGE,Flushing Line,Flushing Line,EB
32970,Queens,2021,3,6,15,15,98,177615,POINT (1028931.8143046284 215115.26618027306),ROOSEVELT AVENUE BRIDGE,Flushing Line,Flushing Line,EB
32970,Queens,2021,3,6,15,30,117,177615,POINT (1028931.8143046284 215115.26618027306),ROOSEVELT AVENUE BRIDGE,Flushing Line,Flushing Line,EB
32970,Queens,2021,3,6,15,45,131,177615,POINT (1028931.8143046284 215115.26618027306),ROOSEVELT AVENUE BRIDGE,Flushing Line,Flushing Line,EB
32970,Queens,2021,3,6,16,0,114,177615,POINT (1028931.8143046284 215115.26618027306),ROOSEVELT AVENUE BRIDGE,Flushing Line,Flushing Line,EB
32970,Queens,2021,3,6,16,15,145,177615,POINT (1028931.8143046284 215115.26618027306),ROOSEVELT AVENUE BRIDGE,Flushing Line,Flushing Line,EB
32970,Queens,2021,3,6,16,30,142,177615,POINT (1028931.8143046284 215115.26618027306),ROOSEVELT AVENUE BRIDGE,Flushing Line,Flushing Line,EB
32970,Queens,2021,3,6,16,45,139,177615,POINT (1028931.8143046284 215115.26618027306),ROOSEVELT AVENUE BRIDGE,Flushing Line,Flushing Line,EB
32970,Queens,2021,3,6,17,0,139,177615,POINT (1028931.8143046284 215115.26618027306),ROOSEVELT AVENUE BRIDGE,Flushing Line,Flushing Line,EB
32970,Queens,2021,3,6,17,15,135,177615,POINT (1028931.8143046284 215115.26618027306),ROOSEVELT AVENUE BRIDGE,Flushing Line,Flushing Line,EB
32970,Queens,2021,3,6,17,30,110,177615,POINT (1028931.8143046284 215115.26618027306),ROOSEVELT AVENUE BRIDGE,Flushing Line,Flushing Line,EB
32970,Queens,2021,3,6,17,45,129,177615,POINT (1028931.8143046284 215115.26618027306),ROOSEVELT AVENUE BRIDGE,Flushing Line,Flushing Line,EB
32970,Queens,2021,3,6,18,0,110,177615,POINT (1028931.8143046284 215115.26618027306),ROOSEVELT AVENUE BRIDGE,Flushing Line,Flushing Line,EB
32970,Queens,2021,3,6,18,15,101,177615,POINT (1028931.8143046284 215115.26618027306),ROOSEVELT AVENUE BRIDGE,Flushing Line,Flushing Line,EB
32970,Queens,2021,3,6,18,30,123,177615,POINT (1028931.8143046284 215115.26618027306),ROOSEVELT AVENUE BRIDGE,Flushing Line,Flushing Line,EB
32970,Queens,2021,3,6,18,45,116,177615,POINT (1028931.8143046284 215115.26618027306),ROOSEVELT AVENUE BRIDGE,Flushing Line,Flushing Line,EB
32970,Queens,2021,3,6,19,0,109,177615,POINT (1028931.8143046284 215115.26618027306),ROOSEVELT AVENUE BRIDGE,Flushing Line,Flushing Line,EB
32970,Queens,2021,3,6,19,15,105,177615,POINT (1028931.8143046284 215115.26618027306),ROOSEVELT AVENUE BRIDGE,Flushing Line,Flushing Line,EB
32970,Queens,2021,3,6,19,30,97,177615,POINT (1028931.8143046284 215115.26618027306),ROOSEVELT AVENUE BRIDGE,Flushing Line,Flushing Line,EB
32970,Queens,2021,3,6,19,45,80,177615,POINT (1028931.8143046284 215115.26618027306),ROOSEVELT AVENUE BRIDGE,Flushing Line,Flushing Line,EB
32970,Queens,2021,3,6,20,0,78,177615,POINT (1028931.8143046284 215115.26618027306),ROOSEVELT AVENUE BRIDGE,Flushing Line,Flushing Line,EB
32970,Queens,2021,3,6,20,15,89,177615,POINT (1028931.8143046284 215115.26618027306),ROOSEVELT AVENUE BRIDGE,Flushing Line,Flushing Line,EB
32970,Queens,2021,3,6,20,30,73,177615,POINT (1028931.8143046284 215115.26618027306),ROOSEVELT AVENUE BRIDGE,Flushing Line,Flushing Line,EB
32970,Queens,2021,3,6,20,45,72,177615,POINT (1028931.8143046284 215115.26618027306),ROOSEVELT AVENUE BRIDGE,Flushing Line,Flushing Line,EB
32970,Queens,2021,3,6,21,0,50,177615,POINT (1028931.8143046284 215115.26618027306),ROOSEVELT AVENUE BRIDGE,Flushing Line,Flushing Line,EB
32970,Queens,2021,3,6,21,15,52,177615,POINT (1028931.8143046284 215115.26618027306),ROOSEVELT AVENUE BRIDGE,Flushing Line,Flushing Line,EB
32970,Queens,2021,3,6,21,30,40,177615,POINT (1028931.8143046284 215115.26618027306),ROOSEVELT AVENUE BRIDGE,Flushing Line,Flushing Line,EB
32970,Queens,2021,3,6,21,45,46,177615,POINT (1028931.8143046284 215115.26618027306),ROOSEVELT AVENUE BRIDGE,Flushing Line,Flushing Line,EB
32970,Queens,2021,3,6,22,0,49,177615,POINT (1028931.8143046284 215115.26618027306),ROOSEVELT AVENUE BRIDGE,Flushing Line,Flushing Line,EB
32970,Queens,2021,3,6,22,15,46,177615,POINT (1028931.8143046284 215115.26618027306),ROOSEVELT AVENUE BRIDGE,Flushing Line,Flushing Line,EB
32970,Queens,2021,3,6,22,30,53,177615,POINT (1028931.8143046284 215115.26618027306),ROOSEVELT AVENUE BRIDGE,Flushing Line,Flushing Line,EB
32970,Queens,2021,3,6,22,45,44,177615,POINT (1028931.8143046284 215115.26618027306),ROOSEVELT AVENUE BRIDGE,Flushing Line,Flushing Line,EB
32970,Queens,2021,3,6,23,0,37,177615,POINT (1028931.8143046284 215115.26618027306),ROOSEVELT AVENUE BRIDGE,Flushing Line,Flushing Line,EB
32970,Queens,2021,3,6,23,15,40,177615,POINT (1028931.8143046284 215115.26618027306),ROOSEVELT AVENUE BRIDGE,Flushing Line,Flushing Line,EB
32970,Queens,2021,3,6,23,30,37,177615,POINT (1028931.8143046284 215115.26618027306),ROOSEVELT AVENUE BRIDGE,Flushing Line,Flushing Line,EB
32970,Queens,2021,3,6,23,45,34,177615,POINT (1028931.8143046284 215115.26618027306),ROOSEVELT AVENUE BRIDGE,Flushing Line,Flushing Line,EB
32970,Queens,2021,3,7,0,0,37,177615,POINT (1028931.8143046284 215115.26618027306),ROOSEVELT AVENUE BRIDGE,Flushing Line,Flushing Line,EB
32970,Queens,2021,3,7,0,15,24,177615,POINT (1028931.8143046284 215115.26618027306),ROOSEVELT AVENUE BRIDGE,Flushing Line,Flushing Line,EB
32970,Queens,2021,3,7,0,30,27,177615,POINT (1028931.8143046284 215115.26618027306),ROOSEVELT AVENUE BRIDGE,Flushing Line,Flushing Line,EB
32970,Queens,2021,3,7,0,45,29,177615,POINT (1028931.8143046284 215115.26618027306),ROOSEVELT AVENUE BRIDGE,Flushing Line,Flushing Line,EB
32970,Queens,2021,3,7,1,0,20,177615,POINT (1028931.8143046284 215115.26618027306),ROOSEVELT AVENUE BRIDGE,Flushing Line,Flushing Line,EB
32970,Queens,2021,3,7,1,15,17,177615,POINT (1028931.8143046284 215115.26618027306),ROOSEVELT AVENUE BRIDGE,Flushing Line,Flushing Line,EB
32970,Queens,2021,3,7,1,30,23,177615,POINT (1028931.8143046284 215115.26618027306),ROOSEVELT AVENUE BRIDGE,Flushing Line,Flushing Line,EB
32970,Queens,2021,3,7,1,45,12,177615,POINT (1028931.8143046284 215115.26618027306),ROOSEVELT AVENUE BRIDGE,Flushing Line,Flushing Line,EB
32970,Queens,2021,3,7,2,0,24,177615,POINT (1028931.8143046284 215115.26618027306),ROOSEVELT AVENUE BRIDGE,Flushing Line,Flushing Line,EB
32970,Queens,2021,3,7,2,15,28,177615,POINT (1028931.8143046284 215115.26618027306),ROOSEVELT AVENUE BRIDGE,Flushing Line,Flushing Line,EB
32970,Queens,2021,3,7,2,30,19,177615,POINT (1028931.8143046284 215115.26618027306),ROOSEVELT AVENUE BRIDGE,Flushing Line,Flushing Line,EB
32970,Queens,2021,3,7,2,45,16,177615,POINT (1028931.8143046284 215115.26618027306),ROOSEVELT AVENUE BRIDGE,Flushing Line,Flushing Line,EB
32970,Queens,2021,3,7,3,0,12,177615,POINT (1028931.8143046284 215115.26618027306),ROOSEVELT AVENUE BRIDGE,Flushing Line,Flushing Line,EB
32970,Queens,2021,3,7,3,15,15,177615,POINT (1028931.8143046284 215115.26618027306),ROOSEVELT AVENUE BRIDGE,Flushing Line,Flushing Line,EB
32970,Queens,2021,3,7,3,30,11,177615,POINT (1028931.8143046284 215115.26618027306),ROOSEVELT AVENUE BRIDGE,Flushing Line,Flushing Line,EB
32970,Queens,2021,3,7,3,45,16,177615,POINT (1028931.8143046284 215115.26618027306),ROOSEVELT AVENUE BRIDGE,Flushing Line,Flushing Line,EB
32970,Queens,2021,3,7,4,0,13,177615,POINT (1028931.8143046284 215115.26618027306),ROOSEVELT AVENUE BRIDGE,Flushing Line,Flushing Line,EB
32970,Queens,2021,3,7,4,15,10,177615,POINT (1028931.8143046284 215115.26618027306),ROOSEVELT AVENUE BRIDGE,Flushing Line,Flushing Line,EB
32970,Queens,2021,3,7,4,30,14,177615,POINT (1028931.8143046284 215115.26618027306),ROOSEVELT AVENUE BRIDGE,Flushing Line,Flushing Line,EB
32970,Queens,2021,3,7,4,45,14,177615,POINT (1028931.8143046284 215115.26618027306),ROOSEVELT AVENUE BRIDGE,Flushing Line,Flushing Line,EB
32970,Queens,2021,3,7,5,0,16,177615,POINT (1028931.8143046284 215115.26618027306),ROOSEVELT AVENUE BRIDGE,Flushing Line,Flushing Line,EB
32970,Queens,2021,3,7,5,15,14,177615,POINT (1028931.8143046284 215115.26618027306),ROOSEVELT AVENUE BRIDGE,Flushing Line,Flushing Line,EB
32970,Queens,2021,3,7,5,30,13,177615,POINT (1028931.8143046284 215115.26618027306),ROOSEVELT AVENUE BRIDGE,Flushing Line,Flushing Line,EB
32970,Queens,2021,3,7,5,45,18,177615,POINT (1028931.8143046284 215115.26618027306),ROOSEVELT AVENUE BRIDGE,Flushing Line,Flushing Line,EB
32970,Queens,2021,3,7,6,0,18,177615,POINT (1028931.8143046284 215115.26618027306),ROOSEVELT AVENUE BRIDGE,Flushing Line,Flushing Line,EB
32970,Queens,2021,3,7,6,15,27,177615,POINT (1028931.8143046284 215115.26618027306),ROOSEVELT AVENUE BRIDGE,Flushing Line,Flushing Line,EB
32970,Queens,2021,3,7,6,30,25,177615,POINT (1028931.8143046284 215115.26618027306),ROOSEVELT AVENUE BRIDGE,Flushing Line,Flushing Line,EB
32970,Queens,2021,3,7,6,45,32,177615,POINT (1028931.8143046284 215115.26618027306),ROOSEVELT AVENUE BRIDGE,Flushing Line,Flushing Line,EB
32970,Queens,2021,3,7,7,0,26,177615,POINT (1028931.8143046284 215115.26618027306),ROOSEVELT AVENUE BRIDGE,Flushing Line,Flushing Line,EB
32970,Queens,2021,3,7,7,15,28,177615,POINT (1028931.8143046284 215115.26618027306),ROOSEVELT AVENUE BRIDGE,Flushing Line,Flushing Line,EB
32970,Queens,2021,3,7,7,30,22,177615,POINT (1028931.8143046284 215115.26618027306),ROOSEVELT AVENUE BRIDGE,Flushing Line,Flushing Line,EB
32970,Queens,2021,3,7,7,45,56,177615,POINT (1028931.8143046284 215115.26618027306),ROOSEVELT AVENUE BRIDGE,Flushing Line,Flushing Line,EB
32970,Queens,2021,3,7,8,0,55,177615,POINT (1028931.8143046284 215115.26618027306),ROOSEVELT AVENUE BRIDGE,Flushing Line,Flushing Line,EB
32970,Queens,2021,3,7,8,15,59,177615,POINT (1028931.8143046284 215115.26618027306),ROOSEVELT AVENUE BRIDGE,Flushing Line,Flushing Line,EB
32970,Queens,2021,3,7,8,30,56,177615,POINT (1028931.8143046284 215115.26618027306),ROOSEVELT AVENUE BRIDGE,Flushing Line,Flushing Line,EB
32970,Queens,2021,3,7,8,45,75,177615,POINT (1028931.8143046284 215115.26618027306),ROOSEVELT AVENUE BRIDGE,Flushing Line,Flushing Line,EB
32970,Queens,2021,3,7,9,0,52,177615,POINT (1028931.8143046284 215115.26618027306),ROOSEVELT AVENUE BRIDGE,Flushing Line,Flushing Line,EB
32970,Queens,2021,3,7,9,15,68,177615,POINT (1028931.8143046284 215115.26618027306),ROOSEVELT AVENUE BRIDGE,Flushing Line,Flushing Line,EB
32970,Queens,2021,3,7,9,30,74,177615,POINT (1028931.8143046284 215115.26618027306),ROOSEVELT AVENUE BRIDGE,Flushing Line,Flushing Line,EB
32970,Queens,2021,3,7,9,45,100,177615,POINT (1028931.8143046284 215115.26618027306),ROOSEVELT AVENUE BRIDGE,Flushing Line,Flushing Line,EB
32970,Queens,2021,3,7,10,0,94,177615,POINT (1028931.8143046284 215115.26618027306),ROOSEVELT AVENUE BRIDGE,Flushing Line,Flushing Line,EB
32970,Queens,2021,3,7,10,15,102,177615,POINT (1028931.8143046284 215115.26618027306),ROOSEVELT AVENUE BRIDGE,Flushing Line,Flushing Line,EB
32970,Queens,2021,3,7,10,30,96,177615,POINT (1028931.8143046284 215115.26618027306),ROOSEVELT AVENUE BRIDGE,Flushing Line,Flushing Line,EB
32970,Queens,2021,3,7,10,45,104,177615,POINT (1028931.8143046284 215115.26618027306),ROOSEVELT AVENUE BRIDGE,Flushing Line,Flushing Line,EB
32970,Queens,2021,3,7,11,0,100,177615,POINT (1028931.8143046284 215115.26618027306),ROOSEVELT AVENUE BRIDGE,Flushing Line,Flushing Line,EB
32970,Queens,2021,3,7,11,15,135,177615,POINT (1028931.8143046284 215115.26618027306),ROOSEVELT AVENUE BRIDGE,Flushing Line,Flushing Line,EB
32970,Queens,2021,3,7,11,30,103,177615,POINT (1028931.8143046284 215115.26618027306),ROOSEVELT AVENUE BRIDGE,Flushing Line,Flushing Line,EB
32970,Queens,2021,3,7,11,45,123,177615,POINT (1028931.8143046284 215115.26618027306),ROOSEVELT AVENUE BRIDGE,Flushing Line,Flushing Line,EB
32970,Queens,2021,3,7,12,0,121,177615,POINT (1028931.8143046284 215115.26618027306),ROOSEVELT AVENUE BRIDGE,Flushing Line,Flushing Line,EB
32970,Queens,2021,3,7,12,15,124,177615,POINT (1028931.8143046284 215115.26618027306),ROOSEVELT AVENUE BRIDGE,Flushing Line,Flushing Line,EB
32970,Queens,2021,3,7,12,30,115,177615,POINT (1028931.8143046284 215115.26618027306),ROOSEVELT AVENUE BRIDGE,Flushing Line,Flushing Line,EB
32970,Queens,2021,3,7,12,45,148,177615,POINT (1028931.8143046284 215115.26618027306),ROOSEVELT AVENUE BRIDGE,Flushing Line,Flushing Line,EB
32970,Queens,2021,3,7,13,0,115,177615,POINT (1028931.8143046284 215115.26618027306),ROOSEVELT AVENUE BRIDGE,Flushing Line,Flushing Line,EB
32970,Queens,2021,3,7,13,15,128,177615,POINT (1028931.8143046284 215115.26618027306),ROOSEVELT AVENUE BRIDGE,Flushing Line,Flushing Line,EB
32970,Queens,2021,3,7,13,30,125,177615,POINT (1028931.8143046284 215115.26618027306),ROOSEVELT AVENUE BRIDGE,Flushing Line,Flushing Line,EB
32970,Queens,2021,3,7,13,45,111,177615,POINT (1028931.8143046284 215115.26618027306),ROOSEVELT AVENUE BRIDGE,Flushing Line,Flushing Line,EB
32970,Queens,2021,3,7,14,0,114,177615,POINT (1028931.8143046284 215115.26618027306),ROOSEVELT AVENUE BRIDGE,Flushing Line,Flushing Line,EB
32970,Queens,2021,3,7,14,15,130,177615,POINT (1028931.8143046284 215115.26618027306),ROOSEVELT AVENUE BRIDGE,Flushing Line,Flushing Line,EB
32970,Queens,2021,3,7,14,30,137,177615,POINT (1028931.8143046284 215115.26618027306),ROOSEVELT AVENUE BRIDGE,Flushing Line,Flushing Line,EB
32970,Queens,2021,3,7,14,45,154,177615,POINT (1028931.8143046284 215115.26618027306),ROOSEVELT AVENUE BRIDGE,Flushing Line,Flushing Line,EB
32970,Queens,2021,3,7,15,0,116,177615,POINT (1028931.8143046284 215115.26618027306),ROOSEVELT AVENUE BRIDGE,Flushing Line,Flushing Line,EB
32970,Queens,2021,3,7,15,15,111,177615,POINT (1028931.8143046284 215115.26618027306),ROOSEVELT AVENUE BRIDGE,Flushing Line,Flushing Line,EB
32970,Queens,2021,3,7,15,30,108,177615,POINT (1028931.8143046284 215115.26618027306),ROOSEVELT AVENUE BRIDGE,Flushing Line,Flushing Line,EB
32970,Queens,2021,3,7,15,45,126,177615,POINT (1028931.8143046284 215115.26618027306),ROOSEVELT AVENUE BRIDGE,Flushing Line,Flushing Line,EB
32970,Queens,2021,3,7,16,0,117,177615,POINT (1028931.8143046284 215115.26618027306),ROOSEVELT AVENUE BRIDGE,Flushing Line,Flushing Line,EB
32970,Queens,2021,3,7,16,15,133,177615,POINT (1028931.8143046284 215115.26618027306),ROOSEVELT AVENUE BRIDGE,Flushing Line,Flushing Line,EB
32970,Queens,2021,3,7,16,30,111,177615,POINT (1028931.8143046284 215115.26618027306),ROOSEVELT AVENUE BRIDGE,Flushing Line,Flushing Line,EB
32970,Queens,2021,3,7,16,45,131,177615,POINT (1028931.8143046284 215115.26618027306),ROOSEVELT AVENUE BRIDGE,Flushing Line,Flushing Line,EB
32970,Queens,2021,3,7,17,0,118,177615,POINT (1028931.8143046284 215115.26618027306),ROOSEVELT AVENUE BRIDGE,Flushing Line,Flushing Line,EB
32970,Queens,2021,3,7,17,15,121,177615,POINT (1028931.8143046284 215115.26618027306),ROOSEVELT AVENUE BRIDGE,Flushing Line,Flushing Line,EB
32970,Queens,2021,3,7,17,30,119,177615,POINT (1028931.8143046284 215115.26618027306),ROOSEVELT AVENUE BRIDGE,Flushing Line,Flushing Line,EB
32970,Queens,2021,3,7,17,45,125,177615,POINT (1028931.8143046284 215115.26618027306),ROOSEVELT AVENUE BRIDGE,Flushing Line,Flushing Line,EB
32970,Queens,2021,3,7,18,0,97,177615,POINT (1028931.8143046284 215115.26618027306),ROOSEVELT AVENUE BRIDGE,Flushing Line,Flushing Line,EB
32970,Queens,2021,3,7,18,15,96,177615,POINT (1028931.8143046284 215115.26618027306),ROOSEVELT AVENUE BRIDGE,Flushing Line,Flushing Line,EB
32970,Queens,2021,3,7,18,30,99,177615,POINT (1028931.8143046284 215115.26618027306),ROOSEVELT AVENUE BRIDGE,Flushing Line,Flushing Line,EB
32970,Queens,2021,3,7,18,45,97,177615,POINT (1028931.8143046284 215115.26618027306),ROOSEVELT AVENUE BRIDGE,Flushing Line,Flushing Line,EB
32970,Queens,2021,3,7,19,0,88,177615,POINT (1028931.8143046284 215115.26618027306),ROOSEVELT AVENUE BRIDGE,Flushing Line,Flushing Line,EB
32970,Queens,2021,3,7,19,15,100,177615,POINT (1028931.8143046284 215115.26618027306),ROOSEVELT AVENUE BRIDGE,Flushing Line,Flushing Line,EB
32970,Queens,2021,3,7,19,30,71,177615,POINT (1028931.8143046284 215115.26618027306),ROOSEVELT AVENUE BRIDGE,Flushing Line,Flushing Line,EB
32970,Queens,2021,3,7,19,45,79,177615,POINT (1028931.8143046284 215115.26618027306),ROOSEVELT AVENUE BRIDGE,Flushing Line,Flushing Line,EB
32970,Queens,2021,3,7,20,0,62,177615,POINT (1028931.8143046284 215115.26618027306),ROOSEVELT AVENUE BRIDGE,Flushing Line,Flushing Line,EB
32970,Queens,2021,3,7,20,15,66,177615,POINT (1028931.8143046284 215115.26618027306),ROOSEVELT AVENUE BRIDGE,Flushing Line,Flushing Line,EB
32970,Queens,2021,3,7,20,30,61,177615,POINT (1028931.8143046284 215115.26618027306),ROOSEVELT AVENUE BRIDGE,Flushing Line,Flushing Line,EB
32970,Queens,2021,3,7,20,45,47,177615,POINT (1028931.8143046284 215115.26618027306),ROOSEVELT AVENUE BRIDGE,Flushing Line,Flushing Line,EB
32970,Queens,2021,3,7,21,0,49,177615,POINT (1028931.8143046284 215115.26618027306),ROOSEVELT AVENUE BRIDGE,Flushing Line,Flushing Line,EB
32970,Queens,2021,3,7,21,15,37,177615,POINT (1028931.8143046284 215115.26618027306),ROOSEVELT AVENUE BRIDGE,Flushing Line,Flushing Line,EB
32970,Queens,2021,3,7,21,30,39,177615,POINT (1028931.8143046284 215115.26618027306),ROOSEVELT AVENUE BRIDGE,Flushing Line,Flushing Line,EB
32970,Queens,2021,3,7,21,45,50,177615,POINT (1028931.8143046284 215115.26618027306),ROOSEVELT AVENUE BRIDGE,Flushing Line,Flushing Line,EB
32970,Queens,2021,3,7,22,0,44,177615,POINT (1028931.8143046284 215115.26618027306),ROOSEVELT AVENUE BRIDGE,Flushing Line,Flushing Line,EB
32970,Queens,2021,3,7,22,15,41,177615,POINT (1028931.8143046284 215115.26618027306),ROOSEVELT AVENUE BRIDGE,Flushing Line,Flushing Line,EB
32970,Queens,2021,3,7,22,30,29,177615,POINT (1028931.8143046284 215115.26618027306),ROOSEVELT AVENUE BRIDGE,Flushing Line,Flushing Line,EB
32970,Queens,2021,3,7,22,45,35,177615,POINT (1028931.8143046284 215115.26618027306),ROOSEVELT AVENUE BRIDGE,Flushing Line,Flushing Line,EB
32970,Queens,2021,3,7,23,0,22,177615,POINT (1028931.8143046284 215115.26618027306),ROOSEVELT AVENUE BRIDGE,Flushing Line,Flushing Line,EB
32970,Queens,2021,3,7,23,15,32,177615,POINT (1028931.8143046284 215115.26618027306),ROOSEVELT AVENUE BRIDGE,Flushing Line,Flushing Line,EB
32970,Queens,2021,3,7,23,30,33,177615,POINT (1028931.8143046284 215115.26618027306),ROOSEVELT AVENUE BRIDGE,Flushing Line,Flushing Line,EB
32970,Queens,2021,3,7,23,45,20,177615,POINT (1028931.8143046284 215115.26618027306),ROOSEVELT AVENUE BRIDGE,Flushing Line,Flushing Line,EB
32970,Queens,2021,3,8,0,0,31,177615,POINT (1028931.8143046284 215115.26618027306),ROOSEVELT AVENUE BRIDGE,Flushing Line,Flushing Line,EB
32970,Queens,2021,3,8,0,15,19,177615,POINT (1028931.8143046284 215115.26618027306),ROOSEVELT AVENUE BRIDGE,Flushing Line,Flushing Line,EB
32970,Queens,2021,3,8,0,30,20,177615,POINT (1028931.8143046284 215115.26618027306),ROOSEVELT AVENUE BRIDGE,Flushing Line,Flushing Line,EB
32970,Queens,2021,3,8,0,45,17,177615,POINT (1028931.8143046284 215115.26618027306),ROOSEVELT AVENUE BRIDGE,Flushing Line,Flushing Line,EB
32970,Queens,2021,3,8,1,0,20,177615,POINT (1028931.8143046284 215115.26618027306),ROOSEVELT AVENUE BRIDGE,Flushing Line,Flushing Line,EB
32970,Queens,2021,3,8,1,15,14,177615,POINT (1028931.8143046284 215115.26618027306),ROOSEVELT AVENUE BRIDGE,Flushing Line,Flushing Line,EB
32970,Queens,2021,3,8,1,30,14,177615,POINT (1028931.8143046284 215115.26618027306),ROOSEVELT AVENUE BRIDGE,Flushing Line,Flushing Line,EB
32970,Queens,2021,3,8,1,45,17,177615,POINT (1028931.8143046284 215115.26618027306),ROOSEVELT AVENUE BRIDGE,Flushing Line,Flushing Line,EB
32970,Queens,2021,3,8,2,0,13,177615,POINT (1028931.8143046284 215115.26618027306),ROOSEVELT AVENUE BRIDGE,Flushing Line,Flushing Line,EB
32970,Queens,2021,3,8,2,15,7,177615,POINT (1028931.8143046284 215115.26618027306),ROOSEVELT AVENUE BRIDGE,Flushing Line,Flushing Line,EB
32970,Queens,2021,3,8,2,30,11,177615,POINT (1028931.8143046284 215115.26618027306),ROOSEVELT AVENUE BRIDGE,Flushing Line,Flushing Line,EB
32970,Queens,2021,3,8,2,45,12,177615,POINT (1028931.8143046284 215115.26618027306),ROOSEVELT AVENUE BRIDGE,Flushing Line,Flushing Line,EB
32970,Queens,2021,3,8,3,0,13,177615,POINT (1028931.8143046284 215115.26618027306),ROOSEVELT AVENUE BRIDGE,Flushing Line,Flushing Line,EB
32970,Queens,2021,3,8,3,15,8,177615,POINT (1028931.8143046284 215115.26618027306),ROOSEVELT AVENUE BRIDGE,Flushing Line,Flushing Line,EB
32970,Queens,2021,3,8,3,30,10,177615,POINT (1028931.8143046284 215115.26618027306),ROOSEVELT AVENUE BRIDGE,Flushing Line,Flushing Line,EB
32970,Queens,2021,3,8,3,45,20,177615,POINT (1028931.8143046284 215115.26618027306),ROOSEVELT AVENUE BRIDGE,Flushing Line,Flushing Line,EB
32970,Queens,2021,3,8,4,0,11,177615,POINT (1028931.8143046284 215115.26618027306),ROOSEVELT AVENUE BRIDGE,Flushing Line,Flushing Line,EB
32970,Queens,2021,3,8,4,15,13,177615,POINT (1028931.8143046284 215115.26618027306),ROOSEVELT AVENUE BRIDGE,Flushing Line,Flushing Line,EB
32970,Queens,2021,3,8,4,30,16,177615,POINT (1028931.8143046284 215115.26618027306),ROOSEVELT AVENUE BRIDGE,Flushing Line,Flushing Line,EB
32970,Queens,2021,3,8,4,45,17,177615,POINT (1028931.8143046284 215115.26618027306),ROOSEVELT AVENUE BRIDGE,Flushing Line,Flushing Line,EB
32970,Queens,2021,3,8,5,0,16,177615,POINT (1028931.8143046284 215115.26618027306),ROOSEVELT AVENUE BRIDGE,Flushing Line,Flushing Line,EB
32970,Queens,2021,3,8,5,15,27,177615,POINT (1028931.8143046284 215115.26618027306),ROOSEVELT AVENUE BRIDGE,Flushing Line,Flushing Line,EB
32970,Queens,2021,3,8,5,30,32,177615,POINT (1028931.8143046284 215115.26618027306),ROOSEVELT AVENUE BRIDGE,Flushing Line,Flushing Line,EB
32970,Queens,2021,3,8,5,45,38,177615,POINT (1028931.8143046284 215115.26618027306),ROOSEVELT AVENUE BRIDGE,Flushing Line,Flushing Line,EB
32970,Queens,2021,3,8,6,0,34,177615,POINT (1028931.8143046284 215115.26618027306),ROOSEVELT AVENUE BRIDGE,Flushing Line,Flushing Line,EB
32970,Queens,2021,3,8,6,15,41,177615,POINT (1028931.8143046284 215115.26618027306),ROOSEVELT AVENUE BRIDGE,Flushing Line,Flushing Line,EB
32970,Queens,2021,3,8,6,30,51,177615,POINT (1028931.8143046284 215115.26618027306),ROOSEVELT AVENUE BRIDGE,Flushing Line,Flushing Line,EB
32970,Queens,2021,3,8,6,45,66,177615,POINT (1028931.8143046284 215115.26618027306),ROOSEVELT AVENUE BRIDGE,Flushing Line,Flushing Line,EB
32970,Queens,2021,3,8,7,0,72,177615,POINT (1028931.8143046284 215115.26618027306),ROOSEVELT AVENUE BRIDGE,Flushing Line,Flushing Line,EB
32970,Queens,2021,3,8,7,15,54,177615,POINT (1028931.8143046284 215115.26618027306),ROOSEVELT AVENUE BRIDGE,Flushing Line,Flushing Line,EB
32970,Queens,2021,3,8,7,30,79,177615,POINT (1028931.8143046284 215115.26618027306),ROOSEVELT AVENUE BRIDGE,Flushing Line,Flushing Line,EB
32970,Queens,2021,3,8,7,45,74,177615,POINT (1028931.8143046284 215115.26618027306),ROOSEVELT AVENUE BRIDGE,Flushing Line,Flushing Line,EB
32970,Queens,2021,3,8,8,0,67,177615,POINT (1028931.8143046284 215115.26618027306),ROOSEVELT AVENUE BRIDGE,Flushing Line,Flushing Line,EB
32970,Queens,2021,3,8,8,15,83,177615,POINT (1028931.8143046284 215115.26618027306),ROOSEVELT AVENUE BRIDGE,Flushing Line,Flushing Line,EB
32970,Queens,2021,3,8,8,30,101,177615,POINT (1028931.8143046284 215115.26618027306),ROOSEVELT AVENUE BRIDGE,Flushing Line,Flushing Line,EB
32970,Queens,2021,3,8,8,45,97,177615,POINT (1028931.8143046284 215115.26618027306),ROOSEVELT AVENUE BRIDGE,Flushing Line,Flushing Line,EB
32970,Queens,2021,3,8,9,0,91,177615,POINT (1028931.8143046284 215115.26618027306),ROOSEVELT AVENUE BRIDGE,Flushing Line,Flushing Line,EB
32970,Queens,2021,3,8,9,15,101,177615,POINT (1028931.8143046284 215115.26618027306),ROOSEVELT AVENUE BRIDGE,Flushing Line,Flushing Line,EB
32970,Queens,2021,3,8,9,30,126,177615,POINT (1028931.8143046284 215115.26618027306),ROOSEVELT AVENUE BRIDGE,Flushing Line,Flushing Line,EB
32970,Queens,2021,3,8,9,45,118,177615,POINT (1028931.8143046284 215115.26618027306),ROOSEVELT AVENUE BRIDGE,Flushing Line,Flushing Line,EB
32970,Queens,2021,3,8,10,0,107,177615,POINT (1028931.8143046284 215115.26618027306),ROOSEVELT AVENUE BRIDGE,Flushing Line,Flushing Line,EB
32970,Queens,2021,3,8,10,15,103,177615,POINT (1028931.8143046284 215115.26618027306),ROOSEVELT AVENUE BRIDGE,Flushing Line,Flushing Line,EB
32970,Queens,2021,3,8,10,30,108,177615,POINT (1028931.8143046284 215115.26618027306),ROOSEVELT AVENUE BRIDGE,Flushing Line,Flushing Line,EB
32970,Queens,2021,3,8,10,45,117,177615,POINT (1028931.8143046284 215115.26618027306),ROOSEVELT AVENUE BRIDGE,Flushing Line,Flushing Line,EB
32970,Queens,2021,3,8,11,0,114,177615,POINT (1028931.8143046284 215115.26618027306),ROOSEVELT AVENUE BRIDGE,Flushing Line,Flushing Line,EB
32970,Queens,2021,3,8,11,15,91,177615,POINT (1028931.8143046284 215115.26618027306),ROOSEVELT AVENUE BRIDGE,Flushing Line,Flushing Line,EB
32970,Queens,2021,3,8,11,30,93,177615,POINT (1028931.8143046284 215115.26618027306),ROOSEVELT AVENUE BRIDGE,Flushing Line,Flushing Line,EB
32970,Queens,2021,3,8,11,45,103,177615,POINT (1028931.8143046284 215115.26618027306),ROOSEVELT AVENUE BRIDGE,Flushing Line,Flushing Line,EB
32970,Queens,2021,3,8,12,0,89,177615,POINT (1028931.8143046284 215115.26618027306),ROOSEVELT AVENUE BRIDGE,Flushing Line,Flushing Line,EB
32970,Queens,2021,3,8,12,15,109,177615,POINT (1028931.8143046284 215115.26618027306),ROOSEVELT AVENUE BRIDGE,Flushing Line,Flushing Line,EB
32970,Queens,2021,3,8,12,30,124,177615,POINT (1028931.8143046284 215115.26618027306),ROOSEVELT AVENUE BRIDGE,Flushing Line,Flushing Line,EB
32970,Queens,2021,3,8,12,45,125,177615,POINT (1028931.8143046284 215115.26618027306),ROOSEVELT AVENUE BRIDGE,Flushing Line,Flushing Line,EB
32970,Queens,2021,3,8,13,0,101,177615,POINT (1028931.8143046284 215115.26618027306),ROOSEVELT AVENUE BRIDGE,Flushing Line,Flushing Line,EB
32970,Queens,2021,3,8,13,15,116,177615,POINT (1028931.8143046284 215115.26618027306),ROOSEVELT AVENUE BRIDGE,Flushing Line,Flushing Line,EB
32970,Queens,2021,3,8,13,30,116,177615,POINT (1028931.8143046284 215115.26618027306),ROOSEVELT AVENUE BRIDGE,Flushing Line,Flushing Line,EB
32970,Queens,2021,3,8,13,45,138,177615,POINT (1028931.8143046284 215115.26618027306),ROOSEVELT AVENUE BRIDGE,Flushing Line,Flushing Line,EB
32970,Queens,2021,3,8,14,0,114,177615,POINT (1028931.8143046284 215115.26618027306),ROOSEVELT AVENUE BRIDGE,Flushing Line,Flushing Line,EB
32970,Queens,2021,3,8,14,15,117,177615,POINT (1028931.8143046284 215115.26618027306),ROOSEVELT AVENUE BRIDGE,Flushing Line,Flushing Line,EB
32970,Queens,2021,3,8,14,30,115,177615,POINT (1028931.8143046284 215115.26618027306),ROOSEVELT AVENUE BRIDGE,Flushing Line,Flushing Line,EB
32970,Queens,2021,3,8,14,45,118,177615,POINT (1028931.8143046284 215115.26618027306),ROOSEVELT AVENUE BRIDGE,Flushing Line,Flushing Line,EB
32970,Queens,2021,3,8,15,0,126,177615,POINT (1028931.8143046284 215115.26618027306),ROOSEVELT AVENUE BRIDGE,Flushing Line,Flushing Line,EB
32970,Queens,2021,3,8,15,15,128,177615,POINT (1028931.8143046284 215115.26618027306),ROOSEVELT AVENUE BRIDGE,Flushing Line,Flushing Line,EB
32970,Queens,2021,3,8,15,30,129,177615,POINT (1028931.8143046284 215115.26618027306),ROOSEVELT AVENUE BRIDGE,Flushing Line,Flushing Line,EB
32970,Queens,2021,3,8,15,45,124,177615,POINT (1028931.8143046284 215115.26618027306),ROOSEVELT AVENUE BRIDGE,Flushing Line,Flushing Line,EB
32970,Queens,2021,3,8,16,0,137,177615,POINT (1028931.8143046284 215115.26618027306),ROOSEVELT AVENUE BRIDGE,Flushing Line,Flushing Line,EB
32970,Queens,2021,3,8,16,15,131,177615,POINT (1028931.8143046284 215115.26618027306),ROOSEVELT AVENUE BRIDGE,Flushing Line,Flushing Line,EB
32970,Queens,2021,3,8,16,30,147,177615,POINT (1028931.8143046284 215115.26618027306),ROOSEVELT AVENUE BRIDGE,Flushing Line,Flushing Line,EB
32970,Queens,2021,3,8,16,45,123,177615,POINT (1028931.8143046284 215115.26618027306),ROOSEVELT AVENUE BRIDGE,Flushing Line,Flushing Line,EB
32970,Queens,2021,3,8,17,0,145,177615,POINT (1028931.8143046284 215115.26618027306),ROOSEVELT AVENUE BRIDGE,Flushing Line,Flushing Line,EB
32970,Queens,2021,3,8,17,15,148,177615,POINT (1028931.8143046284 215115.26618027306),ROOSEVELT AVENUE BRIDGE,Flushing Line,Flushing Line,EB
32970,Queens,2021,3,8,17,30,153,177615,POINT (1028931.8143046284 215115.26618027306),ROOSEVELT AVENUE BRIDGE,Flushing Line,Flushing Line,EB
32970,Queens,2021,3,8,17,45,121,177615,POINT (1028931.8143046284 215115.26618027306),ROOSEVELT AVENUE BRIDGE,Flushing Line,Flushing Line,EB
32970,Queens,2021,3,8,18,0,124,177615,POINT (1028931.8143046284 215115.26618027306),ROOSEVELT AVENUE BRIDGE,Flushing Line,Flushing Line,EB
32970,Queens,2021,3,8,18,15,134,177615,POINT (1028931.8143046284 215115.26618027306),ROOSEVELT AVENUE BRIDGE,Flushing Line,Flushing Line,EB
32970,Queens,2021,3,8,18,30,110,177615,POINT (1028931.8143046284 215115.26618027306),ROOSEVELT AVENUE BRIDGE,Flushing Line,Flushing Line,EB
32970,Queens,2021,3,8,18,45,115,177615,POINT (1028931.8143046284 215115.26618027306),ROOSEVELT AVENUE BRIDGE,Flushing Line,Flushing Line,EB
32970,Queens,2021,3,8,19,0,115,177615,POINT (1028931.8143046284 215115.26618027306),ROOSEVELT AVENUE BRIDGE,Flushing Line,Flushing Line,EB
32970,Queens,2021,3,8,19,15,95,177615,POINT (1028931.8143046284 215115.26618027306),ROOSEVELT AVENUE BRIDGE,Flushing Line,Flushing Line,EB
32970,Queens,2021,3,8,19,30,95,177615,POINT (1028931.8143046284 215115.26618027306),ROOSEVELT AVENUE BRIDGE,Flushing Line,Flushing Line,EB
32970,Queens,2021,3,8,19,45,79,177615,POINT (1028931.8143046284 215115.26618027306),ROOSEVELT AVENUE BRIDGE,Flushing Line,Flushing Line,EB
32970,Queens,2021,3,8,20,0,72,177615,POINT (1028931.8143046284 215115.26618027306),ROOSEVELT AVENUE BRIDGE,Flushing Line,Flushing Line,EB
32970,Queens,2021,3,8,20,15,73,177615,POINT (1028931.8143046284 215115.26618027306),ROOSEVELT AVENUE BRIDGE,Flushing Line,Flushing Line,EB
32970,Queens,2021,3,8,20,30,59,177615,POINT (1028931.8143046284 215115.26618027306),ROOSEVELT AVENUE BRIDGE,Flushing Line,Flushing Line,EB
32970,Queens,2021,3,8,20,45,58,177615,POINT (1028931.8143046284 215115.26618027306),ROOSEVELT AVENUE BRIDGE,Flushing Line,Flushing Line,EB
32970,Queens,2021,3,8,21,0,68,177615,POINT (1028931.8143046284 215115.26618027306),ROOSEVELT AVENUE BRIDGE,Flushing Line,Flushing Line,EB
32970,Queens,2021,3,8,21,15,56,177615,POINT (1028931.8143046284 215115.26618027306),ROOSEVELT AVENUE BRIDGE,Flushing Line,Flushing Line,EB
32970,Queens,2021,3,8,21,30,51,177615,POINT (1028931.8143046284 215115.26618027306),ROOSEVELT AVENUE BRIDGE,Flushing Line,Flushing Line,EB
32970,Queens,2021,3,8,21,45,54,177615,POINT (1028931.8143046284 215115.26618027306),ROOSEVELT AVENUE BRIDGE,Flushing Line,Flushing Line,EB
32970,Queens,2021,3,8,22,0,38,177615,POINT (1028931.8143046284 215115.26618027306),ROOSEVELT AVENUE BRIDGE,Flushing Line,Flushing Line,EB
32970,Queens,2021,3,8,22,15,33,177615,POINT (1028931.8143046284 215115.26618027306),ROOSEVELT AVENUE BRIDGE,Flushing Line,Flushing Line,EB
32970,Queens,2021,3,8,22,30,47,177615,POINT (1028931.8143046284 215115.26618027306),ROOSEVELT AVENUE BRIDGE,Flushing Line,Flushing Line,EB
32970,Queens,2021,3,8,22,45,31,177615,POINT (1028931.8143046284 215115.26618027306),ROOSEVELT AVENUE BRIDGE,Flushing Line,Flushing Line,EB
32970,Queens,2021,3,8,23,0,28,177615,POINT (1028931.8143046284 215115.26618027306),ROOSEVELT AVENUE BRIDGE,Flushing Line,Flushing Line,EB
32970,Queens,2021,3,8,23,15,28,177615,POINT (1028931.8143046284 215115.26618027306),ROOSEVELT AVENUE BRIDGE,Flushing Line,Flushing Line,EB
32970,Queens,2021,3,8,23,30,20,177615,POINT (1028931.8143046284 215115.26618027306),ROOSEVELT AVENUE BRIDGE,Flushing Line,Flushing Line,EB
32970,Queens,2021,3,8,23,45,25,177615,POINT (1028931.8143046284 215115.26618027306),ROOSEVELT AVENUE BRIDGE,Flushing Line,Flushing Line,EB
32970,Queens,2021,3,9,0,0,18,177615,POINT (1028931.8143046284 215115.26618027306),ROOSEVELT AVENUE BRIDGE,Flushing Line,Flushing Line,EB
32970,Queens,2021,3,9,0,15,25,177615,POINT (1028931.8143046284 215115.26618027306),ROOSEVELT AVENUE BRIDGE,Flushing Line,Flushing Line,EB
32970,Queens,2021,3,9,0,30,16,177615,POINT (1028931.8143046284 215115.26618027306),ROOSEVELT AVENUE BRIDGE,Flushing Line,Flushing Line,EB
32970,Queens,2021,3,9,0,45,14,177615,POINT (1028931.8143046284 215115.26618027306),ROOSEVELT AVENUE BRIDGE,Flushing Line,Flushing Line,EB
32970,Queens,2021,3,9,1,0,11,177615,POINT (1028931.8143046284 215115.26618027306),ROOSEVELT AVENUE BRIDGE,Flushing Line,Flushing Line,EB
32970,Queens,2021,3,9,1,15,20,177615,POINT (1028931.8143046284 215115.26618027306),ROOSEVELT AVENUE BRIDGE,Flushing Line,Flushing Line,EB
32970,Queens,2021,3,9,1,30,9,177615,POINT (1028931.8143046284 215115.26618027306),ROOSEVELT AVENUE BRIDGE,Flushing Line,Flushing Line,EB
32970,Queens,2021,3,9,1,45,8,177615,POINT (1028931.8143046284 215115.26618027306),ROOSEVELT AVENUE BRIDGE,Flushing Line,Flushing Line,EB
32970,Queens,2021,3,9,2,0,7,177615,POINT (1028931.8143046284 215115.26618027306),ROOSEVELT AVENUE BRIDGE,Flushing Line,Flushing Line,EB
32970,Queens,2021,3,9,2,15,15,177615,POINT (1028931.8143046284 215115.26618027306),ROOSEVELT AVENUE BRIDGE,Flushing Line,Flushing Line,EB
32970,Queens,2021,3,9,2,30,5,177615,POINT (1028931.8143046284 215115.26618027306),ROOSEVELT AVENUE BRIDGE,Flushing Line,Flushing Line,EB
32970,Queens,2021,3,9,2,45,9,177615,POINT (1028931.8143046284 215115.26618027306),ROOSEVELT AVENUE BRIDGE,Flushing Line,Flushing Line,EB
32970,Queens,2021,3,9,3,0,11,177615,POINT (1028931.8143046284 215115.26618027306),ROOSEVELT AVENUE BRIDGE,Flushing Line,Flushing Line,EB
32970,Queens,2021,3,9,3,15,7,177615,POINT (1028931.8143046284 215115.26618027306),ROOSEVELT AVENUE BRIDGE,Flushing Line,Flushing Line,EB
32970,Queens,2021,3,9,3,30,18,177615,POINT (1028931.8143046284 215115.26618027306),ROOSEVELT AVENUE BRIDGE,Flushing Line,Flushing Line,EB
32970,Queens,2021,3,9,3,45,9,177615,POINT (1028931.8143046284 215115.26618027306),ROOSEVELT AVENUE BRIDGE,Flushing Line,Flushing Line,EB
32970,Queens,2021,3,9,4,0,13,177615,POINT (1028931.8143046284 215115.26618027306),ROOSEVELT AVENUE BRIDGE,Flushing Line,Flushing Line,EB
32970,Queens,2021,3,9,4,15,12,177615,POINT (1028931.8143046284 215115.26618027306),ROOSEVELT AVENUE BRIDGE,Flushing Line,Flushing Line,EB
32970,Queens,2021,3,9,4,30,11,177615,POINT (1028931.8143046284 215115.26618027306),ROOSEVELT AVENUE BRIDGE,Flushing Line,Flushing Line,EB
32970,Queens,2021,3,9,4,45,11,177615,POINT (1028931.8143046284 215115.26618027306),ROOSEVELT AVENUE BRIDGE,Flushing Line,Flushing Line,EB
32970,Queens,2021,3,9,5,0,14,177615,POINT (1028931.8143046284 215115.26618027306),ROOSEVELT AVENUE BRIDGE,Flushing Line,Flushing Line,EB
32970,Queens,2021,3,9,5,15,25,177615,POINT (1028931.8143046284 215115.26618027306),ROOSEVELT AVENUE BRIDGE,Flushing Line,Flushing Line,EB
32970,Queens,2021,3,9,5,30,31,177615,POINT (1028931.8143046284 215115.26618027306),ROOSEVELT AVENUE BRIDGE,Flushing Line,Flushing Line,EB
32970,Queens,2021,3,9,5,45,42,177615,POINT (1028931.8143046284 215115.26618027306),ROOSEVELT AVENUE BRIDGE,Flushing Line,Flushing Line,EB
32970,Queens,2021,3,9,6,0,30,177615,POINT (1028931.8143046284 215115.26618027306),ROOSEVELT AVENUE BRIDGE,Flushing Line,Flushing Line,EB
32970,Queens,2021,3,9,6,15,46,177615,POINT (1028931.8143046284 215115.26618027306),ROOSEVELT AVENUE BRIDGE,Flushing Line,Flushing Line,EB
32970,Queens,2021,3,9,6,30,47,177615,POINT (1028931.8143046284 215115.26618027306),ROOSEVELT AVENUE BRIDGE,Flushing Line,Flushing Line,EB
32970,Queens,2021,3,9,6,45,67,177615,POINT (1028931.8143046284 215115.26618027306),ROOSEVELT AVENUE BRIDGE,Flushing Line,Flushing Line,EB
32970,Queens,2021,3,9,7,0,60,177615,POINT (1028931.8143046284 215115.26618027306),ROOSEVELT AVENUE BRIDGE,Flushing Line,Flushing Line,EB
32970,Queens,2021,3,9,7,15,67,177615,POINT (1028931.8143046284 215115.26618027306),ROOSEVELT AVENUE BRIDGE,Flushing Line,Flushing Line,EB
32970,Queens,2021,3,9,7,30,76,177615,POINT (1028931.8143046284 215115.26618027306),ROOSEVELT AVENUE BRIDGE,Flushing Line,Flushing Line,EB
32970,Queens,2021,3,9,7,45,82,177615,POINT (1028931.8143046284 215115.26618027306),ROOSEVELT AVENUE BRIDGE,Flushing Line,Flushing Line,EB
32970,Queens,2021,3,9,8,0,67,177615,POINT (1028931.8143046284 215115.26618027306),ROOSEVELT AVENUE BRIDGE,Flushing Line,Flushing Line,EB
32970,Queens,2021,3,9,8,15,69,177615,POINT (1028931.8143046284 215115.26618027306),ROOSEVELT AVENUE BRIDGE,Flushing Line,Flushing Line,EB
32970,Queens,2021,3,9,8,30,75,177615,POINT (1028931.8143046284 215115.26618027306),ROOSEVELT AVENUE BRIDGE,Flushing Line,Flushing Line,EB
32970,Queens,2021,3,9,8,45,104,177615,POINT (1028931.8143046284 215115.26618027306),ROOSEVELT AVENUE BRIDGE,Flushing Line,Flushing Line,EB
32970,Queens,2021,3,9,9,0,88,177615,POINT (1028931.8143046284 215115.26618027306),ROOSEVELT AVENUE BRIDGE,Flushing Line,Flushing Line,EB
32970,Queens,2021,3,9,9,15,93,177615,POINT (1028931.8143046284 215115.26618027306),ROOSEVELT AVENUE BRIDGE,Flushing Line,Flushing Line,EB
32970,Queens,2021,3,9,9,30,114,177615,POINT (1028931.8143046284 215115.26618027306),ROOSEVELT AVENUE BRIDGE,Flushing Line,Flushing Line,EB
32970,Queens,2021,3,9,9,45,110,177615,POINT (1028931.8143046284 215115.26618027306),ROOSEVELT AVENUE BRIDGE,Flushing Line,Flushing Line,EB
32970,Queens,2021,3,9,10,0,95,177615,POINT (1028931.8143046284 215115.26618027306),ROOSEVELT AVENUE BRIDGE,Flushing Line,Flushing Line,EB
32970,Queens,2021,3,9,10,15,94,177615,POINT (1028931.8143046284 215115.26618027306),ROOSEVELT AVENUE BRIDGE,Flushing Line,Flushing Line,EB
32970,Queens,2021,3,9,10,30,111,177615,POINT (1028931.8143046284 215115.26618027306),ROOSEVELT AVENUE BRIDGE,Flushing Line,Flushing Line,EB
32970,Queens,2021,3,9,10,45,88,177615,POINT (1028931.8143046284 215115.26618027306),ROOSEVELT AVENUE BRIDGE,Flushing Line,Flushing Line,EB
32970,Queens,2021,3,9,11,0,101,177615,POINT (1028931.8143046284 215115.26618027306),ROOSEVELT AVENUE BRIDGE,Flushing Line,Flushing Line,EB
32970,Queens,2021,3,9,11,15,111,177615,POINT (1028931.8143046284 215115.26618027306),ROOSEVELT AVENUE BRIDGE,Flushing Line,Flushing Line,EB
32970,Queens,2021,3,9,11,30,117,177615,POINT (1028931.8143046284 215115.26618027306),ROOSEVELT AVENUE BRIDGE,Flushing Line,Flushing Line,EB
32970,Queens,2021,3,9,11,45,130,177615,POINT (1028931.8143046284 215115.26618027306),ROOSEVELT AVENUE BRIDGE,Flushing Line,Flushing Line,EB
32970,Queens,2021,3,9,12,0,106,177615,POINT (1028931.8143046284 215115.26618027306),ROOSEVELT AVENUE BRIDGE,Flushing Line,Flushing Line,EB
32970,Queens,2021,3,9,12,15,96,177615,POINT (1028931.8143046284 215115.26618027306),ROOSEVELT AVENUE BRIDGE,Flushing Line,Flushing Line,EB
32970,Queens,2021,3,9,12,30,110,177615,POINT (1028931.8143046284 215115.26618027306),ROOSEVELT AVENUE BRIDGE,Flushing Line,Flushing Line,EB
32970,Queens,2021,3,9,12,45,96,177615,POINT (1028931.8143046284 215115.26618027306),ROOSEVELT AVENUE BRIDGE,Flushing Line,Flushing Line,EB
32970,Queens,2021,3,9,13,0,123,177615,POINT (1028931.8143046284 215115.26618027306),ROOSEVELT AVENUE BRIDGE,Flushing Line,Flushing Line,EB
32970,Queens,2021,3,9,13,15,114,177615,POINT (1028931.8143046284 215115.26618027306),ROOSEVELT AVENUE BRIDGE,Flushing Line,Flushing Line,EB
32970,Queens,2021,3,9,13,30,106,177615,POINT (1028931.8143046284 215115.26618027306),ROOSEVELT AVENUE BRIDGE,Flushing Line,Flushing Line,EB
32970,Queens,2021,3,9,13,45,121,177615,POINT (1028931.8143046284 215115.26618027306),ROOSEVELT AVENUE BRIDGE,Flushing Line,Flushing Line,EB
32970,Queens,2021,3,9,14,0,104,177615,POINT (1028931.8143046284 215115.26618027306),ROOSEVELT AVENUE BRIDGE,Flushing Line,Flushing Line,EB
32970,Queens,2021,3,9,14,15,118,177615,POINT (1028931.8143046284 215115.26618027306),ROOSEVELT AVENUE BRIDGE,Flushing Line,Flushing Line,EB
32970,Queens,2021,3,9,14,30,138,177615,POINT (1028931.8143046284 215115.26618027306),ROOSEVELT AVENUE BRIDGE,Flushing Line,Flushing Line,EB
32970,Queens,2021,3,9,14,45,147,177615,POINT (1028931.8143046284 215115.26618027306),ROOSEVELT AVENUE BRIDGE,Flushing Line,Flushing Line,EB
32970,Queens,2021,3,9,15,0,126,177615,POINT (1028931.8143046284 215115.26618027306),ROOSEVELT AVENUE BRIDGE,Flushing Line,Flushing Line,EB
32970,Queens,2021,3,9,15,15,110,177615,POINT (1028931.8143046284 215115.26618027306),ROOSEVELT AVENUE BRIDGE,Flushing Line,Flushing Line,EB
32970,Queens,2021,3,9,15,30,142,177615,POINT (1028931.8143046284 215115.26618027306),ROOSEVELT AVENUE BRIDGE,Flushing Line,Flushing Line,EB
32970,Queens,2021,3,9,15,45,142,177615,POINT (1028931.8143046284 215115.26618027306),ROOSEVELT AVENUE BRIDGE,Flushing Line,Flushing Line,EB
32970,Queens,2021,3,9,16,0,105,177615,POINT (1028931.8143046284 215115.26618027306),ROOSEVELT AVENUE BRIDGE,Flushing Line,Flushing Line,EB
32970,Queens,2021,3,9,16,15,132,177615,POINT (1028931.8143046284 215115.26618027306),ROOSEVELT AVENUE BRIDGE,Flushing Line,Flushing Line,EB
32970,Queens,2021,3,9,16,30,134,177615,POINT (1028931.8143046284 215115.26618027306),ROOSEVELT AVENUE BRIDGE,Flushing Line,Flushing Line,EB
32970,Queens,2021,3,9,16,45,131,177615,POINT (1028931.8143046284 215115.26618027306),ROOSEVELT AVENUE BRIDGE,Flushing Line,Flushing Line,EB
32970,Queens,2021,3,9,17,0,160,177615,POINT (1028931.8143046284 215115.26618027306),ROOSEVELT AVENUE BRIDGE,Flushing Line,Flushing Line,EB
32970,Queens,2021,3,9,17,15,158,177615,POINT (1028931.8143046284 215115.26618027306),ROOSEVELT AVENUE BRIDGE,Flushing Line,Flushing Line,EB
32970,Queens,2021,3,9,17,30,152,177615,POINT (1028931.8143046284 215115.26618027306),ROOSEVELT AVENUE BRIDGE,Flushing Line,Flushing Line,EB
32970,Queens,2021,3,9,17,45,127,177615,POINT (1028931.8143046284 215115.26618027306),ROOSEVELT AVENUE BRIDGE,Flushing Line,Flushing Line,EB
32970,Queens,2021,3,9,18,0,140,177615,POINT (1028931.8143046284 215115.26618027306),ROOSEVELT AVENUE BRIDGE,Flushing Line,Flushing Line,EB
32970,Queens,2021,3,9,18,15,132,177615,POINT (1028931.8143046284 215115.26618027306),ROOSEVELT AVENUE BRIDGE,Flushing Line,Flushing Line,EB
32970,Queens,2021,3,9,18,30,126,177615,POINT (1028931.8143046284 215115.26618027306),ROOSEVELT AVENUE BRIDGE,Flushing Line,Flushing Line,EB
32970,Queens,2021,3,9,18,45,127,177615,POINT (1028931.8143046284 215115.26618027306),ROOSEVELT AVENUE BRIDGE,Flushing Line,Flushing Line,EB
32970,Queens,2021,3,9,19,0,105,177615,POINT (1028931.8143046284 215115.26618027306),ROOSEVELT AVENUE BRIDGE,Flushing Line,Flushing Line,EB
32970,Queens,2021,3,9,19,15,90,177615,POINT (1028931.8143046284 215115.26618027306),ROOSEVELT AVENUE BRIDGE,Flushing Line,Flushing Line,EB
32970,Queens,2021,3,9,19,30,99,177615,POINT (1028931.8143046284 215115.26618027306),ROOSEVELT AVENUE BRIDGE,Flushing Line,Flushing Line,EB
32970,Queens,2021,3,9,19,45,85,177615,POINT (1028931.8143046284 215115.26618027306),ROOSEVELT AVENUE BRIDGE,Flushing Line,Flushing Line,EB
32970,Queens,2021,3,9,20,0,53,177615,POINT (1028931.8143046284 215115.26618027306),ROOSEVELT AVENUE BRIDGE,Flushing Line,Flushing Line,EB
32970,Queens,2021,3,9,20,15,77,177615,POINT (1028931.8143046284 215115.26618027306),ROOSEVELT AVENUE BRIDGE,Flushing Line,Flushing Line,EB
32970,Queens,2021,3,9,20,30,67,177615,POINT (1028931.8143046284 215115.26618027306),ROOSEVELT AVENUE BRIDGE,Flushing Line,Flushing Line,EB
32970,Queens,2021,3,9,20,45,61,177615,POINT (1028931.8143046284 215115.26618027306),ROOSEVELT AVENUE BRIDGE,Flushing Line,Flushing Line,EB
32970,Queens,2021,3,9,21,0,52,177615,POINT (1028931.8143046284 215115.26618027306),ROOSEVELT AVENUE BRIDGE,Flushing Line,Flushing Line,EB
32970,Queens,2021,3,9,21,15,56,177615,POINT (1028931.8143046284 215115.26618027306),ROOSEVELT AVENUE BRIDGE,Flushing Line,Flushing Line,EB
32970,Queens,2021,3,9,21,30,63,177615,POINT (1028931.8143046284 215115.26618027306),ROOSEVELT AVENUE BRIDGE,Flushing Line,Flushing Line,EB
32970,Queens,2021,3,9,21,45,41,177615,POINT (1028931.8143046284 215115.26618027306),ROOSEVELT AVENUE BRIDGE,Flushing Line,Flushing Line,EB
32970,Queens,2021,3,9,22,0,52,177615,POINT (1028931.8143046284 215115.26618027306),ROOSEVELT AVENUE BRIDGE,Flushing Line,Flushing Line,EB
32970,Queens,2021,3,9,22,15,35,177615,POINT (1028931.8143046284 215115.26618027306),ROOSEVELT AVENUE BRIDGE,Flushing Line,Flushing Line,EB
32970,Queens,2021,3,9,22,30,26,177615,POINT (1028931.8143046284 215115.26618027306),ROOSEVELT AVENUE BRIDGE,Flushing Line,Flushing Line,EB
32970,Queens,2021,3,9,22,45,37,177615,POINT (1028931.8143046284 215115.26618027306),ROOSEVELT AVENUE BRIDGE,Flushing Line,Flushing Line,EB
32970,Queens,2021,3,9,23,0,30,177615,POINT (1028931.8143046284 215115.26618027306),ROOSEVELT AVENUE BRIDGE,Flushing Line,Flushing Line,EB
32970,Queens,2021,3,9,23,15,28,177615,POINT (1028931.8143046284 215115.26618027306),ROOSEVELT AVENUE BRIDGE,Flushing Line,Flushing Line,EB
32970,Queens,2021,3,9,23,30,28,177615,POINT (1028931.8143046284 215115.26618027306),ROOSEVELT AVENUE BRIDGE,Flushing Line,Flushing Line,EB
32970,Queens,2021,3,9,23,45,25,177615,POINT (1028931.8143046284 215115.26618027306),ROOSEVELT AVENUE BRIDGE,Flushing Line,Flushing Line,EB
32970,Queens,2021,3,10,0,0,19,177615,POINT (1028931.8143046284 215115.26618027306),ROOSEVELT AVENUE BRIDGE,Flushing Line,Flushing Line,EB
32970,Queens,2021,3,10,0,15,14,177615,POINT (1028931.8143046284 215115.26618027306),ROOSEVELT AVENUE BRIDGE,Flushing Line,Flushing Line,EB
32970,Queens,2021,3,10,0,30,17,177615,POINT (1028931.8143046284 215115.26618027306),ROOSEVELT AVENUE BRIDGE,Flushing Line,Flushing Line,EB
32970,Queens,2021,3,10,0,45,10,177615,POINT (1028931.8143046284 215115.26618027306),ROOSEVELT AVENUE BRIDGE,Flushing Line,Flushing Line,EB
32970,Queens,2021,3,10,1,0,14,177615,POINT (1028931.8143046284 215115.26618027306),ROOSEVELT AVENUE BRIDGE,Flushing Line,Flushing Line,EB
32970,Queens,2021,3,10,1,15,25,177615,POINT (1028931.8143046284 215115.26618027306),ROOSEVELT AVENUE BRIDGE,Flushing Line,Flushing Line,EB
32970,Queens,2021,3,10,1,30,18,177615,POINT (1028931.8143046284 215115.26618027306),ROOSEVELT AVENUE BRIDGE,Flushing Line,Flushing Line,EB
32970,Queens,2021,3,10,1,45,13,177615,POINT (1028931.8143046284 215115.26618027306),ROOSEVELT AVENUE BRIDGE,Flushing Line,Flushing Line,EB
32970,Queens,2021,3,10,2,0,13,177615,POINT (1028931.8143046284 215115.26618027306),ROOSEVELT AVENUE BRIDGE,Flushing Line,Flushing Line,EB
32970,Queens,2021,3,10,2,15,12,177615,POINT (1028931.8143046284 215115.26618027306),ROOSEVELT AVENUE BRIDGE,Flushing Line,Flushing Line,EB
32970,Queens,2021,3,10,2,30,15,177615,POINT (1028931.8143046284 215115.26618027306),ROOSEVELT AVENUE BRIDGE,Flushing Line,Flushing Line,EB
32970,Queens,2021,3,10,2,45,8,177615,POINT (1028931.8143046284 215115.26618027306),ROOSEVELT AVENUE BRIDGE,Flushing Line,Flushing Line,EB
32970,Queens,2021,3,10,3,0,14,177615,POINT (1028931.8143046284 215115.26618027306),ROOSEVELT AVENUE BRIDGE,Flushing Line,Flushing Line,EB
32970,Queens,2021,3,10,3,15,10,177615,POINT (1028931.8143046284 215115.26618027306),ROOSEVELT AVENUE BRIDGE,Flushing Line,Flushing Line,EB
32970,Queens,2021,3,10,3,30,18,177615,POINT (1028931.8143046284 215115.26618027306),ROOSEVELT AVENUE BRIDGE,Flushing Line,Flushing Line,EB
32970,Queens,2021,3,10,3,45,13,177615,POINT (1028931.8143046284 215115.26618027306),ROOSEVELT AVENUE BRIDGE,Flushing Line,Flushing Line,EB
32970,Queens,2021,3,10,4,0,18,177615,POINT (1028931.8143046284 215115.26618027306),ROOSEVELT AVENUE BRIDGE,Flushing Line,Flushing Line,EB
32970,Queens,2021,3,10,4,15,12,177615,POINT (1028931.8143046284 215115.26618027306),ROOSEVELT AVENUE BRIDGE,Flushing Line,Flushing Line,EB
32970,Queens,2021,3,10,4,30,23,177615,POINT (1028931.8143046284 215115.26618027306),ROOSEVELT AVENUE BRIDGE,Flushing Line,Flushing Line,EB
32970,Queens,2021,3,10,4,45,15,177615,POINT (1028931.8143046284 215115.26618027306),ROOSEVELT AVENUE BRIDGE,Flushing Line,Flushing Line,EB
32970,Queens,2021,3,10,5,0,18,177615,POINT (1028931.8143046284 215115.26618027306),ROOSEVELT AVENUE BRIDGE,Flushing Line,Flushing Line,EB
32970,Queens,2021,3,10,5,15,19,177615,POINT (1028931.8143046284 215115.26618027306),ROOSEVELT AVENUE BRIDGE,Flushing Line,Flushing Line,EB
32970,Queens,2021,3,10,5,30,34,177615,POINT (1028931.8143046284 215115.26618027306),ROOSEVELT AVENUE BRIDGE,Flushing Line,Flushing Line,EB
32970,Queens,2021,3,10,5,45,37,177615,POINT (1028931.8143046284 215115.26618027306),ROOSEVELT AVENUE BRIDGE,Flushing Line,Flushing Line,EB
32970,Queens,2021,3,10,6,0,36,177615,POINT (1028931.8143046284 215115.26618027306),ROOSEVELT AVENUE BRIDGE,Flushing Line,Flushing Line,EB
32970,Queens,2021,3,10,6,15,34,177615,POINT (1028931.8143046284 215115.26618027306),ROOSEVELT AVENUE BRIDGE,Flushing Line,Flushing Line,EB
32970,Queens,2021,3,10,6,30,49,177615,POINT (1028931.8143046284 215115.26618027306),ROOSEVELT AVENUE BRIDGE,Flushing Line,Flushing Line,EB
32970,Queens,2021,3,10,6,45,70,177615,POINT (1028931.8143046284 215115.26618027306),ROOSEVELT AVENUE BRIDGE,Flushing Line,Flushing Line,EB
32970,Queens,2021,3,10,7,0,63,177615,POINT (1028931.8143046284 215115.26618027306),ROOSEVELT AVENUE BRIDGE,Flushing Line,Flushing Line,EB
32970,Queens,2021,3,10,7,15,62,177615,POINT (1028931.8143046284 215115.26618027306),ROOSEVELT AVENUE BRIDGE,Flushing Line,Flushing Line,EB
32970,Queens,2021,3,10,7,30,57,177615,POINT (1028931.8143046284 215115.26618027306),ROOSEVELT AVENUE BRIDGE,Flushing Line,Flushing Line,EB
32970,Queens,2021,3,10,7,45,78,177615,POINT (1028931.8143046284 215115.26618027306),ROOSEVELT AVENUE BRIDGE,Flushing Line,Flushing Line,EB
32970,Queens,2021,3,10,8,0,71,177615,POINT (1028931.8143046284 215115.26618027306),ROOSEVELT AVENUE BRIDGE,Flushing Line,Flushing Line,EB
32970,Queens,2021,3,10,8,15,91,177615,POINT (1028931.8143046284 215115.26618027306),ROOSEVELT AVENUE BRIDGE,Flushing Line,Flushing Line,EB
32970,Queens,2021,3,10,8,30,78,177615,POINT (1028931.8143046284 215115.26618027306),ROOSEVELT AVENUE BRIDGE,Flushing Line,Flushing Line,EB
32970,Queens,2021,3,10,8,45,120,177615,POINT (1028931.8143046284 215115.26618027306),ROOSEVELT AVENUE BRIDGE,Flushing Line,Flushing Line,EB
32970,Queens,2021,3,10,9,0,91,177615,POINT (1028931.8143046284 215115.26618027306),ROOSEVELT AVENUE BRIDGE,Flushing Line,Flushing Line,EB
32970,Queens,2021,3,10,9,15,94,177615,POINT (1028931.8143046284 215115.26618027306),ROOSEVELT AVENUE BRIDGE,Flushing Line,Flushing Line,EB
32970,Queens,2021,3,10,9,30,120,177615,POINT (1028931.8143046284 215115.26618027306),ROOSEVELT AVENUE BRIDGE,Flushing Line,Flushing Line,EB
32970,Queens,2021,3,10,9,45,115,177615,POINT (1028931.8143046284 215115.26618027306),ROOSEVELT AVENUE BRIDGE,Flushing Line,Flushing Line,EB
32970,Queens,2021,3,10,10,0,111,177615,POINT (1028931.8143046284 215115.26618027306),ROOSEVELT AVENUE BRIDGE,Flushing Line,Flushing Line,EB
32970,Queens,2021,3,10,10,15,109,177615,POINT (1028931.8143046284 215115.26618027306),ROOSEVELT AVENUE BRIDGE,Flushing Line,Flushing Line,EB
32970,Queens,2021,3,10,10,30,98,177615,POINT (1028931.8143046284 215115.26618027306),ROOSEVELT AVENUE BRIDGE,Flushing Line,Flushing Line,EB
32970,Queens,2021,3,10,10,45,96,177615,POINT (1028931.8143046284 215115.26618027306),ROOSEVELT AVENUE BRIDGE,Flushing Line,Flushing Line,EB
32970,Queens,2021,3,10,11,0,92,177615,POINT (1028931.8143046284 215115.26618027306),ROOSEVELT AVENUE BRIDGE,Flushing Line,Flushing Line,EB
32970,Queens,2021,3,10,11,15,98,177615,POINT (1028931.8143046284 215115.26618027306),ROOSEVELT AVENUE BRIDGE,Flushing Line,Flushing Line,EB
32970,Queens,2021,3,10,11,30,90,177615,POINT (1028931.8143046284 215115.26618027306),ROOSEVELT AVENUE BRIDGE,Flushing Line,Flushing Line,EB
32970,Queens,2021,3,10,11,45,113,177615,POINT (1028931.8143046284 215115.26618027306),ROOSEVELT AVENUE BRIDGE,Flushing Line,Flushing Line,EB
32970,Queens,2021,3,10,12,0,100,177615,POINT (1028931.8143046284 215115.26618027306),ROOSEVELT AVENUE BRIDGE,Flushing Line,Flushing Line,EB
32970,Queens,2021,3,10,12,15,113,177615,POINT (1028931.8143046284 215115.26618027306),ROOSEVELT AVENUE BRIDGE,Flushing Line,Flushing Line,EB
32970,Queens,2021,3,10,12,30,84,177615,POINT (1028931.8143046284 215115.26618027306),ROOSEVELT AVENUE BRIDGE,Flushing Line,Flushing Line,EB
32970,Queens,2021,3,10,12,45,113,177615,POINT (1028931.8143046284 215115.26618027306),ROOSEVELT AVENUE BRIDGE,Flushing Line,Flushing Line,EB
32970,Queens,2021,3,10,13,0,112,177615,POINT (1028931.8143046284 215115.26618027306),ROOSEVELT AVENUE BRIDGE,Flushing Line,Flushing Line,EB
32970,Queens,2021,3,10,13,15,96,177615,POINT (1028931.8143046284 215115.26618027306),ROOSEVELT AVENUE BRIDGE,Flushing Line,Flushing Line,EB
32970,Queens,2021,3,10,13,30,120,177615,POINT (1028931.8143046284 215115.26618027306),ROOSEVELT AVENUE BRIDGE,Flushing Line,Flushing Line,EB
32970,Queens,2021,3,10,13,45,126,177615,POINT (1028931.8143046284 215115.26618027306),ROOSEVELT AVENUE BRIDGE,Flushing Line,Flushing Line,EB
32970,Queens,2021,3,10,14,0,120,177615,POINT (1028931.8143046284 215115.26618027306),ROOSEVELT AVENUE BRIDGE,Flushing Line,Flushing Line,EB
32970,Queens,2021,3,10,14,15,135,177615,POINT (1028931.8143046284 215115.26618027306),ROOSEVELT AVENUE BRIDGE,Flushing Line,Flushing Line,EB
32970,Queens,2021,3,10,14,30,123,177615,POINT (1028931.8143046284 215115.26618027306),ROOSEVELT AVENUE BRIDGE,Flushing Line,Flushing Line,EB
32970,Queens,2021,3,10,14,45,129,177615,POINT (1028931.8143046284 215115.26618027306),ROOSEVELT AVENUE BRIDGE,Flushing Line,Flushing Line,EB
32970,Queens,2021,3,10,15,0,140,177615,POINT (1028931.8143046284 215115.26618027306),ROOSEVELT AVENUE BRIDGE,Flushing Line,Flushing Line,EB
32970,Queens,2021,3,10,15,15,122,177615,POINT (1028931.8143046284 215115.26618027306),ROOSEVELT AVENUE BRIDGE,Flushing Line,Flushing Line,EB
32970,Queens,2021,3,10,15,30,106,177615,POINT (1028931.8143046284 215115.26618027306),ROOSEVELT AVENUE BRIDGE,Flushing Line,Flushing Line,EB
32970,Queens,2021,3,10,15,45,120,177615,POINT (1028931.8143046284 215115.26618027306),ROOSEVELT AVENUE BRIDGE,Flushing Line,Flushing Line,EB
32970,Queens,2021,3,10,16,0,116,177615,POINT (1028931.8143046284 215115.26618027306),ROOSEVELT AVENUE BRIDGE,Flushing Line,Flushing Line,EB
32970,Queens,2021,3,10,16,15,119,177615,POINT (1028931.8143046284 215115.26618027306),ROOSEVELT AVENUE BRIDGE,Flushing Line,Flushing Line,EB
32970,Queens,2021,3,10,16,30,137,177615,POINT (1028931.8143046284 215115.26618027306),ROOSEVELT AVENUE BRIDGE,Flushing Line,Flushing Line,EB
32970,Queens,2021,3,10,16,45,144,177615,POINT (1028931.8143046284 215115.26618027306),ROOSEVELT AVENUE BRIDGE,Flushing Line,Flushing Line,EB
32970,Queens,2021,3,10,17,0,169,177615,POINT (1028931.8143046284 215115.26618027306),ROOSEVELT AVENUE BRIDGE,Flushing Line,Flushing Line,EB
32970,Queens,2021,3,10,17,15,147,177615,POINT (1028931.8143046284 215115.26618027306),ROOSEVELT AVENUE BRIDGE,Flushing Line,Flushing Line,EB
32970,Queens,2021,3,10,17,30,160,177615,POINT (1028931.8143046284 215115.26618027306),ROOSEVELT AVENUE BRIDGE,Flushing Line,Flushing Line,EB
32970,Queens,2021,3,10,17,45,132,177615,POINT (1028931.8143046284 215115.26618027306),ROOSEVELT AVENUE BRIDGE,Flushing Line,Flushing Line,EB
32970,Queens,2021,3,10,18,0,144,177615,POINT (1028931.8143046284 215115.26618027306),ROOSEVELT AVENUE BRIDGE,Flushing Line,Flushing Line,EB
32970,Queens,2021,3,10,18,15,111,177615,POINT (1028931.8143046284 215115.26618027306),ROOSEVELT AVENUE BRIDGE,Flushing Line,Flushing Line,EB
32970,Queens,2021,3,10,18,30,137,177615,POINT (1028931.8143046284 215115.26618027306),ROOSEVELT AVENUE BRIDGE,Flushing Line,Flushing Line,EB
32970,Queens,2021,3,10,18,45,115,177615,POINT (1028931.8143046284 215115.26618027306),ROOSEVELT AVENUE BRIDGE,Flushing Line,Flushing Line,EB
32970,Queens,2021,3,10,19,0,109,177615,POINT (1028931.8143046284 215115.26618027306),ROOSEVELT AVENUE BRIDGE,Flushing Line,Flushing Line,EB
32970,Queens,2021,3,10,19,15,119,177615,POINT (1028931.8143046284 215115.26618027306),ROOSEVELT AVENUE BRIDGE,Flushing Line,Flushing Line,EB
32970,Queens,2021,3,10,19,30,86,177615,POINT (1028931.8143046284 215115.26618027306),ROOSEVELT AVENUE BRIDGE,Flushing Line,Flushing Line,EB
32970,Queens,2021,3,10,19,45,88,177615,POINT (1028931.8143046284 215115.26618027306),ROOSEVELT AVENUE BRIDGE,Flushing Line,Flushing Line,EB
32970,Queens,2021,3,10,20,0,84,177615,POINT (1028931.8143046284 215115.26618027306),ROOSEVELT AVENUE BRIDGE,Flushing Line,Flushing Line,EB
32970,Queens,2021,3,10,20,15,78,177615,POINT (1028931.8143046284 215115.26618027306),ROOSEVELT AVENUE BRIDGE,Flushing Line,Flushing Line,EB
32970,Queens,2021,3,10,20,30,59,177615,POINT (1028931.8143046284 215115.26618027306),ROOSEVELT AVENUE BRIDGE,Flushing Line,Flushing Line,EB
32970,Queens,2021,3,10,20,45,78,177615,POINT (1028931.8143046284 215115.26618027306),ROOSEVELT AVENUE BRIDGE,Flushing Line,Flushing Line,EB
32970,Queens,2021,3,10,21,0,57,177615,POINT (1028931.8143046284 215115.26618027306),ROOSEVELT AVENUE BRIDGE,Flushing Line,Flushing Line,EB
32970,Queens,2021,3,10,21,15,56,177615,POINT (1028931.8143046284 215115.26618027306),ROOSEVELT AVENUE BRIDGE,Flushing Line,Flushing Line,EB
32970,Queens,2021,3,10,21,30,46,177615,POINT (1028931.8143046284 215115.26618027306),ROOSEVELT AVENUE BRIDGE,Flushing Line,Flushing Line,EB
32970,Queens,2021,3,10,21,45,56,177615,POINT (1028931.8143046284 215115.26618027306),ROOSEVELT AVENUE BRIDGE,Flushing Line,Flushing Line,EB
32970,Queens,2021,3,10,22,0,36,177615,POINT (1028931.8143046284 215115.26618027306),ROOSEVELT AVENUE BRIDGE,Flushing Line,Flushing Line,EB
32970,Queens,2021,3,10,22,15,42,177615,POINT (1028931.8143046284 215115.26618027306),ROOSEVELT AVENUE BRIDGE,Flushing Line,Flushing Line,EB
32970,Queens,2021,3,10,22,30,133,177615,POINT (1028931.8143046284 215115.26618027306),ROOSEVELT AVENUE BRIDGE,Flushing Line,Flushing Line,EB
32970,Queens,2021,3,10,22,45,88,177615,POINT (1028931.8143046284 215115.26618027306),ROOSEVELT AVENUE BRIDGE,Flushing Line,Flushing Line,EB
32970,Queens,2021,3,10,23,0,30,177615,POINT (1028931.8143046284 215115.26618027306),ROOSEVELT AVENUE BRIDGE,Flushing Line,Flushing Line,EB
32970,Queens,2021,3,10,23,15,35,177615,POINT (1028931.8143046284 215115.26618027306),ROOSEVELT AVENUE BRIDGE,Flushing Line,Flushing Line,EB
32970,Queens,2021,3,10,23,30,37,177615,POINT (1028931.8143046284 215115.26618027306),ROOSEVELT AVENUE BRIDGE,Flushing Line,Flushing Line,EB
32970,Queens,2021,3,10,23,45,34,177615,POINT (1028931.8143046284 215115.26618027306),ROOSEVELT AVENUE BRIDGE,Flushing Line,Flushing Line,EB
32970,Queens,2021,3,11,0,0,21,177615,POINT (1028931.8143046284 215115.26618027306),ROOSEVELT AVENUE BRIDGE,Flushing Line,Flushing Line,EB
32970,Queens,2021,3,11,0,15,13,177615,POINT (1028931.8143046284 215115.26618027306),ROOSEVELT AVENUE BRIDGE,Flushing Line,Flushing Line,EB
32970,Queens,2021,3,11,0,30,23,177615,POINT (1028931.8143046284 215115.26618027306),ROOSEVELT AVENUE BRIDGE,Flushing Line,Flushing Line,EB
32970,Queens,2021,3,11,0,45,18,177615,POINT (1028931.8143046284 215115.26618027306),ROOSEVELT AVENUE BRIDGE,Flushing Line,Flushing Line,EB
32970,Queens,2021,3,11,1,0,14,177615,POINT (1028931.8143046284 215115.26618027306),ROOSEVELT AVENUE BRIDGE,Flushing Line,Flushing Line,EB
32970,Queens,2021,3,11,1,15,13,177615,POINT (1028931.8143046284 215115.26618027306),ROOSEVELT AVENUE BRIDGE,Flushing Line,Flushing Line,EB
32970,Queens,2021,3,11,1,30,14,177615,POINT (1028931.8143046284 215115.26618027306),ROOSEVELT AVENUE BRIDGE,Flushing Line,Flushing Line,EB
32970,Queens,2021,3,11,1,45,9,177615,POINT (1028931.8143046284 215115.26618027306),ROOSEVELT AVENUE BRIDGE,Flushing Line,Flushing Line,EB
32970,Queens,2021,3,11,2,0,14,177615,POINT (1028931.8143046284 215115.26618027306),ROOSEVELT AVENUE BRIDGE,Flushing Line,Flushing Line,EB
32970,Queens,2021,3,11,2,15,12,177615,POINT (1028931.8143046284 215115.26618027306),ROOSEVELT AVENUE BRIDGE,Flushing Line,Flushing Line,EB
32970,Queens,2021,3,11,2,30,20,177615,POINT (1028931.8143046284 215115.26618027306),ROOSEVELT AVENUE BRIDGE,Flushing Line,Flushing Line,EB
32970,Queens,2021,3,11,2,45,17,177615,POINT (1028931.8143046284 215115.26618027306),ROOSEVELT AVENUE BRIDGE,Flushing Line,Flushing Line,EB
32970,Queens,2021,3,11,3,0,13,177615,POINT (1028931.8143046284 215115.26618027306),ROOSEVELT AVENUE BRIDGE,Flushing Line,Flushing Line,EB
32970,Queens,2021,3,11,3,15,13,177615,POINT (1028931.8143046284 215115.26618027306),ROOSEVELT AVENUE BRIDGE,Flushing Line,Flushing Line,EB
32970,Queens,2021,3,11,3,30,14,177615,POINT (1028931.8143046284 215115.26618027306),ROOSEVELT AVENUE BRIDGE,Flushing Line,Flushing Line,EB
32970,Queens,2021,3,11,3,45,10,177615,POINT (1028931.8143046284 215115.26618027306),ROOSEVELT AVENUE BRIDGE,Flushing Line,Flushing Line,EB
32970,Queens,2021,3,11,4,0,20,177615,POINT (1028931.8143046284 215115.26618027306),ROOSEVELT AVENUE BRIDGE,Flushing Line,Flushing Line,EB
32970,Queens,2021,3,11,4,15,14,177615,POINT (1028931.8143046284 215115.26618027306),ROOSEVELT AVENUE BRIDGE,Flushing Line,Flushing Line,EB
32970,Queens,2021,3,11,4,30,22,177615,POINT (1028931.8143046284 215115.26618027306),ROOSEVELT AVENUE BRIDGE,Flushing Line,Flushing Line,EB
32970,Queens,2021,3,11,4,45,15,177615,POINT (1028931.8143046284 215115.26618027306),ROOSEVELT AVENUE BRIDGE,Flushing Line,Flushing Line,EB
32970,Queens,2021,3,11,5,0,17,177615,POINT (1028931.8143046284 215115.26618027306),ROOSEVELT AVENUE BRIDGE,Flushing Line,Flushing Line,EB
32970,Queens,2021,3,11,5,15,28,177615,POINT (1028931.8143046284 215115.26618027306),ROOSEVELT AVENUE BRIDGE,Flushing Line,Flushing Line,EB
32970,Queens,2021,3,11,5,30,29,177615,POINT (1028931.8143046284 215115.26618027306),ROOSEVELT AVENUE BRIDGE,Flushing Line,Flushing Line,EB
32970,Queens,2021,3,11,5,45,43,177615,POINT (1028931.8143046284 215115.26618027306),ROOSEVELT AVENUE BRIDGE,Flushing Line,Flushing Line,EB
32970,Queens,2021,3,11,6,0,32,177615,POINT (1028931.8143046284 215115.26618027306),ROOSEVELT AVENUE BRIDGE,Flushing Line,Flushing Line,EB
32970,Queens,2021,3,11,6,15,46,177615,POINT (1028931.8143046284 215115.26618027306),ROOSEVELT AVENUE BRIDGE,Flushing Line,Flushing Line,EB
32970,Queens,2021,3,11,6,30,52,177615,POINT (1028931.8143046284 215115.26618027306),ROOSEVELT AVENUE BRIDGE,Flushing Line,Flushing Line,EB
32970,Queens,2021,3,11,6,45,62,177615,POINT (1028931.8143046284 215115.26618027306),ROOSEVELT AVENUE BRIDGE,Flushing Line,Flushing Line,EB
32970,Queens,2021,3,11,7,0,68,177615,POINT (1028931.8143046284 215115.26618027306),ROOSEVELT AVENUE BRIDGE,Flushing Line,Flushing Line,EB
32970,Queens,2021,3,11,7,15,72,177615,POINT (1028931.8143046284 215115.26618027306),ROOSEVELT AVENUE BRIDGE,Flushing Line,Flushing Line,EB
32970,Queens,2021,3,11,7,30,88,177615,POINT (1028931.8143046284 215115.26618027306),ROOSEVELT AVENUE BRIDGE,Flushing Line,Flushing Line,EB
32970,Queens,2021,3,11,7,45,78,177615,POINT (1028931.8143046284 215115.26618027306),ROOSEVELT AVENUE BRIDGE,Flushing Line,Flushing Line,EB
32970,Queens,2021,3,11,8,0,81,177615,POINT (1028931.8143046284 215115.26618027306),ROOSEVELT AVENUE BRIDGE,Flushing Line,Flushing Line,EB
32970,Queens,2021,3,11,8,15,88,177615,POINT (1028931.8143046284 215115.26618027306),ROOSEVELT AVENUE BRIDGE,Flushing Line,Flushing Line,EB
32970,Queens,2021,3,11,8,30,86,177615,POINT (1028931.8143046284 215115.26618027306),ROOSEVELT AVENUE BRIDGE,Flushing Line,Flushing Line,EB
32970,Queens,2021,3,11,8,45,98,177615,POINT (1028931.8143046284 215115.26618027306),ROOSEVELT AVENUE BRIDGE,Flushing Line,Flushing Line,EB
32970,Queens,2021,3,11,9,0,89,177615,POINT (1028931.8143046284 215115.26618027306),ROOSEVELT AVENUE BRIDGE,Flushing Line,Flushing Line,EB
32970,Queens,2021,3,11,9,15,88,177615,POINT (1028931.8143046284 215115.26618027306),ROOSEVELT AVENUE BRIDGE,Flushing Line,Flushing Line,EB
32970,Queens,2021,3,11,9,30,84,177615,POINT (1028931.8143046284 215115.26618027306),ROOSEVELT AVENUE BRIDGE,Flushing Line,Flushing Line,EB
32970,Queens,2021,3,11,9,45,98,177615,POINT (1028931.8143046284 215115.26618027306),ROOSEVELT AVENUE BRIDGE,Flushing Line,Flushing Line,EB
32970,Queens,2021,3,11,10,0,115,177615,POINT (1028931.8143046284 215115.26618027306),ROOSEVELT AVENUE BRIDGE,Flushing Line,Flushing Line,EB
32970,Queens,2021,3,11,10,15,107,177615,POINT (1028931.8143046284 215115.26618027306),ROOSEVELT AVENUE BRIDGE,Flushing Line,Flushing Line,EB
32970,Queens,2021,3,11,10,30,82,177615,POINT (1028931.8143046284 215115.26618027306),ROOSEVELT AVENUE BRIDGE,Flushing Line,Flushing Line,EB
32970,Queens,2021,3,11,10,45,100,177615,POINT (1028931.8143046284 215115.26618027306),ROOSEVELT AVENUE BRIDGE,Flushing Line,Flushing Line,EB
32970,Queens,2021,3,11,11,0,93,177615,POINT (1028931.8143046284 215115.26618027306),ROOSEVELT AVENUE BRIDGE,Flushing Line,Flushing Line,EB
32970,Queens,2021,3,11,11,15,88,177615,POINT (1028931.8143046284 215115.26618027306),ROOSEVELT AVENUE BRIDGE,Flushing Line,Flushing Line,EB
32970,Queens,2021,3,11,11,30,124,177615,POINT (1028931.8143046284 215115.26618027306),ROOSEVELT AVENUE BRIDGE,Flushing Line,Flushing Line,EB
32970,Queens,2021,3,11,11,45,110,177615,POINT (1028931.8143046284 215115.26618027306),ROOSEVELT AVENUE BRIDGE,Flushing Line,Flushing Line,EB
32970,Queens,2021,3,11,12,0,86,177615,POINT (1028931.8143046284 215115.26618027306),ROOSEVELT AVENUE BRIDGE,Flushing Line,Flushing Line,EB
32970,Queens,2021,3,11,12,15,123,177615,POINT (1028931.8143046284 215115.26618027306),ROOSEVELT AVENUE BRIDGE,Flushing Line,Flushing Line,EB
32970,Queens,2021,3,11,12,30,105,177615,POINT (1028931.8143046284 215115.26618027306),ROOSEVELT AVENUE BRIDGE,Flushing Line,Flushing Line,EB
32970,Queens,2021,3,11,12,45,96,177615,POINT (1028931.8143046284 215115.26618027306),ROOSEVELT AVENUE BRIDGE,Flushing Line,Flushing Line,EB
32970,Queens,2021,3,11,13,0,96,177615,POINT (1028931.8143046284 215115.26618027306),ROOSEVELT AVENUE BRIDGE,Flushing Line,Flushing Line,EB
32970,Queens,2021,3,11,13,15,120,177615,POINT (1028931.8143046284 215115.26618027306),ROOSEVELT AVENUE BRIDGE,Flushing Line,Flushing Line,EB
32970,Queens,2021,3,11,13,30,106,177615,POINT (1028931.8143046284 215115.26618027306),ROOSEVELT AVENUE BRIDGE,Flushing Line,Flushing Line,EB
32970,Queens,2021,3,11,13,45,117,177615,POINT (1028931.8143046284 215115.26618027306),ROOSEVELT AVENUE BRIDGE,Flushing Line,Flushing Line,EB
32970,Queens,2021,3,11,14,0,126,177615,POINT (1028931.8143046284 215115.26618027306),ROOSEVELT AVENUE BRIDGE,Flushing Line,Flushing Line,EB
32970,Queens,2021,3,11,14,15,131,177615,POINT (1028931.8143046284 215115.26618027306),ROOSEVELT AVENUE BRIDGE,Flushing Line,Flushing Line,EB
32970,Queens,2021,3,11,14,30,136,177615,POINT (1028931.8143046284 215115.26618027306),ROOSEVELT AVENUE BRIDGE,Flushing Line,Flushing Line,EB
32970,Queens,2021,3,11,14,45,133,177615,POINT (1028931.8143046284 215115.26618027306),ROOSEVELT AVENUE BRIDGE,Flushing Line,Flushing Line,EB
32970,Queens,2021,3,11,15,0,119,177615,POINT (1028931.8143046284 215115.26618027306),ROOSEVELT AVENUE BRIDGE,Flushing Line,Flushing Line,EB
32970,Queens,2021,3,11,15,15,120,177615,POINT (1028931.8143046284 215115.26618027306),ROOSEVELT AVENUE BRIDGE,Flushing Line,Flushing Line,EB
32970,Queens,2021,3,11,15,30,107,177615,POINT (1028931.8143046284 215115.26618027306),ROOSEVELT AVENUE BRIDGE,Flushing Line,Flushing Line,EB
32970,Queens,2021,3,11,15,45,115,177615,POINT (1028931.8143046284 215115.26618027306),ROOSEVELT AVENUE BRIDGE,Flushing Line,Flushing Line,EB
32970,Queens,2021,3,11,16,0,124,177615,POINT (1028931.8143046284 215115.26618027306),ROOSEVELT AVENUE BRIDGE,Flushing Line,Flushing Line,EB
32970,Queens,2021,3,11,16,15,128,177615,POINT (1028931.8143046284 215115.26618027306),ROOSEVELT AVENUE BRIDGE,Flushing Line,Flushing Line,EB
32970,Queens,2021,3,11,16,30,139,177615,POINT (1028931.8143046284 215115.26618027306),ROOSEVELT AVENUE BRIDGE,Flushing Line,Flushing Line,EB
32970,Queens,2021,3,11,16,45,138,177615,POINT (1028931.8143046284 215115.26618027306),ROOSEVELT AVENUE BRIDGE,Flushing Line,Flushing Line,EB
32970,Queens,2021,3,11,17,0,141,177615,POINT (1028931.8143046284 215115.26618027306),ROOSEVELT AVENUE BRIDGE,Flushing Line,Flushing Line,EB
32970,Queens,2021,3,11,17,15,126,177615,POINT (1028931.8143046284 215115.26618027306),ROOSEVELT AVENUE BRIDGE,Flushing Line,Flushing Line,EB
32970,Queens,2021,3,11,17,30,160,177615,POINT (1028931.8143046284 215115.26618027306),ROOSEVELT AVENUE BRIDGE,Flushing Line,Flushing Line,EB
32970,Queens,2021,3,11,17,45,129,177615,POINT (1028931.8143046284 215115.26618027306),ROOSEVELT AVENUE BRIDGE,Flushing Line,Flushing Line,EB
32970,Queens,2021,3,11,18,0,124,177615,POINT (1028931.8143046284 215115.26618027306),ROOSEVELT AVENUE BRIDGE,Flushing Line,Flushing Line,EB
32970,Queens,2021,3,11,18,15,119,177615,POINT (1028931.8143046284 215115.26618027306),ROOSEVELT AVENUE BRIDGE,Flushing Line,Flushing Line,EB
32970,Queens,2021,3,11,18,30,122,177615,POINT (1028931.8143046284 215115.26618027306),ROOSEVELT AVENUE BRIDGE,Flushing Line,Flushing Line,EB
32970,Queens,2021,3,11,18,45,99,177615,POINT (1028931.8143046284 215115.26618027306),ROOSEVELT AVENUE BRIDGE,Flushing Line,Flushing Line,EB
32970,Queens,2021,3,11,19,0,94,177615,POINT (1028931.8143046284 215115.26618027306),ROOSEVELT AVENUE BRIDGE,Flushing Line,Flushing Line,EB
32970,Queens,2021,3,11,19,15,88,177615,POINT (1028931.8143046284 215115.26618027306),ROOSEVELT AVENUE BRIDGE,Flushing Line,Flushing Line,EB
32970,Queens,2021,3,11,19,30,102,177615,POINT (1028931.8143046284 215115.26618027306),ROOSEVELT AVENUE BRIDGE,Flushing Line,Flushing Line,EB
32970,Queens,2021,3,11,19,45,100,177615,POINT (1028931.8143046284 215115.26618027306),ROOSEVELT AVENUE BRIDGE,Flushing Line,Flushing Line,EB
32970,Queens,2021,3,11,20,0,60,177615,POINT (1028931.8143046284 215115.26618027306),ROOSEVELT AVENUE BRIDGE,Flushing Line,Flushing Line,EB
32970,Queens,2021,3,11,20,15,70,177615,POINT (1028931.8143046284 215115.26618027306),ROOSEVELT AVENUE BRIDGE,Flushing Line,Flushing Line,EB
32970,Queens,2021,3,11,20,30,80,177615,POINT (1028931.8143046284 215115.26618027306),ROOSEVELT AVENUE BRIDGE,Flushing Line,Flushing Line,EB
32970,Queens,2021,3,11,20,45,65,177615,POINT (1028931.8143046284 215115.26618027306),ROOSEVELT AVENUE BRIDGE,Flushing Line,Flushing Line,EB
32970,Queens,2021,3,11,21,0,61,177615,POINT (1028931.8143046284 215115.26618027306),ROOSEVELT AVENUE BRIDGE,Flushing Line,Flushing Line,EB
32970,Queens,2021,3,11,21,15,53,177615,POINT (1028931.8143046284 215115.26618027306),ROOSEVELT AVENUE BRIDGE,Flushing Line,Flushing Line,EB
32970,Queens,2021,3,11,21,30,41,177615,POINT (1028931.8143046284 215115.26618027306),ROOSEVELT AVENUE BRIDGE,Flushing Line,Flushing Line,EB
32970,Queens,2021,3,11,21,45,61,177615,POINT (1028931.8143046284 215115.26618027306),ROOSEVELT AVENUE BRIDGE,Flushing Line,Flushing Line,EB
32970,Queens,2021,3,11,22,0,43,177615,POINT (1028931.8143046284 215115.26618027306),ROOSEVELT AVENUE BRIDGE,Flushing Line,Flushing Line,EB
32970,Queens,2021,3,11,22,15,42,177615,POINT (1028931.8143046284 215115.26618027306),ROOSEVELT AVENUE BRIDGE,Flushing Line,Flushing Line,EB
32970,Queens,2021,3,11,22,30,33,177615,POINT (1028931.8143046284 215115.26618027306),ROOSEVELT AVENUE BRIDGE,Flushing Line,Flushing Line,EB
32970,Queens,2021,3,11,22,45,39,177615,POINT (1028931.8143046284 215115.26618027306),ROOSEVELT AVENUE BRIDGE,Flushing Line,Flushing Line,EB
32970,Queens,2021,3,11,23,0,28,177615,POINT (1028931.8143046284 215115.26618027306),ROOSEVELT AVENUE BRIDGE,Flushing Line,Flushing Line,EB
32970,Queens,2021,3,11,23,15,29,177615,POINT (1028931.8143046284 215115.26618027306),ROOSEVELT AVENUE BRIDGE,Flushing Line,Flushing Line,EB
32970,Queens,2021,3,11,23,30,30,177615,POINT (1028931.8143046284 215115.26618027306),ROOSEVELT AVENUE BRIDGE,Flushing Line,Flushing Line,EB
32970,Queens,2021,3,11,23,45,27,177615,POINT (1028931.8143046284 215115.26618027306),ROOSEVELT AVENUE BRIDGE,Flushing Line,Flushing Line,EB
32970,Queens,2021,3,12,0,0,30,177615,POINT (1028931.8143046284 215115.26618027306),ROOSEVELT AVENUE BRIDGE,Flushing Line,Flushing Line,EB
32970,Queens,2021,3,12,0,15,21,177615,POINT (1028931.8143046284 215115.26618027306),ROOSEVELT AVENUE BRIDGE,Flushing Line,Flushing Line,EB
32970,Queens,2021,3,12,0,30,25,177615,POINT (1028931.8143046284 215115.26618027306),ROOSEVELT AVENUE BRIDGE,Flushing Line,Flushing Line,EB
32970,Queens,2021,3,12,0,45,15,177615,POINT (1028931.8143046284 215115.26618027306),ROOSEVELT AVENUE BRIDGE,Flushing Line,Flushing Line,EB
32970,Queens,2021,3,12,1,0,19,177615,POINT (1028931.8143046284 215115.26618027306),ROOSEVELT AVENUE BRIDGE,Flushing Line,Flushing Line,EB
32970,Queens,2021,3,12,1,15,17,177615,POINT (1028931.8143046284 215115.26618027306),ROOSEVELT AVENUE BRIDGE,Flushing Line,Flushing Line,EB
32970,Queens,2021,3,12,1,30,13,177615,POINT (1028931.8143046284 215115.26618027306),ROOSEVELT AVENUE BRIDGE,Flushing Line,Flushing Line,EB
32970,Queens,2021,3,12,1,45,20,177615,POINT (1028931.8143046284 215115.26618027306),ROOSEVELT AVENUE BRIDGE,Flushing Line,Flushing Line,EB
32970,Queens,2021,3,12,2,0,11,177615,POINT (1028931.8143046284 215115.26618027306),ROOSEVELT AVENUE BRIDGE,Flushing Line,Flushing Line,EB
32970,Queens,2021,3,12,2,15,12,177615,POINT (1028931.8143046284 215115.26618027306),ROOSEVELT AVENUE BRIDGE,Flushing Line,Flushing Line,EB
32970,Queens,2021,3,12,2,30,23,177615,POINT (1028931.8143046284 215115.26618027306),ROOSEVELT AVENUE BRIDGE,Flushing Line,Flushing Line,EB
32970,Queens,2021,3,12,2,45,9,177615,POINT (1028931.8143046284 215115.26618027306),ROOSEVELT AVENUE BRIDGE,Flushing Line,Flushing Line,EB
32970,Queens,2021,3,12,3,0,10,177615,POINT (1028931.8143046284 215115.26618027306),ROOSEVELT AVENUE BRIDGE,Flushing Line,Flushing Line,EB
32970,Queens,2021,3,12,3,15,9,177615,POINT (1028931.8143046284 215115.26618027306),ROOSEVELT AVENUE BRIDGE,Flushing Line,Flushing Line,EB
32970,Queens,2021,3,12,3,30,15,177615,POINT (1028931.8143046284 215115.26618027306),ROOSEVELT AVENUE BRIDGE,Flushing Line,Flushing Line,EB
32970,Queens,2021,3,12,3,45,15,177615,POINT (1028931.8143046284 215115.26618027306),ROOSEVELT AVENUE BRIDGE,Flushing Line,Flushing Line,EB
32970,Queens,2021,3,12,4,0,16,177615,POINT (1028931.8143046284 215115.26618027306),ROOSEVELT AVENUE BRIDGE,Flushing Line,Flushing Line,EB
32970,Queens,2021,3,12,4,15,17,177615,POINT (1028931.8143046284 215115.26618027306),ROOSEVELT AVENUE BRIDGE,Flushing Line,Flushing Line,EB
32970,Queens,2021,3,12,4,30,21,177615,POINT (1028931.8143046284 215115.26618027306),ROOSEVELT AVENUE BRIDGE,Flushing Line,Flushing Line,EB
32970,Queens,2021,3,12,4,45,17,177615,POINT (1028931.8143046284 215115.26618027306),ROOSEVELT AVENUE BRIDGE,Flushing Line,Flushing Line,EB
32970,Queens,2021,3,12,5,0,20,177615,POINT (1028931.8143046284 215115.26618027306),ROOSEVELT AVENUE BRIDGE,Flushing Line,Flushing Line,EB
32970,Queens,2021,3,12,5,15,28,177615,POINT (1028931.8143046284 215115.26618027306),ROOSEVELT AVENUE BRIDGE,Flushing Line,Flushing Line,EB
32970,Queens,2021,3,12,5,30,26,177615,POINT (1028931.8143046284 215115.26618027306),ROOSEVELT AVENUE BRIDGE,Flushing Line,Flushing Line,EB
32970,Queens,2021,3,12,5,45,37,177615,POINT (1028931.8143046284 215115.26618027306),ROOSEVELT AVENUE BRIDGE,Flushing Line,Flushing Line,EB
32970,Queens,2021,3,12,6,0,37,177615,POINT (1028931.8143046284 215115.26618027306),ROOSEVELT AVENUE BRIDGE,Flushing Line,Flushing Line,EB
32970,Queens,2021,3,12,6,15,42,177615,POINT (1028931.8143046284 215115.26618027306),ROOSEVELT AVENUE BRIDGE,Flushing Line,Flushing Line,EB
32970,Queens,2021,3,12,6,30,60,177615,POINT (1028931.8143046284 215115.26618027306),ROOSEVELT AVENUE BRIDGE,Flushing Line,Flushing Line,EB
32970,Queens,2021,3,12,6,45,70,177615,POINT (1028931.8143046284 215115.26618027306),ROOSEVELT AVENUE BRIDGE,Flushing Line,Flushing Line,EB
32970,Queens,2021,3,12,7,0,71,177615,POINT (1028931.8143046284 215115.26618027306),ROOSEVELT AVENUE BRIDGE,Flushing Line,Flushing Line,EB
32970,Queens,2021,3,12,7,15,64,177615,POINT (1028931.8143046284 215115.26618027306),ROOSEVELT AVENUE BRIDGE,Flushing Line,Flushing Line,EB
32970,Queens,2021,3,12,7,30,66,177615,POINT (1028931.8143046284 215115.26618027306),ROOSEVELT AVENUE BRIDGE,Flushing Line,Flushing Line,EB
32970,Queens,2021,3,12,7,45,95,177615,POINT (1028931.8143046284 215115.26618027306),ROOSEVELT AVENUE BRIDGE,Flushing Line,Flushing Line,EB
32970,Queens,2021,3,12,8,0,82,177615,POINT (1028931.8143046284 215115.26618027306),ROOSEVELT AVENUE BRIDGE,Flushing Line,Flushing Line,EB
32970,Queens,2021,3,12,8,15,66,177615,POINT (1028931.8143046284 215115.26618027306),ROOSEVELT AVENUE BRIDGE,Flushing Line,Flushing Line,EB
32970,Queens,2021,3,12,8,30,96,177615,POINT (1028931.8143046284 215115.26618027306),ROOSEVELT AVENUE BRIDGE,Flushing Line,Flushing Line,EB
32970,Queens,2021,3,12,8,45,108,177615,POINT (1028931.8143046284 215115.26618027306),ROOSEVELT AVENUE BRIDGE,Flushing Line,Flushing Line,EB
32970,Queens,2021,3,12,9,0,115,177615,POINT (1028931.8143046284 215115.26618027306),ROOSEVELT AVENUE BRIDGE,Flushing Line,Flushing Line,EB
32970,Queens,2021,3,12,9,15,110,177615,POINT (1028931.8143046284 215115.26618027306),ROOSEVELT AVENUE BRIDGE,Flushing Line,Flushing Line,EB
32970,Queens,2021,3,12,9,30,108,177615,POINT (1028931.8143046284 215115.26618027306),ROOSEVELT AVENUE BRIDGE,Flushing Line,Flushing Line,EB
32970,Queens,2021,3,12,9,45,107,177615,POINT (1028931.8143046284 215115.26618027306),ROOSEVELT AVENUE BRIDGE,Flushing Line,Flushing Line,EB
32970,Queens,2021,3,12,10,0,112,177615,POINT (1028931.8143046284 215115.26618027306),ROOSEVELT AVENUE BRIDGE,Flushing Line,Flushing Line,EB
32970,Queens,2021,3,12,10,15,105,177615,POINT (1028931.8143046284 215115.26618027306),ROOSEVELT AVENUE BRIDGE,Flushing Line,Flushing Line,EB
32970,Queens,2021,3,12,10,30,94,177615,POINT (1028931.8143046284 215115.26618027306),ROOSEVELT AVENUE BRIDGE,Flushing Line,Flushing Line,EB
32970,Queens,2021,3,12,10,45,104,177615,POINT (1028931.8143046284 215115.26618027306),ROOSEVELT AVENUE BRIDGE,Flushing Line,Flushing Line,EB
32970,Queens,2021,3,12,11,0,95,177615,POINT (1028931.8143046284 215115.26618027306),ROOSEVELT AVENUE BRIDGE,Flushing Line,Flushing Line,EB
32970,Queens,2021,3,12,11,15,115,177615,POINT (1028931.8143046284 215115.26618027306),ROOSEVELT AVENUE BRIDGE,Flushing Line,Flushing Line,EB
32970,Queens,2021,3,12,11,30,125,177615,POINT (1028931.8143046284 215115.26618027306),ROOSEVELT AVENUE BRIDGE,Flushing Line,Flushing Line,EB
32970,Queens,2021,3,12,11,45,102,177615,POINT (1028931.8143046284 215115.26618027306),ROOSEVELT AVENUE BRIDGE,Flushing Line,Flushing Line,EB
32970,Queens,2021,3,12,12,0,117,177615,POINT (1028931.8143046284 215115.26618027306),ROOSEVELT AVENUE BRIDGE,Flushing Line,Flushing Line,EB
32970,Queens,2021,3,12,12,15,96,177615,POINT (1028931.8143046284 215115.26618027306),ROOSEVELT AVENUE BRIDGE,Flushing Line,Flushing Line,EB
32970,Queens,2021,3,12,12,30,117,177615,POINT (1028931.8143046284 215115.26618027306),ROOSEVELT AVENUE BRIDGE,Flushing Line,Flushing Line,EB
32970,Queens,2021,3,12,12,45,105,177615,POINT (1028931.8143046284 215115.26618027306),ROOSEVELT AVENUE BRIDGE,Flushing Line,Flushing Line,EB
32970,Queens,2021,3,12,13,0,115,177615,POINT (1028931.8143046284 215115.26618027306),ROOSEVELT AVENUE BRIDGE,Flushing Line,Flushing Line,EB
32970,Queens,2021,3,12,13,15,123,177615,POINT (1028931.8143046284 215115.26618027306),ROOSEVELT AVENUE BRIDGE,Flushing Line,Flushing Line,EB
32970,Queens,2021,3,12,13,30,110,177615,POINT (1028931.8143046284 215115.26618027306),ROOSEVELT AVENUE BRIDGE,Flushing Line,Flushing Line,EB
32970,Queens,2021,3,12,13,45,102,177615,POINT (1028931.8143046284 215115.26618027306),ROOSEVELT AVENUE BRIDGE,Flushing Line,Flushing Line,EB
32970,Queens,2021,3,12,14,0,134,177615,POINT (1028931.8143046284 215115.26618027306),ROOSEVELT AVENUE BRIDGE,Flushing Line,Flushing Line,EB
32970,Queens,2021,3,12,14,15,127,177615,POINT (1028931.8143046284 215115.26618027306),ROOSEVELT AVENUE BRIDGE,Flushing Line,Flushing Line,EB
32970,Queens,2021,3,12,14,30,124,177615,POINT (1028931.8143046284 215115.26618027306),ROOSEVELT AVENUE BRIDGE,Flushing Line,Flushing Line,EB
32970,Queens,2021,3,12,14,45,133,177615,POINT (1028931.8143046284 215115.26618027306),ROOSEVELT AVENUE BRIDGE,Flushing Line,Flushing Line,EB
32970,Queens,2021,3,12,15,0,130,177615,POINT (1028931.8143046284 215115.26618027306),ROOSEVELT AVENUE BRIDGE,Flushing Line,Flushing Line,EB
32970,Queens,2021,3,12,15,15,133,177615,POINT (1028931.8143046284 215115.26618027306),ROOSEVELT AVENUE BRIDGE,Flushing Line,Flushing Line,EB
32970,Queens,2021,3,12,15,30,140,177615,POINT (1028931.8143046284 215115.26618027306),ROOSEVELT AVENUE BRIDGE,Flushing Line,Flushing Line,EB
32970,Queens,2021,3,12,15,45,139,177615,POINT (1028931.8143046284 215115.26618027306),ROOSEVELT AVENUE BRIDGE,Flushing Line,Flushing Line,EB
32970,Queens,2021,3,12,16,0,129,177615,POINT (1028931.8143046284 215115.26618027306),ROOSEVELT AVENUE BRIDGE,Flushing Line,Flushing Line,EB
32970,Queens,2021,3,12,16,15,145,177615,POINT (1028931.8143046284 215115.26618027306),ROOSEVELT AVENUE BRIDGE,Flushing Line,Flushing Line,EB
32970,Queens,2021,3,12,16,30,167,177615,POINT (1028931.8143046284 215115.26618027306),ROOSEVELT AVENUE BRIDGE,Flushing Line,Flushing Line,EB
32970,Queens,2021,3,12,16,45,161,177615,POINT (1028931.8143046284 215115.26618027306),ROOSEVELT AVENUE BRIDGE,Flushing Line,Flushing Line,EB
32970,Queens,2021,3,12,17,0,166,177615,POINT (1028931.8143046284 215115.26618027306),ROOSEVELT AVENUE BRIDGE,Flushing Line,Flushing Line,EB
32970,Queens,2021,3,12,17,15,166,177615,POINT (1028931.8143046284 215115.26618027306),ROOSEVELT AVENUE BRIDGE,Flushing Line,Flushing Line,EB
32970,Queens,2021,3,12,17,30,160,177615,POINT (1028931.8143046284 215115.26618027306),ROOSEVELT AVENUE BRIDGE,Flushing Line,Flushing Line,EB
32970,Queens,2021,3,12,17,45,139,177615,POINT (1028931.8143046284 215115.26618027306),ROOSEVELT AVENUE BRIDGE,Flushing Line,Flushing Line,EB
32970,Queens,2021,3,12,18,0,123,177615,POINT (1028931.8143046284 215115.26618027306),ROOSEVELT AVENUE BRIDGE,Flushing Line,Flushing Line,EB
32970,Queens,2021,3,12,18,15,124,177615,POINT (1028931.8143046284 215115.26618027306),ROOSEVELT AVENUE BRIDGE,Flushing Line,Flushing Line,EB
32970,Queens,2021,3,12,18,30,127,177615,POINT (1028931.8143046284 215115.26618027306),ROOSEVELT AVENUE BRIDGE,Flushing Line,Flushing Line,EB
32970,Queens,2021,3,12,18,45,126,177615,POINT (1028931.8143046284 215115.26618027306),ROOSEVELT AVENUE BRIDGE,Flushing Line,Flushing Line,EB
32970,Queens,2021,3,12,19,0,132,177615,POINT (1028931.8143046284 215115.26618027306),ROOSEVELT AVENUE BRIDGE,Flushing Line,Flushing Line,EB
32970,Queens,2021,3,12,19,15,103,177615,POINT (1028931.8143046284 215115.26618027306),ROOSEVELT AVENUE BRIDGE,Flushing Line,Flushing Line,EB
32970,Queens,2021,3,12,19,30,112,177615,POINT (1028931.8143046284 215115.26618027306),ROOSEVELT AVENUE BRIDGE,Flushing Line,Flushing Line,EB
32970,Queens,2021,3,12,19,45,109,177615,POINT (1028931.8143046284 215115.26618027306),ROOSEVELT AVENUE BRIDGE,Flushing Line,Flushing Line,EB
32970,Queens,2021,3,12,20,0,99,177615,POINT (1028931.8143046284 215115.26618027306),ROOSEVELT AVENUE BRIDGE,Flushing Line,Flushing Line,EB
32970,Queens,2021,3,12,20,15,97,177615,POINT (1028931.8143046284 215115.26618027306),ROOSEVELT AVENUE BRIDGE,Flushing Line,Flushing Line,EB
32970,Queens,2021,3,12,20,30,88,177615,POINT (1028931.8143046284 215115.26618027306),ROOSEVELT AVENUE BRIDGE,Flushing Line,Flushing Line,EB
32970,Queens,2021,3,12,20,45,99,177615,POINT (1028931.8143046284 215115.26618027306),ROOSEVELT AVENUE BRIDGE,Flushing Line,Flushing Line,EB
32970,Queens,2021,3,12,21,0,73,177615,POINT (1028931.8143046284 215115.26618027306),ROOSEVELT AVENUE BRIDGE,Flushing Line,Flushing Line,EB
32970,Queens,2021,3,12,21,15,73,177615,POINT (1028931.8143046284 215115.26618027306),ROOSEVELT AVENUE BRIDGE,Flushing Line,Flushing Line,EB
32970,Queens,2021,3,12,21,30,60,177615,POINT (1028931.8143046284 215115.26618027306),ROOSEVELT AVENUE BRIDGE,Flushing Line,Flushing Line,EB
32970,Queens,2021,3,12,21,45,46,177615,POINT (1028931.8143046284 215115.26618027306),ROOSEVELT AVENUE BRIDGE,Flushing Line,Flushing Line,EB
32970,Queens,2021,3,12,22,0,61,177615,POINT (1028931.8143046284 215115.26618027306),ROOSEVELT AVENUE BRIDGE,Flushing Line,Flushing Line,EB
32970,Queens,2021,3,12,22,15,58,177615,POINT (1028931.8143046284 215115.26618027306),ROOSEVELT AVENUE BRIDGE,Flushing Line,Flushing Line,EB
32970,Queens,2021,3,12,22,30,60,177615,POINT (1028931.8143046284 215115.26618027306),ROOSEVELT AVENUE BRIDGE,Flushing Line,Flushing Line,EB
32970,Queens,2021,3,12,22,45,47,177615,POINT (1028931.8143046284 215115.26618027306),ROOSEVELT AVENUE BRIDGE,Flushing Line,Flushing Line,EB
32970,Queens,2021,3,12,23,0,46,177615,POINT (1028931.8143046284 215115.26618027306),ROOSEVELT AVENUE BRIDGE,Flushing Line,Flushing Line,EB
32970,Queens,2021,3,12,23,15,58,177615,POINT (1028931.8143046284 215115.26618027306),ROOSEVELT AVENUE BRIDGE,Flushing Line,Flushing Line,EB
32970,Queens,2021,3,12,23,30,43,177615,POINT (1028931.8143046284 215115.26618027306),ROOSEVELT AVENUE BRIDGE,Flushing Line,Flushing Line,EB
32970,Queens,2021,3,12,23,45,36,177615,POINT (1028931.8143046284 215115.26618027306),ROOSEVELT AVENUE BRIDGE,Flushing Line,Flushing Line,EB
32970,Queens,2021,3,13,0,0,35,177615,POINT (1028931.8143046284 215115.26618027306),ROOSEVELT AVENUE BRIDGE,Flushing Line,Flushing Line,EB
32970,Queens,2021,3,13,0,15,37,177615,POINT (1028931.8143046284 215115.26618027306),ROOSEVELT AVENUE BRIDGE,Flushing Line,Flushing Line,EB
32970,Queens,2021,3,13,0,30,35,177615,POINT (1028931.8143046284 215115.26618027306),ROOSEVELT AVENUE BRIDGE,Flushing Line,Flushing Line,EB
32970,Queens,2021,3,13,0,45,26,177615,POINT (1028931.8143046284 215115.26618027306),ROOSEVELT AVENUE BRIDGE,Flushing Line,Flushing Line,EB
32970,Queens,2021,3,13,1,0,27,177615,POINT (1028931.8143046284 215115.26618027306),ROOSEVELT AVENUE BRIDGE,Flushing Line,Flushing Line,EB
32970,Queens,2021,3,13,1,15,17,177615,POINT (1028931.8143046284 215115.26618027306),ROOSEVELT AVENUE BRIDGE,Flushing Line,Flushing Line,EB
32970,Queens,2021,3,13,1,30,18,177615,POINT (1028931.8143046284 215115.26618027306),ROOSEVELT AVENUE BRIDGE,Flushing Line,Flushing Line,EB
32970,Queens,2021,3,13,1,45,17,177615,POINT (1028931.8143046284 215115.26618027306),ROOSEVELT AVENUE BRIDGE,Flushing Line,Flushing Line,EB
32970,Queens,2021,3,13,2,0,18,177615,POINT (1028931.8143046284 215115.26618027306),ROOSEVELT AVENUE BRIDGE,Flushing Line,Flushing Line,EB
32970,Queens,2021,3,13,2,15,14,177615,POINT (1028931.8143046284 215115.26618027306),ROOSEVELT AVENUE BRIDGE,Flushing Line,Flushing Line,EB
32970,Queens,2021,3,13,2,30,10,177615,POINT (1028931.8143046284 215115.26618027306),ROOSEVELT AVENUE BRIDGE,Flushing Line,Flushing Line,EB
32970,Queens,2021,3,13,2,45,12,177615,POINT (1028931.8143046284 215115.26618027306),ROOSEVELT AVENUE BRIDGE,Flushing Line,Flushing Line,EB
32970,Queens,2021,3,13,3,0,15,177615,POINT (1028931.8143046284 215115.26618027306),ROOSEVELT AVENUE BRIDGE,Flushing Line,Flushing Line,EB
32970,Queens,2021,3,13,3,15,11,177615,POINT (1028931.8143046284 215115.26618027306),ROOSEVELT AVENUE BRIDGE,Flushing Line,Flushing Line,EB
32970,Queens,2021,3,13,3,30,13,177615,POINT (1028931.8143046284 215115.26618027306),ROOSEVELT AVENUE BRIDGE,Flushing Line,Flushing Line,EB
32970,Queens,2021,3,13,3,45,12,177615,POINT (1028931.8143046284 215115.26618027306),ROOSEVELT AVENUE BRIDGE,Flushing Line,Flushing Line,EB
32970,Queens,2021,3,13,4,0,15,177615,POINT (1028931.8143046284 215115.26618027306),ROOSEVELT AVENUE BRIDGE,Flushing Line,Flushing Line,EB
32970,Queens,2021,3,13,4,15,17,177615,POINT (1028931.8143046284 215115.26618027306),ROOSEVELT AVENUE BRIDGE,Flushing Line,Flushing Line,EB
32970,Queens,2021,3,13,4,30,24,177615,POINT (1028931.8143046284 215115.26618027306),ROOSEVELT AVENUE BRIDGE,Flushing Line,Flushing Line,EB
32970,Queens,2021,3,13,4,45,13,177615,POINT (1028931.8143046284 215115.26618027306),ROOSEVELT AVENUE BRIDGE,Flushing Line,Flushing Line,EB
32970,Queens,2021,3,13,5,0,16,177615,POINT (1028931.8143046284 215115.26618027306),ROOSEVELT AVENUE BRIDGE,Flushing Line,Flushing Line,EB
32970,Queens,2021,3,13,5,15,23,177615,POINT (1028931.8143046284 215115.26618027306),ROOSEVELT AVENUE BRIDGE,Flushing Line,Flushing Line,EB
32970,Queens,2021,3,13,5,30,22,177615,POINT (1028931.8143046284 215115.26618027306),ROOSEVELT AVENUE BRIDGE,Flushing Line,Flushing Line,EB
32970,Queens,2021,3,13,5,45,28,177615,POINT (1028931.8143046284 215115.26618027306),ROOSEVELT AVENUE BRIDGE,Flushing Line,Flushing Line,EB
32970,Queens,2021,3,13,6,0,28,177615,POINT (1028931.8143046284 215115.26618027306),ROOSEVELT AVENUE BRIDGE,Flushing Line,Flushing Line,EB
32970,Queens,2021,3,13,6,15,27,177615,POINT (1028931.8143046284 215115.26618027306),ROOSEVELT AVENUE BRIDGE,Flushing Line,Flushing Line,EB
32970,Queens,2021,3,13,6,30,35,177615,POINT (1028931.8143046284 215115.26618027306),ROOSEVELT AVENUE BRIDGE,Flushing Line,Flushing Line,EB
32970,Queens,2021,3,13,6,45,55,177615,POINT (1028931.8143046284 215115.26618027306),ROOSEVELT AVENUE BRIDGE,Flushing Line,Flushing Line,EB
32970,Queens,2021,3,13,7,0,44,177615,POINT (1028931.8143046284 215115.26618027306),ROOSEVELT AVENUE BRIDGE,Flushing Line,Flushing Line,EB
32970,Queens,2021,3,13,7,15,44,177615,POINT (1028931.8143046284 215115.26618027306),ROOSEVELT AVENUE BRIDGE,Flushing Line,Flushing Line,EB
32970,Queens,2021,3,13,7,30,67,177615,POINT (1028931.8143046284 215115.26618027306),ROOSEVELT AVENUE BRIDGE,Flushing Line,Flushing Line,EB
32970,Queens,2021,3,13,7,45,96,177615,POINT (1028931.8143046284 215115.26618027306),ROOSEVELT AVENUE BRIDGE,Flushing Line,Flushing Line,EB
32970,Queens,2021,3,13,8,0,81,177615,POINT (1028931.8143046284 215115.26618027306),ROOSEVELT AVENUE BRIDGE,Flushing Line,Flushing Line,EB
32970,Queens,2021,3,13,8,15,73,177615,POINT (1028931.8143046284 215115.26618027306),ROOSEVELT AVENUE BRIDGE,Flushing Line,Flushing Line,EB
32970,Queens,2021,3,13,8,30,85,177615,POINT (1028931.8143046284 215115.26618027306),ROOSEVELT AVENUE BRIDGE,Flushing Line,Flushing Line,EB
32970,Queens,2021,3,13,8,45,139,177615,POINT (1028931.8143046284 215115.26618027306),ROOSEVELT AVENUE BRIDGE,Flushing Line,Flushing Line,EB
32970,Queens,2021,3,13,9,0,86,177615,POINT (1028931.8143046284 215115.26618027306),ROOSEVELT AVENUE BRIDGE,Flushing Line,Flushing Line,EB
32970,Queens,2021,3,13,9,15,108,177615,POINT (1028931.8143046284 215115.26618027306),ROOSEVELT AVENUE BRIDGE,Flushing Line,Flushing Line,EB
32970,Queens,2021,3,13,9,30,111,177615,POINT (1028931.8143046284 215115.26618027306),ROOSEVELT AVENUE BRIDGE,Flushing Line,Flushing Line,EB
32970,Queens,2021,3,13,9,45,110,177615,POINT (1028931.8143046284 215115.26618027306),ROOSEVELT AVENUE BRIDGE,Flushing Line,Flushing Line,EB
32970,Queens,2021,3,13,10,0,126,177615,POINT (1028931.8143046284 215115.26618027306),ROOSEVELT AVENUE BRIDGE,Flushing Line,Flushing Line,EB
32970,Queens,2021,3,13,10,15,148,177615,POINT (1028931.8143046284 215115.26618027306),ROOSEVELT AVENUE BRIDGE,Flushing Line,Flushing Line,EB
32970,Queens,2021,3,13,10,30,124,177615,POINT (1028931.8143046284 215115.26618027306),ROOSEVELT AVENUE BRIDGE,Flushing Line,Flushing Line,EB
32970,Queens,2021,3,13,10,45,128,177615,POINT (1028931.8143046284 215115.26618027306),ROOSEVELT AVENUE BRIDGE,Flushing Line,Flushing Line,EB
32970,Queens,2021,3,13,11,0,103,177615,POINT (1028931.8143046284 215115.26618027306),ROOSEVELT AVENUE BRIDGE,Flushing Line,Flushing Line,EB
32970,Queens,2021,3,13,11,15,144,177615,POINT (1028931.8143046284 215115.26618027306),ROOSEVELT AVENUE BRIDGE,Flushing Line,Flushing Line,EB
32970,Queens,2021,3,13,11,30,139,177615,POINT (1028931.8143046284 215115.26618027306),ROOSEVELT AVENUE BRIDGE,Flushing Line,Flushing Line,EB
32970,Queens,2021,3,13,11,45,132,177615,POINT (1028931.8143046284 215115.26618027306),ROOSEVELT AVENUE BRIDGE,Flushing Line,Flushing Line,EB
32970,Queens,2021,3,13,12,0,127,177615,POINT (1028931.8143046284 215115.26618027306),ROOSEVELT AVENUE BRIDGE,Flushing Line,Flushing Line,EB
32970,Queens,2021,3,13,12,15,144,177615,POINT (1028931.8143046284 215115.26618027306),ROOSEVELT AVENUE BRIDGE,Flushing Line,Flushing Line,EB
32970,Queens,2021,3,13,12,30,136,177615,POINT (1028931.8143046284 215115.26618027306),ROOSEVELT AVENUE BRIDGE,Flushing Line,Flushing Line,EB
32970,Queens,2021,3,13,12,45,145,177615,POINT (1028931.8143046284 215115.26618027306),ROOSEVELT AVENUE BRIDGE,Flushing Line,Flushing Line,EB
32970,Queens,2021,3,13,13,0,146,177615,POINT (1028931.8143046284 215115.26618027306),ROOSEVELT AVENUE BRIDGE,Flushing Line,Flushing Line,EB
32970,Queens,2021,3,13,13,15,137,177615,POINT (1028931.8143046284 215115.26618027306),ROOSEVELT AVENUE BRIDGE,Flushing Line,Flushing Line,EB
32970,Queens,2021,3,13,13,30,138,177615,POINT (1028931.8143046284 215115.26618027306),ROOSEVELT AVENUE BRIDGE,Flushing Line,Flushing Line,EB
32970,Queens,2021,3,13,13,45,115,177615,POINT (1028931.8143046284 215115.26618027306),ROOSEVELT AVENUE BRIDGE,Flushing Line,Flushing Line,EB
32970,Queens,2021,3,13,14,0,128,177615,POINT (1028931.8143046284 215115.26618027306),ROOSEVELT AVENUE BRIDGE,Flushing Line,Flushing Line,EB
32970,Queens,2021,3,13,14,15,140,177615,POINT (1028931.8143046284 215115.26618027306),ROOSEVELT AVENUE BRIDGE,Flushing Line,Flushing Line,EB
32970,Queens,2021,3,13,14,30,139,177615,POINT (1028931.8143046284 215115.26618027306),ROOSEVELT AVENUE BRIDGE,Flushing Line,Flushing Line,EB
32970,Queens,2021,3,13,14,45,132,177615,POINT (1028931.8143046284 215115.26618027306),ROOSEVELT AVENUE BRIDGE,Flushing Line,Flushing Line,EB
32970,Queens,2021,3,13,15,0,112,177615,POINT (1028931.8143046284 215115.26618027306),ROOSEVELT AVENUE BRIDGE,Flushing Line,Flushing Line,EB
32970,Queens,2021,3,13,15,15,122,177615,POINT (1028931.8143046284 215115.26618027306),ROOSEVELT AVENUE BRIDGE,Flushing Line,Flushing Line,EB
32970,Queens,2021,3,13,15,30,142,177615,POINT (1028931.8143046284 215115.26618027306),ROOSEVELT AVENUE BRIDGE,Flushing Line,Flushing Line,EB
32970,Queens,2021,3,13,15,45,134,177615,POINT (1028931.8143046284 215115.26618027306),ROOSEVELT AVENUE BRIDGE,Flushing Line,Flushing Line,EB
32970,Queens,2021,3,13,16,0,128,177615,POINT (1028931.8143046284 215115.26618027306),ROOSEVELT AVENUE BRIDGE,Flushing Line,Flushing Line,EB
32970,Queens,2021,3,13,16,15,127,177615,POINT (1028931.8143046284 215115.26618027306),ROOSEVELT AVENUE BRIDGE,Flushing Line,Flushing Line,EB
32970,Queens,2021,3,13,16,30,109,177615,POINT (1028931.8143046284 215115.26618027306),ROOSEVELT AVENUE BRIDGE,Flushing Line,Flushing Line,EB
32970,Queens,2021,3,13,16,45,126,177615,POINT (1028931.8143046284 215115.26618027306),ROOSEVELT AVENUE BRIDGE,Flushing Line,Flushing Line,EB
32970,Queens,2021,3,13,17,0,132,177615,POINT (1028931.8143046284 215115.26618027306),ROOSEVELT AVENUE BRIDGE,Flushing Line,Flushing Line,EB
32970,Queens,2021,3,13,17,15,144,177615,POINT (1028931.8143046284 215115.26618027306),ROOSEVELT AVENUE BRIDGE,Flushing Line,Flushing Line,EB
32970,Queens,2021,3,13,17,30,101,177615,POINT (1028931.8143046284 215115.26618027306),ROOSEVELT AVENUE BRIDGE,Flushing Line,Flushing Line,EB
32970,Queens,2021,3,13,17,45,124,177615,POINT (1028931.8143046284 215115.26618027306),ROOSEVELT AVENUE BRIDGE,Flushing Line,Flushing Line,EB
32970,Queens,2021,3,13,18,0,145,177615,POINT (1028931.8143046284 215115.26618027306),ROOSEVELT AVENUE BRIDGE,Flushing Line,Flushing Line,EB
32970,Queens,2021,3,13,18,15,129,177615,POINT (1028931.8143046284 215115.26618027306),ROOSEVELT AVENUE BRIDGE,Flushing Line,Flushing Line,EB
32970,Queens,2021,3,13,18,30,115,177615,POINT (1028931.8143046284 215115.26618027306),ROOSEVELT AVENUE BRIDGE,Flushing Line,Flushing Line,EB
32970,Queens,2021,3,13,18,45,117,177615,POINT (1028931.8143046284 215115.26618027306),ROOSEVELT AVENUE BRIDGE,Flushing Line,Flushing Line,EB
32970,Queens,2021,3,13,19,0,109,177615,POINT (1028931.8143046284 215115.26618027306),ROOSEVELT AVENUE BRIDGE,Flushing Line,Flushing Line,EB
32970,Queens,2021,3,13,19,15,93,177615,POINT (1028931.8143046284 215115.26618027306),ROOSEVELT AVENUE BRIDGE,Flushing Line,Flushing Line,EB
32970,Queens,2021,3,13,19,30,117,177615,POINT (1028931.8143046284 215115.26618027306),ROOSEVELT AVENUE BRIDGE,Flushing Line,Flushing Line,EB
32970,Queens,2021,3,13,19,45,97,177615,POINT (1028931.8143046284 215115.26618027306),ROOSEVELT AVENUE BRIDGE,Flushing Line,Flushing Line,EB
32970,Queens,2021,3,13,20,0,88,177615,POINT (1028931.8143046284 215115.26618027306),ROOSEVELT AVENUE BRIDGE,Flushing Line,Flushing Line,EB
32970,Queens,2021,3,13,20,15,101,177615,POINT (1028931.8143046284 215115.26618027306),ROOSEVELT AVENUE BRIDGE,Flushing Line,Flushing Line,EB
32970,Queens,2021,3,13,20,30,79,177615,POINT (1028931.8143046284 215115.26618027306),ROOSEVELT AVENUE BRIDGE,Flushing Line,Flushing Line,EB
32970,Queens,2021,3,13,20,45,67,177615,POINT (1028931.8143046284 215115.26618027306),ROOSEVELT AVENUE BRIDGE,Flushing Line,Flushing Line,EB
32970,Queens,2021,3,13,21,0,81,177615,POINT (1028931.8143046284 215115.26618027306),ROOSEVELT AVENUE BRIDGE,Flushing Line,Flushing Line,EB
32970,Queens,2021,3,13,21,15,57,177615,POINT (1028931.8143046284 215115.26618027306),ROOSEVELT AVENUE BRIDGE,Flushing Line,Flushing Line,EB
32970,Queens,2021,3,13,21,30,58,177615,POINT (1028931.8143046284 215115.26618027306),ROOSEVELT AVENUE BRIDGE,Flushing Line,Flushing Line,EB
32970,Queens,2021,3,13,21,45,63,177615,POINT (1028931.8143046284 215115.26618027306),ROOSEVELT AVENUE BRIDGE,Flushing Line,Flushing Line,EB
32970,Queens,2021,3,13,22,0,48,177615,POINT (1028931.8143046284 215115.26618027306),ROOSEVELT AVENUE BRIDGE,Flushing Line,Flushing Line,EB
32970,Queens,2021,3,13,22,15,53,177615,POINT (1028931.8143046284 215115.26618027306),ROOSEVELT AVENUE BRIDGE,Flushing Line,Flushing Line,EB
32970,Queens,2021,3,13,22,30,56,177615,POINT (1028931.8143046284 215115.26618027306),ROOSEVELT AVENUE BRIDGE,Flushing Line,Flushing Line,EB
32970,Queens,2021,3,13,22,45,35,177615,POINT (1028931.8143046284 215115.26618027306),ROOSEVELT AVENUE BRIDGE,Flushing Line,Flushing Line,EB
32970,Queens,2021,3,13,23,0,46,177615,POINT (1028931.8143046284 215115.26618027306),ROOSEVELT AVENUE BRIDGE,Flushing Line,Flushing Line,EB
32970,Queens,2021,3,13,23,15,40,177615,POINT (1028931.8143046284 215115.26618027306),ROOSEVELT AVENUE BRIDGE,Flushing Line,Flushing Line,EB
32970,Queens,2021,3,13,23,30,44,177615,POINT (1028931.8143046284 215115.26618027306),ROOSEVELT AVENUE BRIDGE,Flushing Line,Flushing Line,EB
32970,Queens,2021,3,13,23,45,46,177615,POINT (1028931.8143046284 215115.26618027306),ROOSEVELT AVENUE BRIDGE,Flushing Line,Flushing Line,EB
32970,Queens,2021,3,14,0,0,37,177615,POINT (1028931.8143046284 215115.26618027306),ROOSEVELT AVENUE BRIDGE,Flushing Line,Flushing Line,EB
32970,Queens,2021,3,14,0,15,33,177615,POINT (1028931.8143046284 215115.26618027306),ROOSEVELT AVENUE BRIDGE,Flushing Line,Flushing Line,EB
32970,Queens,2021,3,14,0,30,20,177615,POINT (1028931.8143046284 215115.26618027306),ROOSEVELT AVENUE BRIDGE,Flushing Line,Flushing Line,EB
32970,Queens,2021,3,14,0,45,31,177615,POINT (1028931.8143046284 215115.26618027306),ROOSEVELT AVENUE BRIDGE,Flushing Line,Flushing Line,EB
32970,Queens,2021,3,14,1,0,27,177615,POINT (1028931.8143046284 215115.26618027306),ROOSEVELT AVENUE BRIDGE,Flushing Line,Flushing Line,EB
32970,Queens,2021,3,14,1,15,23,177615,POINT (1028931.8143046284 215115.26618027306),ROOSEVELT AVENUE BRIDGE,Flushing Line,Flushing Line,EB
32970,Queens,2021,3,14,1,30,26,177615,POINT (1028931.8143046284 215115.26618027306),ROOSEVELT AVENUE BRIDGE,Flushing Line,Flushing Line,EB
32970,Queens,2021,3,14,1,45,18,177615,POINT (1028931.8143046284 215115.26618027306),ROOSEVELT AVENUE BRIDGE,Flushing Line,Flushing Line,EB
32970,Queens,2021,3,14,2,0,20,177615,POINT (1028931.8143046284 215115.26618027306),ROOSEVELT AVENUE BRIDGE,Flushing Line,Flushing Line,EB
32970,Queens,2021,3,14,2,15,19,177615,POINT (1028931.8143046284 215115.26618027306),ROOSEVELT AVENUE BRIDGE,Flushing Line,Flushing Line,EB
32970,Queens,2021,3,14,2,30,16,177615,POINT (1028931.8143046284 215115.26618027306),ROOSEVELT AVENUE BRIDGE,Flushing Line,Flushing Line,EB
32970,Queens,2021,3,14,2,45,14,177615,POINT (1028931.8143046284 215115.26618027306),ROOSEVELT AVENUE BRIDGE,Flushing Line,Flushing Line,EB
32970,Queens,2021,3,14,3,0,17,177615,POINT (1028931.8143046284 215115.26618027306),ROOSEVELT AVENUE BRIDGE,Flushing Line,Flushing Line,EB
32970,Queens,2021,3,14,3,15,16,177615,POINT (1028931.8143046284 215115.26618027306),ROOSEVELT AVENUE BRIDGE,Flushing Line,Flushing Line,EB
32970,Queens,2021,3,14,3,30,21,177615,POINT (1028931.8143046284 215115.26618027306),ROOSEVELT AVENUE BRIDGE,Flushing Line,Flushing Line,EB
32970,Queens,2021,3,14,3,45,26,177615,POINT (1028931.8143046284 215115.26618027306),ROOSEVELT AVENUE BRIDGE,Flushing Line,Flushing Line,EB
32970,Queens,2021,3,14,4,0,18,177615,POINT (1028931.8143046284 215115.26618027306),ROOSEVELT AVENUE BRIDGE,Flushing Line,Flushing Line,EB
32970,Queens,2021,3,14,4,15,15,177615,POINT (1028931.8143046284 215115.26618027306),ROOSEVELT AVENUE BRIDGE,Flushing Line,Flushing Line,EB
32970,Queens,2021,3,14,4,30,17,177615,POINT (1028931.8143046284 215115.26618027306),ROOSEVELT AVENUE BRIDGE,Flushing Line,Flushing Line,EB
32970,Queens,2021,3,14,4,45,26,177615,POINT (1028931.8143046284 215115.26618027306),ROOSEVELT AVENUE BRIDGE,Flushing Line,Flushing Line,EB
32970,Queens,2021,3,14,5,0,26,177615,POINT (1028931.8143046284 215115.26618027306),ROOSEVELT AVENUE BRIDGE,Flushing Line,Flushing Line,EB
32970,Queens,2021,3,14,5,15,18,177615,POINT (1028931.8143046284 215115.26618027306),ROOSEVELT AVENUE BRIDGE,Flushing Line,Flushing Line,EB
32970,Queens,2021,3,14,5,30,24,177615,POINT (1028931.8143046284 215115.26618027306),ROOSEVELT AVENUE BRIDGE,Flushing Line,Flushing Line,EB
32970,Queens,2021,3,14,5,45,35,177615,POINT (1028931.8143046284 215115.26618027306),ROOSEVELT AVENUE BRIDGE,Flushing Line,Flushing Line,EB
32970,Queens,2021,3,14,6,0,30,177615,POINT (1028931.8143046284 215115.26618027306),ROOSEVELT AVENUE BRIDGE,Flushing Line,Flushing Line,EB
32970,Queens,2021,3,14,6,15,30,177615,POINT (1028931.8143046284 215115.26618027306),ROOSEVELT AVENUE BRIDGE,Flushing Line,Flushing Line,EB
32970,Queens,2021,3,14,6,30,37,177615,POINT (1028931.8143046284 215115.26618027306),ROOSEVELT AVENUE BRIDGE,Flushing Line,Flushing Line,EB
32970,Queens,2021,3,14,6,45,36,177615,POINT (1028931.8143046284 215115.26618027306),ROOSEVELT AVENUE BRIDGE,Flushing Line,Flushing Line,EB
32970,Queens,2021,3,14,7,0,44,177615,POINT (1028931.8143046284 215115.26618027306),ROOSEVELT AVENUE BRIDGE,Flushing Line,Flushing Line,EB
32970,Queens,2021,3,14,7,15,44,177615,POINT (1028931.8143046284 215115.26618027306),ROOSEVELT AVENUE BRIDGE,Flushing Line,Flushing Line,EB
32970,Queens,2021,3,14,7,30,39,177615,POINT (1028931.8143046284 215115.26618027306),ROOSEVELT AVENUE BRIDGE,Flushing Line,Flushing Line,EB
32970,Queens,2021,3,14,7,45,53,177615,POINT (1028931.8143046284 215115.26618027306),ROOSEVELT AVENUE BRIDGE,Flushing Line,Flushing Line,EB
32970,Queens,2021,3,14,8,0,62,177615,POINT (1028931.8143046284 215115.26618027306),ROOSEVELT AVENUE BRIDGE,Flushing Line,Flushing Line,EB
32970,Queens,2021,3,14,8,15,65,177615,POINT (1028931.8143046284 215115.26618027306),ROOSEVELT AVENUE BRIDGE,Flushing Line,Flushing Line,EB
32970,Queens,2021,3,14,8,30,59,177615,POINT (1028931.8143046284 215115.26618027306),ROOSEVELT AVENUE BRIDGE,Flushing Line,Flushing Line,EB
32970,Queens,2021,3,14,8,45,62,177615,POINT (1028931.8143046284 215115.26618027306),ROOSEVELT AVENUE BRIDGE,Flushing Line,Flushing Line,EB
32970,Queens,2021,3,14,9,0,94,177615,POINT (1028931.8143046284 215115.26618027306),ROOSEVELT AVENUE BRIDGE,Flushing Line,Flushing Line,EB
32970,Queens,2021,3,14,9,15,107,177615,POINT (1028931.8143046284 215115.26618027306),ROOSEVELT AVENUE BRIDGE,Flushing Line,Flushing Line,EB
32970,Queens,2021,3,14,9,30,98,177615,POINT (1028931.8143046284 215115.26618027306),ROOSEVELT AVENUE BRIDGE,Flushing Line,Flushing Line,EB
32970,Queens,2021,3,14,9,45,84,177615,POINT (1028931.8143046284 215115.26618027306),ROOSEVELT AVENUE BRIDGE,Flushing Line,Flushing Line,EB
32970,Queens,2021,3,14,10,0,106,177615,POINT (1028931.8143046284 215115.26618027306),ROOSEVELT AVENUE BRIDGE,Flushing Line,Flushing Line,EB
32970,Queens,2021,3,14,10,15,104,177615,POINT (1028931.8143046284 215115.26618027306),ROOSEVELT AVENUE BRIDGE,Flushing Line,Flushing Line,EB
32970,Queens,2021,3,14,10,30,111,177615,POINT (1028931.8143046284 215115.26618027306),ROOSEVELT AVENUE BRIDGE,Flushing Line,Flushing Line,EB
32970,Queens,2021,3,14,10,45,115,177615,POINT (1028931.8143046284 215115.26618027306),ROOSEVELT AVENUE BRIDGE,Flushing Line,Flushing Line,EB
32970,Queens,2021,3,14,11,0,105,177615,POINT (1028931.8143046284 215115.26618027306),ROOSEVELT AVENUE BRIDGE,Flushing Line,Flushing Line,EB
32970,Queens,2021,3,14,11,15,112,177615,POINT (1028931.8143046284 215115.26618027306),ROOSEVELT AVENUE BRIDGE,Flushing Line,Flushing Line,EB
32970,Queens,2021,3,14,11,30,118,177615,POINT (1028931.8143046284 215115.26618027306),ROOSEVELT AVENUE BRIDGE,Flushing Line,Flushing Line,EB
32970,Queens,2021,3,14,11,45,153,177615,POINT (1028931.8143046284 215115.26618027306),ROOSEVELT AVENUE BRIDGE,Flushing Line,Flushing Line,EB
32970,Queens,2021,3,14,12,0,92,177615,POINT (1028931.8143046284 215115.26618027306),ROOSEVELT AVENUE BRIDGE,Flushing Line,Flushing Line,EB
32970,Queens,2021,3,14,12,15,128,177615,POINT (1028931.8143046284 215115.26618027306),ROOSEVELT AVENUE BRIDGE,Flushing Line,Flushing Line,EB
32970,Queens,2021,3,14,12,30,126,177615,POINT (1028931.8143046284 215115.26618027306),ROOSEVELT AVENUE BRIDGE,Flushing Line,Flushing Line,EB
32970,Queens,2021,3,14,12,45,139,177615,POINT (1028931.8143046284 215115.26618027306),ROOSEVELT AVENUE BRIDGE,Flushing Line,Flushing Line,EB
32970,Queens,2021,3,14,13,0,97,177615,POINT (1028931.8143046284 215115.26618027306),ROOSEVELT AVENUE BRIDGE,Flushing Line,Flushing Line,EB
32970,Queens,2021,3,14,13,15,133,177615,POINT (1028931.8143046284 215115.26618027306),ROOSEVELT AVENUE BRIDGE,Flushing Line,Flushing Line,EB
32970,Queens,2021,3,14,13,30,128,177615,POINT (1028931.8143046284 215115.26618027306),ROOSEVELT AVENUE BRIDGE,Flushing Line,Flushing Line,EB
32970,Queens,2021,3,14,13,45,158,177615,POINT (1028931.8143046284 215115.26618027306),ROOSEVELT AVENUE BRIDGE,Flushing Line,Flushing Line,EB
32970,Queens,2021,3,14,14,0,116,177615,POINT (1028931.8143046284 215115.26618027306),ROOSEVELT AVENUE BRIDGE,Flushing Line,Flushing Line,EB
32970,Queens,2021,3,14,14,15,129,177615,POINT (1028931.8143046284 215115.26618027306),ROOSEVELT AVENUE BRIDGE,Flushing Line,Flushing Line,EB
32970,Queens,2021,3,14,14,30,125,177615,POINT (1028931.8143046284 215115.26618027306),ROOSEVELT AVENUE BRIDGE,Flushing Line,Flushing Line,EB
32970,Queens,2021,3,14,14,45,149,177615,POINT (1028931.8143046284 215115.26618027306),ROOSEVELT AVENUE BRIDGE,Flushing Line,Flushing Line,EB
32970,Queens,2021,3,14,15,0,122,177615,POINT (1028931.8143046284 215115.26618027306),ROOSEVELT AVENUE BRIDGE,Flushing Line,Flushing Line,EB
32970,Queens,2021,3,14,15,15,124,177615,POINT (1028931.8143046284 215115.26618027306),ROOSEVELT AVENUE BRIDGE,Flushing Line,Flushing Line,EB
32970,Queens,2021,3,14,15,30,119,177615,POINT (1028931.8143046284 215115.26618027306),ROOSEVELT AVENUE BRIDGE,Flushing Line,Flushing Line,EB
32970,Queens,2021,3,14,15,45,111,177615,POINT (1028931.8143046284 215115.26618027306),ROOSEVELT AVENUE BRIDGE,Flushing Line,Flushing Line,EB
32970,Queens,2021,3,14,16,0,117,177615,POINT (1028931.8143046284 215115.26618027306),ROOSEVELT AVENUE BRIDGE,Flushing Line,Flushing Line,EB
32970,Queens,2021,3,14,16,15,135,177615,POINT (1028931.8143046284 215115.26618027306),ROOSEVELT AVENUE BRIDGE,Flushing Line,Flushing Line,EB
32970,Queens,2021,3,14,16,30,103,177615,POINT (1028931.8143046284 215115.26618027306),ROOSEVELT AVENUE BRIDGE,Flushing Line,Flushing Line,EB
32970,Queens,2021,3,14,16,45,123,177615,POINT (1028931.8143046284 215115.26618027306),ROOSEVELT AVENUE BRIDGE,Flushing Line,Flushing Line,EB
32970,Queens,2021,3,14,17,0,122,177615,POINT (1028931.8143046284 215115.26618027306),ROOSEVELT AVENUE BRIDGE,Flushing Line,Flushing Line,EB
32970,Queens,2021,3,14,17,15,117,177615,POINT (1028931.8143046284 215115.26618027306),ROOSEVELT AVENUE BRIDGE,Flushing Line,Flushing Line,EB
32970,Queens,2021,3,14,17,30,105,177615,POINT (1028931.8143046284 215115.26618027306),ROOSEVELT AVENUE BRIDGE,Flushing Line,Flushing Line,EB
32970,Queens,2021,3,14,17,45,96,177615,POINT (1028931.8143046284 215115.26618027306),ROOSEVELT AVENUE BRIDGE,Flushing Line,Flushing Line,EB
32970,Queens,2021,3,14,18,0,83,177615,POINT (1028931.8143046284 215115.26618027306),ROOSEVELT AVENUE BRIDGE,Flushing Line,Flushing Line,EB
32970,Queens,2021,3,14,18,15,82,177615,POINT (1028931.8143046284 215115.26618027306),ROOSEVELT AVENUE BRIDGE,Flushing Line,Flushing Line,EB
32970,Queens,2021,3,14,18,30,87,177615,POINT (1028931.8143046284 215115.26618027306),ROOSEVELT AVENUE BRIDGE,Flushing Line,Flushing Line,EB
32970,Queens,2021,3,14,18,45,93,177615,POINT (1028931.8143046284 215115.26618027306),ROOSEVELT AVENUE BRIDGE,Flushing Line,Flushing Line,EB
32970,Queens,2021,3,14,19,0,54,177615,POINT (1028931.8143046284 215115.26618027306),ROOSEVELT AVENUE BRIDGE,Flushing Line,Flushing Line,EB
32970,Queens,2021,3,14,19,15,79,177615,POINT (1028931.8143046284 215115.26618027306),ROOSEVELT AVENUE BRIDGE,Flushing Line,Flushing Line,EB
32970,Queens,2021,3,14,19,30,61,177615,POINT (1028931.8143046284 215115.26618027306),ROOSEVELT AVENUE BRIDGE,Flushing Line,Flushing Line,EB
32970,Queens,2021,3,14,19,45,77,177615,POINT (1028931.8143046284 215115.26618027306),ROOSEVELT AVENUE BRIDGE,Flushing Line,Flushing Line,EB
32970,Queens,2021,3,14,20,0,54,177615,POINT (1028931.8143046284 215115.26618027306),ROOSEVELT AVENUE BRIDGE,Flushing Line,Flushing Line,EB
32970,Queens,2021,3,14,20,15,43,177615,POINT (1028931.8143046284 215115.26618027306),ROOSEVELT AVENUE BRIDGE,Flushing Line,Flushing Line,EB
32970,Queens,2021,3,14,20,30,46,177615,POINT (1028931.8143046284 215115.26618027306),ROOSEVELT AVENUE BRIDGE,Flushing Line,Flushing Line,EB
32970,Queens,2021,3,14,20,45,58,177615,POINT (1028931.8143046284 215115.26618027306),ROOSEVELT AVENUE BRIDGE,Flushing Line,Flushing Line,EB
32970,Queens,2021,3,14,21,0,42,177615,POINT (1028931.8143046284 215115.26618027306),ROOSEVELT AVENUE BRIDGE,Flushing Line,Flushing Line,EB
32970,Queens,2021,3,14,21,15,40,177615,POINT (1028931.8143046284 215115.26618027306),ROOSEVELT AVENUE BRIDGE,Flushing Line,Flushing Line,EB
32970,Queens,2021,3,14,21,30,40,177615,POINT (1028931.8143046284 215115.26618027306),ROOSEVELT AVENUE BRIDGE,Flushing Line,Flushing Line,EB
32970,Queens,2021,3,14,21,45,37,177615,POINT (1028931.8143046284 215115.26618027306),ROOSEVELT AVENUE BRIDGE,Flushing Line,Flushing Line,EB
32970,Queens,2021,3,14,22,0,31,177615,POINT (1028931.8143046284 215115.26618027306),ROOSEVELT AVENUE BRIDGE,Flushing Line,Flushing Line,EB
32970,Queens,2021,3,14,22,15,32,177615,POINT (1028931.8143046284 215115.26618027306),ROOSEVELT AVENUE BRIDGE,Flushing Line,Flushing Line,EB
32970,Queens,2021,3,14,22,30,26,177615,POINT (1028931.8143046284 215115.26618027306),ROOSEVELT AVENUE BRIDGE,Flushing Line,Flushing Line,EB
32970,Queens,2021,3,14,22,45,30,177615,POINT (1028931.8143046284 215115.26618027306),ROOSEVELT AVENUE BRIDGE,Flushing Line,Flushing Line,EB
32970,Queens,2021,3,14,23,0,24,177615,POINT (1028931.8143046284 215115.26618027306),ROOSEVELT AVENUE BRIDGE,Flushing Line,Flushing Line,EB
32970,Queens,2021,3,14,23,15,33,177615,POINT (1028931.8143046284 215115.26618027306),ROOSEVELT AVENUE BRIDGE,Flushing Line,Flushing Line,EB
32970,Queens,2021,3,14,23,30,24,177615,POINT (1028931.8143046284 215115.26618027306),ROOSEVELT AVENUE BRIDGE,Flushing Line,Flushing Line,EB
32970,Queens,2021,3,14,23,45,25,177615,POINT (1028931.8143046284 215115.26618027306),ROOSEVELT AVENUE BRIDGE,Flushing Line,Flushing Line,EB
32970,Queens,2021,3,15,0,0,19,177615,POINT (1028931.8143046284 215115.26618027306),ROOSEVELT AVENUE BRIDGE,Flushing Line,Flushing Line,EB
32970,Queens,2021,3,15,0,15,12,177615,POINT (1028931.8143046284 215115.26618027306),ROOSEVELT AVENUE BRIDGE,Flushing Line,Flushing Line,EB
32970,Queens,2021,3,15,0,30,16,177615,POINT (1028931.8143046284 215115.26618027306),ROOSEVELT AVENUE BRIDGE,Flushing Line,Flushing Line,EB
32970,Queens,2021,3,15,0,45,14,177615,POINT (1028931.8143046284 215115.26618027306),ROOSEVELT AVENUE BRIDGE,Flushing Line,Flushing Line,EB
32970,Queens,2021,3,15,1,0,14,177615,POINT (1028931.8143046284 215115.26618027306),ROOSEVELT AVENUE BRIDGE,Flushing Line,Flushing Line,EB
32970,Queens,2021,3,15,1,15,15,177615,POINT (1028931.8143046284 215115.26618027306),ROOSEVELT AVENUE BRIDGE,Flushing Line,Flushing Line,EB
32970,Queens,2021,3,15,1,30,15,177615,POINT (1028931.8143046284 215115.26618027306),ROOSEVELT AVENUE BRIDGE,Flushing Line,Flushing Line,EB
32970,Queens,2021,3,15,1,45,10,177615,POINT (1028931.8143046284 215115.26618027306),ROOSEVELT AVENUE BRIDGE,Flushing Line,Flushing Line,EB
32970,Queens,2021,3,15,2,0,18,177615,POINT (1028931.8143046284 215115.26618027306),ROOSEVELT AVENUE BRIDGE,Flushing Line,Flushing Line,EB
32970,Queens,2021,3,15,2,15,15,177615,POINT (1028931.8143046284 215115.26618027306),ROOSEVELT AVENUE BRIDGE,Flushing Line,Flushing Line,EB
32970,Queens,2021,3,15,2,30,15,177615,POINT (1028931.8143046284 215115.26618027306),ROOSEVELT AVENUE BRIDGE,Flushing Line,Flushing Line,EB
32970,Queens,2021,3,15,2,45,20,177615,POINT (1028931.8143046284 215115.26618027306),ROOSEVELT AVENUE BRIDGE,Flushing Line,Flushing Line,EB
32970,Queens,2021,3,15,3,0,10,177615,POINT (1028931.8143046284 215115.26618027306),ROOSEVELT AVENUE BRIDGE,Flushing Line,Flushing Line,EB
32970,Queens,2021,3,15,3,15,14,177615,POINT (1028931.8143046284 215115.26618027306),ROOSEVELT AVENUE BRIDGE,Flushing Line,Flushing Line,EB
32970,Queens,2021,3,15,3,30,17,177615,POINT (1028931.8143046284 215115.26618027306),ROOSEVELT AVENUE BRIDGE,Flushing Line,Flushing Line,EB
32970,Queens,2021,3,15,3,45,10,177615,POINT (1028931.8143046284 215115.26618027306),ROOSEVELT AVENUE BRIDGE,Flushing Line,Flushing Line,EB
32970,Queens,2021,3,15,4,0,19,177615,POINT (1028931.8143046284 215115.26618027306),ROOSEVELT AVENUE BRIDGE,Flushing Line,Flushing Line,EB
32970,Queens,2021,3,15,4,15,27,177615,POINT (1028931.8143046284 215115.26618027306),ROOSEVELT AVENUE BRIDGE,Flushing Line,Flushing Line,EB
32970,Queens,2021,3,15,4,30,31,177615,POINT (1028931.8143046284 215115.26618027306),ROOSEVELT AVENUE BRIDGE,Flushing Line,Flushing Line,EB
32970,Queens,2021,3,15,4,45,44,177615,POINT (1028931.8143046284 215115.26618027306),ROOSEVELT AVENUE BRIDGE,Flushing Line,Flushing Line,EB
32970,Queens,2021,3,15,5,0,31,177615,POINT (1028931.8143046284 215115.26618027306),ROOSEVELT AVENUE BRIDGE,Flushing Line,Flushing Line,EB
32970,Queens,2021,3,15,5,15,25,177615,POINT (1028931.8143046284 215115.26618027306),ROOSEVELT AVENUE BRIDGE,Flushing Line,Flushing Line,EB
32970,Queens,2021,3,15,5,30,41,177615,POINT (1028931.8143046284 215115.26618027306),ROOSEVELT AVENUE BRIDGE,Flushing Line,Flushing Line,EB
32970,Queens,2021,3,15,5,45,57,177615,POINT (1028931.8143046284 215115.26618027306),ROOSEVELT AVENUE BRIDGE,Flushing Line,Flushing Line,EB
32970,Queens,2021,3,15,6,0,69,177615,POINT (1028931.8143046284 215115.26618027306),ROOSEVELT AVENUE BRIDGE,Flushing Line,Flushing Line,EB
32970,Queens,2021,3,15,6,15,67,177615,POINT (1028931.8143046284 215115.26618027306),ROOSEVELT AVENUE BRIDGE,Flushing Line,Flushing Line,EB
32970,Queens,2021,3,15,6,30,66,177615,POINT (1028931.8143046284 215115.26618027306),ROOSEVELT AVENUE BRIDGE,Flushing Line,Flushing Line,EB
32970,Queens,2021,3,15,6,45,92,177615,POINT (1028931.8143046284 215115.26618027306),ROOSEVELT AVENUE BRIDGE,Flushing Line,Flushing Line,EB
32970,Queens,2021,3,15,7,0,88,177615,POINT (1028931.8143046284 215115.26618027306),ROOSEVELT AVENUE BRIDGE,Flushing Line,Flushing Line,EB
32970,Queens,2021,3,15,7,15,83,177615,POINT (1028931.8143046284 215115.26618027306),ROOSEVELT AVENUE BRIDGE,Flushing Line,Flushing Line,EB
32970,Queens,2021,3,15,7,30,91,177615,POINT (1028931.8143046284 215115.26618027306),ROOSEVELT AVENUE BRIDGE,Flushing Line,Flushing Line,EB
32970,Queens,2021,3,15,7,45,103,177615,POINT (1028931.8143046284 215115.26618027306),ROOSEVELT AVENUE BRIDGE,Flushing Line,Flushing Line,EB
32970,Queens,2021,3,15,8,0,103,177615,POINT (1028931.8143046284 215115.26618027306),ROOSEVELT AVENUE BRIDGE,Flushing Line,Flushing Line,EB
32970,Queens,2021,3,15,8,15,101,177615,POINT (1028931.8143046284 215115.26618027306),ROOSEVELT AVENUE BRIDGE,Flushing Line,Flushing Line,EB
32970,Queens,2021,3,15,8,30,91,177615,POINT (1028931.8143046284 215115.26618027306),ROOSEVELT AVENUE BRIDGE,Flushing Line,Flushing Line,EB
32970,Queens,2021,3,15,8,45,101,177615,POINT (1028931.8143046284 215115.26618027306),ROOSEVELT AVENUE BRIDGE,Flushing Line,Flushing Line,EB
32970,Queens,2021,3,15,9,0,83,177615,POINT (1028931.8143046284 215115.26618027306),ROOSEVELT AVENUE BRIDGE,Flushing Line,Flushing Line,EB
32970,Queens,2021,3,15,9,15,114,177615,POINT (1028931.8143046284 215115.26618027306),ROOSEVELT AVENUE BRIDGE,Flushing Line,Flushing Line,EB
32970,Queens,2021,3,15,9,30,116,177615,POINT (1028931.8143046284 215115.26618027306),ROOSEVELT AVENUE BRIDGE,Flushing Line,Flushing Line,EB
32970,Queens,2021,3,15,9,45,141,177615,POINT (1028931.8143046284 215115.26618027306),ROOSEVELT AVENUE BRIDGE,Flushing Line,Flushing Line,EB
32970,Queens,2021,3,15,10,0,107,177615,POINT (1028931.8143046284 215115.26618027306),ROOSEVELT AVENUE BRIDGE,Flushing Line,Flushing Line,EB
32970,Queens,2021,3,15,10,15,96,177615,POINT (1028931.8143046284 215115.26618027306),ROOSEVELT AVENUE BRIDGE,Flushing Line,Flushing Line,EB
32970,Queens,2021,3,15,10,30,114,177615,POINT (1028931.8143046284 215115.26618027306),ROOSEVELT AVENUE BRIDGE,Flushing Line,Flushing Line,EB
32970,Queens,2021,3,15,10,45,120,177615,POINT (1028931.8143046284 215115.26618027306),ROOSEVELT AVENUE BRIDGE,Flushing Line,Flushing Line,EB
32970,Queens,2021,3,15,11,0,115,177615,POINT (1028931.8143046284 215115.26618027306),ROOSEVELT AVENUE BRIDGE,Flushing Line,Flushing Line,EB
32970,Queens,2021,3,15,11,15,139,177615,POINT (1028931.8143046284 215115.26618027306),ROOSEVELT AVENUE BRIDGE,Flushing Line,Flushing Line,EB
32970,Queens,2021,3,15,11,30,123,177615,POINT (1028931.8143046284 215115.26618027306),ROOSEVELT AVENUE BRIDGE,Flushing Line,Flushing Line,EB
32970,Queens,2021,3,15,11,45,88,177615,POINT (1028931.8143046284 215115.26618027306),ROOSEVELT AVENUE BRIDGE,Flushing Line,Flushing Line,EB
32970,Queens,2021,3,15,12,0,87,177615,POINT (1028931.8143046284 215115.26618027306),ROOSEVELT AVENUE BRIDGE,Flushing Line,Flushing Line,EB
32970,Queens,2021,3,15,12,15,103,177615,POINT (1028931.8143046284 215115.26618027306),ROOSEVELT AVENUE BRIDGE,Flushing Line,Flushing Line,EB
32970,Queens,2021,3,15,12,30,95,177615,POINT (1028931.8143046284 215115.26618027306),ROOSEVELT AVENUE BRIDGE,Flushing Line,Flushing Line,EB
32970,Queens,2021,3,15,12,45,107,177615,POINT (1028931.8143046284 215115.26618027306),ROOSEVELT AVENUE BRIDGE,Flushing Line,Flushing Line,EB
32970,Queens,2021,3,15,13,0,105,177615,POINT (1028931.8143046284 215115.26618027306),ROOSEVELT AVENUE BRIDGE,Flushing Line,Flushing Line,EB
32970,Queens,2021,3,15,13,15,138,177615,POINT (1028931.8143046284 215115.26618027306),ROOSEVELT AVENUE BRIDGE,Flushing Line,Flushing Line,EB
32970,Queens,2021,3,15,13,30,150,177615,POINT (1028931.8143046284 215115.26618027306),ROOSEVELT AVENUE BRIDGE,Flushing Line,Flushing Line,EB
32970,Queens,2021,3,15,13,45,122,177615,POINT (1028931.8143046284 215115.26618027306),ROOSEVELT AVENUE BRIDGE,Flushing Line,Flushing Line,EB
32970,Queens,2021,3,15,14,0,160,177615,POINT (1028931.8143046284 215115.26618027306),ROOSEVELT AVENUE BRIDGE,Flushing Line,Flushing Line,EB
32970,Queens,2021,3,15,14,15,113,177615,POINT (1028931.8143046284 215115.26618027306),ROOSEVELT AVENUE BRIDGE,Flushing Line,Flushing Line,EB
32970,Queens,2021,3,15,14,30,132,177615,POINT (1028931.8143046284 215115.26618027306),ROOSEVELT AVENUE BRIDGE,Flushing Line,Flushing Line,EB
32970,Queens,2021,3,15,14,45,133,177615,POINT (1028931.8143046284 215115.26618027306),ROOSEVELT AVENUE BRIDGE,Flushing Line,Flushing Line,EB
32970,Queens,2021,3,15,15,0,118,177615,POINT (1028931.8143046284 215115.26618027306),ROOSEVELT AVENUE BRIDGE,Flushing Line,Flushing Line,EB
32970,Queens,2021,3,15,15,15,139,177615,POINT (1028931.8143046284 215115.26618027306),ROOSEVELT AVENUE BRIDGE,Flushing Line,Flushing Line,EB
32970,Queens,2021,3,15,15,30,141,177615,POINT (1028931.8143046284 215115.26618027306),ROOSEVELT AVENUE BRIDGE,Flushing Line,Flushing Line,EB
32970,Queens,2021,3,15,15,45,120,177615,POINT (1028931.8143046284 215115.26618027306),ROOSEVELT AVENUE BRIDGE,Flushing Line,Flushing Line,EB
32970,Queens,2021,3,15,16,0,147,177615,POINT (1028931.8143046284 215115.26618027306),ROOSEVELT AVENUE BRIDGE,Flushing Line,Flushing Line,EB
32970,Queens,2021,3,15,16,15,165,177615,POINT (1028931.8143046284 215115.26618027306),ROOSEVELT AVENUE BRIDGE,Flushing Line,Flushing Line,EB
32970,Queens,2021,3,15,16,30,158,177615,POINT (1028931.8143046284 215115.26618027306),ROOSEVELT AVENUE BRIDGE,Flushing Line,Flushing Line,EB
32970,Queens,2021,3,15,16,45,136,177615,POINT (1028931.8143046284 215115.26618027306),ROOSEVELT AVENUE BRIDGE,Flushing Line,Flushing Line,EB
32970,Queens,2021,3,15,17,0,166,177615,POINT (1028931.8143046284 215115.26618027306),ROOSEVELT AVENUE BRIDGE,Flushing Line,Flushing Line,EB
32970,Queens,2021,3,15,17,15,145,177615,POINT (1028931.8143046284 215115.26618027306),ROOSEVELT AVENUE BRIDGE,Flushing Line,Flushing Line,EB
32970,Queens,2021,3,15,17,30,138,177615,POINT (1028931.8143046284 215115.26618027306),ROOSEVELT AVENUE BRIDGE,Flushing Line,Flushing Line,EB
32970,Queens,2021,3,15,17,45,112,177615,POINT (1028931.8143046284 215115.26618027306),ROOSEVELT AVENUE BRIDGE,Flushing Line,Flushing Line,EB
32970,Queens,2021,3,15,18,0,100,177615,POINT (1028931.8143046284 215115.26618027306),ROOSEVELT AVENUE BRIDGE,Flushing Line,Flushing Line,EB
32970,Queens,2021,3,15,18,15,96,177615,POINT (1028931.8143046284 215115.26618027306),ROOSEVELT AVENUE BRIDGE,Flushing Line,Flushing Line,EB
32970,Queens,2021,3,15,18,30,89,177615,POINT (1028931.8143046284 215115.26618027306),ROOSEVELT AVENUE BRIDGE,Flushing Line,Flushing Line,EB
32970,Queens,2021,3,15,18,45,84,177615,POINT (1028931.8143046284 215115.26618027306),ROOSEVELT AVENUE BRIDGE,Flushing Line,Flushing Line,EB
32970,Queens,2021,3,15,19,0,85,177615,POINT (1028931.8143046284 215115.26618027306),ROOSEVELT AVENUE BRIDGE,Flushing Line,Flushing Line,EB
32970,Queens,2021,3,15,19,15,79,177615,POINT (1028931.8143046284 215115.26618027306),ROOSEVELT AVENUE BRIDGE,Flushing Line,Flushing Line,EB
32970,Queens,2021,3,15,19,30,57,177615,POINT (1028931.8143046284 215115.26618027306),ROOSEVELT AVENUE BRIDGE,Flushing Line,Flushing Line,EB
32970,Queens,2021,3,15,19,45,71,177615,POINT (1028931.8143046284 215115.26618027306),ROOSEVELT AVENUE BRIDGE,Flushing Line,Flushing Line,EB
32970,Queens,2021,3,15,20,0,52,177615,POINT (1028931.8143046284 215115.26618027306),ROOSEVELT AVENUE BRIDGE,Flushing Line,Flushing Line,EB
32970,Queens,2021,3,15,20,15,59,177615,POINT (1028931.8143046284 215115.26618027306),ROOSEVELT AVENUE BRIDGE,Flushing Line,Flushing Line,EB
32970,Queens,2021,3,15,20,30,58,177615,POINT (1028931.8143046284 215115.26618027306),ROOSEVELT AVENUE BRIDGE,Flushing Line,Flushing Line,EB
32970,Queens,2021,3,15,20,45,48,177615,POINT (1028931.8143046284 215115.26618027306),ROOSEVELT AVENUE BRIDGE,Flushing Line,Flushing Line,EB
32970,Queens,2021,3,15,21,0,46,177615,POINT (1028931.8143046284 215115.26618027306),ROOSEVELT AVENUE BRIDGE,Flushing Line,Flushing Line,EB
32970,Queens,2021,3,15,21,15,40,177615,POINT (1028931.8143046284 215115.26618027306),ROOSEVELT AVENUE BRIDGE,Flushing Line,Flushing Line,EB
32970,Queens,2021,3,15,21,30,43,177615,POINT (1028931.8143046284 215115.26618027306),ROOSEVELT AVENUE BRIDGE,Flushing Line,Flushing Line,EB
32970,Queens,2021,3,15,21,45,39,177615,POINT (1028931.8143046284 215115.26618027306),ROOSEVELT AVENUE BRIDGE,Flushing Line,Flushing Line,EB
32970,Queens,2021,3,15,22,0,29,177615,POINT (1028931.8143046284 215115.26618027306),ROOSEVELT AVENUE BRIDGE,Flushing Line,Flushing Line,EB
32970,Queens,2021,3,15,22,15,32,177615,POINT (1028931.8143046284 215115.26618027306),ROOSEVELT AVENUE BRIDGE,Flushing Line,Flushing Line,EB
32970,Queens,2021,3,15,22,30,30,177615,POINT (1028931.8143046284 215115.26618027306),ROOSEVELT AVENUE BRIDGE,Flushing Line,Flushing Line,EB
32970,Queens,2021,3,15,22,45,22,177615,POINT (1028931.8143046284 215115.26618027306),ROOSEVELT AVENUE BRIDGE,Flushing Line,Flushing Line,EB
32970,Queens,2021,3,15,23,0,30,177615,POINT (1028931.8143046284 215115.26618027306),ROOSEVELT AVENUE BRIDGE,Flushing Line,Flushing Line,EB
32970,Queens,2021,3,15,23,15,20,177615,POINT (1028931.8143046284 215115.26618027306),ROOSEVELT AVENUE BRIDGE,Flushing Line,Flushing Line,EB
32970,Queens,2021,3,15,23,30,28,177615,POINT (1028931.8143046284 215115.26618027306),ROOSEVELT AVENUE BRIDGE,Flushing Line,Flushing Line,EB
32970,Queens,2021,3,15,23,45,15,177615,POINT (1028931.8143046284 215115.26618027306),ROOSEVELT AVENUE BRIDGE,Flushing Line,Flushing Line,EB
32970,Queens,2021,3,16,0,0,13,177615,POINT (1028931.8143046284 215115.26618027306),ROOSEVELT AVENUE BRIDGE,Flushing Line,Flushing Line,EB
32970,Queens,2021,3,16,0,15,15,177615,POINT (1028931.8143046284 215115.26618027306),ROOSEVELT AVENUE BRIDGE,Flushing Line,Flushing Line,EB
32970,Queens,2021,3,16,0,30,11,177615,POINT (1028931.8143046284 215115.26618027306),ROOSEVELT AVENUE BRIDGE,Flushing Line,Flushing Line,EB
32970,Queens,2021,3,16,0,45,23,177615,POINT (1028931.8143046284 215115.26618027306),ROOSEVELT AVENUE BRIDGE,Flushing Line,Flushing Line,EB
32970,Queens,2021,3,16,1,0,13,177615,POINT (1028931.8143046284 215115.26618027306),ROOSEVELT AVENUE BRIDGE,Flushing Line,Flushing Line,EB
32970,Queens,2021,3,16,1,15,12,177615,POINT (1028931.8143046284 215115.26618027306),ROOSEVELT AVENUE BRIDGE,Flushing Line,Flushing Line,EB
32970,Queens,2021,3,16,1,30,18,177615,POINT (1028931.8143046284 215115.26618027306),ROOSEVELT AVENUE BRIDGE,Flushing Line,Flushing Line,EB
32970,Queens,2021,3,16,1,45,9,177615,POINT (1028931.8143046284 215115.26618027306),ROOSEVELT AVENUE BRIDGE,Flushing Line,Flushing Line,EB
32970,Queens,2021,3,16,2,0,12,177615,POINT (1028931.8143046284 215115.26618027306),ROOSEVELT AVENUE BRIDGE,Flushing Line,Flushing Line,EB
32970,Queens,2021,3,16,2,15,13,177615,POINT (1028931.8143046284 215115.26618027306),ROOSEVELT AVENUE BRIDGE,Flushing Line,Flushing Line,EB
32970,Queens,2021,3,16,2,30,10,177615,POINT (1028931.8143046284 215115.26618027306),ROOSEVELT AVENUE BRIDGE,Flushing Line,Flushing Line,EB
32970,Queens,2021,3,16,2,45,15,177615,POINT (1028931.8143046284 215115.26618027306),ROOSEVELT AVENUE BRIDGE,Flushing Line,Flushing Line,EB
32970,Queens,2021,3,16,3,0,18,177615,POINT (1028931.8143046284 215115.26618027306),ROOSEVELT AVENUE BRIDGE,Flushing Line,Flushing Line,EB
32970,Queens,2021,3,16,3,15,16,177615,POINT (1028931.8143046284 215115.26618027306),ROOSEVELT AVENUE BRIDGE,Flushing Line,Flushing Line,EB
32970,Queens,2021,3,16,3,30,15,177615,POINT (1028931.8143046284 215115.26618027306),ROOSEVELT AVENUE BRIDGE,Flushing Line,Flushing Line,EB
32970,Queens,2021,3,16,3,45,13,177615,POINT (1028931.8143046284 215115.26618027306),ROOSEVELT AVENUE BRIDGE,Flushing Line,Flushing Line,EB
32970,Queens,2021,3,16,4,0,18,177615,POINT (1028931.8143046284 215115.26618027306),ROOSEVELT AVENUE BRIDGE,Flushing Line,Flushing Line,EB
32970,Queens,2021,3,16,4,15,31,177615,POINT (1028931.8143046284 215115.26618027306),ROOSEVELT AVENUE BRIDGE,Flushing Line,Flushing Line,EB
32970,Queens,2021,3,16,4,30,44,177615,POINT (1028931.8143046284 215115.26618027306),ROOSEVELT AVENUE BRIDGE,Flushing Line,Flushing Line,EB
32970,Queens,2021,3,16,4,45,46,177615,POINT (1028931.8143046284 215115.26618027306),ROOSEVELT AVENUE BRIDGE,Flushing Line,Flushing Line,EB
32970,Queens,2021,3,16,5,0,25,177615,POINT (1028931.8143046284 215115.26618027306),ROOSEVELT AVENUE BRIDGE,Flushing Line,Flushing Line,EB
32970,Queens,2021,3,16,5,15,40,177615,POINT (1028931.8143046284 215115.26618027306),ROOSEVELT AVENUE BRIDGE,Flushing Line,Flushing Line,EB
32970,Queens,2021,3,16,5,30,60,177615,POINT (1028931.8143046284 215115.26618027306),ROOSEVELT AVENUE BRIDGE,Flushing Line,Flushing Line,EB
32970,Queens,2021,3,16,5,45,49,177615,POINT (1028931.8143046284 215115.26618027306),ROOSEVELT AVENUE BRIDGE,Flushing Line,Flushing Line,EB
32970,Queens,2021,3,16,6,0,63,177615,POINT (1028931.8143046284 215115.26618027306),ROOSEVELT AVENUE BRIDGE,Flushing Line,Flushing Line,EB
32970,Queens,2021,3,16,6,15,67,177615,POINT (1028931.8143046284 215115.26618027306),ROOSEVELT AVENUE BRIDGE,Flushing Line,Flushing Line,EB
32970,Queens,2021,3,16,6,30,78,177615,POINT (1028931.8143046284 215115.26618027306),ROOSEVELT AVENUE BRIDGE,Flushing Line,Flushing Line,EB
32970,Queens,2021,3,16,6,45,83,177615,POINT (1028931.8143046284 215115.26618027306),ROOSEVELT AVENUE BRIDGE,Flushing Line,Flushing Line,EB
32970,Queens,2021,3,16,7,0,82,177615,POINT (1028931.8143046284 215115.26618027306),ROOSEVELT AVENUE BRIDGE,Flushing Line,Flushing Line,EB
32970,Queens,2021,3,16,7,15,84,177615,POINT (1028931.8143046284 215115.26618027306),ROOSEVELT AVENUE BRIDGE,Flushing Line,Flushing Line,EB
32970,Queens,2021,3,16,7,30,89,177615,POINT (1028931.8143046284 215115.26618027306),ROOSEVELT AVENUE BRIDGE,Flushing Line,Flushing Line,EB
32970,Queens,2021,3,16,7,45,105,177615,POINT (1028931.8143046284 215115.26618027306),ROOSEVELT AVENUE BRIDGE,Flushing Line,Flushing Line,EB
32970,Queens,2021,3,16,8,0,92,177615,POINT (1028931.8143046284 215115.26618027306),ROOSEVELT AVENUE BRIDGE,Flushing Line,Flushing Line,EB
32970,Queens,2021,3,16,8,15,96,177615,POINT (1028931.8143046284 215115.26618027306),ROOSEVELT AVENUE BRIDGE,Flushing Line,Flushing Line,EB
32970,Queens,2021,3,16,8,30,94,177615,POINT (1028931.8143046284 215115.26618027306),ROOSEVELT AVENUE BRIDGE,Flushing Line,Flushing Line,EB
32970,Queens,2021,3,16,8,45,111,177615,POINT (1028931.8143046284 215115.26618027306),ROOSEVELT AVENUE BRIDGE,Flushing Line,Flushing Line,EB
32970,Queens,2021,3,16,9,0,102,177615,POINT (1028931.8143046284 215115.26618027306),ROOSEVELT AVENUE BRIDGE,Flushing Line,Flushing Line,EB
32970,Queens,2021,3,16,9,15,91,177615,POINT (1028931.8143046284 215115.26618027306),ROOSEVELT AVENUE BRIDGE,Flushing Line,Flushing Line,EB
32970,Queens,2021,3,16,9,30,103,177615,POINT (1028931.8143046284 215115.26618027306),ROOSEVELT AVENUE BRIDGE,Flushing Line,Flushing Line,EB
32970,Queens,2021,3,16,9,45,100,177615,POINT (1028931.8143046284 215115.26618027306),ROOSEVELT AVENUE BRIDGE,Flushing Line,Flushing Line,EB
32970,Queens,2021,3,16,10,0,95,177615,POINT (1028931.8143046284 215115.26618027306),ROOSEVELT AVENUE BRIDGE,Flushing Line,Flushing Line,EB
32970,Queens,2021,3,16,10,15,115,177615,POINT (1028931.8143046284 215115.26618027306),ROOSEVELT AVENUE BRIDGE,Flushing Line,Flushing Line,EB
32970,Queens,2021,3,16,10,30,112,177615,POINT (1028931.8143046284 215115.26618027306),ROOSEVELT AVENUE BRIDGE,Flushing Line,Flushing Line,EB
32970,Queens,2021,3,16,10,45,128,177615,POINT (1028931.8143046284 215115.26618027306),ROOSEVELT AVENUE BRIDGE,Flushing Line,Flushing Line,EB
32970,Queens,2021,3,16,11,0,85,177615,POINT (1028931.8143046284 215115.26618027306),ROOSEVELT AVENUE BRIDGE,Flushing Line,Flushing Line,EB
32970,Queens,2021,3,16,11,15,137,177615,POINT (1028931.8143046284 215115.26618027306),ROOSEVELT AVENUE BRIDGE,Flushing Line,Flushing Line,EB
32970,Queens,2021,3,16,11,30,93,177615,POINT (1028931.8143046284 215115.26618027306),ROOSEVELT AVENUE BRIDGE,Flushing Line,Flushing Line,EB
32970,Queens,2021,3,16,11,45,98,177615,POINT (1028931.8143046284 215115.26618027306),ROOSEVELT AVENUE BRIDGE,Flushing Line,Flushing Line,EB
32970,Queens,2021,3,16,12,0,120,177615,POINT (1028931.8143046284 215115.26618027306),ROOSEVELT AVENUE BRIDGE,Flushing Line,Flushing Line,EB
32970,Queens,2021,3,16,12,15,121,177615,POINT (1028931.8143046284 215115.26618027306),ROOSEVELT AVENUE BRIDGE,Flushing Line,Flushing Line,EB
32970,Queens,2021,3,16,12,30,125,177615,POINT (1028931.8143046284 215115.26618027306),ROOSEVELT AVENUE BRIDGE,Flushing Line,Flushing Line,EB
32970,Queens,2021,3,16,12,45,120,177615,POINT (1028931.8143046284 215115.26618027306),ROOSEVELT AVENUE BRIDGE,Flushing Line,Flushing Line,EB
32970,Queens,2021,3,16,13,0,108,177615,POINT (1028931.8143046284 215115.26618027306),ROOSEVELT AVENUE BRIDGE,Flushing Line,Flushing Line,EB
32970,Queens,2021,3,16,13,15,122,177615,POINT (1028931.8143046284 215115.26618027306),ROOSEVELT AVENUE BRIDGE,Flushing Line,Flushing Line,EB
32970,Queens,2021,3,16,13,30,110,177615,POINT (1028931.8143046284 215115.26618027306),ROOSEVELT AVENUE BRIDGE,Flushing Line,Flushing Line,EB
32970,Queens,2021,3,16,13,45,144,177615,POINT (1028931.8143046284 215115.26618027306),ROOSEVELT AVENUE BRIDGE,Flushing Line,Flushing Line,EB
32970,Queens,2021,3,16,14,0,119,177615,POINT (1028931.8143046284 215115.26618027306),ROOSEVELT AVENUE BRIDGE,Flushing Line,Flushing Line,EB
32970,Queens,2021,3,16,14,15,108,177615,POINT (1028931.8143046284 215115.26618027306),ROOSEVELT AVENUE BRIDGE,Flushing Line,Flushing Line,EB
32970,Queens,2021,3,16,14,30,139,177615,POINT (1028931.8143046284 215115.26618027306),ROOSEVELT AVENUE BRIDGE,Flushing Line,Flushing Line,EB
32970,Queens,2021,3,16,14,45,138,177615,POINT (1028931.8143046284 215115.26618027306),ROOSEVELT AVENUE BRIDGE,Flushing Line,Flushing Line,EB
32970,Queens,2021,3,16,15,0,140,177615,POINT (1028931.8143046284 215115.26618027306),ROOSEVELT AVENUE BRIDGE,Flushing Line,Flushing Line,EB
32970,Queens,2021,3,16,15,15,130,177615,POINT (1028931.8143046284 215115.26618027306),ROOSEVELT AVENUE BRIDGE,Flushing Line,Flushing Line,EB
32970,Queens,2021,3,16,15,30,123,177615,POINT (1028931.8143046284 215115.26618027306),ROOSEVELT AVENUE BRIDGE,Flushing Line,Flushing Line,EB
32970,Queens,2021,3,16,15,45,115,177615,POINT (1028931.8143046284 215115.26618027306),ROOSEVELT AVENUE BRIDGE,Flushing Line,Flushing Line,EB
32970,Queens,2021,3,16,16,0,156,177615,POINT (1028931.8143046284 215115.26618027306),ROOSEVELT AVENUE BRIDGE,Flushing Line,Flushing Line,EB
32970,Queens,2021,3,16,16,15,138,177615,POINT (1028931.8143046284 215115.26618027306),ROOSEVELT AVENUE BRIDGE,Flushing Line,Flushing Line,EB
32970,Queens,2021,3,16,16,30,141,177615,POINT (1028931.8143046284 215115.26618027306),ROOSEVELT AVENUE BRIDGE,Flushing Line,Flushing Line,EB
32970,Queens,2021,3,16,16,45,145,177615,POINT (1028931.8143046284 215115.26618027306),ROOSEVELT AVENUE BRIDGE,Flushing Line,Flushing Line,EB
32970,Queens,2021,3,16,17,0,162,177615,POINT (1028931.8143046284 215115.26618027306),ROOSEVELT AVENUE BRIDGE,Flushing Line,Flushing Line,EB
32970,Queens,2021,3,16,17,15,141,177615,POINT (1028931.8143046284 215115.26618027306),ROOSEVELT AVENUE BRIDGE,Flushing Line,Flushing Line,EB
32970,Queens,2021,3,16,17,30,110,177615,POINT (1028931.8143046284 215115.26618027306),ROOSEVELT AVENUE BRIDGE,Flushing Line,Flushing Line,EB
32970,Queens,2021,3,16,17,45,110,177615,POINT (1028931.8143046284 215115.26618027306),ROOSEVELT AVENUE BRIDGE,Flushing Line,Flushing Line,EB
32970,Queens,2021,3,16,18,0,104,177615,POINT (1028931.8143046284 215115.26618027306),ROOSEVELT AVENUE BRIDGE,Flushing Line,Flushing Line,EB
32970,Queens,2021,3,16,18,15,90,177615,POINT (1028931.8143046284 215115.26618027306),ROOSEVELT AVENUE BRIDGE,Flushing Line,Flushing Line,EB
32970,Queens,2021,3,16,18,30,86,177615,POINT (1028931.8143046284 215115.26618027306),ROOSEVELT AVENUE BRIDGE,Flushing Line,Flushing Line,EB
32970,Queens,2021,3,16,18,45,96,177615,POINT (1028931.8143046284 215115.26618027306),ROOSEVELT AVENUE BRIDGE,Flushing Line,Flushing Line,EB
32970,Queens,2021,3,16,19,0,80,177615,POINT (1028931.8143046284 215115.26618027306),ROOSEVELT AVENUE BRIDGE,Flushing Line,Flushing Line,EB
32970,Queens,2021,3,16,19,15,68,177615,POINT (1028931.8143046284 215115.26618027306),ROOSEVELT AVENUE BRIDGE,Flushing Line,Flushing Line,EB
32970,Queens,2021,3,16,19,30,67,177615,POINT (1028931.8143046284 215115.26618027306),ROOSEVELT AVENUE BRIDGE,Flushing Line,Flushing Line,EB
32970,Queens,2021,3,16,19,45,51,177615,POINT (1028931.8143046284 215115.26618027306),ROOSEVELT AVENUE BRIDGE,Flushing Line,Flushing Line,EB
32970,Queens,2021,3,16,20,0,52,177615,POINT (1028931.8143046284 215115.26618027306),ROOSEVELT AVENUE BRIDGE,Flushing Line,Flushing Line,EB
32970,Queens,2021,3,16,20,15,60,177615,POINT (1028931.8143046284 215115.26618027306),ROOSEVELT AVENUE BRIDGE,Flushing Line,Flushing Line,EB
32970,Queens,2021,3,16,20,30,51,177615,POINT (1028931.8143046284 215115.26618027306),ROOSEVELT AVENUE BRIDGE,Flushing Line,Flushing Line,EB
32970,Queens,2021,3,16,20,45,46,177615,POINT (1028931.8143046284 215115.26618027306),ROOSEVELT AVENUE BRIDGE,Flushing Line,Flushing Line,EB
32970,Queens,2021,3,16,21,0,52,177615,POINT (1028931.8143046284 215115.26618027306),ROOSEVELT AVENUE BRIDGE,Flushing Line,Flushing Line,EB
32970,Queens,2021,3,16,21,15,49,177615,POINT (1028931.8143046284 215115.26618027306),ROOSEVELT AVENUE BRIDGE,Flushing Line,Flushing Line,EB
32970,Queens,2021,3,16,21,30,31,177615,POINT (1028931.8143046284 215115.26618027306),ROOSEVELT AVENUE BRIDGE,Flushing Line,Flushing Line,EB
32970,Queens,2021,3,16,21,45,36,177615,POINT (1028931.8143046284 215115.26618027306),ROOSEVELT AVENUE BRIDGE,Flushing Line,Flushing Line,EB
32970,Queens,2021,3,16,22,0,22,177615,POINT (1028931.8143046284 215115.26618027306),ROOSEVELT AVENUE BRIDGE,Flushing Line,Flushing Line,EB
32970,Queens,2021,3,16,22,15,34,177615,POINT (1028931.8143046284 215115.26618027306),ROOSEVELT AVENUE BRIDGE,Flushing Line,Flushing Line,EB
32970,Queens,2021,3,16,22,30,20,177615,POINT (1028931.8143046284 215115.26618027306),ROOSEVELT AVENUE BRIDGE,Flushing Line,Flushing Line,EB
32970,Queens,2021,3,16,22,45,31,177615,POINT (1028931.8143046284 215115.26618027306),ROOSEVELT AVENUE BRIDGE,Flushing Line,Flushing Line,EB
32970,Queens,2021,3,16,23,0,23,177615,POINT (1028931.8143046284 215115.26618027306),ROOSEVELT AVENUE BRIDGE,Flushing Line,Flushing Line,EB
32970,Queens,2021,3,16,23,15,25,177615,POINT (1028931.8143046284 215115.26618027306),ROOSEVELT AVENUE BRIDGE,Flushing Line,Flushing Line,EB
32970,Queens,2021,3,16,23,30,30,177615,POINT (1028931.8143046284 215115.26618027306),ROOSEVELT AVENUE BRIDGE,Flushing Line,Flushing Line,EB
32970,Queens,2021,3,16,23,45,13,177615,POINT (1028931.8143046284 215115.26618027306),ROOSEVELT AVENUE BRIDGE,Flushing Line,Flushing Line,EB
32970,Queens,2021,3,17,0,0,15,177615,POINT (1028931.8143046284 215115.26618027306),ROOSEVELT AVENUE BRIDGE,Flushing Line,Flushing Line,EB
32970,Queens,2021,3,17,0,15,15,177615,POINT (1028931.8143046284 215115.26618027306),ROOSEVELT AVENUE BRIDGE,Flushing Line,Flushing Line,EB
32970,Queens,2021,3,17,0,30,23,177615,POINT (1028931.8143046284 215115.26618027306),ROOSEVELT AVENUE BRIDGE,Flushing Line,Flushing Line,EB
32970,Queens,2021,3,17,0,45,26,177615,POINT (1028931.8143046284 215115.26618027306),ROOSEVELT AVENUE BRIDGE,Flushing Line,Flushing Line,EB
32970,Queens,2021,3,17,1,0,13,177615,POINT (1028931.8143046284 215115.26618027306),ROOSEVELT AVENUE BRIDGE,Flushing Line,Flushing Line,EB
32970,Queens,2021,3,17,1,15,7,177615,POINT (1028931.8143046284 215115.26618027306),ROOSEVELT AVENUE BRIDGE,Flushing Line,Flushing Line,EB
32970,Queens,2021,3,17,1,30,16,177615,POINT (1028931.8143046284 215115.26618027306),ROOSEVELT AVENUE BRIDGE,Flushing Line,Flushing Line,EB
32970,Queens,2021,3,17,1,45,7,177615,POINT (1028931.8143046284 215115.26618027306),ROOSEVELT AVENUE BRIDGE,Flushing Line,Flushing Line,EB
32970,Queens,2021,3,17,2,0,10,177615,POINT (1028931.8143046284 215115.26618027306),ROOSEVELT AVENUE BRIDGE,Flushing Line,Flushing Line,EB
32970,Queens,2021,3,17,2,15,11,177615,POINT (1028931.8143046284 215115.26618027306),ROOSEVELT AVENUE BRIDGE,Flushing Line,Flushing Line,EB
32970,Queens,2021,3,17,2,30,17,177615,POINT (1028931.8143046284 215115.26618027306),ROOSEVELT AVENUE BRIDGE,Flushing Line,Flushing Line,EB
32970,Queens,2021,3,17,2,45,17,177615,POINT (1028931.8143046284 215115.26618027306),ROOSEVELT AVENUE BRIDGE,Flushing Line,Flushing Line,EB
32970,Queens,2021,3,17,3,0,14,177615,POINT (1028931.8143046284 215115.26618027306),ROOSEVELT AVENUE BRIDGE,Flushing Line,Flushing Line,EB
32970,Queens,2021,3,17,3,15,22,177615,POINT (1028931.8143046284 215115.26618027306),ROOSEVELT AVENUE BRIDGE,Flushing Line,Flushing Line,EB
32970,Queens,2021,3,17,3,30,17,177615,POINT (1028931.8143046284 215115.26618027306),ROOSEVELT AVENUE BRIDGE,Flushing Line,Flushing Line,EB
32970,Queens,2021,3,17,3,45,25,177615,POINT (1028931.8143046284 215115.26618027306),ROOSEVELT AVENUE BRIDGE,Flushing Line,Flushing Line,EB
32970,Queens,2021,3,17,4,0,16,177615,POINT (1028931.8143046284 215115.26618027306),ROOSEVELT AVENUE BRIDGE,Flushing Line,Flushing Line,EB
32970,Queens,2021,3,17,4,15,31,177615,POINT (1028931.8143046284 215115.26618027306),ROOSEVELT AVENUE BRIDGE,Flushing Line,Flushing Line,EB
32970,Queens,2021,3,17,4,30,37,177615,POINT (1028931.8143046284 215115.26618027306),ROOSEVELT AVENUE BRIDGE,Flushing Line,Flushing Line,EB
32970,Queens,2021,3,17,4,45,40,177615,POINT (1028931.8143046284 215115.26618027306),ROOSEVELT AVENUE BRIDGE,Flushing Line,Flushing Line,EB
32970,Queens,2021,3,17,5,0,38,177615,POINT (1028931.8143046284 215115.26618027306),ROOSEVELT AVENUE BRIDGE,Flushing Line,Flushing Line,EB
32970,Queens,2021,3,17,5,15,36,177615,POINT (1028931.8143046284 215115.26618027306),ROOSEVELT AVENUE BRIDGE,Flushing Line,Flushing Line,EB
32970,Queens,2021,3,17,5,30,41,177615,POINT (1028931.8143046284 215115.26618027306),ROOSEVELT AVENUE BRIDGE,Flushing Line,Flushing Line,EB
32970,Queens,2021,3,17,5,45,65,177615,POINT (1028931.8143046284 215115.26618027306),ROOSEVELT AVENUE BRIDGE,Flushing Line,Flushing Line,EB
32970,Queens,2021,3,17,6,0,65,177615,POINT (1028931.8143046284 215115.26618027306),ROOSEVELT AVENUE BRIDGE,Flushing Line,Flushing Line,EB
32970,Queens,2021,3,17,6,15,85,177615,POINT (1028931.8143046284 215115.26618027306),ROOSEVELT AVENUE BRIDGE,Flushing Line,Flushing Line,EB
32970,Queens,2021,3,17,6,30,82,177615,POINT (1028931.8143046284 215115.26618027306),ROOSEVELT AVENUE BRIDGE,Flushing Line,Flushing Line,EB
32970,Queens,2021,3,17,6,45,78,177615,POINT (1028931.8143046284 215115.26618027306),ROOSEVELT AVENUE BRIDGE,Flushing Line,Flushing Line,EB
32970,Queens,2021,3,17,7,0,68,177615,POINT (1028931.8143046284 215115.26618027306),ROOSEVELT AVENUE BRIDGE,Flushing Line,Flushing Line,EB
32970,Queens,2021,3,17,7,15,75,177615,POINT (1028931.8143046284 215115.26618027306),ROOSEVELT AVENUE BRIDGE,Flushing Line,Flushing Line,EB
32970,Queens,2021,3,17,7,30,105,177615,POINT (1028931.8143046284 215115.26618027306),ROOSEVELT AVENUE BRIDGE,Flushing Line,Flushing Line,EB
32970,Queens,2021,3,17,7,45,118,177615,POINT (1028931.8143046284 215115.26618027306),ROOSEVELT AVENUE BRIDGE,Flushing Line,Flushing Line,EB
32970,Queens,2021,3,17,8,0,86,177615,POINT (1028931.8143046284 215115.26618027306),ROOSEVELT AVENUE BRIDGE,Flushing Line,Flushing Line,EB
32970,Queens,2021,3,17,8,15,107,177615,POINT (1028931.8143046284 215115.26618027306),ROOSEVELT AVENUE BRIDGE,Flushing Line,Flushing Line,EB
32970,Queens,2021,3,17,8,30,89,177615,POINT (1028931.8143046284 215115.26618027306),ROOSEVELT AVENUE BRIDGE,Flushing Line,Flushing Line,EB
32970,Queens,2021,3,17,8,45,132,177615,POINT (1028931.8143046284 215115.26618027306),ROOSEVELT AVENUE BRIDGE,Flushing Line,Flushing Line,EB
32970,Queens,2021,3,17,9,0,98,177615,POINT (1028931.8143046284 215115.26618027306),ROOSEVELT AVENUE BRIDGE,Flushing Line,Flushing Line,EB
32970,Queens,2021,3,17,9,15,125,177615,POINT (1028931.8143046284 215115.26618027306),ROOSEVELT AVENUE BRIDGE,Flushing Line,Flushing Line,EB
32970,Queens,2021,3,17,9,30,76,177615,POINT (1028931.8143046284 215115.26618027306),ROOSEVELT AVENUE BRIDGE,Flushing Line,Flushing Line,EB
32970,Queens,2021,3,17,9,45,98,177615,POINT (1028931.8143046284 215115.26618027306),ROOSEVELT AVENUE BRIDGE,Flushing Line,Flushing Line,EB
32970,Queens,2021,3,17,10,0,78,177615,POINT (1028931.8143046284 215115.26618027306),ROOSEVELT AVENUE BRIDGE,Flushing Line,Flushing Line,EB
32970,Queens,2021,3,17,10,15,122,177615,POINT (1028931.8143046284 215115.26618027306),ROOSEVELT AVENUE BRIDGE,Flushing Line,Flushing Line,EB
32970,Queens,2021,3,17,10,30,102,177615,POINT (1028931.8143046284 215115.26618027306),ROOSEVELT AVENUE BRIDGE,Flushing Line,Flushing Line,EB
32970,Queens,2021,3,17,10,45,108,177615,POINT (1028931.8143046284 215115.26618027306),ROOSEVELT AVENUE BRIDGE,Flushing Line,Flushing Line,EB
32970,Queens,2021,3,17,11,0,102,177615,POINT (1028931.8143046284 215115.26618027306),ROOSEVELT AVENUE BRIDGE,Flushing Line,Flushing Line,EB
32970,Queens,2021,3,17,11,15,124,177615,POINT (1028931.8143046284 215115.26618027306),ROOSEVELT AVENUE BRIDGE,Flushing Line,Flushing Line,EB
32970,Queens,2021,3,17,11,30,116,177615,POINT (1028931.8143046284 215115.26618027306),ROOSEVELT AVENUE BRIDGE,Flushing Line,Flushing Line,EB
32970,Queens,2021,3,17,11,45,110,177615,POINT (1028931.8143046284 215115.26618027306),ROOSEVELT AVENUE BRIDGE,Flushing Line,Flushing Line,EB
32970,Queens,2021,3,17,12,0,99,177615,POINT (1028931.8143046284 215115.26618027306),ROOSEVELT AVENUE BRIDGE,Flushing Line,Flushing Line,EB
32970,Queens,2021,3,17,12,15,116,177615,POINT (1028931.8143046284 215115.26618027306),ROOSEVELT AVENUE BRIDGE,Flushing Line,Flushing Line,EB
32970,Queens,2021,3,17,12,30,107,177615,POINT (1028931.8143046284 215115.26618027306),ROOSEVELT AVENUE BRIDGE,Flushing Line,Flushing Line,EB
32970,Queens,2021,3,17,12,45,134,177615,POINT (1028931.8143046284 215115.26618027306),ROOSEVELT AVENUE BRIDGE,Flushing Line,Flushing Line,EB
32970,Queens,2021,3,17,13,0,122,177615,POINT (1028931.8143046284 215115.26618027306),ROOSEVELT AVENUE BRIDGE,Flushing Line,Flushing Line,EB
32970,Queens,2021,3,17,13,15,146,177615,POINT (1028931.8143046284 215115.26618027306),ROOSEVELT AVENUE BRIDGE,Flushing Line,Flushing Line,EB
32970,Queens,2021,3,17,13,30,123,177615,POINT (1028931.8143046284 215115.26618027306),ROOSEVELT AVENUE BRIDGE,Flushing Line,Flushing Line,EB
32970,Queens,2021,3,17,13,45,132,177615,POINT (1028931.8143046284 215115.26618027306),ROOSEVELT AVENUE BRIDGE,Flushing Line,Flushing Line,EB
32970,Queens,2021,3,17,14,0,120,177615,POINT (1028931.8143046284 215115.26618027306),ROOSEVELT AVENUE BRIDGE,Flushing Line,Flushing Line,EB
32970,Queens,2021,3,17,14,15,124,177615,POINT (1028931.8143046284 215115.26618027306),ROOSEVELT AVENUE BRIDGE,Flushing Line,Flushing Line,EB
32970,Queens,2021,3,17,14,30,124,177615,POINT (1028931.8143046284 215115.26618027306),ROOSEVELT AVENUE BRIDGE,Flushing Line,Flushing Line,EB
32970,Queens,2021,3,17,14,45,120,177615,POINT (1028931.8143046284 215115.26618027306),ROOSEVELT AVENUE BRIDGE,Flushing Line,Flushing Line,EB
32970,Queens,2021,3,17,15,0,153,177615,POINT (1028931.8143046284 215115.26618027306),ROOSEVELT AVENUE BRIDGE,Flushing Line,Flushing Line,EB
32970,Queens,2021,3,17,15,15,136,177615,POINT (1028931.8143046284 215115.26618027306),ROOSEVELT AVENUE BRIDGE,Flushing Line,Flushing Line,EB
32970,Queens,2021,3,17,15,30,155,177615,POINT (1028931.8143046284 215115.26618027306),ROOSEVELT AVENUE BRIDGE,Flushing Line,Flushing Line,EB
32970,Queens,2021,3,17,15,45,136,177615,POINT (1028931.8143046284 215115.26618027306),ROOSEVELT AVENUE BRIDGE,Flushing Line,Flushing Line,EB
32970,Queens,2021,3,17,16,0,154,177615,POINT (1028931.8143046284 215115.26618027306),ROOSEVELT AVENUE BRIDGE,Flushing Line,Flushing Line,EB
32970,Queens,2021,3,17,16,15,146,177615,POINT (1028931.8143046284 215115.26618027306),ROOSEVELT AVENUE BRIDGE,Flushing Line,Flushing Line,EB
32970,Queens,2021,3,17,16,30,145,177615,POINT (1028931.8143046284 215115.26618027306),ROOSEVELT AVENUE BRIDGE,Flushing Line,Flushing Line,EB
32970,Queens,2021,3,17,16,45,148,177615,POINT (1028931.8143046284 215115.26618027306),ROOSEVELT AVENUE BRIDGE,Flushing Line,Flushing Line,EB
32970,Queens,2021,3,17,17,0,153,177615,POINT (1028931.8143046284 215115.26618027306),ROOSEVELT AVENUE BRIDGE,Flushing Line,Flushing Line,EB
32970,Queens,2021,3,17,17,15,148,177615,POINT (1028931.8143046284 215115.26618027306),ROOSEVELT AVENUE BRIDGE,Flushing Line,Flushing Line,EB
32970,Queens,2021,3,17,17,30,145,177615,POINT (1028931.8143046284 215115.26618027306),ROOSEVELT AVENUE BRIDGE,Flushing Line,Flushing Line,EB
32970,Queens,2021,3,17,17,45,109,177615,POINT (1028931.8143046284 215115.26618027306),ROOSEVELT AVENUE BRIDGE,Flushing Line,Flushing Line,EB
32970,Queens,2021,3,17,18,0,121,177615,POINT (1028931.8143046284 215115.26618027306),ROOSEVELT AVENUE BRIDGE,Flushing Line,Flushing Line,EB
32970,Queens,2021,3,17,18,15,88,177615,POINT (1028931.8143046284 215115.26618027306),ROOSEVELT AVENUE BRIDGE,Flushing Line,Flushing Line,EB
32970,Queens,2021,3,17,18,30,88,177615,POINT (1028931.8143046284 215115.26618027306),ROOSEVELT AVENUE BRIDGE,Flushing Line,Flushing Line,EB
32970,Queens,2021,3,17,18,45,85,177615,POINT (1028931.8143046284 215115.26618027306),ROOSEVELT AVENUE BRIDGE,Flushing Line,Flushing Line,EB
32970,Queens,2021,3,17,19,0,85,177615,POINT (1028931.8143046284 215115.26618027306),ROOSEVELT AVENUE BRIDGE,Flushing Line,Flushing Line,EB
32970,Queens,2021,3,17,19,15,79,177615,POINT (1028931.8143046284 215115.26618027306),ROOSEVELT AVENUE BRIDGE,Flushing Line,Flushing Line,EB
32970,Queens,2021,3,17,19,30,79,177615,POINT (1028931.8143046284 215115.26618027306),ROOSEVELT AVENUE BRIDGE,Flushing Line,Flushing Line,EB
32970,Queens,2021,3,17,19,45,69,177615,POINT (1028931.8143046284 215115.26618027306),ROOSEVELT AVENUE BRIDGE,Flushing Line,Flushing Line,EB
32970,Queens,2021,3,17,20,0,71,177615,POINT (1028931.8143046284 215115.26618027306),ROOSEVELT AVENUE BRIDGE,Flushing Line,Flushing Line,EB
32970,Queens,2021,3,17,20,15,78,177615,POINT (1028931.8143046284 215115.26618027306),ROOSEVELT AVENUE BRIDGE,Flushing Line,Flushing Line,EB
32970,Queens,2021,3,17,20,30,60,177615,POINT (1028931.8143046284 215115.26618027306),ROOSEVELT AVENUE BRIDGE,Flushing Line,Flushing Line,EB
32970,Queens,2021,3,17,20,45,64,177615,POINT (1028931.8143046284 215115.26618027306),ROOSEVELT AVENUE BRIDGE,Flushing Line,Flushing Line,EB
32970,Queens,2021,3,17,21,0,56,177615,POINT (1028931.8143046284 215115.26618027306),ROOSEVELT AVENUE BRIDGE,Flushing Line,Flushing Line,EB
32970,Queens,2021,3,17,21,15,46,177615,POINT (1028931.8143046284 215115.26618027306),ROOSEVELT AVENUE BRIDGE,Flushing Line,Flushing Line,EB
32970,Queens,2021,3,17,21,30,36,177615,POINT (1028931.8143046284 215115.26618027306),ROOSEVELT AVENUE BRIDGE,Flushing Line,Flushing Line,EB
32970,Queens,2021,3,17,21,45,39,177615,POINT (1028931.8143046284 215115.26618027306),ROOSEVELT AVENUE BRIDGE,Flushing Line,Flushing Line,EB
32970,Queens,2021,3,17,22,0,43,177615,POINT (1028931.8143046284 215115.26618027306),ROOSEVELT AVENUE BRIDGE,Flushing Line,Flushing Line,EB
32970,Queens,2021,3,17,22,15,36,177615,POINT (1028931.8143046284 215115.26618027306),ROOSEVELT AVENUE BRIDGE,Flushing Line,Flushing Line,EB
32970,Queens,2021,3,17,22,30,29,177615,POINT (1028931.8143046284 215115.26618027306),ROOSEVELT AVENUE BRIDGE,Flushing Line,Flushing Line,EB
32970,Queens,2021,3,17,22,45,32,177615,POINT (1028931.8143046284 215115.26618027306),ROOSEVELT AVENUE BRIDGE,Flushing Line,Flushing Line,EB
32970,Queens,2021,3,17,23,0,25,177615,POINT (1028931.8143046284 215115.26618027306),ROOSEVELT AVENUE BRIDGE,Flushing Line,Flushing Line,EB
32970,Queens,2021,3,17,23,15,25,177615,POINT (1028931.8143046284 215115.26618027306),ROOSEVELT AVENUE BRIDGE,Flushing Line,Flushing Line,EB
32970,Queens,2021,3,17,23,30,17,177615,POINT (1028931.8143046284 215115.26618027306),ROOSEVELT AVENUE BRIDGE,Flushing Line,Flushing Line,EB
32970,Queens,2021,3,17,23,45,14,177615,POINT (1028931.8143046284 215115.26618027306),ROOSEVELT AVENUE BRIDGE,Flushing Line,Flushing Line,EB
32970,Queens,2021,3,18,0,0,17,177615,POINT (1028931.8143046284 215115.26618027306),ROOSEVELT AVENUE BRIDGE,Flushing Line,Flushing Line,EB
32970,Queens,2021,3,18,0,15,12,177615,POINT (1028931.8143046284 215115.26618027306),ROOSEVELT AVENUE BRIDGE,Flushing Line,Flushing Line,EB
32970,Queens,2021,3,18,0,30,14,177615,POINT (1028931.8143046284 215115.26618027306),ROOSEVELT AVENUE BRIDGE,Flushing Line,Flushing Line,EB
32970,Queens,2021,3,18,0,45,18,177615,POINT (1028931.8143046284 215115.26618027306),ROOSEVELT AVENUE BRIDGE,Flushing Line,Flushing Line,EB
32970,Queens,2021,3,18,1,0,17,177615,POINT (1028931.8143046284 215115.26618027306),ROOSEVELT AVENUE BRIDGE,Flushing Line,Flushing Line,EB
32970,Queens,2021,3,18,1,15,12,177615,POINT (1028931.8143046284 215115.26618027306),ROOSEVELT AVENUE BRIDGE,Flushing Line,Flushing Line,EB
32970,Queens,2021,3,18,1,30,16,177615,POINT (1028931.8143046284 215115.26618027306),ROOSEVELT AVENUE BRIDGE,Flushing Line,Flushing Line,EB
32970,Queens,2021,3,18,1,45,10,177615,POINT (1028931.8143046284 215115.26618027306),ROOSEVELT AVENUE BRIDGE,Flushing Line,Flushing Line,EB
32970,Queens,2021,3,18,2,0,10,177615,POINT (1028931.8143046284 215115.26618027306),ROOSEVELT AVENUE BRIDGE,Flushing Line,Flushing Line,EB
32970,Queens,2021,3,18,2,15,4,177615,POINT (1028931.8143046284 215115.26618027306),ROOSEVELT AVENUE BRIDGE,Flushing Line,Flushing Line,EB
32970,Queens,2021,3,18,2,30,16,177615,POINT (1028931.8143046284 215115.26618027306),ROOSEVELT AVENUE BRIDGE,Flushing Line,Flushing Line,EB
32970,Queens,2021,3,18,2,45,19,177615,POINT (1028931.8143046284 215115.26618027306),ROOSEVELT AVENUE BRIDGE,Flushing Line,Flushing Line,EB
32970,Queens,2021,3,18,3,0,13,177615,POINT (1028931.8143046284 215115.26618027306),ROOSEVELT AVENUE BRIDGE,Flushing Line,Flushing Line,EB
32970,Queens,2021,3,18,3,15,18,177615,POINT (1028931.8143046284 215115.26618027306),ROOSEVELT AVENUE BRIDGE,Flushing Line,Flushing Line,EB
32970,Queens,2021,3,18,3,30,29,177615,POINT (1028931.8143046284 215115.26618027306),ROOSEVELT AVENUE BRIDGE,Flushing Line,Flushing Line,EB
32970,Queens,2021,3,18,3,45,14,177615,POINT (1028931.8143046284 215115.26618027306),ROOSEVELT AVENUE BRIDGE,Flushing Line,Flushing Line,EB
32970,Queens,2021,3,18,4,0,16,177615,POINT (1028931.8143046284 215115.26618027306),ROOSEVELT AVENUE BRIDGE,Flushing Line,Flushing Line,EB
32970,Queens,2021,3,18,4,15,37,177615,POINT (1028931.8143046284 215115.26618027306),ROOSEVELT AVENUE BRIDGE,Flushing Line,Flushing Line,EB
32970,Queens,2021,3,18,4,30,31,177615,POINT (1028931.8143046284 215115.26618027306),ROOSEVELT AVENUE BRIDGE,Flushing Line,Flushing Line,EB
32970,Queens,2021,3,18,4,45,48,177615,POINT (1028931.8143046284 215115.26618027306),ROOSEVELT AVENUE BRIDGE,Flushing Line,Flushing Line,EB
32970,Queens,2021,3,18,5,0,35,177615,POINT (1028931.8143046284 215115.26618027306),ROOSEVELT AVENUE BRIDGE,Flushing Line,Flushing Line,EB
32970,Queens,2021,3,18,5,15,38,177615,POINT (1028931.8143046284 215115.26618027306),ROOSEVELT AVENUE BRIDGE,Flushing Line,Flushing Line,EB
32970,Queens,2021,3,18,5,30,51,177615,POINT (1028931.8143046284 215115.26618027306),ROOSEVELT AVENUE BRIDGE,Flushing Line,Flushing Line,EB
32970,Queens,2021,3,18,5,45,70,177615,POINT (1028931.8143046284 215115.26618027306),ROOSEVELT AVENUE BRIDGE,Flushing Line,Flushing Line,EB
32970,Queens,2021,3,18,6,0,59,177615,POINT (1028931.8143046284 215115.26618027306),ROOSEVELT AVENUE BRIDGE,Flushing Line,Flushing Line,EB
32970,Queens,2021,3,18,6,15,72,177615,POINT (1028931.8143046284 215115.26618027306),ROOSEVELT AVENUE BRIDGE,Flushing Line,Flushing Line,EB
32970,Queens,2021,3,18,6,30,75,177615,POINT (1028931.8143046284 215115.26618027306),ROOSEVELT AVENUE BRIDGE,Flushing Line,Flushing Line,EB
32970,Queens,2021,3,18,6,45,70,177615,POINT (1028931.8143046284 215115.26618027306),ROOSEVELT AVENUE BRIDGE,Flushing Line,Flushing Line,EB
32970,Queens,2021,3,18,7,0,71,177615,POINT (1028931.8143046284 215115.26618027306),ROOSEVELT AVENUE BRIDGE,Flushing Line,Flushing Line,EB
32970,Queens,2021,3,18,7,15,89,177615,POINT (1028931.8143046284 215115.26618027306),ROOSEVELT AVENUE BRIDGE,Flushing Line,Flushing Line,EB
32970,Queens,2021,3,18,7,30,96,177615,POINT (1028931.8143046284 215115.26618027306),ROOSEVELT AVENUE BRIDGE,Flushing Line,Flushing Line,EB
32970,Queens,2021,3,18,7,45,108,177615,POINT (1028931.8143046284 215115.26618027306),ROOSEVELT AVENUE BRIDGE,Flushing Line,Flushing Line,EB
32970,Queens,2021,3,18,8,0,120,177615,POINT (1028931.8143046284 215115.26618027306),ROOSEVELT AVENUE BRIDGE,Flushing Line,Flushing Line,EB
32970,Queens,2021,3,18,8,15,85,177615,POINT (1028931.8143046284 215115.26618027306),ROOSEVELT AVENUE BRIDGE,Flushing Line,Flushing Line,EB
32970,Queens,2021,3,18,8,30,119,177615,POINT (1028931.8143046284 215115.26618027306),ROOSEVELT AVENUE BRIDGE,Flushing Line,Flushing Line,EB
32970,Queens,2021,3,18,8,45,109,177615,POINT (1028931.8143046284 215115.26618027306),ROOSEVELT AVENUE BRIDGE,Flushing Line,Flushing Line,EB
32970,Queens,2021,3,18,9,0,99,177615,POINT (1028931.8143046284 215115.26618027306),ROOSEVELT AVENUE BRIDGE,Flushing Line,Flushing Line,EB
32970,Queens,2021,3,18,9,15,110,177615,POINT (1028931.8143046284 215115.26618027306),ROOSEVELT AVENUE BRIDGE,Flushing Line,Flushing Line,EB
32970,Queens,2021,3,18,9,30,119,177615,POINT (1028931.8143046284 215115.26618027306),ROOSEVELT AVENUE BRIDGE,Flushing Line,Flushing Line,EB
32970,Queens,2021,3,18,9,45,113,177615,POINT (1028931.8143046284 215115.26618027306),ROOSEVELT AVENUE BRIDGE,Flushing Line,Flushing Line,EB
32970,Queens,2021,3,18,10,0,118,177615,POINT (1028931.8143046284 215115.26618027306),ROOSEVELT AVENUE BRIDGE,Flushing Line,Flushing Line,EB
32970,Queens,2021,3,18,10,15,96,177615,POINT (1028931.8143046284 215115.26618027306),ROOSEVELT AVENUE BRIDGE,Flushing Line,Flushing Line,EB
32970,Queens,2021,3,18,10,30,103,177615,POINT (1028931.8143046284 215115.26618027306),ROOSEVELT AVENUE BRIDGE,Flushing Line,Flushing Line,EB
32970,Queens,2021,3,18,10,45,119,177615,POINT (1028931.8143046284 215115.26618027306),ROOSEVELT AVENUE BRIDGE,Flushing Line,Flushing Line,EB
32970,Queens,2021,3,18,11,0,85,177615,POINT (1028931.8143046284 215115.26618027306),ROOSEVELT AVENUE BRIDGE,Flushing Line,Flushing Line,EB
32970,Queens,2021,3,18,11,15,86,177615,POINT (1028931.8143046284 215115.26618027306),ROOSEVELT AVENUE BRIDGE,Flushing Line,Flushing Line,EB
32970,Queens,2021,3,18,11,30,108,177615,POINT (1028931.8143046284 215115.26618027306),ROOSEVELT AVENUE BRIDGE,Flushing Line,Flushing Line,EB
32970,Queens,2021,3,18,11,45,112,177615,POINT (1028931.8143046284 215115.26618027306),ROOSEVELT AVENUE BRIDGE,Flushing Line,Flushing Line,EB
32970,Queens,2021,3,18,12,0,109,177615,POINT (1028931.8143046284 215115.26618027306),ROOSEVELT AVENUE BRIDGE,Flushing Line,Flushing Line,EB
32970,Queens,2021,3,18,12,15,118,177615,POINT (1028931.8143046284 215115.26618027306),ROOSEVELT AVENUE BRIDGE,Flushing Line,Flushing Line,EB
32970,Queens,2021,3,18,12,30,106,177615,POINT (1028931.8143046284 215115.26618027306),ROOSEVELT AVENUE BRIDGE,Flushing Line,Flushing Line,EB
32970,Queens,2021,3,18,12,45,108,177615,POINT (1028931.8143046284 215115.26618027306),ROOSEVELT AVENUE BRIDGE,Flushing Line,Flushing Line,EB
32970,Queens,2021,3,18,13,0,109,177615,POINT (1028931.8143046284 215115.26618027306),ROOSEVELT AVENUE BRIDGE,Flushing Line,Flushing Line,EB
32970,Queens,2021,3,18,13,15,119,177615,POINT (1028931.8143046284 215115.26618027306),ROOSEVELT AVENUE BRIDGE,Flushing Line,Flushing Line,EB
32970,Queens,2021,3,18,13,30,146,177615,POINT (1028931.8143046284 215115.26618027306),ROOSEVELT AVENUE BRIDGE,Flushing Line,Flushing Line,EB
32970,Queens,2021,3,18,13,45,129,177615,POINT (1028931.8143046284 215115.26618027306),ROOSEVELT AVENUE BRIDGE,Flushing Line,Flushing Line,EB
32970,Queens,2021,3,18,14,0,130,177615,POINT (1028931.8143046284 215115.26618027306),ROOSEVELT AVENUE BRIDGE,Flushing Line,Flushing Line,EB
32970,Queens,2021,3,18,14,15,133,177615,POINT (1028931.8143046284 215115.26618027306),ROOSEVELT AVENUE BRIDGE,Flushing Line,Flushing Line,EB
32970,Queens,2021,3,18,14,30,120,177615,POINT (1028931.8143046284 215115.26618027306),ROOSEVELT AVENUE BRIDGE,Flushing Line,Flushing Line,EB
32970,Queens,2021,3,18,14,45,130,177615,POINT (1028931.8143046284 215115.26618027306),ROOSEVELT AVENUE BRIDGE,Flushing Line,Flushing Line,EB
32970,Queens,2021,3,18,15,0,153,177615,POINT (1028931.8143046284 215115.26618027306),ROOSEVELT AVENUE BRIDGE,Flushing Line,Flushing Line,EB
32970,Queens,2021,3,18,15,15,141,177615,POINT (1028931.8143046284 215115.26618027306),ROOSEVELT AVENUE BRIDGE,Flushing Line,Flushing Line,EB
32970,Queens,2021,3,18,15,30,169,177615,POINT (1028931.8143046284 215115.26618027306),ROOSEVELT AVENUE BRIDGE,Flushing Line,Flushing Line,EB
32970,Queens,2021,3,18,15,45,145,177615,POINT (1028931.8143046284 215115.26618027306),ROOSEVELT AVENUE BRIDGE,Flushing Line,Flushing Line,EB
32970,Queens,2021,3,18,16,0,141,177615,POINT (1028931.8143046284 215115.26618027306),ROOSEVELT AVENUE BRIDGE,Flushing Line,Flushing Line,EB
32970,Queens,2021,3,18,16,15,140,177615,POINT (1028931.8143046284 215115.26618027306),ROOSEVELT AVENUE BRIDGE,Flushing Line,Flushing Line,EB
32970,Queens,2021,3,18,16,30,137,177615,POINT (1028931.8143046284 215115.26618027306),ROOSEVELT AVENUE BRIDGE,Flushing Line,Flushing Line,EB
32970,Queens,2021,3,18,16,45,151,177615,POINT (1028931.8143046284 215115.26618027306),ROOSEVELT AVENUE BRIDGE,Flushing Line,Flushing Line,EB
32970,Queens,2021,3,18,17,0,148,177615,POINT (1028931.8143046284 215115.26618027306),ROOSEVELT AVENUE BRIDGE,Flushing Line,Flushing Line,EB
32970,Queens,2021,3,18,17,15,160,177615,POINT (1028931.8143046284 215115.26618027306),ROOSEVELT AVENUE BRIDGE,Flushing Line,Flushing Line,EB
32970,Queens,2021,3,18,17,30,115,177615,POINT (1028931.8143046284 215115.26618027306),ROOSEVELT AVENUE BRIDGE,Flushing Line,Flushing Line,EB
32970,Queens,2021,3,18,17,45,140,177615,POINT (1028931.8143046284 215115.26618027306),ROOSEVELT AVENUE BRIDGE,Flushing Line,Flushing Line,EB
32970,Queens,2021,3,18,18,0,92,177615,POINT (1028931.8143046284 215115.26618027306),ROOSEVELT AVENUE BRIDGE,Flushing Line,Flushing Line,EB
32970,Queens,2021,3,18,18,15,77,177615,POINT (1028931.8143046284 215115.26618027306),ROOSEVELT AVENUE BRIDGE,Flushing Line,Flushing Line,EB
32970,Queens,2021,3,18,18,30,80,177615,POINT (1028931.8143046284 215115.26618027306),ROOSEVELT AVENUE BRIDGE,Flushing Line,Flushing Line,EB
32970,Queens,2021,3,18,18,45,83,177615,POINT (1028931.8143046284 215115.26618027306),ROOSEVELT AVENUE BRIDGE,Flushing Line,Flushing Line,EB
32970,Queens,2021,3,18,19,0,77,177615,POINT (1028931.8143046284 215115.26618027306),ROOSEVELT AVENUE BRIDGE,Flushing Line,Flushing Line,EB
32970,Queens,2021,3,18,19,15,83,177615,POINT (1028931.8143046284 215115.26618027306),ROOSEVELT AVENUE BRIDGE,Flushing Line,Flushing Line,EB
32970,Queens,2021,3,18,19,30,68,177615,POINT (1028931.8143046284 215115.26618027306),ROOSEVELT AVENUE BRIDGE,Flushing Line,Flushing Line,EB
32970,Queens,2021,3,18,19,45,76,177615,POINT (1028931.8143046284 215115.26618027306),ROOSEVELT AVENUE BRIDGE,Flushing Line,Flushing Line,EB
32970,Queens,2021,3,18,20,0,48,177615,POINT (1028931.8143046284 215115.26618027306),ROOSEVELT AVENUE BRIDGE,Flushing Line,Flushing Line,EB
32970,Queens,2021,3,18,20,15,58,177615,POINT (1028931.8143046284 215115.26618027306),ROOSEVELT AVENUE BRIDGE,Flushing Line,Flushing Line,EB
32970,Queens,2021,3,18,20,30,43,177615,POINT (1028931.8143046284 215115.26618027306),ROOSEVELT AVENUE BRIDGE,Flushing Line,Flushing Line,EB
32970,Queens,2021,3,18,20,45,42,177615,POINT (1028931.8143046284 215115.26618027306),ROOSEVELT AVENUE BRIDGE,Flushing Line,Flushing Line,EB
32970,Queens,2021,3,18,21,0,49,177615,POINT (1028931.8143046284 215115.26618027306),ROOSEVELT AVENUE BRIDGE,Flushing Line,Flushing Line,EB
32970,Queens,2021,3,18,21,15,37,177615,POINT (1028931.8143046284 215115.26618027306),ROOSEVELT AVENUE BRIDGE,Flushing Line,Flushing Line,EB
32970,Queens,2021,3,18,21,30,41,177615,POINT (1028931.8143046284 215115.26618027306),ROOSEVELT AVENUE BRIDGE,Flushing Line,Flushing Line,EB
32970,Queens,2021,3,18,21,45,38,177615,POINT (1028931.8143046284 215115.26618027306),ROOSEVELT AVENUE BRIDGE,Flushing Line,Flushing Line,EB
32970,Queens,2021,3,18,22,0,26,177615,POINT (1028931.8143046284 215115.26618027306),ROOSEVELT AVENUE BRIDGE,Flushing Line,Flushing Line,EB
32970,Queens,2021,3,18,22,15,29,177615,POINT (1028931.8143046284 215115.26618027306),ROOSEVELT AVENUE BRIDGE,Flushing Line,Flushing Line,EB
32970,Queens,2021,3,18,22,30,38,177615,POINT (1028931.8143046284 215115.26618027306),ROOSEVELT AVENUE BRIDGE,Flushing Line,Flushing Line,EB
32970,Queens,2021,3,18,22,45,34,177615,POINT (1028931.8143046284 215115.26618027306),ROOSEVELT AVENUE BRIDGE,Flushing Line,Flushing Line,EB
32970,Queens,2021,3,18,23,0,24,177615,POINT (1028931.8143046284 215115.26618027306),ROOSEVELT AVENUE BRIDGE,Flushing Line,Flushing Line,EB
32970,Queens,2021,3,18,23,15,12,177615,POINT (1028931.8143046284 215115.26618027306),ROOSEVELT AVENUE BRIDGE,Flushing Line,Flushing Line,EB
32970,Queens,2021,3,18,23,30,27,177615,POINT (1028931.8143046284 215115.26618027306),ROOSEVELT AVENUE BRIDGE,Flushing Line,Flushing Line,EB
32970,Queens,2021,3,18,23,45,22,177615,POINT (1028931.8143046284 215115.26618027306),ROOSEVELT AVENUE BRIDGE,Flushing Line,Flushing Line,EB
32970,Queens,2021,3,19,0,0,21,177615,POINT (1028931.8143046284 215115.26618027306),ROOSEVELT AVENUE BRIDGE,Flushing Line,Flushing Line,EB
32970,Queens,2021,3,19,0,15,16,177615,POINT (1028931.8143046284 215115.26618027306),ROOSEVELT AVENUE BRIDGE,Flushing Line,Flushing Line,EB
32970,Queens,2021,3,19,0,30,15,177615,POINT (1028931.8143046284 215115.26618027306),ROOSEVELT AVENUE BRIDGE,Flushing Line,Flushing Line,EB
32970,Queens,2021,3,19,0,45,16,177615,POINT (1028931.8143046284 215115.26618027306),ROOSEVELT AVENUE BRIDGE,Flushing Line,Flushing Line,EB
32970,Queens,2021,3,19,1,0,17,177615,POINT (1028931.8143046284 215115.26618027306),ROOSEVELT AVENUE BRIDGE,Flushing Line,Flushing Line,EB
32970,Queens,2021,3,19,1,15,10,177615,POINT (1028931.8143046284 215115.26618027306),ROOSEVELT AVENUE BRIDGE,Flushing Line,Flushing Line,EB
32970,Queens,2021,3,19,1,30,10,177615,POINT (1028931.8143046284 215115.26618027306),ROOSEVELT AVENUE BRIDGE,Flushing Line,Flushing Line,EB
32970,Queens,2021,3,19,1,45,11,177615,POINT (1028931.8143046284 215115.26618027306),ROOSEVELT AVENUE BRIDGE,Flushing Line,Flushing Line,EB
32970,Queens,2021,3,19,2,0,8,177615,POINT (1028931.8143046284 215115.26618027306),ROOSEVELT AVENUE BRIDGE,Flushing Line,Flushing Line,EB
32970,Queens,2021,3,19,2,15,10,177615,POINT (1028931.8143046284 215115.26618027306),ROOSEVELT AVENUE BRIDGE,Flushing Line,Flushing Line,EB
32970,Queens,2021,3,19,2,30,14,177615,POINT (1028931.8143046284 215115.26618027306),ROOSEVELT AVENUE BRIDGE,Flushing Line,Flushing Line,EB
32970,Queens,2021,3,19,2,45,16,177615,POINT (1028931.8143046284 215115.26618027306),ROOSEVELT AVENUE BRIDGE,Flushing Line,Flushing Line,EB
32970,Queens,2021,3,19,3,0,22,177615,POINT (1028931.8143046284 215115.26618027306),ROOSEVELT AVENUE BRIDGE,Flushing Line,Flushing Line,EB
32970,Queens,2021,3,19,3,15,19,177615,POINT (1028931.8143046284 215115.26618027306),ROOSEVELT AVENUE BRIDGE,Flushing Line,Flushing Line,EB
32970,Queens,2021,3,19,3,30,16,177615,POINT (1028931.8143046284 215115.26618027306),ROOSEVELT AVENUE BRIDGE,Flushing Line,Flushing Line,EB
32970,Queens,2021,3,19,3,45,13,177615,POINT (1028931.8143046284 215115.26618027306),ROOSEVELT AVENUE BRIDGE,Flushing Line,Flushing Line,EB
32970,Queens,2021,3,19,4,0,15,177615,POINT (1028931.8143046284 215115.26618027306),ROOSEVELT AVENUE BRIDGE,Flushing Line,Flushing Line,EB
32970,Queens,2021,3,19,4,15,26,177615,POINT (1028931.8143046284 215115.26618027306),ROOSEVELT AVENUE BRIDGE,Flushing Line,Flushing Line,EB
32970,Queens,2021,3,19,4,30,32,177615,POINT (1028931.8143046284 215115.26618027306),ROOSEVELT AVENUE BRIDGE,Flushing Line,Flushing Line,EB
32970,Queens,2021,3,19,4,45,54,177615,POINT (1028931.8143046284 215115.26618027306),ROOSEVELT AVENUE BRIDGE,Flushing Line,Flushing Line,EB
32970,Queens,2021,3,19,5,0,35,177615,POINT (1028931.8143046284 215115.26618027306),ROOSEVELT AVENUE BRIDGE,Flushing Line,Flushing Line,EB
32970,Queens,2021,3,19,5,15,42,177615,POINT (1028931.8143046284 215115.26618027306),ROOSEVELT AVENUE BRIDGE,Flushing Line,Flushing Line,EB
32970,Queens,2021,3,19,5,30,38,177615,POINT (1028931.8143046284 215115.26618027306),ROOSEVELT AVENUE BRIDGE,Flushing Line,Flushing Line,EB
32970,Queens,2021,3,19,5,45,77,177615,POINT (1028931.8143046284 215115.26618027306),ROOSEVELT AVENUE BRIDGE,Flushing Line,Flushing Line,EB
32970,Queens,2021,3,19,6,0,58,177615,POINT (1028931.8143046284 215115.26618027306),ROOSEVELT AVENUE BRIDGE,Flushing Line,Flushing Line,EB
32970,Queens,2021,3,19,6,15,72,177615,POINT (1028931.8143046284 215115.26618027306),ROOSEVELT AVENUE BRIDGE,Flushing Line,Flushing Line,EB
32970,Queens,2021,3,19,6,30,74,177615,POINT (1028931.8143046284 215115.26618027306),ROOSEVELT AVENUE BRIDGE,Flushing Line,Flushing Line,EB
32970,Queens,2021,3,19,6,45,73,177615,POINT (1028931.8143046284 215115.26618027306),ROOSEVELT AVENUE BRIDGE,Flushing Line,Flushing Line,EB
32970,Queens,2021,3,19,7,0,75,177615,POINT (1028931.8143046284 215115.26618027306),ROOSEVELT AVENUE BRIDGE,Flushing Line,Flushing Line,EB
32970,Queens,2021,3,19,7,15,79,177615,POINT (1028931.8143046284 215115.26618027306),ROOSEVELT AVENUE BRIDGE,Flushing Line,Flushing Line,EB
32970,Queens,2021,3,19,7,30,90,177615,POINT (1028931.8143046284 215115.26618027306),ROOSEVELT AVENUE BRIDGE,Flushing Line,Flushing Line,EB
32970,Queens,2021,3,19,7,45,115,177615,POINT (1028931.8143046284 215115.26618027306),ROOSEVELT AVENUE BRIDGE,Flushing Line,Flushing Line,EB
32970,Queens,2021,3,19,8,0,107,177615,POINT (1028931.8143046284 215115.26618027306),ROOSEVELT AVENUE BRIDGE,Flushing Line,Flushing Line,EB
32970,Queens,2021,3,19,8,15,118,177615,POINT (1028931.8143046284 215115.26618027306),ROOSEVELT AVENUE BRIDGE,Flushing Line,Flushing Line,EB
32970,Queens,2021,3,19,8,30,108,177615,POINT (1028931.8143046284 215115.26618027306),ROOSEVELT AVENUE BRIDGE,Flushing Line,Flushing Line,EB
32970,Queens,2021,3,19,8,45,107,177615,POINT (1028931.8143046284 215115.26618027306),ROOSEVELT AVENUE BRIDGE,Flushing Line,Flushing Line,EB
32970,Queens,2021,3,19,9,0,125,177615,POINT (1028931.8143046284 215115.26618027306),ROOSEVELT AVENUE BRIDGE,Flushing Line,Flushing Line,EB
32970,Queens,2021,3,19,9,15,122,177615,POINT (1028931.8143046284 215115.26618027306),ROOSEVELT AVENUE BRIDGE,Flushing Line,Flushing Line,EB
32970,Queens,2021,3,19,9,30,115,177615,POINT (1028931.8143046284 215115.26618027306),ROOSEVELT AVENUE BRIDGE,Flushing Line,Flushing Line,EB
32970,Queens,2021,3,19,9,45,96,177615,POINT (1028931.8143046284 215115.26618027306),ROOSEVELT AVENUE BRIDGE,Flushing Line,Flushing Line,EB
32970,Queens,2021,3,19,10,0,102,177615,POINT (1028931.8143046284 215115.26618027306),ROOSEVELT AVENUE BRIDGE,Flushing Line,Flushing Line,EB
32970,Queens,2021,3,19,10,15,113,177615,POINT (1028931.8143046284 215115.26618027306),ROOSEVELT AVENUE BRIDGE,Flushing Line,Flushing Line,EB
32970,Queens,2021,3,19,10,30,111,177615,POINT (1028931.8143046284 215115.26618027306),ROOSEVELT AVENUE BRIDGE,Flushing Line,Flushing Line,EB
32970,Queens,2021,3,19,10,45,111,177615,POINT (1028931.8143046284 215115.26618027306),ROOSEVELT AVENUE BRIDGE,Flushing Line,Flushing Line,EB
32970,Queens,2021,3,19,11,0,101,177615,POINT (1028931.8143046284 215115.26618027306),ROOSEVELT AVENUE BRIDGE,Flushing Line,Flushing Line,EB
32970,Queens,2021,3,19,11,15,85,177615,POINT (1028931.8143046284 215115.26618027306),ROOSEVELT AVENUE BRIDGE,Flushing Line,Flushing Line,EB
32970,Queens,2021,3,19,11,30,105,177615,POINT (1028931.8143046284 215115.26618027306),ROOSEVELT AVENUE BRIDGE,Flushing Line,Flushing Line,EB
32970,Queens,2021,3,19,11,45,97,177615,POINT (1028931.8143046284 215115.26618027306),ROOSEVELT AVENUE BRIDGE,Flushing Line,Flushing Line,EB
32970,Queens,2021,3,19,12,0,103,177615,POINT (1028931.8143046284 215115.26618027306),ROOSEVELT AVENUE BRIDGE,Flushing Line,Flushing Line,EB
32970,Queens,2021,3,19,12,15,102,177615,POINT (1028931.8143046284 215115.26618027306),ROOSEVELT AVENUE BRIDGE,Flushing Line,Flushing Line,EB
32970,Queens,2021,3,19,12,30,90,177615,POINT (1028931.8143046284 215115.26618027306),ROOSEVELT AVENUE BRIDGE,Flushing Line,Flushing Line,EB
32970,Queens,2021,3,19,12,45,110,177615,POINT (1028931.8143046284 215115.26618027306),ROOSEVELT AVENUE BRIDGE,Flushing Line,Flushing Line,EB
32970,Queens,2021,3,19,13,0,122,177615,POINT (1028931.8143046284 215115.26618027306),ROOSEVELT AVENUE BRIDGE,Flushing Line,Flushing Line,EB
32970,Queens,2021,3,19,13,15,131,177615,POINT (1028931.8143046284 215115.26618027306),ROOSEVELT AVENUE BRIDGE,Flushing Line,Flushing Line,EB
32970,Queens,2021,3,19,13,30,136,177615,POINT (1028931.8143046284 215115.26618027306),ROOSEVELT AVENUE BRIDGE,Flushing Line,Flushing Line,EB
32970,Queens,2021,3,19,13,45,142,177615,POINT (1028931.8143046284 215115.26618027306),ROOSEVELT AVENUE BRIDGE,Flushing Line,Flushing Line,EB
32970,Queens,2021,3,19,14,0,149,177615,POINT (1028931.8143046284 215115.26618027306),ROOSEVELT AVENUE BRIDGE,Flushing Line,Flushing Line,EB
32970,Queens,2021,3,19,14,15,134,177615,POINT (1028931.8143046284 215115.26618027306),ROOSEVELT AVENUE BRIDGE,Flushing Line,Flushing Line,EB
32970,Queens,2021,3,19,14,30,164,177615,POINT (1028931.8143046284 215115.26618027306),ROOSEVELT AVENUE BRIDGE,Flushing Line,Flushing Line,EB
32970,Queens,2021,3,19,14,45,149,177615,POINT (1028931.8143046284 215115.26618027306),ROOSEVELT AVENUE BRIDGE,Flushing Line,Flushing Line,EB
32970,Queens,2021,3,19,15,0,163,177615,POINT (1028931.8143046284 215115.26618027306),ROOSEVELT AVENUE BRIDGE,Flushing Line,Flushing Line,EB
32970,Queens,2021,3,19,15,15,160,177615,POINT (1028931.8143046284 215115.26618027306),ROOSEVELT AVENUE BRIDGE,Flushing Line,Flushing Line,EB
32970,Queens,2021,3,19,15,30,161,177615,POINT (1028931.8143046284 215115.26618027306),ROOSEVELT AVENUE BRIDGE,Flushing Line,Flushing Line,EB
32970,Queens,2021,3,19,15,45,166,177615,POINT (1028931.8143046284 215115.26618027306),ROOSEVELT AVENUE BRIDGE,Flushing Line,Flushing Line,EB
32970,Queens,2021,3,19,16,0,174,177615,POINT (1028931.8143046284 215115.26618027306),ROOSEVELT AVENUE BRIDGE,Flushing Line,Flushing Line,EB
32970,Queens,2021,3,19,16,15,199,177615,POINT (1028931.8143046284 215115.26618027306),ROOSEVELT AVENUE BRIDGE,Flushing Line,Flushing Line,EB
32970,Queens,2021,3,19,16,30,159,177615,POINT (1028931.8143046284 215115.26618027306),ROOSEVELT AVENUE BRIDGE,Flushing Line,Flushing Line,EB
32970,Queens,2021,3,19,16,45,164,177615,POINT (1028931.8143046284 215115.26618027306),ROOSEVELT AVENUE BRIDGE,Flushing Line,Flushing Line,EB
32970,Queens,2021,3,19,17,0,158,177615,POINT (1028931.8143046284 215115.26618027306),ROOSEVELT AVENUE BRIDGE,Flushing Line,Flushing Line,EB
32970,Queens,2021,3,19,17,15,130,177615,POINT (1028931.8143046284 215115.26618027306),ROOSEVELT AVENUE BRIDGE,Flushing Line,Flushing Line,EB
32970,Queens,2021,3,19,17,30,144,177615,POINT (1028931.8143046284 215115.26618027306),ROOSEVELT AVENUE BRIDGE,Flushing Line,Flushing Line,EB
32970,Queens,2021,3,19,17,45,115,177615,POINT (1028931.8143046284 215115.26618027306),ROOSEVELT AVENUE BRIDGE,Flushing Line,Flushing Line,EB
32970,Queens,2021,3,19,18,0,124,177615,POINT (1028931.8143046284 215115.26618027306),ROOSEVELT AVENUE BRIDGE,Flushing Line,Flushing Line,EB
32970,Queens,2021,3,19,18,15,125,177615,POINT (1028931.8143046284 215115.26618027306),ROOSEVELT AVENUE BRIDGE,Flushing Line,Flushing Line,EB
32970,Queens,2021,3,19,18,30,118,177615,POINT (1028931.8143046284 215115.26618027306),ROOSEVELT AVENUE BRIDGE,Flushing Line,Flushing Line,EB
32970,Queens,2021,3,19,18,45,125,177615,POINT (1028931.8143046284 215115.26618027306),ROOSEVELT AVENUE BRIDGE,Flushing Line,Flushing Line,EB
32970,Queens,2021,3,19,19,0,96,177615,POINT (1028931.8143046284 215115.26618027306),ROOSEVELT AVENUE BRIDGE,Flushing Line,Flushing Line,EB
32970,Queens,2021,3,19,19,15,97,177615,POINT (1028931.8143046284 215115.26618027306),ROOSEVELT AVENUE BRIDGE,Flushing Line,Flushing Line,EB
32970,Queens,2021,3,19,19,30,85,177615,POINT (1028931.8143046284 215115.26618027306),ROOSEVELT AVENUE BRIDGE,Flushing Line,Flushing Line,EB
32970,Queens,2021,3,19,19,45,96,177615,POINT (1028931.8143046284 215115.26618027306),ROOSEVELT AVENUE BRIDGE,Flushing Line,Flushing Line,EB
32970,Queens,2021,3,19,20,0,82,177615,POINT (1028931.8143046284 215115.26618027306),ROOSEVELT AVENUE BRIDGE,Flushing Line,Flushing Line,EB
32970,Queens,2021,3,19,20,15,60,177615,POINT (1028931.8143046284 215115.26618027306),ROOSEVELT AVENUE BRIDGE,Flushing Line,Flushing Line,EB
32970,Queens,2021,3,19,20,30,72,177615,POINT (1028931.8143046284 215115.26618027306),ROOSEVELT AVENUE BRIDGE,Flushing Line,Flushing Line,EB
32970,Queens,2021,3,19,20,45,82,177615,POINT (1028931.8143046284 215115.26618027306),ROOSEVELT AVENUE BRIDGE,Flushing Line,Flushing Line,EB
32970,Queens,2021,3,19,21,0,66,177615,POINT (1028931.8143046284 215115.26618027306),ROOSEVELT AVENUE BRIDGE,Flushing Line,Flushing Line,EB
32970,Queens,2021,3,19,21,15,53,177615,POINT (1028931.8143046284 215115.26618027306),ROOSEVELT AVENUE BRIDGE,Flushing Line,Flushing Line,EB
32970,Queens,2021,3,19,21,30,49,177615,POINT (1028931.8143046284 215115.26618027306),ROOSEVELT AVENUE BRIDGE,Flushing Line,Flushing Line,EB
32970,Queens,2021,3,19,21,45,52,177615,POINT (1028931.8143046284 215115.26618027306),ROOSEVELT AVENUE BRIDGE,Flushing Line,Flushing Line,EB
32970,Queens,2021,3,19,22,0,41,177615,POINT (1028931.8143046284 215115.26618027306),ROOSEVELT AVENUE BRIDGE,Flushing Line,Flushing Line,EB
32970,Queens,2021,3,19,22,15,55,177615,POINT (1028931.8143046284 215115.26618027306),ROOSEVELT AVENUE BRIDGE,Flushing Line,Flushing Line,EB
32970,Queens,2021,3,19,22,30,46,177615,POINT (1028931.8143046284 215115.26618027306),ROOSEVELT AVENUE BRIDGE,Flushing Line,Flushing Line,EB
32970,Queens,2021,3,19,22,45,42,177615,POINT (1028931.8143046284 215115.26618027306),ROOSEVELT AVENUE BRIDGE,Flushing Line,Flushing Line,EB
32970,Queens,2021,3,19,23,0,35,177615,POINT (1028931.8143046284 215115.26618027306),ROOSEVELT AVENUE BRIDGE,Flushing Line,Flushing Line,EB
32970,Queens,2021,3,19,23,15,32,177615,POINT (1028931.8143046284 215115.26618027306),ROOSEVELT AVENUE BRIDGE,Flushing Line,Flushing Line,EB
32970,Queens,2021,3,19,23,30,30,177615,POINT (1028931.8143046284 215115.26618027306),ROOSEVELT AVENUE BRIDGE,Flushing Line,Flushing Line,EB
32970,Queens,2021,3,19,23,45,29,177615,POINT (1028931.8143046284 215115.26618027306),ROOSEVELT AVENUE BRIDGE,Flushing Line,Flushing Line,EB
32970,Queens,2021,3,20,0,0,20,177615,POINT (1028931.8143046284 215115.26618027306),ROOSEVELT AVENUE BRIDGE,Flushing Line,Flushing Line,EB
32970,Queens,2021,3,20,0,15,11,177615,POINT (1028931.8143046284 215115.26618027306),ROOSEVELT AVENUE BRIDGE,Flushing Line,Flushing Line,EB
32970,Queens,2021,3,20,0,30,23,177615,POINT (1028931.8143046284 215115.26618027306),ROOSEVELT AVENUE BRIDGE,Flushing Line,Flushing Line,EB
32970,Queens,2021,3,20,0,45,32,177615,POINT (1028931.8143046284 215115.26618027306),ROOSEVELT AVENUE BRIDGE,Flushing Line,Flushing Line,EB
32970,Queens,2021,3,20,1,0,22,177615,POINT (1028931.8143046284 215115.26618027306),ROOSEVELT AVENUE BRIDGE,Flushing Line,Flushing Line,EB
32970,Queens,2021,3,20,1,15,17,177615,POINT (1028931.8143046284 215115.26618027306),ROOSEVELT AVENUE BRIDGE,Flushing Line,Flushing Line,EB
32970,Queens,2021,3,20,1,30,11,177615,POINT (1028931.8143046284 215115.26618027306),ROOSEVELT AVENUE BRIDGE,Flushing Line,Flushing Line,EB
32970,Queens,2021,3,20,1,45,18,177615,POINT (1028931.8143046284 215115.26618027306),ROOSEVELT AVENUE BRIDGE,Flushing Line,Flushing Line,EB
32970,Queens,2021,3,20,2,0,17,177615,POINT (1028931.8143046284 215115.26618027306),ROOSEVELT AVENUE BRIDGE,Flushing Line,Flushing Line,EB
32970,Queens,2021,3,20,2,15,15,177615,POINT (1028931.8143046284 215115.26618027306),ROOSEVELT AVENUE BRIDGE,Flushing Line,Flushing Line,EB
32970,Queens,2021,3,20,2,30,11,177615,POINT (1028931.8143046284 215115.26618027306),ROOSEVELT AVENUE BRIDGE,Flushing Line,Flushing Line,EB
32970,Queens,2021,3,20,2,45,13,177615,POINT (1028931.8143046284 215115.26618027306),ROOSEVELT AVENUE BRIDGE,Flushing Line,Flushing Line,EB
32970,Queens,2021,3,20,3,0,13,177615,POINT (1028931.8143046284 215115.26618027306),ROOSEVELT AVENUE BRIDGE,Flushing Line,Flushing Line,EB
32970,Queens,2021,3,20,3,15,12,177615,POINT (1028931.8143046284 215115.26618027306),ROOSEVELT AVENUE BRIDGE,Flushing Line,Flushing Line,EB
32970,Queens,2021,3,20,3,30,24,177615,POINT (1028931.8143046284 215115.26618027306),ROOSEVELT AVENUE BRIDGE,Flushing Line,Flushing Line,EB
32970,Queens,2021,3,20,3,45,24,177615,POINT (1028931.8143046284 215115.26618027306),ROOSEVELT AVENUE BRIDGE,Flushing Line,Flushing Line,EB
32970,Queens,2021,3,20,4,0,16,177615,POINT (1028931.8143046284 215115.26618027306),ROOSEVELT AVENUE BRIDGE,Flushing Line,Flushing Line,EB
32970,Queens,2021,3,20,4,15,20,177615,POINT (1028931.8143046284 215115.26618027306),ROOSEVELT AVENUE BRIDGE,Flushing Line,Flushing Line,EB
32970,Queens,2021,3,20,4,30,18,177615,POINT (1028931.8143046284 215115.26618027306),ROOSEVELT AVENUE BRIDGE,Flushing Line,Flushing Line,EB
32970,Queens,2021,3,20,4,45,36,177615,POINT (1028931.8143046284 215115.26618027306),ROOSEVELT AVENUE BRIDGE,Flushing Line,Flushing Line,EB
32970,Queens,2021,3,20,5,0,23,177615,POINT (1028931.8143046284 215115.26618027306),ROOSEVELT AVENUE BRIDGE,Flushing Line,Flushing Line,EB
32970,Queens,2021,3,20,5,15,31,177615,POINT (1028931.8143046284 215115.26618027306),ROOSEVELT AVENUE BRIDGE,Flushing Line,Flushing Line,EB
32970,Queens,2021,3,20,5,30,25,177615,POINT (1028931.8143046284 215115.26618027306),ROOSEVELT AVENUE BRIDGE,Flushing Line,Flushing Line,EB
32970,Queens,2021,3,20,5,45,47,177615,POINT (1028931.8143046284 215115.26618027306),ROOSEVELT AVENUE BRIDGE,Flushing Line,Flushing Line,EB
32970,Queens,2021,3,20,6,0,43,177615,POINT (1028931.8143046284 215115.26618027306),ROOSEVELT AVENUE BRIDGE,Flushing Line,Flushing Line,EB
32970,Queens,2021,3,20,6,15,45,177615,POINT (1028931.8143046284 215115.26618027306),ROOSEVELT AVENUE BRIDGE,Flushing Line,Flushing Line,EB
32970,Queens,2021,3,20,6,30,71,177615,POINT (1028931.8143046284 215115.26618027306),ROOSEVELT AVENUE BRIDGE,Flushing Line,Flushing Line,EB
32970,Queens,2021,3,20,6,45,79,177615,POINT (1028931.8143046284 215115.26618027306),ROOSEVELT AVENUE BRIDGE,Flushing Line,Flushing Line,EB
32970,Queens,2021,3,20,7,0,82,177615,POINT (1028931.8143046284 215115.26618027306),ROOSEVELT AVENUE BRIDGE,Flushing Line,Flushing Line,EB
32970,Queens,2021,3,20,7,15,65,177615,POINT (1028931.8143046284 215115.26618027306),ROOSEVELT AVENUE BRIDGE,Flushing Line,Flushing Line,EB
32970,Queens,2021,3,20,7,30,90,177615,POINT (1028931.8143046284 215115.26618027306),ROOSEVELT AVENUE BRIDGE,Flushing Line,Flushing Line,EB
32970,Queens,2021,3,20,7,45,108,177615,POINT (1028931.8143046284 215115.26618027306),ROOSEVELT AVENUE BRIDGE,Flushing Line,Flushing Line,EB
32970,Queens,2021,3,20,8,0,92,177615,POINT (1028931.8143046284 215115.26618027306),ROOSEVELT AVENUE BRIDGE,Flushing Line,Flushing Line,EB
32970,Queens,2021,3,20,8,15,105,177615,POINT (1028931.8143046284 215115.26618027306),ROOSEVELT AVENUE BRIDGE,Flushing Line,Flushing Line,EB
32970,Queens,2021,3,20,8,30,86,177615,POINT (1028931.8143046284 215115.26618027306),ROOSEVELT AVENUE BRIDGE,Flushing Line,Flushing Line,EB
32970,Queens,2021,3,20,8,45,122,177615,POINT (1028931.8143046284 215115.26618027306),ROOSEVELT AVENUE BRIDGE,Flushing Line,Flushing Line,EB
32970,Queens,2021,3,20,9,0,94,177615,POINT (1028931.8143046284 215115.26618027306),ROOSEVELT AVENUE BRIDGE,Flushing Line,Flushing Line,EB
32970,Queens,2021,3,20,9,15,111,177615,POINT (1028931.8143046284 215115.26618027306),ROOSEVELT AVENUE BRIDGE,Flushing Line,Flushing Line,EB
32970,Queens,2021,3,20,9,30,117,177615,POINT (1028931.8143046284 215115.26618027306),ROOSEVELT AVENUE BRIDGE,Flushing Line,Flushing Line,EB
32970,Queens,2021,3,20,9,45,132,177615,POINT (1028931.8143046284 215115.26618027306),ROOSEVELT AVENUE BRIDGE,Flushing Line,Flushing Line,EB
32970,Queens,2021,3,20,10,0,91,177615,POINT (1028931.8143046284 215115.26618027306),ROOSEVELT AVENUE BRIDGE,Flushing Line,Flushing Line,EB
32970,Queens,2021,3,20,10,15,140,177615,POINT (1028931.8143046284 215115.26618027306),ROOSEVELT AVENUE BRIDGE,Flushing Line,Flushing Line,EB
32970,Queens,2021,3,20,10,30,102,177615,POINT (1028931.8143046284 215115.26618027306),ROOSEVELT AVENUE BRIDGE,Flushing Line,Flushing Line,EB
32970,Queens,2021,3,20,10,45,133,177615,POINT (1028931.8143046284 215115.26618027306),ROOSEVELT AVENUE BRIDGE,Flushing Line,Flushing Line,EB
32970,Queens,2021,3,20,11,0,130,177615,POINT (1028931.8143046284 215115.26618027306),ROOSEVELT AVENUE BRIDGE,Flushing Line,Flushing Line,EB
32970,Queens,2021,3,20,11,15,147,177615,POINT (1028931.8143046284 215115.26618027306),ROOSEVELT AVENUE BRIDGE,Flushing Line,Flushing Line,EB
32970,Queens,2021,3,20,11,30,135,177615,POINT (1028931.8143046284 215115.26618027306),ROOSEVELT AVENUE BRIDGE,Flushing Line,Flushing Line,EB
32970,Queens,2021,3,20,11,45,139,177615,POINT (1028931.8143046284 215115.26618027306),ROOSEVELT AVENUE BRIDGE,Flushing Line,Flushing Line,EB
32970,Queens,2021,3,20,12,0,109,177615,POINT (1028931.8143046284 215115.26618027306),ROOSEVELT AVENUE BRIDGE,Flushing Line,Flushing Line,EB
32970,Queens,2021,3,20,12,15,141,177615,POINT (1028931.8143046284 215115.26618027306),ROOSEVELT AVENUE BRIDGE,Flushing Line,Flushing Line,EB
32970,Queens,2021,3,20,12,30,122,177615,POINT (1028931.8143046284 215115.26618027306),ROOSEVELT AVENUE BRIDGE,Flushing Line,Flushing Line,EB
32970,Queens,2021,3,20,12,45,152,177615,POINT (1028931.8143046284 215115.26618027306),ROOSEVELT AVENUE BRIDGE,Flushing Line,Flushing Line,EB
32970,Queens,2021,3,20,13,0,130,177615,POINT (1028931.8143046284 215115.26618027306),ROOSEVELT AVENUE BRIDGE,Flushing Line,Flushing Line,EB
32970,Queens,2021,3,20,13,15,102,177615,POINT (1028931.8143046284 215115.26618027306),ROOSEVELT AVENUE BRIDGE,Flushing Line,Flushing Line,EB
32970,Queens,2021,3,20,13,30,116,177615,POINT (1028931.8143046284 215115.26618027306),ROOSEVELT AVENUE BRIDGE,Flushing Line,Flushing Line,EB
32970,Queens,2021,3,20,13,45,130,177615,POINT (1028931.8143046284 215115.26618027306),ROOSEVELT AVENUE BRIDGE,Flushing Line,Flushing Line,EB
32970,Queens,2021,3,20,14,0,122,177615,POINT (1028931.8143046284 215115.26618027306),ROOSEVELT AVENUE BRIDGE,Flushing Line,Flushing Line,EB
32970,Queens,2021,3,20,14,15,142,177615,POINT (1028931.8143046284 215115.26618027306),ROOSEVELT AVENUE BRIDGE,Flushing Line,Flushing Line,EB
32970,Queens,2021,3,20,14,30,129,177615,POINT (1028931.8143046284 215115.26618027306),ROOSEVELT AVENUE BRIDGE,Flushing Line,Flushing Line,EB
32970,Queens,2021,3,20,14,45,131,177615,POINT (1028931.8143046284 215115.26618027306),ROOSEVELT AVENUE BRIDGE,Flushing Line,Flushing Line,EB
32970,Queens,2021,3,20,15,0,104,177615,POINT (1028931.8143046284 215115.26618027306),ROOSEVELT AVENUE BRIDGE,Flushing Line,Flushing Line,EB
32970,Queens,2021,3,20,15,15,122,177615,POINT (1028931.8143046284 215115.26618027306),ROOSEVELT AVENUE BRIDGE,Flushing Line,Flushing Line,EB
32970,Queens,2021,3,20,15,30,113,177615,POINT (1028931.8143046284 215115.26618027306),ROOSEVELT AVENUE BRIDGE,Flushing Line,Flushing Line,EB
32970,Queens,2021,3,20,15,45,130,177615,POINT (1028931.8143046284 215115.26618027306),ROOSEVELT AVENUE BRIDGE,Flushing Line,Flushing Line,EB
32970,Queens,2021,3,20,16,0,130,177615,POINT (1028931.8143046284 215115.26618027306),ROOSEVELT AVENUE BRIDGE,Flushing Line,Flushing Line,EB
32970,Queens,2021,3,20,16,15,145,177615,POINT (1028931.8143046284 215115.26618027306),ROOSEVELT AVENUE BRIDGE,Flushing Line,Flushing Line,EB
32970,Queens,2021,3,20,16,30,115,177615,POINT (1028931.8143046284 215115.26618027306),ROOSEVELT AVENUE BRIDGE,Flushing Line,Flushing Line,EB
32970,Queens,2021,3,20,16,45,127,177615,POINT (1028931.8143046284 215115.26618027306),ROOSEVELT AVENUE BRIDGE,Flushing Line,Flushing Line,EB
32970,Queens,2021,3,20,17,0,91,177615,POINT (1028931.8143046284 215115.26618027306),ROOSEVELT AVENUE BRIDGE,Flushing Line,Flushing Line,EB
32970,Queens,2021,3,20,17,15,128,177615,POINT (1028931.8143046284 215115.26618027306),ROOSEVELT AVENUE BRIDGE,Flushing Line,Flushing Line,EB
32970,Queens,2021,3,20,17,30,110,177615,POINT (1028931.8143046284 215115.26618027306),ROOSEVELT AVENUE BRIDGE,Flushing Line,Flushing Line,EB
32970,Queens,2021,3,20,17,45,113,177615,POINT (1028931.8143046284 215115.26618027306),ROOSEVELT AVENUE BRIDGE,Flushing Line,Flushing Line,EB
32970,Queens,2021,3,20,18,0,74,177615,POINT (1028931.8143046284 215115.26618027306),ROOSEVELT AVENUE BRIDGE,Flushing Line,Flushing Line,EB
32970,Queens,2021,3,20,18,15,116,177615,POINT (1028931.8143046284 215115.26618027306),ROOSEVELT AVENUE BRIDGE,Flushing Line,Flushing Line,EB
32970,Queens,2021,3,20,18,30,115,177615,POINT (1028931.8143046284 215115.26618027306),ROOSEVELT AVENUE BRIDGE,Flushing Line,Flushing Line,EB
32970,Queens,2021,3,20,18,45,124,177615,POINT (1028931.8143046284 215115.26618027306),ROOSEVELT AVENUE BRIDGE,Flushing Line,Flushing Line,EB
32970,Queens,2021,3,20,19,0,132,177615,POINT (1028931.8143046284 215115.26618027306),ROOSEVELT AVENUE BRIDGE,Flushing Line,Flushing Line,EB
32970,Queens,2021,3,20,19,15,98,177615,POINT (1028931.8143046284 215115.26618027306),ROOSEVELT AVENUE BRIDGE,Flushing Line,Flushing Line,EB
32970,Queens,2021,3,20,19,30,77,177615,POINT (1028931.8143046284 215115.26618027306),ROOSEVELT AVENUE BRIDGE,Flushing Line,Flushing Line,EB
32970,Queens,2021,3,20,19,45,81,177615,POINT (1028931.8143046284 215115.26618027306),ROOSEVELT AVENUE BRIDGE,Flushing Line,Flushing Line,EB
32970,Queens,2021,3,20,20,0,78,177615,POINT (1028931.8143046284 215115.26618027306),ROOSEVELT AVENUE BRIDGE,Flushing Line,Flushing Line,EB
32970,Queens,2021,3,20,20,15,66,177615,POINT (1028931.8143046284 215115.26618027306),ROOSEVELT AVENUE BRIDGE,Flushing Line,Flushing Line,EB
32970,Queens,2021,3,20,20,30,65,177615,POINT (1028931.8143046284 215115.26618027306),ROOSEVELT AVENUE BRIDGE,Flushing Line,Flushing Line,EB
32970,Queens,2021,3,20,20,45,70,177615,POINT (1028931.8143046284 215115.26618027306),ROOSEVELT AVENUE BRIDGE,Flushing Line,Flushing Line,EB
32970,Queens,2021,3,20,21,0,51,177615,POINT (1028931.8143046284 215115.26618027306),ROOSEVELT AVENUE BRIDGE,Flushing Line,Flushing Line,EB
32970,Queens,2021,3,20,21,15,60,177615,POINT (1028931.8143046284 215115.26618027306),ROOSEVELT AVENUE BRIDGE,Flushing Line,Flushing Line,EB
32970,Queens,2021,3,20,21,30,59,177615,POINT (1028931.8143046284 215115.26618027306),ROOSEVELT AVENUE BRIDGE,Flushing Line,Flushing Line,EB
32970,Queens,2021,3,20,21,45,65,177615,POINT (1028931.8143046284 215115.26618027306),ROOSEVELT AVENUE BRIDGE,Flushing Line,Flushing Line,EB
32970,Queens,2021,3,20,22,0,38,177615,POINT (1028931.8143046284 215115.26618027306),ROOSEVELT AVENUE BRIDGE,Flushing Line,Flushing Line,EB
32970,Queens,2021,3,20,22,15,40,177615,POINT (1028931.8143046284 215115.26618027306),ROOSEVELT AVENUE BRIDGE,Flushing Line,Flushing Line,EB
32970,Queens,2021,3,20,22,30,46,177615,POINT (1028931.8143046284 215115.26618027306),ROOSEVELT AVENUE BRIDGE,Flushing Line,Flushing Line,EB
32970,Queens,2021,3,20,22,45,45,177615,POINT (1028931.8143046284 215115.26618027306),ROOSEVELT AVENUE BRIDGE,Flushing Line,Flushing Line,EB
32970,Queens,2021,3,20,23,0,40,177615,POINT (1028931.8143046284 215115.26618027306),ROOSEVELT AVENUE BRIDGE,Flushing Line,Flushing Line,EB
32970,Queens,2021,3,20,23,15,44,177615,POINT (1028931.8143046284 215115.26618027306),ROOSEVELT AVENUE BRIDGE,Flushing Line,Flushing Line,EB
32970,Queens,2021,3,20,23,30,34,177615,POINT (1028931.8143046284 215115.26618027306),ROOSEVELT AVENUE BRIDGE,Flushing Line,Flushing Line,EB
32970,Queens,2021,3,20,23,45,31,177615,POINT (1028931.8143046284 215115.26618027306),ROOSEVELT AVENUE BRIDGE,Flushing Line,Flushing Line,EB
32970,Queens,2021,3,21,0,0,22,177615,POINT (1028931.8143046284 215115.26618027306),ROOSEVELT AVENUE BRIDGE,Flushing Line,Flushing Line,EB
32970,Queens,2021,3,21,0,15,21,177615,POINT (1028931.8143046284 215115.26618027306),ROOSEVELT AVENUE BRIDGE,Flushing Line,Flushing Line,EB
32970,Queens,2021,3,21,0,30,28,177615,POINT (1028931.8143046284 215115.26618027306),ROOSEVELT AVENUE BRIDGE,Flushing Line,Flushing Line,EB
32970,Queens,2021,3,21,0,45,23,177615,POINT (1028931.8143046284 215115.26618027306),ROOSEVELT AVENUE BRIDGE,Flushing Line,Flushing Line,EB
32970,Queens,2021,3,21,1,0,20,177615,POINT (1028931.8143046284 215115.26618027306),ROOSEVELT AVENUE BRIDGE,Flushing Line,Flushing Line,EB
32970,Queens,2021,3,21,1,15,18,177615,POINT (1028931.8143046284 215115.26618027306),ROOSEVELT AVENUE BRIDGE,Flushing Line,Flushing Line,EB
32970,Queens,2021,3,21,1,30,14,177615,POINT (1028931.8143046284 215115.26618027306),ROOSEVELT AVENUE BRIDGE,Flushing Line,Flushing Line,EB
32970,Queens,2021,3,21,1,45,14,177615,POINT (1028931.8143046284 215115.26618027306),ROOSEVELT AVENUE BRIDGE,Flushing Line,Flushing Line,EB
32970,Queens,2021,3,21,2,0,9,177615,POINT (1028931.8143046284 215115.26618027306),ROOSEVELT AVENUE BRIDGE,Flushing Line,Flushing Line,EB
32970,Queens,2021,3,21,2,15,18,177615,POINT (1028931.8143046284 215115.26618027306),ROOSEVELT AVENUE BRIDGE,Flushing Line,Flushing Line,EB
32970,Queens,2021,3,21,2,30,18,177615,POINT (1028931.8143046284 215115.26618027306),ROOSEVELT AVENUE BRIDGE,Flushing Line,Flushing Line,EB
32970,Queens,2021,3,21,2,45,11,177615,POINT (1028931.8143046284 215115.26618027306),ROOSEVELT AVENUE BRIDGE,Flushing Line,Flushing Line,EB
32970,Queens,2021,3,21,3,0,12,177615,POINT (1028931.8143046284 215115.26618027306),ROOSEVELT AVENUE BRIDGE,Flushing Line,Flushing Line,EB
32970,Queens,2021,3,21,3,15,14,177615,POINT (1028931.8143046284 215115.26618027306),ROOSEVELT AVENUE BRIDGE,Flushing Line,Flushing Line,EB
32970,Queens,2021,3,21,3,30,11,177615,POINT (1028931.8143046284 215115.26618027306),ROOSEVELT AVENUE BRIDGE,Flushing Line,Flushing Line,EB
32970,Queens,2021,3,21,3,45,17,177615,POINT (1028931.8143046284 215115.26618027306),ROOSEVELT AVENUE BRIDGE,Flushing Line,Flushing Line,EB
32970,Queens,2021,3,21,4,0,11,177615,POINT (1028931.8143046284 215115.26618027306),ROOSEVELT AVENUE BRIDGE,Flushing Line,Flushing Line,EB
32970,Queens,2021,3,21,4,15,18,177615,POINT (1028931.8143046284 215115.26618027306),ROOSEVELT AVENUE BRIDGE,Flushing Line,Flushing Line,EB
32970,Queens,2021,3,21,4,30,12,177615,POINT (1028931.8143046284 215115.26618027306),ROOSEVELT AVENUE BRIDGE,Flushing Line,Flushing Line,EB
32970,Queens,2021,3,21,4,45,29,177615,POINT (1028931.8143046284 215115.26618027306),ROOSEVELT AVENUE BRIDGE,Flushing Line,Flushing Line,EB
32970,Queens,2021,3,21,5,0,18,177615,POINT (1028931.8143046284 215115.26618027306),ROOSEVELT AVENUE BRIDGE,Flushing Line,Flushing Line,EB
32970,Queens,2021,3,21,5,15,21,177615,POINT (1028931.8143046284 215115.26618027306),ROOSEVELT AVENUE BRIDGE,Flushing Line,Flushing Line,EB
32970,Queens,2021,3,21,5,30,33,177615,POINT (1028931.8143046284 215115.26618027306),ROOSEVELT AVENUE BRIDGE,Flushing Line,Flushing Line,EB
32970,Queens,2021,3,21,5,45,41,177615,POINT (1028931.8143046284 215115.26618027306),ROOSEVELT AVENUE BRIDGE,Flushing Line,Flushing Line,EB
32970,Queens,2021,3,21,6,0,29,177615,POINT (1028931.8143046284 215115.26618027306),ROOSEVELT AVENUE BRIDGE,Flushing Line,Flushing Line,EB
32970,Queens,2021,3,21,6,15,28,177615,POINT (1028931.8143046284 215115.26618027306),ROOSEVELT AVENUE BRIDGE,Flushing Line,Flushing Line,EB
32970,Queens,2021,3,21,6,30,37,177615,POINT (1028931.8143046284 215115.26618027306),ROOSEVELT AVENUE BRIDGE,Flushing Line,Flushing Line,EB
32970,Queens,2021,3,21,6,45,50,177615,POINT (1028931.8143046284 215115.26618027306),ROOSEVELT AVENUE BRIDGE,Flushing Line,Flushing Line,EB
32970,Queens,2021,3,21,7,0,48,177615,POINT (1028931.8143046284 215115.26618027306),ROOSEVELT AVENUE BRIDGE,Flushing Line,Flushing Line,EB
32970,Queens,2021,3,21,7,15,42,177615,POINT (1028931.8143046284 215115.26618027306),ROOSEVELT AVENUE BRIDGE,Flushing Line,Flushing Line,EB
32970,Queens,2021,3,21,7,30,44,177615,POINT (1028931.8143046284 215115.26618027306),ROOSEVELT AVENUE BRIDGE,Flushing Line,Flushing Line,EB
32970,Queens,2021,3,21,7,45,65,177615,POINT (1028931.8143046284 215115.26618027306),ROOSEVELT AVENUE BRIDGE,Flushing Line,Flushing Line,EB
32970,Queens,2021,3,21,8,0,63,177615,POINT (1028931.8143046284 215115.26618027306),ROOSEVELT AVENUE BRIDGE,Flushing Line,Flushing Line,EB
32970,Queens,2021,3,21,8,15,75,177615,POINT (1028931.8143046284 215115.26618027306),ROOSEVELT AVENUE BRIDGE,Flushing Line,Flushing Line,EB
32970,Queens,2021,3,21,8,30,77,177615,POINT (1028931.8143046284 215115.26618027306),ROOSEVELT AVENUE BRIDGE,Flushing Line,Flushing Line,EB
32970,Queens,2021,3,21,8,45,88,177615,POINT (1028931.8143046284 215115.26618027306),ROOSEVELT AVENUE BRIDGE,Flushing Line,Flushing Line,EB
32970,Queens,2021,3,21,9,0,81,177615,POINT (1028931.8143046284 215115.26618027306),ROOSEVELT AVENUE BRIDGE,Flushing Line,Flushing Line,EB
32970,Queens,2021,3,21,9,15,83,177615,POINT (1028931.8143046284 215115.26618027306),ROOSEVELT AVENUE BRIDGE,Flushing Line,Flushing Line,EB
32970,Queens,2021,3,21,9,30,106,177615,POINT (1028931.8143046284 215115.26618027306),ROOSEVELT AVENUE BRIDGE,Flushing Line,Flushing Line,EB
32970,Queens,2021,3,21,9,45,108,177615,POINT (1028931.8143046284 215115.26618027306),ROOSEVELT AVENUE BRIDGE,Flushing Line,Flushing Line,EB
32970,Queens,2021,3,21,10,0,113,177615,POINT (1028931.8143046284 215115.26618027306),ROOSEVELT AVENUE BRIDGE,Flushing Line,Flushing Line,EB
32970,Queens,2021,3,21,10,15,117,177615,POINT (1028931.8143046284 215115.26618027306),ROOSEVELT AVENUE BRIDGE,Flushing Line,Flushing Line,EB
32970,Queens,2021,3,21,10,30,123,177615,POINT (1028931.8143046284 215115.26618027306),ROOSEVELT AVENUE BRIDGE,Flushing Line,Flushing Line,EB
32970,Queens,2021,3,21,10,45,124,177615,POINT (1028931.8143046284 215115.26618027306),ROOSEVELT AVENUE BRIDGE,Flushing Line,Flushing Line,EB
32970,Queens,2021,3,21,11,0,105,177615,POINT (1028931.8143046284 215115.26618027306),ROOSEVELT AVENUE BRIDGE,Flushing Line,Flushing Line,EB
32970,Queens,2021,3,21,11,15,122,177615,POINT (1028931.8143046284 215115.26618027306),ROOSEVELT AVENUE BRIDGE,Flushing Line,Flushing Line,EB
32970,Queens,2021,3,21,11,30,121,177615,POINT (1028931.8143046284 215115.26618027306),ROOSEVELT AVENUE BRIDGE,Flushing Line,Flushing Line,EB
32970,Queens,2021,3,21,11,45,99,177615,POINT (1028931.8143046284 215115.26618027306),ROOSEVELT AVENUE BRIDGE,Flushing Line,Flushing Line,EB
32970,Queens,2021,3,21,12,0,104,177615,POINT (1028931.8143046284 215115.26618027306),ROOSEVELT AVENUE BRIDGE,Flushing Line,Flushing Line,EB
32970,Queens,2021,3,21,12,15,129,177615,POINT (1028931.8143046284 215115.26618027306),ROOSEVELT AVENUE BRIDGE,Flushing Line,Flushing Line,EB
32970,Queens,2021,3,21,12,30,114,177615,POINT (1028931.8143046284 215115.26618027306),ROOSEVELT AVENUE BRIDGE,Flushing Line,Flushing Line,EB
32970,Queens,2021,3,21,12,45,111,177615,POINT (1028931.8143046284 215115.26618027306),ROOSEVELT AVENUE BRIDGE,Flushing Line,Flushing Line,EB
32970,Queens,2021,3,21,13,0,99,177615,POINT (1028931.8143046284 215115.26618027306),ROOSEVELT AVENUE BRIDGE,Flushing Line,Flushing Line,EB
32970,Queens,2021,3,21,13,15,137,177615,POINT (1028931.8143046284 215115.26618027306),ROOSEVELT AVENUE BRIDGE,Flushing Line,Flushing Line,EB
32970,Queens,2021,3,21,13,30,103,177615,POINT (1028931.8143046284 215115.26618027306),ROOSEVELT AVENUE BRIDGE,Flushing Line,Flushing Line,EB
32970,Queens,2021,3,21,13,45,127,177615,POINT (1028931.8143046284 215115.26618027306),ROOSEVELT AVENUE BRIDGE,Flushing Line,Flushing Line,EB
32970,Queens,2021,3,21,14,0,103,177615,POINT (1028931.8143046284 215115.26618027306),ROOSEVELT AVENUE BRIDGE,Flushing Line,Flushing Line,EB
32970,Queens,2021,3,21,14,15,131,177615,POINT (1028931.8143046284 215115.26618027306),ROOSEVELT AVENUE BRIDGE,Flushing Line,Flushing Line,EB
32970,Queens,2021,3,21,14,30,107,177615,POINT (1028931.8143046284 215115.26618027306),ROOSEVELT AVENUE BRIDGE,Flushing Line,Flushing Line,EB
32970,Queens,2021,3,21,14,45,127,177615,POINT (1028931.8143046284 215115.26618027306),ROOSEVELT AVENUE BRIDGE,Flushing Line,Flushing Line,EB
32970,Queens,2021,3,21,15,0,115,177615,POINT (1028931.8143046284 215115.26618027306),ROOSEVELT AVENUE BRIDGE,Flushing Line,Flushing Line,EB
32970,Queens,2021,3,21,15,15,117,177615,POINT (1028931.8143046284 215115.26618027306),ROOSEVELT AVENUE BRIDGE,Flushing Line,Flushing Line,EB
32970,Queens,2021,3,21,15,30,127,177615,POINT (1028931.8143046284 215115.26618027306),ROOSEVELT AVENUE BRIDGE,Flushing Line,Flushing Line,EB
32970,Queens,2021,3,21,15,45,135,177615,POINT (1028931.8143046284 215115.26618027306),ROOSEVELT AVENUE BRIDGE,Flushing Line,Flushing Line,EB
32970,Queens,2021,3,21,16,0,105,177615,POINT (1028931.8143046284 215115.26618027306),ROOSEVELT AVENUE BRIDGE,Flushing Line,Flushing Line,EB
32970,Queens,2021,3,21,16,15,104,177615,POINT (1028931.8143046284 215115.26618027306),ROOSEVELT AVENUE BRIDGE,Flushing Line,Flushing Line,EB
32970,Queens,2021,3,21,16,30,105,177615,POINT (1028931.8143046284 215115.26618027306),ROOSEVELT AVENUE BRIDGE,Flushing Line,Flushing Line,EB
32970,Queens,2021,3,21,16,45,92,177615,POINT (1028931.8143046284 215115.26618027306),ROOSEVELT AVENUE BRIDGE,Flushing Line,Flushing Line,EB
32970,Queens,2021,3,21,17,0,92,177615,POINT (1028931.8143046284 215115.26618027306),ROOSEVELT AVENUE BRIDGE,Flushing Line,Flushing Line,EB
32970,Queens,2021,3,21,17,15,107,177615,POINT (1028931.8143046284 215115.26618027306),ROOSEVELT AVENUE BRIDGE,Flushing Line,Flushing Line,EB
32970,Queens,2021,3,21,17,30,104,177615,POINT (1028931.8143046284 215115.26618027306),ROOSEVELT AVENUE BRIDGE,Flushing Line,Flushing Line,EB
32970,Queens,2021,3,21,17,45,95,177615,POINT (1028931.8143046284 215115.26618027306),ROOSEVELT AVENUE BRIDGE,Flushing Line,Flushing Line,EB
32970,Queens,2021,3,21,18,0,87,177615,POINT (1028931.8143046284 215115.26618027306),ROOSEVELT AVENUE BRIDGE,Flushing Line,Flushing Line,EB
32970,Queens,2021,3,21,18,15,91,177615,POINT (1028931.8143046284 215115.26618027306),ROOSEVELT AVENUE BRIDGE,Flushing Line,Flushing Line,EB
32970,Queens,2021,3,21,18,30,98,177615,POINT (1028931.8143046284 215115.26618027306),ROOSEVELT AVENUE BRIDGE,Flushing Line,Flushing Line,EB
32970,Queens,2021,3,21,18,45,89,177615,POINT (1028931.8143046284 215115.26618027306),ROOSEVELT AVENUE BRIDGE,Flushing Line,Flushing Line,EB
32970,Queens,2021,3,21,19,0,79,177615,POINT (1028931.8143046284 215115.26618027306),ROOSEVELT AVENUE BRIDGE,Flushing Line,Flushing Line,EB
32970,Queens,2021,3,21,19,15,79,177615,POINT (1028931.8143046284 215115.26618027306),ROOSEVELT AVENUE BRIDGE,Flushing Line,Flushing Line,EB
32970,Queens,2021,3,21,19,30,68,177615,POINT (1028931.8143046284 215115.26618027306),ROOSEVELT AVENUE BRIDGE,Flushing Line,Flushing Line,EB
32970,Queens,2021,3,21,19,45,65,177615,POINT (1028931.8143046284 215115.26618027306),ROOSEVELT AVENUE BRIDGE,Flushing Line,Flushing Line,EB
32970,Queens,2021,3,21,20,0,55,177615,POINT (1028931.8143046284 215115.26618027306),ROOSEVELT AVENUE BRIDGE,Flushing Line,Flushing Line,EB
32970,Queens,2021,3,21,20,15,57,177615,POINT (1028931.8143046284 215115.26618027306),ROOSEVELT AVENUE BRIDGE,Flushing Line,Flushing Line,EB
32970,Queens,2021,3,21,20,30,63,177615,POINT (1028931.8143046284 215115.26618027306),ROOSEVELT AVENUE BRIDGE,Flushing Line,Flushing Line,EB
32970,Queens,2021,3,21,20,45,47,177615,POINT (1028931.8143046284 215115.26618027306),ROOSEVELT AVENUE BRIDGE,Flushing Line,Flushing Line,EB
32970,Queens,2021,3,21,21,0,62,177615,POINT (1028931.8143046284 215115.26618027306),ROOSEVELT AVENUE BRIDGE,Flushing Line,Flushing Line,EB
32970,Queens,2021,3,21,21,15,52,177615,POINT (1028931.8143046284 215115.26618027306),ROOSEVELT AVENUE BRIDGE,Flushing Line,Flushing Line,EB
32970,Queens,2021,3,21,21,30,47,177615,POINT (1028931.8143046284 215115.26618027306),ROOSEVELT AVENUE BRIDGE,Flushing Line,Flushing Line,EB
32970,Queens,2021,3,21,21,45,42,177615,POINT (1028931.8143046284 215115.26618027306),ROOSEVELT AVENUE BRIDGE,Flushing Line,Flushing Line,EB
32970,Queens,2021,3,21,22,0,45,177615,POINT (1028931.8143046284 215115.26618027306),ROOSEVELT AVENUE BRIDGE,Flushing Line,Flushing Line,EB
32970,Queens,2021,3,21,22,15,43,177615,POINT (1028931.8143046284 215115.26618027306),ROOSEVELT AVENUE BRIDGE,Flushing Line,Flushing Line,EB
32970,Queens,2021,3,21,22,30,29,177615,POINT (1028931.8143046284 215115.26618027306),ROOSEVELT AVENUE BRIDGE,Flushing Line,Flushing Line,EB
32970,Queens,2021,3,21,22,45,34,177615,POINT (1028931.8143046284 215115.26618027306),ROOSEVELT AVENUE BRIDGE,Flushing Line,Flushing Line,EB
32970,Queens,2021,3,21,23,0,15,177615,POINT (1028931.8143046284 215115.26618027306),ROOSEVELT AVENUE BRIDGE,Flushing Line,Flushing Line,EB
32970,Queens,2021,3,21,23,15,23,177615,POINT (1028931.8143046284 215115.26618027306),ROOSEVELT AVENUE BRIDGE,Flushing Line,Flushing Line,EB
32970,Queens,2021,3,21,23,30,23,177615,POINT (1028931.8143046284 215115.26618027306),ROOSEVELT AVENUE BRIDGE,Flushing Line,Flushing Line,EB
32970,Queens,2021,3,21,23,45,18,177615,POINT (1028931.8143046284 215115.26618027306),ROOSEVELT AVENUE BRIDGE,Flushing Line,Flushing Line,EB
32970,Queens,2021,3,22,0,0,24,177615,POINT (1028931.8143046284 215115.26618027306),ROOSEVELT AVENUE BRIDGE,Flushing Line,Flushing Line,EB
32970,Queens,2021,3,22,0,15,21,177615,POINT (1028931.8143046284 215115.26618027306),ROOSEVELT AVENUE BRIDGE,Flushing Line,Flushing Line,EB
32970,Queens,2021,3,22,0,30,16,177615,POINT (1028931.8143046284 215115.26618027306),ROOSEVELT AVENUE BRIDGE,Flushing Line,Flushing Line,EB
32970,Queens,2021,3,22,0,45,21,177615,POINT (1028931.8143046284 215115.26618027306),ROOSEVELT AVENUE BRIDGE,Flushing Line,Flushing Line,EB
32970,Queens,2021,3,22,1,0,11,177615,POINT (1028931.8143046284 215115.26618027306),ROOSEVELT AVENUE BRIDGE,Flushing Line,Flushing Line,EB
32970,Queens,2021,3,22,1,15,17,177615,POINT (1028931.8143046284 215115.26618027306),ROOSEVELT AVENUE BRIDGE,Flushing Line,Flushing Line,EB
32970,Queens,2021,3,22,1,30,10,177615,POINT (1028931.8143046284 215115.26618027306),ROOSEVELT AVENUE BRIDGE,Flushing Line,Flushing Line,EB
32970,Queens,2021,3,22,1,45,18,177615,POINT (1028931.8143046284 215115.26618027306),ROOSEVELT AVENUE BRIDGE,Flushing Line,Flushing Line,EB
32970,Queens,2021,3,22,2,0,15,177615,POINT (1028931.8143046284 215115.26618027306),ROOSEVELT AVENUE BRIDGE,Flushing Line,Flushing Line,EB
32970,Queens,2021,3,22,2,15,8,177615,POINT (1028931.8143046284 215115.26618027306),ROOSEVELT AVENUE BRIDGE,Flushing Line,Flushing Line,EB
32970,Queens,2021,3,22,2,30,13,177615,POINT (1028931.8143046284 215115.26618027306),ROOSEVELT AVENUE BRIDGE,Flushing Line,Flushing Line,EB
32970,Queens,2021,3,22,2,45,14,177615,POINT (1028931.8143046284 215115.26618027306),ROOSEVELT AVENUE BRIDGE,Flushing Line,Flushing Line,EB
32970,Queens,2021,3,22,3,0,16,177615,POINT (1028931.8143046284 215115.26618027306),ROOSEVELT AVENUE BRIDGE,Flushing Line,Flushing Line,EB
32970,Queens,2021,3,22,3,15,21,177615,POINT (1028931.8143046284 215115.26618027306),ROOSEVELT AVENUE BRIDGE,Flushing Line,Flushing Line,EB
32970,Queens,2021,3,22,3,30,18,177615,POINT (1028931.8143046284 215115.26618027306),ROOSEVELT AVENUE BRIDGE,Flushing Line,Flushing Line,EB
32970,Queens,2021,3,22,3,45,10,177615,POINT (1028931.8143046284 215115.26618027306),ROOSEVELT AVENUE BRIDGE,Flushing Line,Flushing Line,EB
32970,Queens,2021,3,22,4,0,12,177615,POINT (1028931.8143046284 215115.26618027306),ROOSEVELT AVENUE BRIDGE,Flushing Line,Flushing Line,EB
32970,Queens,2021,3,22,4,15,19,177615,POINT (1028931.8143046284 215115.26618027306),ROOSEVELT AVENUE BRIDGE,Flushing Line,Flushing Line,EB
32970,Queens,2021,3,22,4,30,31,177615,POINT (1028931.8143046284 215115.26618027306),ROOSEVELT AVENUE BRIDGE,Flushing Line,Flushing Line,EB
32970,Queens,2021,3,22,4,45,38,177615,POINT (1028931.8143046284 215115.26618027306),ROOSEVELT AVENUE BRIDGE,Flushing Line,Flushing Line,EB
32970,Queens,2021,3,22,5,0,31,177615,POINT (1028931.8143046284 215115.26618027306),ROOSEVELT AVENUE BRIDGE,Flushing Line,Flushing Line,EB
32970,Queens,2021,3,22,5,15,37,177615,POINT (1028931.8143046284 215115.26618027306),ROOSEVELT AVENUE BRIDGE,Flushing Line,Flushing Line,EB
32970,Queens,2021,3,22,5,30,53,177615,POINT (1028931.8143046284 215115.26618027306),ROOSEVELT AVENUE BRIDGE,Flushing Line,Flushing Line,EB
32970,Queens,2021,3,22,5,45,49,177615,POINT (1028931.8143046284 215115.26618027306),ROOSEVELT AVENUE BRIDGE,Flushing Line,Flushing Line,EB
32970,Queens,2021,3,22,6,0,62,177615,POINT (1028931.8143046284 215115.26618027306),ROOSEVELT AVENUE BRIDGE,Flushing Line,Flushing Line,EB
32970,Queens,2021,3,22,6,15,82,177615,POINT (1028931.8143046284 215115.26618027306),ROOSEVELT AVENUE BRIDGE,Flushing Line,Flushing Line,EB
32970,Queens,2021,3,22,6,30,80,177615,POINT (1028931.8143046284 215115.26618027306),ROOSEVELT AVENUE BRIDGE,Flushing Line,Flushing Line,EB
32970,Queens,2021,3,22,6,45,89,177615,POINT (1028931.8143046284 215115.26618027306),ROOSEVELT AVENUE BRIDGE,Flushing Line,Flushing Line,EB
32970,Queens,2021,3,22,7,0,73,177615,POINT (1028931.8143046284 215115.26618027306),ROOSEVELT AVENUE BRIDGE,Flushing Line,Flushing Line,EB
32970,Queens,2021,3,22,7,15,80,177615,POINT (1028931.8143046284 215115.26618027306),ROOSEVELT AVENUE BRIDGE,Flushing Line,Flushing Line,EB
32970,Queens,2021,3,4,7,45,27,177615,POINT (1028931.8143046284 215115.26618027306),ROOSEVELT AVENUE BRIDGE,Flushing Line,Flushing Line,WB
32970,Queens,2021,3,4,8,0,78,177615,POINT (1028931.8143046284 215115.26618027306),ROOSEVELT AVENUE BRIDGE,Flushing Line,Flushing Line,WB
32970,Queens,2021,3,4,8,15,83,177615,POINT (1028931.8143046284 215115.26618027306),ROOSEVELT AVENUE BRIDGE,Flushing Line,Flushing Line,WB
32970,Queens,2021,3,4,8,30,82,177615,POINT (1028931.8143046284 215115.26618027306),ROOSEVELT AVENUE BRIDGE,Flushing Line,Flushing Line,WB
32970,Queens,2021,3,4,8,45,84,177615,POINT (1028931.8143046284 215115.26618027306),ROOSEVELT AVENUE BRIDGE,Flushing Line,Flushing Line,WB
32970,Queens,2021,3,4,9,0,94,177615,POINT (1028931.8143046284 215115.26618027306),ROOSEVELT AVENUE BRIDGE,Flushing Line,Flushing Line,WB
32970,Queens,2021,3,4,9,15,95,177615,POINT (1028931.8143046284 215115.26618027306),ROOSEVELT AVENUE BRIDGE,Flushing Line,Flushing Line,WB
32970,Queens,2021,3,4,9,30,90,177615,POINT (1028931.8143046284 215115.26618027306),ROOSEVELT AVENUE BRIDGE,Flushing Line,Flushing Line,WB
32970,Queens,2021,3,4,9,45,75,177615,POINT (1028931.8143046284 215115.26618027306),ROOSEVELT AVENUE BRIDGE,Flushing Line,Flushing Line,WB
32970,Queens,2021,3,4,10,0,94,177615,POINT (1028931.8143046284 215115.26618027306),ROOSEVELT AVENUE BRIDGE,Flushing Line,Flushing Line,WB
32970,Queens,2021,3,4,10,15,91,177615,POINT (1028931.8143046284 215115.26618027306),ROOSEVELT AVENUE BRIDGE,Flushing Line,Flushing Line,WB
32970,Queens,2021,3,4,10,30,102,177615,POINT (1028931.8143046284 215115.26618027306),ROOSEVELT AVENUE BRIDGE,Flushing Line,Flushing Line,WB
32970,Queens,2021,3,4,10,45,95,177615,POINT (1028931.8143046284 215115.26618027306),ROOSEVELT AVENUE BRIDGE,Flushing Line,Flushing Line,WB
32970,Queens,2021,3,4,11,0,75,177615,POINT (1028931.8143046284 215115.26618027306),ROOSEVELT AVENUE BRIDGE,Flushing Line,Flushing Line,WB
32970,Queens,2021,3,4,11,15,86,177615,POINT (1028931.8143046284 215115.26618027306),ROOSEVELT AVENUE BRIDGE,Flushing Line,Flushing Line,WB
32970,Queens,2021,3,4,11,30,86,177615,POINT (1028931.8143046284 215115.26618027306),ROOSEVELT AVENUE BRIDGE,Flushing Line,Flushing Line,WB
32970,Queens,2021,3,4,11,45,103,177615,POINT (1028931.8143046284 215115.26618027306),ROOSEVELT AVENUE BRIDGE,Flushing Line,Flushing Line,WB
32970,Queens,2021,3,4,12,0,100,177615,POINT (1028931.8143046284 215115.26618027306),ROOSEVELT AVENUE BRIDGE,Flushing Line,Flushing Line,WB
32970,Queens,2021,3,4,12,15,87,177615,POINT (1028931.8143046284 215115.26618027306),ROOSEVELT AVENUE BRIDGE,Flushing Line,Flushing Line,WB
32970,Queens,2021,3,4,12,30,82,177615,POINT (1028931.8143046284 215115.26618027306),ROOSEVELT AVENUE BRIDGE,Flushing Line,Flushing Line,WB
32970,Queens,2021,3,4,12,45,82,177615,POINT (1028931.8143046284 215115.26618027306),ROOSEVELT AVENUE BRIDGE,Flushing Line,Flushing Line,WB
32970,Queens,2021,3,4,13,0,88,177615,POINT (1028931.8143046284 215115.26618027306),ROOSEVELT AVENUE BRIDGE,Flushing Line,Flushing Line,WB
32970,Queens,2021,3,4,13,15,99,177615,POINT (1028931.8143046284 215115.26618027306),ROOSEVELT AVENUE BRIDGE,Flushing Line,Flushing Line,WB
32970,Queens,2021,3,4,13,30,98,177615,POINT (1028931.8143046284 215115.26618027306),ROOSEVELT AVENUE BRIDGE,Flushing Line,Flushing Line,WB
32970,Queens,2021,3,4,13,45,76,177615,POINT (1028931.8143046284 215115.26618027306),ROOSEVELT AVENUE BRIDGE,Flushing Line,Flushing Line,WB
32970,Queens,2021,3,4,14,0,96,177615,POINT (1028931.8143046284 215115.26618027306),ROOSEVELT AVENUE BRIDGE,Flushing Line,Flushing Line,WB
32970,Queens,2021,3,4,14,15,106,177615,POINT (1028931.8143046284 215115.26618027306),ROOSEVELT AVENUE BRIDGE,Flushing Line,Flushing Line,WB
32970,Queens,2021,3,4,14,30,98,177615,POINT (1028931.8143046284 215115.26618027306),ROOSEVELT AVENUE BRIDGE,Flushing Line,Flushing Line,WB
32970,Queens,2021,3,4,14,45,79,177615,POINT (1028931.8143046284 215115.26618027306),ROOSEVELT AVENUE BRIDGE,Flushing Line,Flushing Line,WB
32970,Queens,2021,3,4,15,0,109,177615,POINT (1028931.8143046284 215115.26618027306),ROOSEVELT AVENUE BRIDGE,Flushing Line,Flushing Line,WB
32970,Queens,2021,3,4,15,15,102,177615,POINT (1028931.8143046284 215115.26618027306),ROOSEVELT AVENUE BRIDGE,Flushing Line,Flushing Line,WB
32970,Queens,2021,3,4,15,30,92,177615,POINT (1028931.8143046284 215115.26618027306),ROOSEVELT AVENUE BRIDGE,Flushing Line,Flushing Line,WB
32970,Queens,2021,3,4,15,45,90,177615,POINT (1028931.8143046284 215115.26618027306),ROOSEVELT AVENUE BRIDGE,Flushing Line,Flushing Line,WB
32970,Queens,2021,3,4,16,0,99,177615,POINT (1028931.8143046284 215115.26618027306),ROOSEVELT AVENUE BRIDGE,Flushing Line,Flushing Line,WB
32970,Queens,2021,3,4,16,15,123,177615,POINT (1028931.8143046284 215115.26618027306),ROOSEVELT AVENUE BRIDGE,Flushing Line,Flushing Line,WB
32970,Queens,2021,3,4,16,30,105,177615,POINT (1028931.8143046284 215115.26618027306),ROOSEVELT AVENUE BRIDGE,Flushing Line,Flushing Line,WB
32970,Queens,2021,3,4,16,45,102,177615,POINT (1028931.8143046284 215115.26618027306),ROOSEVELT AVENUE BRIDGE,Flushing Line,Flushing Line,WB
32970,Queens,2021,3,4,17,0,98,177615,POINT (1028931.8143046284 215115.26618027306),ROOSEVELT AVENUE BRIDGE,Flushing Line,Flushing Line,WB
32970,Queens,2021,3,4,17,15,108,177615,POINT (1028931.8143046284 215115.26618027306),ROOSEVELT AVENUE BRIDGE,Flushing Line,Flushing Line,WB
32970,Queens,2021,3,4,17,30,111,177615,POINT (1028931.8143046284 215115.26618027306),ROOSEVELT AVENUE BRIDGE,Flushing Line,Flushing Line,WB
32970,Queens,2021,3,4,17,45,109,177615,POINT (1028931.8143046284 215115.26618027306),ROOSEVELT AVENUE BRIDGE,Flushing Line,Flushing Line,WB
32970,Queens,2021,3,4,18,0,110,177615,POINT (1028931.8143046284 215115.26618027306),ROOSEVELT AVENUE BRIDGE,Flushing Line,Flushing Line,WB
32970,Queens,2021,3,4,18,15,89,177615,POINT (1028931.8143046284 215115.26618027306),ROOSEVELT AVENUE BRIDGE,Flushing Line,Flushing Line,WB
32970,Queens,2021,3,4,18,30,88,177615,POINT (1028931.8143046284 215115.26618027306),ROOSEVELT AVENUE BRIDGE,Flushing Line,Flushing Line,WB
32970,Queens,2021,3,4,18,45,89,177615,POINT (1028931.8143046284 215115.26618027306),ROOSEVELT AVENUE BRIDGE,Flushing Line,Flushing Line,WB
32970,Queens,2021,3,4,19,0,74,177615,POINT (1028931.8143046284 215115.26618027306),ROOSEVELT AVENUE BRIDGE,Flushing Line,Flushing Line,WB
32970,Queens,2021,3,4,19,15,80,177615,POINT (1028931.8143046284 215115.26618027306),ROOSEVELT AVENUE BRIDGE,Flushing Line,Flushing Line,WB
32970,Queens,2021,3,4,19,30,68,177615,POINT (1028931.8143046284 215115.26618027306),ROOSEVELT AVENUE BRIDGE,Flushing Line,Flushing Line,WB
32970,Queens,2021,3,4,19,45,75,177615,POINT (1028931.8143046284 215115.26618027306),ROOSEVELT AVENUE BRIDGE,Flushing Line,Flushing Line,WB
32970,Queens,2021,3,4,20,0,71,177615,POINT (1028931.8143046284 215115.26618027306),ROOSEVELT AVENUE BRIDGE,Flushing Line,Flushing Line,WB
32970,Queens,2021,3,4,20,15,46,177615,POINT (1028931.8143046284 215115.26618027306),ROOSEVELT AVENUE BRIDGE,Flushing Line,Flushing Line,WB
32970,Queens,2021,3,4,20,30,52,177615,POINT (1028931.8143046284 215115.26618027306),ROOSEVELT AVENUE BRIDGE,Flushing Line,Flushing Line,WB
32970,Queens,2021,3,4,20,45,38,177615,POINT (1028931.8143046284 215115.26618027306),ROOSEVELT AVENUE BRIDGE,Flushing Line,Flushing Line,WB
32970,Queens,2021,3,4,21,0,41,177615,POINT (1028931.8143046284 215115.26618027306),ROOSEVELT AVENUE BRIDGE,Flushing Line,Flushing Line,WB
32970,Queens,2021,3,4,21,15,41,177615,POINT (1028931.8143046284 215115.26618027306),ROOSEVELT AVENUE BRIDGE,Flushing Line,Flushing Line,WB
32970,Queens,2021,3,4,21,30,34,177615,POINT (1028931.8143046284 215115.26618027306),ROOSEVELT AVENUE BRIDGE,Flushing Line,Flushing Line,WB
32970,Queens,2021,3,4,21,45,38,177615,POINT (1028931.8143046284 215115.26618027306),ROOSEVELT AVENUE BRIDGE,Flushing Line,Flushing Line,WB
32970,Queens,2021,3,4,22,0,43,177615,POINT (1028931.8143046284 215115.26618027306),ROOSEVELT AVENUE BRIDGE,Flushing Line,Flushing Line,WB
32970,Queens,2021,3,4,22,15,36,177615,POINT (1028931.8143046284 215115.26618027306),ROOSEVELT AVENUE BRIDGE,Flushing Line,Flushing Line,WB
32970,Queens,2021,3,4,22,30,33,177615,POINT (1028931.8143046284 215115.26618027306),ROOSEVELT AVENUE BRIDGE,Flushing Line,Flushing Line,WB
32970,Queens,2021,3,4,22,45,25,177615,POINT (1028931.8143046284 215115.26618027306),ROOSEVELT AVENUE BRIDGE,Flushing Line,Flushing Line,WB
32970,Queens,2021,3,4,23,0,20,177615,POINT (1028931.8143046284 215115.26618027306),ROOSEVELT AVENUE BRIDGE,Flushing Line,Flushing Line,WB
32970,Queens,2021,3,4,23,15,25,177615,POINT (1028931.8143046284 215115.26618027306),ROOSEVELT AVENUE BRIDGE,Flushing Line,Flushing Line,WB
32970,Queens,2021,3,4,23,30,32,177615,POINT (1028931.8143046284 215115.26618027306),ROOSEVELT AVENUE BRIDGE,Flushing Line,Flushing Line,WB
32970,Queens,2021,3,4,23,45,22,177615,POINT (1028931.8143046284 215115.26618027306),ROOSEVELT AVENUE BRIDGE,Flushing Line,Flushing Line,WB
32970,Queens,2021,3,5,0,0,21,177615,POINT (1028931.8143046284 215115.26618027306),ROOSEVELT AVENUE BRIDGE,Flushing Line,Flushing Line,WB
32970,Queens,2021,3,5,0,15,23,177615,POINT (1028931.8143046284 215115.26618027306),ROOSEVELT AVENUE BRIDGE,Flushing Line,Flushing Line,WB
32970,Queens,2021,3,5,0,30,8,177615,POINT (1028931.8143046284 215115.26618027306),ROOSEVELT AVENUE BRIDGE,Flushing Line,Flushing Line,WB
32970,Queens,2021,3,5,0,45,16,177615,POINT (1028931.8143046284 215115.26618027306),ROOSEVELT AVENUE BRIDGE,Flushing Line,Flushing Line,WB
32970,Queens,2021,3,5,1,0,8,177615,POINT (1028931.8143046284 215115.26618027306),ROOSEVELT AVENUE BRIDGE,Flushing Line,Flushing Line,WB
32970,Queens,2021,3,5,1,15,12,177615,POINT (1028931.8143046284 215115.26618027306),ROOSEVELT AVENUE BRIDGE,Flushing Line,Flushing Line,WB
32970,Queens,2021,3,5,1,30,11,177615,POINT (1028931.8143046284 215115.26618027306),ROOSEVELT AVENUE BRIDGE,Flushing Line,Flushing Line,WB
32970,Queens,2021,3,5,1,45,5,177615,POINT (1028931.8143046284 215115.26618027306),ROOSEVELT AVENUE BRIDGE,Flushing Line,Flushing Line,WB
32970,Queens,2021,3,5,2,0,9,177615,POINT (1028931.8143046284 215115.26618027306),ROOSEVELT AVENUE BRIDGE,Flushing Line,Flushing Line,WB
32970,Queens,2021,3,5,2,15,9,177615,POINT (1028931.8143046284 215115.26618027306),ROOSEVELT AVENUE BRIDGE,Flushing Line,Flushing Line,WB
32970,Queens,2021,3,5,2,30,8,177615,POINT (1028931.8143046284 215115.26618027306),ROOSEVELT AVENUE BRIDGE,Flushing Line,Flushing Line,WB
32970,Queens,2021,3,5,2,45,5,177615,POINT (1028931.8143046284 215115.26618027306),ROOSEVELT AVENUE BRIDGE,Flushing Line,Flushing Line,WB
32970,Queens,2021,3,5,3,0,8,177615,POINT (1028931.8143046284 215115.26618027306),ROOSEVELT AVENUE BRIDGE,Flushing Line,Flushing Line,WB
32970,Queens,2021,3,5,3,15,10,177615,POINT (1028931.8143046284 215115.26618027306),ROOSEVELT AVENUE BRIDGE,Flushing Line,Flushing Line,WB
32970,Queens,2021,3,5,3,30,6,177615,POINT (1028931.8143046284 215115.26618027306),ROOSEVELT AVENUE BRIDGE,Flushing Line,Flushing Line,WB
32970,Queens,2021,3,5,3,45,7,177615,POINT (1028931.8143046284 215115.26618027306),ROOSEVELT AVENUE BRIDGE,Flushing Line,Flushing Line,WB
32970,Queens,2021,3,5,4,0,9,177615,POINT (1028931.8143046284 215115.26618027306),ROOSEVELT AVENUE BRIDGE,Flushing Line,Flushing Line,WB
32970,Queens,2021,3,5,4,15,8,177615,POINT (1028931.8143046284 215115.26618027306),ROOSEVELT AVENUE BRIDGE,Flushing Line,Flushing Line,WB
32970,Queens,2021,3,5,4,30,11,177615,POINT (1028931.8143046284 215115.26618027306),ROOSEVELT AVENUE BRIDGE,Flushing Line,Flushing Line,WB
32970,Queens,2021,3,5,4,45,14,177615,POINT (1028931.8143046284 215115.26618027306),ROOSEVELT AVENUE BRIDGE,Flushing Line,Flushing Line,WB
32970,Queens,2021,3,5,5,0,18,177615,POINT (1028931.8143046284 215115.26618027306),ROOSEVELT AVENUE BRIDGE,Flushing Line,Flushing Line,WB
32970,Queens,2021,3,5,5,15,26,177615,POINT (1028931.8143046284 215115.26618027306),ROOSEVELT AVENUE BRIDGE,Flushing Line,Flushing Line,WB
32970,Queens,2021,3,5,5,30,34,177615,POINT (1028931.8143046284 215115.26618027306),ROOSEVELT AVENUE BRIDGE,Flushing Line,Flushing Line,WB
32970,Queens,2021,3,5,5,45,43,177615,POINT (1028931.8143046284 215115.26618027306),ROOSEVELT AVENUE BRIDGE,Flushing Line,Flushing Line,WB
32970,Queens,2021,3,5,6,0,42,177615,POINT (1028931.8143046284 215115.26618027306),ROOSEVELT AVENUE BRIDGE,Flushing Line,Flushing Line,WB
32970,Queens,2021,3,5,6,15,39,177615,POINT (1028931.8143046284 215115.26618027306),ROOSEVELT AVENUE BRIDGE,Flushing Line,Flushing Line,WB
32970,Queens,2021,3,5,6,30,54,177615,POINT (1028931.8143046284 215115.26618027306),ROOSEVELT AVENUE BRIDGE,Flushing Line,Flushing Line,WB
32970,Queens,2021,3,5,6,45,68,177615,POINT (1028931.8143046284 215115.26618027306),ROOSEVELT AVENUE BRIDGE,Flushing Line,Flushing Line,WB
32970,Queens,2021,3,5,7,0,85,177615,POINT (1028931.8143046284 215115.26618027306),ROOSEVELT AVENUE BRIDGE,Flushing Line,Flushing Line,WB
32970,Queens,2021,3,5,7,15,103,177615,POINT (1028931.8143046284 215115.26618027306),ROOSEVELT AVENUE BRIDGE,Flushing Line,Flushing Line,WB
32970,Queens,2021,3,5,7,30,83,177615,POINT (1028931.8143046284 215115.26618027306),ROOSEVELT AVENUE BRIDGE,Flushing Line,Flushing Line,WB
32970,Queens,2021,3,5,7,45,86,177615,POINT (1028931.8143046284 215115.26618027306),ROOSEVELT AVENUE BRIDGE,Flushing Line,Flushing Line,WB
32970,Queens,2021,3,5,8,0,86,177615,POINT (1028931.8143046284 215115.26618027306),ROOSEVELT AVENUE BRIDGE,Flushing Line,Flushing Line,WB
32970,Queens,2021,3,5,8,15,99,177615,POINT (1028931.8143046284 215115.26618027306),ROOSEVELT AVENUE BRIDGE,Flushing Line,Flushing Line,WB
32970,Queens,2021,3,5,8,30,98,177615,POINT (1028931.8143046284 215115.26618027306),ROOSEVELT AVENUE BRIDGE,Flushing Line,Flushing Line,WB
32970,Queens,2021,3,5,8,45,99,177615,POINT (1028931.8143046284 215115.26618027306),ROOSEVELT AVENUE BRIDGE,Flushing Line,Flushing Line,WB
32970,Queens,2021,3,5,9,0,88,177615,POINT (1028931.8143046284 215115.26618027306),ROOSEVELT AVENUE BRIDGE,Flushing Line,Flushing Line,WB
32970,Queens,2021,3,5,9,15,82,177615,POINT (1028931.8143046284 215115.26618027306),ROOSEVELT AVENUE BRIDGE,Flushing Line,Flushing Line,WB
32970,Queens,2021,3,5,9,30,96,177615,POINT (1028931.8143046284 215115.26618027306),ROOSEVELT AVENUE BRIDGE,Flushing Line,Flushing Line,WB
32970,Queens,2021,3,5,9,45,111,177615,POINT (1028931.8143046284 215115.26618027306),ROOSEVELT AVENUE BRIDGE,Flushing Line,Flushing Line,WB
32970,Queens,2021,3,5,10,0,96,177615,POINT (1028931.8143046284 215115.26618027306),ROOSEVELT AVENUE BRIDGE,Flushing Line,Flushing Line,WB
32970,Queens,2021,3,5,10,15,86,177615,POINT (1028931.8143046284 215115.26618027306),ROOSEVELT AVENUE BRIDGE,Flushing Line,Flushing Line,WB
32970,Queens,2021,3,5,10,30,106,177615,POINT (1028931.8143046284 215115.26618027306),ROOSEVELT AVENUE BRIDGE,Flushing Line,Flushing Line,WB
32970,Queens,2021,3,5,10,45,84,177615,POINT (1028931.8143046284 215115.26618027306),ROOSEVELT AVENUE BRIDGE,Flushing Line,Flushing Line,WB
32970,Queens,2021,3,5,11,0,79,177615,POINT (1028931.8143046284 215115.26618027306),ROOSEVELT AVENUE BRIDGE,Flushing Line,Flushing Line,WB
32970,Queens,2021,3,5,11,15,90,177615,POINT (1028931.8143046284 215115.26618027306),ROOSEVELT AVENUE BRIDGE,Flushing Line,Flushing Line,WB
32970,Queens,2021,3,5,11,30,86,177615,POINT (1028931.8143046284 215115.26618027306),ROOSEVELT AVENUE BRIDGE,Flushing Line,Flushing Line,WB
32970,Queens,2021,3,5,11,45,113,177615,POINT (1028931.8143046284 215115.26618027306),ROOSEVELT AVENUE BRIDGE,Flushing Line,Flushing Line,WB
32970,Queens,2021,3,5,12,0,106,177615,POINT (1028931.8143046284 215115.26618027306),ROOSEVELT AVENUE BRIDGE,Flushing Line,Flushing Line,WB
32970,Queens,2021,3,5,12,15,102,177615,POINT (1028931.8143046284 215115.26618027306),ROOSEVELT AVENUE BRIDGE,Flushing Line,Flushing Line,WB
32970,Queens,2021,3,5,12,30,92,177615,POINT (1028931.8143046284 215115.26618027306),ROOSEVELT AVENUE BRIDGE,Flushing Line,Flushing Line,WB
32970,Queens,2021,3,5,12,45,112,177615,POINT (1028931.8143046284 215115.26618027306),ROOSEVELT AVENUE BRIDGE,Flushing Line,Flushing Line,WB
32970,Queens,2021,3,5,13,0,115,177615,POINT (1028931.8143046284 215115.26618027306),ROOSEVELT AVENUE BRIDGE,Flushing Line,Flushing Line,WB
32970,Queens,2021,3,5,13,15,108,177615,POINT (1028931.8143046284 215115.26618027306),ROOSEVELT AVENUE BRIDGE,Flushing Line,Flushing Line,WB
32970,Queens,2021,3,5,13,30,98,177615,POINT (1028931.8143046284 215115.26618027306),ROOSEVELT AVENUE BRIDGE,Flushing Line,Flushing Line,WB
32970,Queens,2021,3,5,13,45,90,177615,POINT (1028931.8143046284 215115.26618027306),ROOSEVELT AVENUE BRIDGE,Flushing Line,Flushing Line,WB
32970,Queens,2021,3,5,14,0,100,177615,POINT (1028931.8143046284 215115.26618027306),ROOSEVELT AVENUE BRIDGE,Flushing Line,Flushing Line,WB
32970,Queens,2021,3,5,14,15,96,177615,POINT (1028931.8143046284 215115.26618027306),ROOSEVELT AVENUE BRIDGE,Flushing Line,Flushing Line,WB
32970,Queens,2021,3,5,14,30,82,177615,POINT (1028931.8143046284 215115.26618027306),ROOSEVELT AVENUE BRIDGE,Flushing Line,Flushing Line,WB
32970,Queens,2021,3,5,14,45,117,177615,POINT (1028931.8143046284 215115.26618027306),ROOSEVELT AVENUE BRIDGE,Flushing Line,Flushing Line,WB
32970,Queens,2021,3,5,15,0,110,177615,POINT (1028931.8143046284 215115.26618027306),ROOSEVELT AVENUE BRIDGE,Flushing Line,Flushing Line,WB
32970,Queens,2021,3,5,15,15,93,177615,POINT (1028931.8143046284 215115.26618027306),ROOSEVELT AVENUE BRIDGE,Flushing Line,Flushing Line,WB
32970,Queens,2021,3,5,15,30,90,177615,POINT (1028931.8143046284 215115.26618027306),ROOSEVELT AVENUE BRIDGE,Flushing Line,Flushing Line,WB
32970,Queens,2021,3,5,15,45,117,177615,POINT (1028931.8143046284 215115.26618027306),ROOSEVELT AVENUE BRIDGE,Flushing Line,Flushing Line,WB
32970,Queens,2021,3,5,16,0,77,177615,POINT (1028931.8143046284 215115.26618027306),ROOSEVELT AVENUE BRIDGE,Flushing Line,Flushing Line,WB
32970,Queens,2021,3,5,16,15,103,177615,POINT (1028931.8143046284 215115.26618027306),ROOSEVELT AVENUE BRIDGE,Flushing Line,Flushing Line,WB
32970,Queens,2021,3,5,16,30,101,177615,POINT (1028931.8143046284 215115.26618027306),ROOSEVELT AVENUE BRIDGE,Flushing Line,Flushing Line,WB
32970,Queens,2021,3,5,16,45,98,177615,POINT (1028931.8143046284 215115.26618027306),ROOSEVELT AVENUE BRIDGE,Flushing Line,Flushing Line,WB
32970,Queens,2021,3,5,17,0,108,177615,POINT (1028931.8143046284 215115.26618027306),ROOSEVELT AVENUE BRIDGE,Flushing Line,Flushing Line,WB
32970,Queens,2021,3,5,17,15,113,177615,POINT (1028931.8143046284 215115.26618027306),ROOSEVELT AVENUE BRIDGE,Flushing Line,Flushing Line,WB
32970,Queens,2021,3,5,17,30,138,177615,POINT (1028931.8143046284 215115.26618027306),ROOSEVELT AVENUE BRIDGE,Flushing Line,Flushing Line,WB
32970,Queens,2021,3,5,17,45,110,177615,POINT (1028931.8143046284 215115.26618027306),ROOSEVELT AVENUE BRIDGE,Flushing Line,Flushing Line,WB
32970,Queens,2021,3,5,18,0,115,177615,POINT (1028931.8143046284 215115.26618027306),ROOSEVELT AVENUE BRIDGE,Flushing Line,Flushing Line,WB
32970,Queens,2021,3,5,18,15,100,177615,POINT (1028931.8143046284 215115.26618027306),ROOSEVELT AVENUE BRIDGE,Flushing Line,Flushing Line,WB
32970,Queens,2021,3,5,18,30,102,177615,POINT (1028931.8143046284 215115.26618027306),ROOSEVELT AVENUE BRIDGE,Flushing Line,Flushing Line,WB
32970,Queens,2021,3,5,18,45,91,177615,POINT (1028931.8143046284 215115.26618027306),ROOSEVELT AVENUE BRIDGE,Flushing Line,Flushing Line,WB
32970,Queens,2021,3,5,19,0,100,177615,POINT (1028931.8143046284 215115.26618027306),ROOSEVELT AVENUE BRIDGE,Flushing Line,Flushing Line,WB
32970,Queens,2021,3,5,19,15,89,177615,POINT (1028931.8143046284 215115.26618027306),ROOSEVELT AVENUE BRIDGE,Flushing Line,Flushing Line,WB
32970,Queens,2021,3,5,19,30,71,177615,POINT (1028931.8143046284 215115.26618027306),ROOSEVELT AVENUE BRIDGE,Flushing Line,Flushing Line,WB
32970,Queens,2021,3,5,19,45,91,177615,POINT (1028931.8143046284 215115.26618027306),ROOSEVELT AVENUE BRIDGE,Flushing Line,Flushing Line,WB
32970,Queens,2021,3,5,20,0,76,177615,POINT (1028931.8143046284 215115.26618027306),ROOSEVELT AVENUE BRIDGE,Flushing Line,Flushing Line,WB
32970,Queens,2021,3,5,20,15,91,177615,POINT (1028931.8143046284 215115.26618027306),ROOSEVELT AVENUE BRIDGE,Flushing Line,Flushing Line,WB
32970,Queens,2021,3,5,20,30,72,177615,POINT (1028931.8143046284 215115.26618027306),ROOSEVELT AVENUE BRIDGE,Flushing Line,Flushing Line,WB
32970,Queens,2021,3,5,20,45,59,177615,POINT (1028931.8143046284 215115.26618027306),ROOSEVELT AVENUE BRIDGE,Flushing Line,Flushing Line,WB
32970,Queens,2021,3,5,21,0,53,177615,POINT (1028931.8143046284 215115.26618027306),ROOSEVELT AVENUE BRIDGE,Flushing Line,Flushing Line,WB
32970,Queens,2021,3,5,21,15,68,177615,POINT (1028931.8143046284 215115.26618027306),ROOSEVELT AVENUE BRIDGE,Flushing Line,Flushing Line,WB
32970,Queens,2021,3,5,21,30,48,177615,POINT (1028931.8143046284 215115.26618027306),ROOSEVELT AVENUE BRIDGE,Flushing Line,Flushing Line,WB
32970,Queens,2021,3,5,21,45,58,177615,POINT (1028931.8143046284 215115.26618027306),ROOSEVELT AVENUE BRIDGE,Flushing Line,Flushing Line,WB
32970,Queens,2021,3,5,22,0,35,177615,POINT (1028931.8143046284 215115.26618027306),ROOSEVELT AVENUE BRIDGE,Flushing Line,Flushing Line,WB
32970,Queens,2021,3,5,22,15,52,177615,POINT (1028931.8143046284 215115.26618027306),ROOSEVELT AVENUE BRIDGE,Flushing Line,Flushing Line,WB
32970,Queens,2021,3,5,22,30,35,177615,POINT (1028931.8143046284 215115.26618027306),ROOSEVELT AVENUE BRIDGE,Flushing Line,Flushing Line,WB
32970,Queens,2021,3,5,22,45,39,177615,POINT (1028931.8143046284 215115.26618027306),ROOSEVELT AVENUE BRIDGE,Flushing Line,Flushing Line,WB
32970,Queens,2021,3,5,23,0,29,177615,POINT (1028931.8143046284 215115.26618027306),ROOSEVELT AVENUE BRIDGE,Flushing Line,Flushing Line,WB
32970,Queens,2021,3,5,23,15,36,177615,POINT (1028931.8143046284 215115.26618027306),ROOSEVELT AVENUE BRIDGE,Flushing Line,Flushing Line,WB
32970,Queens,2021,3,5,23,30,24,177615,POINT (1028931.8143046284 215115.26618027306),ROOSEVELT AVENUE BRIDGE,Flushing Line,Flushing Line,WB
32970,Queens,2021,3,5,23,45,36,177615,POINT (1028931.8143046284 215115.26618027306),ROOSEVELT AVENUE BRIDGE,Flushing Line,Flushing Line,WB
32970,Queens,2021,3,6,0,0,38,177615,POINT (1028931.8143046284 215115.26618027306),ROOSEVELT AVENUE BRIDGE,Flushing Line,Flushing Line,WB
32970,Queens,2021,3,6,0,15,16,177615,POINT (1028931.8143046284 215115.26618027306),ROOSEVELT AVENUE BRIDGE,Flushing Line,Flushing Line,WB
32970,Queens,2021,3,6,0,30,16,177615,POINT (1028931.8143046284 215115.26618027306),ROOSEVELT AVENUE BRIDGE,Flushing Line,Flushing Line,WB
32970,Queens,2021,3,6,0,45,14,177615,POINT (1028931.8143046284 215115.26618027306),ROOSEVELT AVENUE BRIDGE,Flushing Line,Flushing Line,WB
32970,Queens,2021,3,6,1,0,18,177615,POINT (1028931.8143046284 215115.26618027306),ROOSEVELT AVENUE BRIDGE,Flushing Line,Flushing Line,WB
32970,Queens,2021,3,6,1,15,15,177615,POINT (1028931.8143046284 215115.26618027306),ROOSEVELT AVENUE BRIDGE,Flushing Line,Flushing Line,WB
32970,Queens,2021,3,6,1,30,19,177615,POINT (1028931.8143046284 215115.26618027306),ROOSEVELT AVENUE BRIDGE,Flushing Line,Flushing Line,WB
32970,Queens,2021,3,6,1,45,11,177615,POINT (1028931.8143046284 215115.26618027306),ROOSEVELT AVENUE BRIDGE,Flushing Line,Flushing Line,WB
32970,Queens,2021,3,6,2,0,9,177615,POINT (1028931.8143046284 215115.26618027306),ROOSEVELT AVENUE BRIDGE,Flushing Line,Flushing Line,WB
32970,Queens,2021,3,6,2,15,11,177615,POINT (1028931.8143046284 215115.26618027306),ROOSEVELT AVENUE BRIDGE,Flushing Line,Flushing Line,WB
32970,Queens,2021,3,6,2,30,7,177615,POINT (1028931.8143046284 215115.26618027306),ROOSEVELT AVENUE BRIDGE,Flushing Line,Flushing Line,WB
32970,Queens,2021,3,6,2,45,9,177615,POINT (1028931.8143046284 215115.26618027306),ROOSEVELT AVENUE BRIDGE,Flushing Line,Flushing Line,WB
32970,Queens,2021,3,6,3,0,9,177615,POINT (1028931.8143046284 215115.26618027306),ROOSEVELT AVENUE BRIDGE,Flushing Line,Flushing Line,WB
32970,Queens,2021,3,6,3,15,7,177615,POINT (1028931.8143046284 215115.26618027306),ROOSEVELT AVENUE BRIDGE,Flushing Line,Flushing Line,WB
32970,Queens,2021,3,6,3,30,10,177615,POINT (1028931.8143046284 215115.26618027306),ROOSEVELT AVENUE BRIDGE,Flushing Line,Flushing Line,WB
32970,Queens,2021,3,6,3,45,9,177615,POINT (1028931.8143046284 215115.26618027306),ROOSEVELT AVENUE BRIDGE,Flushing Line,Flushing Line,WB
32970,Queens,2021,3,6,4,0,9,177615,POINT (1028931.8143046284 215115.26618027306),ROOSEVELT AVENUE BRIDGE,Flushing Line,Flushing Line,WB
32970,Queens,2021,3,6,4,15,10,177615,POINT (1028931.8143046284 215115.26618027306),ROOSEVELT AVENUE BRIDGE,Flushing Line,Flushing Line,WB
32970,Queens,2021,3,6,4,30,11,177615,POINT (1028931.8143046284 215115.26618027306),ROOSEVELT AVENUE BRIDGE,Flushing Line,Flushing Line,WB
32970,Queens,2021,3,6,4,45,11,177615,POINT (1028931.8143046284 215115.26618027306),ROOSEVELT AVENUE BRIDGE,Flushing Line,Flushing Line,WB
32970,Queens,2021,3,6,5,0,13,177615,POINT (1028931.8143046284 215115.26618027306),ROOSEVELT AVENUE BRIDGE,Flushing Line,Flushing Line,WB
32970,Queens,2021,3,6,5,15,18,177615,POINT (1028931.8143046284 215115.26618027306),ROOSEVELT AVENUE BRIDGE,Flushing Line,Flushing Line,WB
32970,Queens,2021,3,6,5,30,22,177615,POINT (1028931.8143046284 215115.26618027306),ROOSEVELT AVENUE BRIDGE,Flushing Line,Flushing Line,WB
32970,Queens,2021,3,6,5,45,12,177615,POINT (1028931.8143046284 215115.26618027306),ROOSEVELT AVENUE BRIDGE,Flushing Line,Flushing Line,WB
32970,Queens,2021,3,6,6,0,15,177615,POINT (1028931.8143046284 215115.26618027306),ROOSEVELT AVENUE BRIDGE,Flushing Line,Flushing Line,WB
32970,Queens,2021,3,6,6,15,27,177615,POINT (1028931.8143046284 215115.26618027306),ROOSEVELT AVENUE BRIDGE,Flushing Line,Flushing Line,WB
32970,Queens,2021,3,6,6,30,31,177615,POINT (1028931.8143046284 215115.26618027306),ROOSEVELT AVENUE BRIDGE,Flushing Line,Flushing Line,WB
32970,Queens,2021,3,6,6,45,41,177615,POINT (1028931.8143046284 215115.26618027306),ROOSEVELT AVENUE BRIDGE,Flushing Line,Flushing Line,WB
32970,Queens,2021,3,6,7,0,41,177615,POINT (1028931.8143046284 215115.26618027306),ROOSEVELT AVENUE BRIDGE,Flushing Line,Flushing Line,WB
32970,Queens,2021,3,6,7,15,66,177615,POINT (1028931.8143046284 215115.26618027306),ROOSEVELT AVENUE BRIDGE,Flushing Line,Flushing Line,WB
32970,Queens,2021,3,6,7,30,59,177615,POINT (1028931.8143046284 215115.26618027306),ROOSEVELT AVENUE BRIDGE,Flushing Line,Flushing Line,WB
32970,Queens,2021,3,6,7,45,69,177615,POINT (1028931.8143046284 215115.26618027306),ROOSEVELT AVENUE BRIDGE,Flushing Line,Flushing Line,WB
32970,Queens,2021,3,6,8,0,63,177615,POINT (1028931.8143046284 215115.26618027306),ROOSEVELT AVENUE BRIDGE,Flushing Line,Flushing Line,WB
32970,Queens,2021,3,6,8,15,64,177615,POINT (1028931.8143046284 215115.26618027306),ROOSEVELT AVENUE BRIDGE,Flushing Line,Flushing Line,WB
32970,Queens,2021,3,6,8,30,79,177615,POINT (1028931.8143046284 215115.26618027306),ROOSEVELT AVENUE BRIDGE,Flushing Line,Flushing Line,WB
32970,Queens,2021,3,6,8,45,90,177615,POINT (1028931.8143046284 215115.26618027306),ROOSEVELT AVENUE BRIDGE,Flushing Line,Flushing Line,WB
32970,Queens,2021,3,6,9,0,73,177615,POINT (1028931.8143046284 215115.26618027306),ROOSEVELT AVENUE BRIDGE,Flushing Line,Flushing Line,WB
32970,Queens,2021,3,6,9,15,84,177615,POINT (1028931.8143046284 215115.26618027306),ROOSEVELT AVENUE BRIDGE,Flushing Line,Flushing Line,WB
32970,Queens,2021,3,6,9,30,72,177615,POINT (1028931.8143046284 215115.26618027306),ROOSEVELT AVENUE BRIDGE,Flushing Line,Flushing Line,WB
32970,Queens,2021,3,6,9,45,100,177615,POINT (1028931.8143046284 215115.26618027306),ROOSEVELT AVENUE BRIDGE,Flushing Line,Flushing Line,WB
32970,Queens,2021,3,6,10,0,81,177615,POINT (1028931.8143046284 215115.26618027306),ROOSEVELT AVENUE BRIDGE,Flushing Line,Flushing Line,WB
32970,Queens,2021,3,6,10,15,87,177615,POINT (1028931.8143046284 215115.26618027306),ROOSEVELT AVENUE BRIDGE,Flushing Line,Flushing Line,WB
32970,Queens,2021,3,6,10,30,100,177615,POINT (1028931.8143046284 215115.26618027306),ROOSEVELT AVENUE BRIDGE,Flushing Line,Flushing Line,WB
32970,Queens,2021,3,6,10,45,110,177615,POINT (1028931.8143046284 215115.26618027306),ROOSEVELT AVENUE BRIDGE,Flushing Line,Flushing Line,WB
32970,Queens,2021,3,6,11,0,102,177615,POINT (1028931.8143046284 215115.26618027306),ROOSEVELT AVENUE BRIDGE,Flushing Line,Flushing Line,WB
32970,Queens,2021,3,6,11,15,103,177615,POINT (1028931.8143046284 215115.26618027306),ROOSEVELT AVENUE BRIDGE,Flushing Line,Flushing Line,WB
32970,Queens,2021,3,6,11,30,115,177615,POINT (1028931.8143046284 215115.26618027306),ROOSEVELT AVENUE BRIDGE,Flushing Line,Flushing Line,WB
32970,Queens,2021,3,6,11,45,113,177615,POINT (1028931.8143046284 215115.26618027306),ROOSEVELT AVENUE BRIDGE,Flushing Line,Flushing Line,WB
32970,Queens,2021,3,6,12,0,118,177615,POINT (1028931.8143046284 215115.26618027306),ROOSEVELT AVENUE BRIDGE,Flushing Line,Flushing Line,WB
32970,Queens,2021,3,6,12,15,93,177615,POINT (1028931.8143046284 215115.26618027306),ROOSEVELT AVENUE BRIDGE,Flushing Line,Flushing Line,WB
32970,Queens,2021,3,6,12,30,118,177615,POINT (1028931.8143046284 215115.26618027306),ROOSEVELT AVENUE BRIDGE,Flushing Line,Flushing Line,WB
32970,Queens,2021,3,6,12,45,96,177615,POINT (1028931.8143046284 215115.26618027306),ROOSEVELT AVENUE BRIDGE,Flushing Line,Flushing Line,WB
32970,Queens,2021,3,6,13,0,123,177615,POINT (1028931.8143046284 215115.26618027306),ROOSEVELT AVENUE BRIDGE,Flushing Line,Flushing Line,WB
32970,Queens,2021,3,6,13,15,114,177615,POINT (1028931.8143046284 215115.26618027306),ROOSEVELT AVENUE BRIDGE,Flushing Line,Flushing Line,WB
32970,Queens,2021,3,6,13,30,131,177615,POINT (1028931.8143046284 215115.26618027306),ROOSEVELT AVENUE BRIDGE,Flushing Line,Flushing Line,WB
32970,Queens,2021,3,6,13,45,134,177615,POINT (1028931.8143046284 215115.26618027306),ROOSEVELT AVENUE BRIDGE,Flushing Line,Flushing Line,WB
32970,Queens,2021,3,6,14,0,145,177615,POINT (1028931.8143046284 215115.26618027306),ROOSEVELT AVENUE BRIDGE,Flushing Line,Flushing Line,WB
32970,Queens,2021,3,6,14,15,116,177615,POINT (1028931.8143046284 215115.26618027306),ROOSEVELT AVENUE BRIDGE,Flushing Line,Flushing Line,WB
32970,Queens,2021,3,6,14,30,130,177615,POINT (1028931.8143046284 215115.26618027306),ROOSEVELT AVENUE BRIDGE,Flushing Line,Flushing Line,WB
32970,Queens,2021,3,6,14,45,112,177615,POINT (1028931.8143046284 215115.26618027306),ROOSEVELT AVENUE BRIDGE,Flushing Line,Flushing Line,WB
32970,Queens,2021,3,6,15,0,129,177615,POINT (1028931.8143046284 215115.26618027306),ROOSEVELT AVENUE BRIDGE,Flushing Line,Flushing Line,WB
32970,Queens,2021,3,6,15,15,129,177615,POINT (1028931.8143046284 215115.26618027306),ROOSEVELT AVENUE BRIDGE,Flushing Line,Flushing Line,WB
32970,Queens,2021,3,6,15,30,143,177615,POINT (1028931.8143046284 215115.26618027306),ROOSEVELT AVENUE BRIDGE,Flushing Line,Flushing Line,WB
32970,Queens,2021,3,6,15,45,133,177615,POINT (1028931.8143046284 215115.26618027306),ROOSEVELT AVENUE BRIDGE,Flushing Line,Flushing Line,WB
32970,Queens,2021,3,6,16,0,123,177615,POINT (1028931.8143046284 215115.26618027306),ROOSEVELT AVENUE BRIDGE,Flushing Line,Flushing Line,WB
32970,Queens,2021,3,6,16,15,124,177615,POINT (1028931.8143046284 215115.26618027306),ROOSEVELT AVENUE BRIDGE,Flushing Line,Flushing Line,WB
32970,Queens,2021,3,6,16,30,121,177615,POINT (1028931.8143046284 215115.26618027306),ROOSEVELT AVENUE BRIDGE,Flushing Line,Flushing Line,WB
32970,Queens,2021,3,6,16,45,125,177615,POINT (1028931.8143046284 215115.26618027306),ROOSEVELT AVENUE BRIDGE,Flushing Line,Flushing Line,WB
32970,Queens,2021,3,6,17,0,118,177615,POINT (1028931.8143046284 215115.26618027306),ROOSEVELT AVENUE BRIDGE,Flushing Line,Flushing Line,WB
32970,Queens,2021,3,6,17,15,139,177615,POINT (1028931.8143046284 215115.26618027306),ROOSEVELT AVENUE BRIDGE,Flushing Line,Flushing Line,WB
32970,Queens,2021,3,6,17,30,138,177615,POINT (1028931.8143046284 215115.26618027306),ROOSEVELT AVENUE BRIDGE,Flushing Line,Flushing Line,WB
32970,Queens,2021,3,6,17,45,105,177615,POINT (1028931.8143046284 215115.26618027306),ROOSEVELT AVENUE BRIDGE,Flushing Line,Flushing Line,WB
32970,Queens,2021,3,6,18,0,126,177615,POINT (1028931.8143046284 215115.26618027306),ROOSEVELT AVENUE BRIDGE,Flushing Line,Flushing Line,WB
32970,Queens,2021,3,6,18,15,106,177615,POINT (1028931.8143046284 215115.26618027306),ROOSEVELT AVENUE BRIDGE,Flushing Line,Flushing Line,WB
32970,Queens,2021,3,6,18,30,108,177615,POINT (1028931.8143046284 215115.26618027306),ROOSEVELT AVENUE BRIDGE,Flushing Line,Flushing Line,WB
32970,Queens,2021,3,6,18,45,104,177615,POINT (1028931.8143046284 215115.26618027306),ROOSEVELT AVENUE BRIDGE,Flushing Line,Flushing Line,WB
32970,Queens,2021,3,6,19,0,99,177615,POINT (1028931.8143046284 215115.26618027306),ROOSEVELT AVENUE BRIDGE,Flushing Line,Flushing Line,WB
32970,Queens,2021,3,6,19,15,101,177615,POINT (1028931.8143046284 215115.26618027306),ROOSEVELT AVENUE BRIDGE,Flushing Line,Flushing Line,WB
32970,Queens,2021,3,6,19,30,104,177615,POINT (1028931.8143046284 215115.26618027306),ROOSEVELT AVENUE BRIDGE,Flushing Line,Flushing Line,WB
32970,Queens,2021,3,6,19,45,96,177615,POINT (1028931.8143046284 215115.26618027306),ROOSEVELT AVENUE BRIDGE,Flushing Line,Flushing Line,WB
32970,Queens,2021,3,6,20,0,78,177615,POINT (1028931.8143046284 215115.26618027306),ROOSEVELT AVENUE BRIDGE,Flushing Line,Flushing Line,WB
32970,Queens,2021,3,6,20,15,59,177615,POINT (1028931.8143046284 215115.26618027306),ROOSEVELT AVENUE BRIDGE,Flushing Line,Flushing Line,WB
32970,Queens,2021,3,6,20,30,57,177615,POINT (1028931.8143046284 215115.26618027306),ROOSEVELT AVENUE BRIDGE,Flushing Line,Flushing Line,WB
32970,Queens,2021,3,6,20,45,52,177615,POINT (1028931.8143046284 215115.26618027306),ROOSEVELT AVENUE BRIDGE,Flushing Line,Flushing Line,WB
32970,Queens,2021,3,6,21,0,50,177615,POINT (1028931.8143046284 215115.26618027306),ROOSEVELT AVENUE BRIDGE,Flushing Line,Flushing Line,WB
32970,Queens,2021,3,6,21,15,49,177615,POINT (1028931.8143046284 215115.26618027306),ROOSEVELT AVENUE BRIDGE,Flushing Line,Flushing Line,WB
32970,Queens,2021,3,6,21,30,42,177615,POINT (1028931.8143046284 215115.26618027306),ROOSEVELT AVENUE BRIDGE,Flushing Line,Flushing Line,WB
32970,Queens,2021,3,6,21,45,44,177615,POINT (1028931.8143046284 215115.26618027306),ROOSEVELT AVENUE BRIDGE,Flushing Line,Flushing Line,WB
32970,Queens,2021,3,6,22,0,43,177615,POINT (1028931.8143046284 215115.26618027306),ROOSEVELT AVENUE BRIDGE,Flushing Line,Flushing Line,WB
32970,Queens,2021,3,6,22,15,34,177615,POINT (1028931.8143046284 215115.26618027306),ROOSEVELT AVENUE BRIDGE,Flushing Line,Flushing Line,WB
32970,Queens,2021,3,6,22,30,44,177615,POINT (1028931.8143046284 215115.26618027306),ROOSEVELT AVENUE BRIDGE,Flushing Line,Flushing Line,WB
32970,Queens,2021,3,6,22,45,33,177615,POINT (1028931.8143046284 215115.26618027306),ROOSEVELT AVENUE BRIDGE,Flushing Line,Flushing Line,WB
32970,Queens,2021,3,6,23,0,17,177615,POINT (1028931.8143046284 215115.26618027306),ROOSEVELT AVENUE BRIDGE,Flushing Line,Flushing Line,WB
32970,Queens,2021,3,6,23,15,40,177615,POINT (1028931.8143046284 215115.26618027306),ROOSEVELT AVENUE BRIDGE,Flushing Line,Flushing Line,WB
32970,Queens,2021,3,6,23,30,19,177615,POINT (1028931.8143046284 215115.26618027306),ROOSEVELT AVENUE BRIDGE,Flushing Line,Flushing Line,WB
32970,Queens,2021,3,6,23,45,41,177615,POINT (1028931.8143046284 215115.26618027306),ROOSEVELT AVENUE BRIDGE,Flushing Line,Flushing Line,WB
32970,Queens,2021,3,7,0,0,24,177615,POINT (1028931.8143046284 215115.26618027306),ROOSEVELT AVENUE BRIDGE,Flushing Line,Flushing Line,WB
32970,Queens,2021,3,7,0,15,27,177615,POINT (1028931.8143046284 215115.26618027306),ROOSEVELT AVENUE BRIDGE,Flushing Line,Flushing Line,WB
32970,Queens,2021,3,7,0,30,21,177615,POINT (1028931.8143046284 215115.26618027306),ROOSEVELT AVENUE BRIDGE,Flushing Line,Flushing Line,WB
32970,Queens,2021,3,7,0,45,41,177615,POINT (1028931.8143046284 215115.26618027306),ROOSEVELT AVENUE BRIDGE,Flushing Line,Flushing Line,WB
32970,Queens,2021,3,7,1,0,52,177615,POINT (1028931.8143046284 215115.26618027306),ROOSEVELT AVENUE BRIDGE,Flushing Line,Flushing Line,WB
32970,Queens,2021,3,7,1,15,41,177615,POINT (1028931.8143046284 215115.26618027306),ROOSEVELT AVENUE BRIDGE,Flushing Line,Flushing Line,WB
32970,Queens,2021,3,7,1,30,51,177615,POINT (1028931.8143046284 215115.26618027306),ROOSEVELT AVENUE BRIDGE,Flushing Line,Flushing Line,WB
32970,Queens,2021,3,7,1,45,59,177615,POINT (1028931.8143046284 215115.26618027306),ROOSEVELT AVENUE BRIDGE,Flushing Line,Flushing Line,WB
32970,Queens,2021,3,7,2,0,43,177615,POINT (1028931.8143046284 215115.26618027306),ROOSEVELT AVENUE BRIDGE,Flushing Line,Flushing Line,WB
32970,Queens,2021,3,7,2,15,40,177615,POINT (1028931.8143046284 215115.26618027306),ROOSEVELT AVENUE BRIDGE,Flushing Line,Flushing Line,WB
32970,Queens,2021,3,7,2,30,42,177615,POINT (1028931.8143046284 215115.26618027306),ROOSEVELT AVENUE BRIDGE,Flushing Line,Flushing Line,WB
32970,Queens,2021,3,7,2,45,38,177615,POINT (1028931.8143046284 215115.26618027306),ROOSEVELT AVENUE BRIDGE,Flushing Line,Flushing Line,WB
32970,Queens,2021,3,7,3,0,25,177615,POINT (1028931.8143046284 215115.26618027306),ROOSEVELT AVENUE BRIDGE,Flushing Line,Flushing Line,WB
32970,Queens,2021,3,7,3,15,8,177615,POINT (1028931.8143046284 215115.26618027306),ROOSEVELT AVENUE BRIDGE,Flushing Line,Flushing Line,WB
32970,Queens,2021,3,7,3,30,5,177615,POINT (1028931.8143046284 215115.26618027306),ROOSEVELT AVENUE BRIDGE,Flushing Line,Flushing Line,WB
32970,Queens,2021,3,7,3,45,6,177615,POINT (1028931.8143046284 215115.26618027306),ROOSEVELT AVENUE BRIDGE,Flushing Line,Flushing Line,WB
32970,Queens,2021,3,7,4,0,7,177615,POINT (1028931.8143046284 215115.26618027306),ROOSEVELT AVENUE BRIDGE,Flushing Line,Flushing Line,WB
32970,Queens,2021,3,7,4,15,14,177615,POINT (1028931.8143046284 215115.26618027306),ROOSEVELT AVENUE BRIDGE,Flushing Line,Flushing Line,WB
32970,Queens,2021,3,7,4,30,11,177615,POINT (1028931.8143046284 215115.26618027306),ROOSEVELT AVENUE BRIDGE,Flushing Line,Flushing Line,WB
32970,Queens,2021,3,7,4,45,11,177615,POINT (1028931.8143046284 215115.26618027306),ROOSEVELT AVENUE BRIDGE,Flushing Line,Flushing Line,WB
32970,Queens,2021,3,7,5,0,12,177615,POINT (1028931.8143046284 215115.26618027306),ROOSEVELT AVENUE BRIDGE,Flushing Line,Flushing Line,WB
32970,Queens,2021,3,7,5,15,13,177615,POINT (1028931.8143046284 215115.26618027306),ROOSEVELT AVENUE BRIDGE,Flushing Line,Flushing Line,WB
32970,Queens,2021,3,7,5,30,15,177615,POINT (1028931.8143046284 215115.26618027306),ROOSEVELT AVENUE BRIDGE,Flushing Line,Flushing Line,WB
32970,Queens,2021,3,7,5,45,7,177615,POINT (1028931.8143046284 215115.26618027306),ROOSEVELT AVENUE BRIDGE,Flushing Line,Flushing Line,WB
32970,Queens,2021,3,7,6,0,11,177615,POINT (1028931.8143046284 215115.26618027306),ROOSEVELT AVENUE BRIDGE,Flushing Line,Flushing Line,WB
32970,Queens,2021,3,7,6,15,10,177615,POINT (1028931.8143046284 215115.26618027306),ROOSEVELT AVENUE BRIDGE,Flushing Line,Flushing Line,WB
32970,Queens,2021,3,7,6,30,15,177615,POINT (1028931.8143046284 215115.26618027306),ROOSEVELT AVENUE BRIDGE,Flushing Line,Flushing Line,WB
32970,Queens,2021,3,7,6,45,20,177615,POINT (1028931.8143046284 215115.26618027306),ROOSEVELT AVENUE BRIDGE,Flushing Line,Flushing Line,WB
32970,Queens,2021,3,7,7,0,28,177615,POINT (1028931.8143046284 215115.26618027306),ROOSEVELT AVENUE BRIDGE,Flushing Line,Flushing Line,WB
32970,Queens,2021,3,7,7,15,29,177615,POINT (1028931.8143046284 215115.26618027306),ROOSEVELT AVENUE BRIDGE,Flushing Line,Flushing Line,WB
32970,Queens,2021,3,7,7,30,23,177615,POINT (1028931.8143046284 215115.26618027306),ROOSEVELT AVENUE BRIDGE,Flushing Line,Flushing Line,WB
32970,Queens,2021,3,7,7,45,29,177615,POINT (1028931.8143046284 215115.26618027306),ROOSEVELT AVENUE BRIDGE,Flushing Line,Flushing Line,WB
32970,Queens,2021,3,7,8,0,25,177615,POINT (1028931.8143046284 215115.26618027306),ROOSEVELT AVENUE BRIDGE,Flushing Line,Flushing Line,WB
32970,Queens,2021,3,7,8,15,46,177615,POINT (1028931.8143046284 215115.26618027306),ROOSEVELT AVENUE BRIDGE,Flushing Line,Flushing Line,WB
32970,Queens,2021,3,7,8,30,40,177615,POINT (1028931.8143046284 215115.26618027306),ROOSEVELT AVENUE BRIDGE,Flushing Line,Flushing Line,WB
32970,Queens,2021,3,7,8,45,53,177615,POINT (1028931.8143046284 215115.26618027306),ROOSEVELT AVENUE BRIDGE,Flushing Line,Flushing Line,WB
32970,Queens,2021,3,7,9,0,46,177615,POINT (1028931.8143046284 215115.26618027306),ROOSEVELT AVENUE BRIDGE,Flushing Line,Flushing Line,WB
32970,Queens,2021,3,7,9,15,50,177615,POINT (1028931.8143046284 215115.26618027306),ROOSEVELT AVENUE BRIDGE,Flushing Line,Flushing Line,WB
32970,Queens,2021,3,7,9,30,59,177615,POINT (1028931.8143046284 215115.26618027306),ROOSEVELT AVENUE BRIDGE,Flushing Line,Flushing Line,WB
32970,Queens,2021,3,7,9,45,67,177615,POINT (1028931.8143046284 215115.26618027306),ROOSEVELT AVENUE BRIDGE,Flushing Line,Flushing Line,WB
32970,Queens,2021,3,7,10,0,75,177615,POINT (1028931.8143046284 215115.26618027306),ROOSEVELT AVENUE BRIDGE,Flushing Line,Flushing Line,WB
32970,Queens,2021,3,7,10,15,79,177615,POINT (1028931.8143046284 215115.26618027306),ROOSEVELT AVENUE BRIDGE,Flushing Line,Flushing Line,WB
32970,Queens,2021,3,7,10,30,79,177615,POINT (1028931.8143046284 215115.26618027306),ROOSEVELT AVENUE BRIDGE,Flushing Line,Flushing Line,WB
32970,Queens,2021,3,7,10,45,70,177615,POINT (1028931.8143046284 215115.26618027306),ROOSEVELT AVENUE BRIDGE,Flushing Line,Flushing Line,WB
32970,Queens,2021,3,7,11,0,93,177615,POINT (1028931.8143046284 215115.26618027306),ROOSEVELT AVENUE BRIDGE,Flushing Line,Flushing Line,WB
32970,Queens,2021,3,7,11,15,95,177615,POINT (1028931.8143046284 215115.26618027306),ROOSEVELT AVENUE BRIDGE,Flushing Line,Flushing Line,WB
32970,Queens,2021,3,7,11,30,92,177615,POINT (1028931.8143046284 215115.26618027306),ROOSEVELT AVENUE BRIDGE,Flushing Line,Flushing Line,WB
32970,Queens,2021,3,7,11,45,105,177615,POINT (1028931.8143046284 215115.26618027306),ROOSEVELT AVENUE BRIDGE,Flushing Line,Flushing Line,WB
32970,Queens,2021,3,7,12,0,99,177615,POINT (1028931.8143046284 215115.26618027306),ROOSEVELT AVENUE BRIDGE,Flushing Line,Flushing Line,WB
32970,Queens,2021,3,7,12,15,99,177615,POINT (1028931.8143046284 215115.26618027306),ROOSEVELT AVENUE BRIDGE,Flushing Line,Flushing Line,WB
32970,Queens,2021,3,7,12,30,122,177615,POINT (1028931.8143046284 215115.26618027306),ROOSEVELT AVENUE BRIDGE,Flushing Line,Flushing Line,WB
32970,Queens,2021,3,7,12,45,93,177615,POINT (1028931.8143046284 215115.26618027306),ROOSEVELT AVENUE BRIDGE,Flushing Line,Flushing Line,WB
32970,Queens,2021,3,7,13,0,109,177615,POINT (1028931.8143046284 215115.26618027306),ROOSEVELT AVENUE BRIDGE,Flushing Line,Flushing Line,WB
32970,Queens,2021,3,7,13,15,116,177615,POINT (1028931.8143046284 215115.26618027306),ROOSEVELT AVENUE BRIDGE,Flushing Line,Flushing Line,WB
32970,Queens,2021,3,7,13,30,119,177615,POINT (1028931.8143046284 215115.26618027306),ROOSEVELT AVENUE BRIDGE,Flushing Line,Flushing Line,WB
32970,Queens,2021,3,7,13,45,111,177615,POINT (1028931.8143046284 215115.26618027306),ROOSEVELT AVENUE BRIDGE,Flushing Line,Flushing Line,WB
32970,Queens,2021,3,7,14,0,127,177615,POINT (1028931.8143046284 215115.26618027306),ROOSEVELT AVENUE BRIDGE,Flushing Line,Flushing Line,WB
32970,Queens,2021,3,7,14,15,94,177615,POINT (1028931.8143046284 215115.26618027306),ROOSEVELT AVENUE BRIDGE,Flushing Line,Flushing Line,WB
32970,Queens,2021,3,7,14,30,110,177615,POINT (1028931.8143046284 215115.26618027306),ROOSEVELT AVENUE BRIDGE,Flushing Line,Flushing Line,WB
32970,Queens,2021,3,7,14,45,126,177615,POINT (1028931.8143046284 215115.26618027306),ROOSEVELT AVENUE BRIDGE,Flushing Line,Flushing Line,WB
32970,Queens,2021,3,7,15,0,104,177615,POINT (1028931.8143046284 215115.26618027306),ROOSEVELT AVENUE BRIDGE,Flushing Line,Flushing Line,WB
32970,Queens,2021,3,7,15,15,122,177615,POINT (1028931.8143046284 215115.26618027306),ROOSEVELT AVENUE BRIDGE,Flushing Line,Flushing Line,WB
32970,Queens,2021,3,7,15,30,106,177615,POINT (1028931.8143046284 215115.26618027306),ROOSEVELT AVENUE BRIDGE,Flushing Line,Flushing Line,WB
32970,Queens,2021,3,7,15,45,125,177615,POINT (1028931.8143046284 215115.26618027306),ROOSEVELT AVENUE BRIDGE,Flushing Line,Flushing Line,WB
32970,Queens,2021,3,7,16,0,122,177615,POINT (1028931.8143046284 215115.26618027306),ROOSEVELT AVENUE BRIDGE,Flushing Line,Flushing Line,WB
32970,Queens,2021,3,7,16,15,109,177615,POINT (1028931.8143046284 215115.26618027306),ROOSEVELT AVENUE BRIDGE,Flushing Line,Flushing Line,WB
32970,Queens,2021,3,7,16,30,92,177615,POINT (1028931.8143046284 215115.26618027306),ROOSEVELT AVENUE BRIDGE,Flushing Line,Flushing Line,WB
32970,Queens,2021,3,7,16,45,116,177615,POINT (1028931.8143046284 215115.26618027306),ROOSEVELT AVENUE BRIDGE,Flushing Line,Flushing Line,WB
32970,Queens,2021,3,7,17,0,112,177615,POINT (1028931.8143046284 215115.26618027306),ROOSEVELT AVENUE BRIDGE,Flushing Line,Flushing Line,WB
32970,Queens,2021,3,7,17,15,126,177615,POINT (1028931.8143046284 215115.26618027306),ROOSEVELT AVENUE BRIDGE,Flushing Line,Flushing Line,WB
32970,Queens,2021,3,7,17,30,124,177615,POINT (1028931.8143046284 215115.26618027306),ROOSEVELT AVENUE BRIDGE,Flushing Line,Flushing Line,WB
32970,Queens,2021,3,7,17,45,111,177615,POINT (1028931.8143046284 215115.26618027306),ROOSEVELT AVENUE BRIDGE,Flushing Line,Flushing Line,WB
32970,Queens,2021,3,7,18,0,98,177615,POINT (1028931.8143046284 215115.26618027306),ROOSEVELT AVENUE BRIDGE,Flushing Line,Flushing Line,WB
32970,Queens,2021,3,7,18,15,123,177615,POINT (1028931.8143046284 215115.26618027306),ROOSEVELT AVENUE BRIDGE,Flushing Line,Flushing Line,WB
32970,Queens,2021,3,7,18,30,107,177615,POINT (1028931.8143046284 215115.26618027306),ROOSEVELT AVENUE BRIDGE,Flushing Line,Flushing Line,WB
32970,Queens,2021,3,7,18,45,124,177615,POINT (1028931.8143046284 215115.26618027306),ROOSEVELT AVENUE BRIDGE,Flushing Line,Flushing Line,WB
32970,Queens,2021,3,7,19,0,90,177615,POINT (1028931.8143046284 215115.26618027306),ROOSEVELT AVENUE BRIDGE,Flushing Line,Flushing Line,WB
32970,Queens,2021,3,7,19,15,81,177615,POINT (1028931.8143046284 215115.26618027306),ROOSEVELT AVENUE BRIDGE,Flushing Line,Flushing Line,WB
32970,Queens,2021,3,7,19,30,76,177615,POINT (1028931.8143046284 215115.26618027306),ROOSEVELT AVENUE BRIDGE,Flushing Line,Flushing Line,WB
32970,Queens,2021,3,7,19,45,72,177615,POINT (1028931.8143046284 215115.26618027306),ROOSEVELT AVENUE BRIDGE,Flushing Line,Flushing Line,WB
32970,Queens,2021,3,7,20,0,81,177615,POINT (1028931.8143046284 215115.26618027306),ROOSEVELT AVENUE BRIDGE,Flushing Line,Flushing Line,WB
32970,Queens,2021,3,7,20,15,73,177615,POINT (1028931.8143046284 215115.26618027306),ROOSEVELT AVENUE BRIDGE,Flushing Line,Flushing Line,WB
32970,Queens,2021,3,7,20,30,53,177615,POINT (1028931.8143046284 215115.26618027306),ROOSEVELT AVENUE BRIDGE,Flushing Line,Flushing Line,WB
32970,Queens,2021,3,7,20,45,35,177615,POINT (1028931.8143046284 215115.26618027306),ROOSEVELT AVENUE BRIDGE,Flushing Line,Flushing Line,WB
32970,Queens,2021,3,7,21,0,39,177615,POINT (1028931.8143046284 215115.26618027306),ROOSEVELT AVENUE BRIDGE,Flushing Line,Flushing Line,WB
32970,Queens,2021,3,7,21,15,36,177615,POINT (1028931.8143046284 215115.26618027306),ROOSEVELT AVENUE BRIDGE,Flushing Line,Flushing Line,WB
32970,Queens,2021,3,7,21,30,33,177615,POINT (1028931.8143046284 215115.26618027306),ROOSEVELT AVENUE BRIDGE,Flushing Line,Flushing Line,WB
32970,Queens,2021,3,7,21,45,45,177615,POINT (1028931.8143046284 215115.26618027306),ROOSEVELT AVENUE BRIDGE,Flushing Line,Flushing Line,WB
32970,Queens,2021,3,7,22,0,36,177615,POINT (1028931.8143046284 215115.26618027306),ROOSEVELT AVENUE BRIDGE,Flushing Line,Flushing Line,WB
32970,Queens,2021,3,7,22,15,26,177615,POINT (1028931.8143046284 215115.26618027306),ROOSEVELT AVENUE BRIDGE,Flushing Line,Flushing Line,WB
32970,Queens,2021,3,7,22,30,36,177615,POINT (1028931.8143046284 215115.26618027306),ROOSEVELT AVENUE BRIDGE,Flushing Line,Flushing Line,WB
32970,Queens,2021,3,7,22,45,12,177615,POINT (1028931.8143046284 215115.26618027306),ROOSEVELT AVENUE BRIDGE,Flushing Line,Flushing Line,WB
32970,Queens,2021,3,7,23,0,28,177615,POINT (1028931.8143046284 215115.26618027306),ROOSEVELT AVENUE BRIDGE,Flushing Line,Flushing Line,WB
32970,Queens,2021,3,7,23,15,17,177615,POINT (1028931.8143046284 215115.26618027306),ROOSEVELT AVENUE BRIDGE,Flushing Line,Flushing Line,WB
32970,Queens,2021,3,7,23,30,24,177615,POINT (1028931.8143046284 215115.26618027306),ROOSEVELT AVENUE BRIDGE,Flushing Line,Flushing Line,WB
32970,Queens,2021,3,7,23,45,24,177615,POINT (1028931.8143046284 215115.26618027306),ROOSEVELT AVENUE BRIDGE,Flushing Line,Flushing Line,WB
32970,Queens,2021,3,8,0,0,17,177615,POINT (1028931.8143046284 215115.26618027306),ROOSEVELT AVENUE BRIDGE,Flushing Line,Flushing Line,WB
32970,Queens,2021,3,8,0,15,12,177615,POINT (1028931.8143046284 215115.26618027306),ROOSEVELT AVENUE BRIDGE,Flushing Line,Flushing Line,WB
32970,Queens,2021,3,8,0,30,13,177615,POINT (1028931.8143046284 215115.26618027306),ROOSEVELT AVENUE BRIDGE,Flushing Line,Flushing Line,WB
32970,Queens,2021,3,8,0,45,11,177615,POINT (1028931.8143046284 215115.26618027306),ROOSEVELT AVENUE BRIDGE,Flushing Line,Flushing Line,WB
32970,Queens,2021,3,8,1,0,14,177615,POINT (1028931.8143046284 215115.26618027306),ROOSEVELT AVENUE BRIDGE,Flushing Line,Flushing Line,WB
32970,Queens,2021,3,8,1,15,16,177615,POINT (1028931.8143046284 215115.26618027306),ROOSEVELT AVENUE BRIDGE,Flushing Line,Flushing Line,WB
32970,Queens,2021,3,8,1,30,11,177615,POINT (1028931.8143046284 215115.26618027306),ROOSEVELT AVENUE BRIDGE,Flushing Line,Flushing Line,WB
32970,Queens,2021,3,8,1,45,16,177615,POINT (1028931.8143046284 215115.26618027306),ROOSEVELT AVENUE BRIDGE,Flushing Line,Flushing Line,WB
32970,Queens,2021,3,8,2,0,6,177615,POINT (1028931.8143046284 215115.26618027306),ROOSEVELT AVENUE BRIDGE,Flushing Line,Flushing Line,WB
32970,Queens,2021,3,8,2,15,7,177615,POINT (1028931.8143046284 215115.26618027306),ROOSEVELT AVENUE BRIDGE,Flushing Line,Flushing Line,WB
32970,Queens,2021,3,8,2,30,5,177615,POINT (1028931.8143046284 215115.26618027306),ROOSEVELT AVENUE BRIDGE,Flushing Line,Flushing Line,WB
32970,Queens,2021,3,8,2,45,11,177615,POINT (1028931.8143046284 215115.26618027306),ROOSEVELT AVENUE BRIDGE,Flushing Line,Flushing Line,WB
32970,Queens,2021,3,8,3,0,7,177615,POINT (1028931.8143046284 215115.26618027306),ROOSEVELT AVENUE BRIDGE,Flushing Line,Flushing Line,WB
32970,Queens,2021,3,8,3,15,5,177615,POINT (1028931.8143046284 215115.26618027306),ROOSEVELT AVENUE BRIDGE,Flushing Line,Flushing Line,WB
32970,Queens,2021,3,8,3,30,10,177615,POINT (1028931.8143046284 215115.26618027306),ROOSEVELT AVENUE BRIDGE,Flushing Line,Flushing Line,WB
32970,Queens,2021,3,8,3,45,7,177615,POINT (1028931.8143046284 215115.26618027306),ROOSEVELT AVENUE BRIDGE,Flushing Line,Flushing Line,WB
32970,Queens,2021,3,8,4,0,8,177615,POINT (1028931.8143046284 215115.26618027306),ROOSEVELT AVENUE BRIDGE,Flushing Line,Flushing Line,WB
32970,Queens,2021,3,8,4,15,9,177615,POINT (1028931.8143046284 215115.26618027306),ROOSEVELT AVENUE BRIDGE,Flushing Line,Flushing Line,WB
32970,Queens,2021,3,8,4,30,9,177615,POINT (1028931.8143046284 215115.26618027306),ROOSEVELT AVENUE BRIDGE,Flushing Line,Flushing Line,WB
32970,Queens,2021,3,8,4,45,25,177615,POINT (1028931.8143046284 215115.26618027306),ROOSEVELT AVENUE BRIDGE,Flushing Line,Flushing Line,WB
32970,Queens,2021,3,8,5,0,13,177615,POINT (1028931.8143046284 215115.26618027306),ROOSEVELT AVENUE BRIDGE,Flushing Line,Flushing Line,WB
32970,Queens,2021,3,8,5,15,21,177615,POINT (1028931.8143046284 215115.26618027306),ROOSEVELT AVENUE BRIDGE,Flushing Line,Flushing Line,WB
32970,Queens,2021,3,8,5,30,38,177615,POINT (1028931.8143046284 215115.26618027306),ROOSEVELT AVENUE BRIDGE,Flushing Line,Flushing Line,WB
32970,Queens,2021,3,8,5,45,35,177615,POINT (1028931.8143046284 215115.26618027306),ROOSEVELT AVENUE BRIDGE,Flushing Line,Flushing Line,WB
32970,Queens,2021,3,8,6,0,46,177615,POINT (1028931.8143046284 215115.26618027306),ROOSEVELT AVENUE BRIDGE,Flushing Line,Flushing Line,WB
32970,Queens,2021,3,8,6,15,44,177615,POINT (1028931.8143046284 215115.26618027306),ROOSEVELT AVENUE BRIDGE,Flushing Line,Flushing Line,WB
32970,Queens,2021,3,8,6,30,63,177615,POINT (1028931.8143046284 215115.26618027306),ROOSEVELT AVENUE BRIDGE,Flushing Line,Flushing Line,WB
32970,Queens,2021,3,8,6,45,85,177615,POINT (1028931.8143046284 215115.26618027306),ROOSEVELT AVENUE BRIDGE,Flushing Line,Flushing Line,WB
32970,Queens,2021,3,8,7,0,78,177615,POINT (1028931.8143046284 215115.26618027306),ROOSEVELT AVENUE BRIDGE,Flushing Line,Flushing Line,WB
32970,Queens,2021,3,8,7,15,99,177615,POINT (1028931.8143046284 215115.26618027306),ROOSEVELT AVENUE BRIDGE,Flushing Line,Flushing Line,WB
32970,Queens,2021,3,8,7,30,102,177615,POINT (1028931.8143046284 215115.26618027306),ROOSEVELT AVENUE BRIDGE,Flushing Line,Flushing Line,WB
32970,Queens,2021,3,8,7,45,86,177615,POINT (1028931.8143046284 215115.26618027306),ROOSEVELT AVENUE BRIDGE,Flushing Line,Flushing Line,WB
32970,Queens,2021,3,8,8,0,101,177615,POINT (1028931.8143046284 215115.26618027306),ROOSEVELT AVENUE BRIDGE,Flushing Line,Flushing Line,WB
32970,Queens,2021,3,8,8,15,98,177615,POINT (1028931.8143046284 215115.26618027306),ROOSEVELT AVENUE BRIDGE,Flushing Line,Flushing Line,WB
32970,Queens,2021,3,8,8,30,103,177615,POINT (1028931.8143046284 215115.26618027306),ROOSEVELT AVENUE BRIDGE,Flushing Line,Flushing Line,WB
32970,Queens,2021,3,8,8,45,113,177615,POINT (1028931.8143046284 215115.26618027306),ROOSEVELT AVENUE BRIDGE,Flushing Line,Flushing Line,WB
32970,Queens,2021,3,8,9,0,90,177615,POINT (1028931.8143046284 215115.26618027306),ROOSEVELT AVENUE BRIDGE,Flushing Line,Flushing Line,WB
32970,Queens,2021,3,8,9,15,88,177615,POINT (1028931.8143046284 215115.26618027306),ROOSEVELT AVENUE BRIDGE,Flushing Line,Flushing Line,WB
32970,Queens,2021,3,8,9,30,87,177615,POINT (1028931.8143046284 215115.26618027306),ROOSEVELT AVENUE BRIDGE,Flushing Line,Flushing Line,WB
32970,Queens,2021,3,8,9,45,85,177615,POINT (1028931.8143046284 215115.26618027306),ROOSEVELT AVENUE BRIDGE,Flushing Line,Flushing Line,WB
32970,Queens,2021,3,8,10,0,70,177615,POINT (1028931.8143046284 215115.26618027306),ROOSEVELT AVENUE BRIDGE,Flushing Line,Flushing Line,WB
32970,Queens,2021,3,8,10,15,98,177615,POINT (1028931.8143046284 215115.26618027306),ROOSEVELT AVENUE BRIDGE,Flushing Line,Flushing Line,WB
32970,Queens,2021,3,8,10,30,75,177615,POINT (1028931.8143046284 215115.26618027306),ROOSEVELT AVENUE BRIDGE,Flushing Line,Flushing Line,WB
32970,Queens,2021,3,8,10,45,75,177615,POINT (1028931.8143046284 215115.26618027306),ROOSEVELT AVENUE BRIDGE,Flushing Line,Flushing Line,WB
32970,Queens,2021,3,8,11,0,88,177615,POINT (1028931.8143046284 215115.26618027306),ROOSEVELT AVENUE BRIDGE,Flushing Line,Flushing Line,WB
32970,Queens,2021,3,8,11,15,87,177615,POINT (1028931.8143046284 215115.26618027306),ROOSEVELT AVENUE BRIDGE,Flushing Line,Flushing Line,WB
32970,Queens,2021,3,8,11,30,87,177615,POINT (1028931.8143046284 215115.26618027306),ROOSEVELT AVENUE BRIDGE,Flushing Line,Flushing Line,WB
32970,Queens,2021,3,8,11,45,94,177615,POINT (1028931.8143046284 215115.26618027306),ROOSEVELT AVENUE BRIDGE,Flushing Line,Flushing Line,WB
32970,Queens,2021,3,8,12,0,102,177615,POINT (1028931.8143046284 215115.26618027306),ROOSEVELT AVENUE BRIDGE,Flushing Line,Flushing Line,WB
32970,Queens,2021,3,8,12,15,106,177615,POINT (1028931.8143046284 215115.26618027306),ROOSEVELT AVENUE BRIDGE,Flushing Line,Flushing Line,WB
32970,Queens,2021,3,8,12,30,98,177615,POINT (1028931.8143046284 215115.26618027306),ROOSEVELT AVENUE BRIDGE,Flushing Line,Flushing Line,WB
32970,Queens,2021,3,8,12,45,75,177615,POINT (1028931.8143046284 215115.26618027306),ROOSEVELT AVENUE BRIDGE,Flushing Line,Flushing Line,WB
32970,Queens,2021,3,8,13,0,105,177615,POINT (1028931.8143046284 215115.26618027306),ROOSEVELT AVENUE BRIDGE,Flushing Line,Flushing Line,WB
32970,Queens,2021,3,8,13,15,98,177615,POINT (1028931.8143046284 215115.26618027306),ROOSEVELT AVENUE BRIDGE,Flushing Line,Flushing Line,WB
32970,Queens,2021,3,8,13,30,87,177615,POINT (1028931.8143046284 215115.26618027306),ROOSEVELT AVENUE BRIDGE,Flushing Line,Flushing Line,WB
32970,Queens,2021,3,8,13,45,109,177615,POINT (1028931.8143046284 215115.26618027306),ROOSEVELT AVENUE BRIDGE,Flushing Line,Flushing Line,WB
32970,Queens,2021,3,8,14,0,93,177615,POINT (1028931.8143046284 215115.26618027306),ROOSEVELT AVENUE BRIDGE,Flushing Line,Flushing Line,WB
32970,Queens,2021,3,8,14,15,88,177615,POINT (1028931.8143046284 215115.26618027306),ROOSEVELT AVENUE BRIDGE,Flushing Line,Flushing Line,WB
32970,Queens,2021,3,8,14,30,93,177615,POINT (1028931.8143046284 215115.26618027306),ROOSEVELT AVENUE BRIDGE,Flushing Line,Flushing Line,WB
32970,Queens,2021,3,8,14,45,75,177615,POINT (1028931.8143046284 215115.26618027306),ROOSEVELT AVENUE BRIDGE,Flushing Line,Flushing Line,WB
32970,Queens,2021,3,8,15,0,91,177615,POINT (1028931.8143046284 215115.26618027306),ROOSEVELT AVENUE BRIDGE,Flushing Line,Flushing Line,WB
32970,Queens,2021,3,8,15,15,94,177615,POINT (1028931.8143046284 215115.26618027306),ROOSEVELT AVENUE BRIDGE,Flushing Line,Flushing Line,WB
32970,Queens,2021,3,8,15,30,99,177615,POINT (1028931.8143046284 215115.26618027306),ROOSEVELT AVENUE BRIDGE,Flushing Line,Flushing Line,WB
32970,Queens,2021,3,8,15,45,101,177615,POINT (1028931.8143046284 215115.26618027306),ROOSEVELT AVENUE BRIDGE,Flushing Line,Flushing Line,WB
32970,Queens,2021,3,8,16,0,105,177615,POINT (1028931.8143046284 215115.26618027306),ROOSEVELT AVENUE BRIDGE,Flushing Line,Flushing Line,WB
32970,Queens,2021,3,8,16,15,126,177615,POINT (1028931.8143046284 215115.26618027306),ROOSEVELT AVENUE BRIDGE,Flushing Line,Flushing Line,WB
32970,Queens,2021,3,8,16,30,117,177615,POINT (1028931.8143046284 215115.26618027306),ROOSEVELT AVENUE BRIDGE,Flushing Line,Flushing Line,WB
32970,Queens,2021,3,8,16,45,117,177615,POINT (1028931.8143046284 215115.26618027306),ROOSEVELT AVENUE BRIDGE,Flushing Line,Flushing Line,WB
32970,Queens,2021,3,8,17,0,90,177615,POINT (1028931.8143046284 215115.26618027306),ROOSEVELT AVENUE BRIDGE,Flushing Line,Flushing Line,WB
32970,Queens,2021,3,8,17,15,115,177615,POINT (1028931.8143046284 215115.26618027306),ROOSEVELT AVENUE BRIDGE,Flushing Line,Flushing Line,WB
32970,Queens,2021,3,8,17,30,93,177615,POINT (1028931.8143046284 215115.26618027306),ROOSEVELT AVENUE BRIDGE,Flushing Line,Flushing Line,WB
32970,Queens,2021,3,8,17,45,111,177615,POINT (1028931.8143046284 215115.26618027306),ROOSEVELT AVENUE BRIDGE,Flushing Line,Flushing Line,WB
32970,Queens,2021,3,8,18,0,103,177615,POINT (1028931.8143046284 215115.26618027306),ROOSEVELT AVENUE BRIDGE,Flushing Line,Flushing Line,WB
32970,Queens,2021,3,8,18,15,97,177615,POINT (1028931.8143046284 215115.26618027306),ROOSEVELT AVENUE BRIDGE,Flushing Line,Flushing Line,WB
32970,Queens,2021,3,8,18,30,88,177615,POINT (1028931.8143046284 215115.26618027306),ROOSEVELT AVENUE BRIDGE,Flushing Line,Flushing Line,WB
32970,Queens,2021,3,8,18,45,92,177615,POINT (1028931.8143046284 215115.26618027306),ROOSEVELT AVENUE BRIDGE,Flushing Line,Flushing Line,WB
32970,Queens,2021,3,8,19,0,91,177615,POINT (1028931.8143046284 215115.26618027306),ROOSEVELT AVENUE BRIDGE,Flushing Line,Flushing Line,WB
32970,Queens,2021,3,8,19,15,87,177615,POINT (1028931.8143046284 215115.26618027306),ROOSEVELT AVENUE BRIDGE,Flushing Line,Flushing Line,WB
32970,Queens,2021,3,8,19,30,92,177615,POINT (1028931.8143046284 215115.26618027306),ROOSEVELT AVENUE BRIDGE,Flushing Line,Flushing Line,WB
32970,Queens,2021,3,8,19,45,67,177615,POINT (1028931.8143046284 215115.26618027306),ROOSEVELT AVENUE BRIDGE,Flushing Line,Flushing Line,WB
32970,Queens,2021,3,8,20,0,59,177615,POINT (1028931.8143046284 215115.26618027306),ROOSEVELT AVENUE BRIDGE,Flushing Line,Flushing Line,WB
32970,Queens,2021,3,8,20,15,56,177615,POINT (1028931.8143046284 215115.26618027306),ROOSEVELT AVENUE BRIDGE,Flushing Line,Flushing Line,WB
32970,Queens,2021,3,8,20,30,68,177615,POINT (1028931.8143046284 215115.26618027306),ROOSEVELT AVENUE BRIDGE,Flushing Line,Flushing Line,WB
32970,Queens,2021,3,8,20,45,55,177615,POINT (1028931.8143046284 215115.26618027306),ROOSEVELT AVENUE BRIDGE,Flushing Line,Flushing Line,WB
32970,Queens,2021,3,8,21,0,41,177615,POINT (1028931.8143046284 215115.26618027306),ROOSEVELT AVENUE BRIDGE,Flushing Line,Flushing Line,WB
32970,Queens,2021,3,8,21,15,44,177615,POINT (1028931.8143046284 215115.26618027306),ROOSEVELT AVENUE BRIDGE,Flushing Line,Flushing Line,WB
32970,Queens,2021,3,8,21,30,31,177615,POINT (1028931.8143046284 215115.26618027306),ROOSEVELT AVENUE BRIDGE,Flushing Line,Flushing Line,WB
32970,Queens,2021,3,8,21,45,34,177615,POINT (1028931.8143046284 215115.26618027306),ROOSEVELT AVENUE BRIDGE,Flushing Line,Flushing Line,WB
32970,Queens,2021,3,8,22,0,23,177615,POINT (1028931.8143046284 215115.26618027306),ROOSEVELT AVENUE BRIDGE,Flushing Line,Flushing Line,WB
32970,Queens,2021,3,8,22,15,33,177615,POINT (1028931.8143046284 215115.26618027306),ROOSEVELT AVENUE BRIDGE,Flushing Line,Flushing Line,WB
32970,Queens,2021,3,8,22,30,34,177615,POINT (1028931.8143046284 215115.26618027306),ROOSEVELT AVENUE BRIDGE,Flushing Line,Flushing Line,WB
32970,Queens,2021,3,8,22,45,15,177615,POINT (1028931.8143046284 215115.26618027306),ROOSEVELT AVENUE BRIDGE,Flushing Line,Flushing Line,WB
32970,Queens,2021,3,8,23,0,16,177615,POINT (1028931.8143046284 215115.26618027306),ROOSEVELT AVENUE BRIDGE,Flushing Line,Flushing Line,WB
32970,Queens,2021,3,8,23,15,24,177615,POINT (1028931.8143046284 215115.26618027306),ROOSEVELT AVENUE BRIDGE,Flushing Line,Flushing Line,WB
32970,Queens,2021,3,8,23,30,22,177615,POINT (1028931.8143046284 215115.26618027306),ROOSEVELT AVENUE BRIDGE,Flushing Line,Flushing Line,WB
32970,Queens,2021,3,8,23,45,28,177615,POINT (1028931.8143046284 215115.26618027306),ROOSEVELT AVENUE BRIDGE,Flushing Line,Flushing Line,WB
32970,Queens,2021,3,9,0,0,23,177615,POINT (1028931.8143046284 215115.26618027306),ROOSEVELT AVENUE BRIDGE,Flushing Line,Flushing Line,WB
32970,Queens,2021,3,9,0,15,15,177615,POINT (1028931.8143046284 215115.26618027306),ROOSEVELT AVENUE BRIDGE,Flushing Line,Flushing Line,WB
32970,Queens,2021,3,9,0,30,10,177615,POINT (1028931.8143046284 215115.26618027306),ROOSEVELT AVENUE BRIDGE,Flushing Line,Flushing Line,WB
32970,Queens,2021,3,9,0,45,12,177615,POINT (1028931.8143046284 215115.26618027306),ROOSEVELT AVENUE BRIDGE,Flushing Line,Flushing Line,WB
32970,Queens,2021,3,9,1,0,19,177615,POINT (1028931.8143046284 215115.26618027306),ROOSEVELT AVENUE BRIDGE,Flushing Line,Flushing Line,WB
32970,Queens,2021,3,9,1,15,11,177615,POINT (1028931.8143046284 215115.26618027306),ROOSEVELT AVENUE BRIDGE,Flushing Line,Flushing Line,WB
32970,Queens,2021,3,9,1,30,12,177615,POINT (1028931.8143046284 215115.26618027306),ROOSEVELT AVENUE BRIDGE,Flushing Line,Flushing Line,WB
32970,Queens,2021,3,9,1,45,4,177615,POINT (1028931.8143046284 215115.26618027306),ROOSEVELT AVENUE BRIDGE,Flushing Line,Flushing Line,WB
32970,Queens,2021,3,9,2,0,10,177615,POINT (1028931.8143046284 215115.26618027306),ROOSEVELT AVENUE BRIDGE,Flushing Line,Flushing Line,WB
32970,Queens,2021,3,9,2,15,14,177615,POINT (1028931.8143046284 215115.26618027306),ROOSEVELT AVENUE BRIDGE,Flushing Line,Flushing Line,WB
32970,Queens,2021,3,9,2,30,6,177615,POINT (1028931.8143046284 215115.26618027306),ROOSEVELT AVENUE BRIDGE,Flushing Line,Flushing Line,WB
32970,Queens,2021,3,9,2,45,6,177615,POINT (1028931.8143046284 215115.26618027306),ROOSEVELT AVENUE BRIDGE,Flushing Line,Flushing Line,WB
32970,Queens,2021,3,9,3,0,11,177615,POINT (1028931.8143046284 215115.26618027306),ROOSEVELT AVENUE BRIDGE,Flushing Line,Flushing Line,WB
32970,Queens,2021,3,9,3,15,5,177615,POINT (1028931.8143046284 215115.26618027306),ROOSEVELT AVENUE BRIDGE,Flushing Line,Flushing Line,WB
32970,Queens,2021,3,9,3,30,9,177615,POINT (1028931.8143046284 215115.26618027306),ROOSEVELT AVENUE BRIDGE,Flushing Line,Flushing Line,WB
32970,Queens,2021,3,9,3,45,7,177615,POINT (1028931.8143046284 215115.26618027306),ROOSEVELT AVENUE BRIDGE,Flushing Line,Flushing Line,WB
32970,Queens,2021,3,9,4,0,10,177615,POINT (1028931.8143046284 215115.26618027306),ROOSEVELT AVENUE BRIDGE,Flushing Line,Flushing Line,WB
32970,Queens,2021,3,9,4,15,5,177615,POINT (1028931.8143046284 215115.26618027306),ROOSEVELT AVENUE BRIDGE,Flushing Line,Flushing Line,WB
32970,Queens,2021,3,9,4,30,15,177615,POINT (1028931.8143046284 215115.26618027306),ROOSEVELT AVENUE BRIDGE,Flushing Line,Flushing Line,WB
32970,Queens,2021,3,9,4,45,16,177615,POINT (1028931.8143046284 215115.26618027306),ROOSEVELT AVENUE BRIDGE,Flushing Line,Flushing Line,WB
32970,Queens,2021,3,9,5,0,20,177615,POINT (1028931.8143046284 215115.26618027306),ROOSEVELT AVENUE BRIDGE,Flushing Line,Flushing Line,WB
32970,Queens,2021,3,9,5,15,23,177615,POINT (1028931.8143046284 215115.26618027306),ROOSEVELT AVENUE BRIDGE,Flushing Line,Flushing Line,WB
32970,Queens,2021,3,9,5,30,22,177615,POINT (1028931.8143046284 215115.26618027306),ROOSEVELT AVENUE BRIDGE,Flushing Line,Flushing Line,WB
32970,Queens,2021,3,9,5,45,32,177615,POINT (1028931.8143046284 215115.26618027306),ROOSEVELT AVENUE BRIDGE,Flushing Line,Flushing Line,WB
32970,Queens,2021,3,9,6,0,40,177615,POINT (1028931.8143046284 215115.26618027306),ROOSEVELT AVENUE BRIDGE,Flushing Line,Flushing Line,WB
32970,Queens,2021,3,9,6,15,60,177615,POINT (1028931.8143046284 215115.26618027306),ROOSEVELT AVENUE BRIDGE,Flushing Line,Flushing Line,WB
32970,Queens,2021,3,9,6,30,72,177615,POINT (1028931.8143046284 215115.26618027306),ROOSEVELT AVENUE BRIDGE,Flushing Line,Flushing Line,WB
32970,Queens,2021,3,9,6,45,78,177615,POINT (1028931.8143046284 215115.26618027306),ROOSEVELT AVENUE BRIDGE,Flushing Line,Flushing Line,WB
32970,Queens,2021,3,9,7,0,80,177615,POINT (1028931.8143046284 215115.26618027306),ROOSEVELT AVENUE BRIDGE,Flushing Line,Flushing Line,WB
32970,Queens,2021,3,9,7,15,96,177615,POINT (1028931.8143046284 215115.26618027306),ROOSEVELT AVENUE BRIDGE,Flushing Line,Flushing Line,WB
32970,Queens,2021,3,9,7,30,105,177615,POINT (1028931.8143046284 215115.26618027306),ROOSEVELT AVENUE BRIDGE,Flushing Line,Flushing Line,WB
32970,Queens,2021,3,9,7,45,102,177615,POINT (1028931.8143046284 215115.26618027306),ROOSEVELT AVENUE BRIDGE,Flushing Line,Flushing Line,WB
32970,Queens,2021,3,9,8,0,84,177615,POINT (1028931.8143046284 215115.26618027306),ROOSEVELT AVENUE BRIDGE,Flushing Line,Flushing Line,WB
32970,Queens,2021,3,9,8,15,95,177615,POINT (1028931.8143046284 215115.26618027306),ROOSEVELT AVENUE BRIDGE,Flushing Line,Flushing Line,WB
32970,Queens,2021,3,9,8,30,99,177615,POINT (1028931.8143046284 215115.26618027306),ROOSEVELT AVENUE BRIDGE,Flushing Line,Flushing Line,WB
32970,Queens,2021,3,9,8,45,90,177615,POINT (1028931.8143046284 215115.26618027306),ROOSEVELT AVENUE BRIDGE,Flushing Line,Flushing Line,WB
32970,Queens,2021,3,9,9,0,91,177615,POINT (1028931.8143046284 215115.26618027306),ROOSEVELT AVENUE BRIDGE,Flushing Line,Flushing Line,WB
32970,Queens,2021,3,9,9,15,94,177615,POINT (1028931.8143046284 215115.26618027306),ROOSEVELT AVENUE BRIDGE,Flushing Line,Flushing Line,WB
32970,Queens,2021,3,9,9,30,98,177615,POINT (1028931.8143046284 215115.26618027306),ROOSEVELT AVENUE BRIDGE,Flushing Line,Flushing Line,WB
32970,Queens,2021,3,9,9,45,92,177615,POINT (1028931.8143046284 215115.26618027306),ROOSEVELT AVENUE BRIDGE,Flushing Line,Flushing Line,WB
32970,Queens,2021,3,9,10,0,77,177615,POINT (1028931.8143046284 215115.26618027306),ROOSEVELT AVENUE BRIDGE,Flushing Line,Flushing Line,WB
32970,Queens,2021,3,9,10,15,94,177615,POINT (1028931.8143046284 215115.26618027306),ROOSEVELT AVENUE BRIDGE,Flushing Line,Flushing Line,WB
32970,Queens,2021,3,9,10,30,89,177615,POINT (1028931.8143046284 215115.26618027306),ROOSEVELT AVENUE BRIDGE,Flushing Line,Flushing Line,WB
32970,Queens,2021,3,9,10,45,106,177615,POINT (1028931.8143046284 215115.26618027306),ROOSEVELT AVENUE BRIDGE,Flushing Line,Flushing Line,WB
32970,Queens,2021,3,9,11,0,91,177615,POINT (1028931.8143046284 215115.26618027306),ROOSEVELT AVENUE BRIDGE,Flushing Line,Flushing Line,WB
32970,Queens,2021,3,9,11,15,117,177615,POINT (1028931.8143046284 215115.26618027306),ROOSEVELT AVENUE BRIDGE,Flushing Line,Flushing Line,WB
32970,Queens,2021,3,9,11,30,78,177615,POINT (1028931.8143046284 215115.26618027306),ROOSEVELT AVENUE BRIDGE,Flushing Line,Flushing Line,WB
32970,Queens,2021,3,9,11,45,94,177615,POINT (1028931.8143046284 215115.26618027306),ROOSEVELT AVENUE BRIDGE,Flushing Line,Flushing Line,WB
32970,Queens,2021,3,9,12,0,99,177615,POINT (1028931.8143046284 215115.26618027306),ROOSEVELT AVENUE BRIDGE,Flushing Line,Flushing Line,WB
32970,Queens,2021,3,9,12,15,89,177615,POINT (1028931.8143046284 215115.26618027306),ROOSEVELT AVENUE BRIDGE,Flushing Line,Flushing Line,WB
32970,Queens,2021,3,9,12,30,93,177615,POINT (1028931.8143046284 215115.26618027306),ROOSEVELT AVENUE BRIDGE,Flushing Line,Flushing Line,WB
32970,Queens,2021,3,9,12,45,92,177615,POINT (1028931.8143046284 215115.26618027306),ROOSEVELT AVENUE BRIDGE,Flushing Line,Flushing Line,WB
32970,Queens,2021,3,9,13,0,94,177615,POINT (1028931.8143046284 215115.26618027306),ROOSEVELT AVENUE BRIDGE,Flushing Line,Flushing Line,WB
32970,Queens,2021,3,9,13,15,106,177615,POINT (1028931.8143046284 215115.26618027306),ROOSEVELT AVENUE BRIDGE,Flushing Line,Flushing Line,WB
32970,Queens,2021,3,9,13,30,89,177615,POINT (1028931.8143046284 215115.26618027306),ROOSEVELT AVENUE BRIDGE,Flushing Line,Flushing Line,WB
32970,Queens,2021,3,9,13,45,86,177615,POINT (1028931.8143046284 215115.26618027306),ROOSEVELT AVENUE BRIDGE,Flushing Line,Flushing Line,WB
32970,Queens,2021,3,9,14,0,91,177615,POINT (1028931.8143046284 215115.26618027306),ROOSEVELT AVENUE BRIDGE,Flushing Line,Flushing Line,WB
32970,Queens,2021,3,9,14,15,75,177615,POINT (1028931.8143046284 215115.26618027306),ROOSEVELT AVENUE BRIDGE,Flushing Line,Flushing Line,WB
32970,Queens,2021,3,9,14,30,97,177615,POINT (1028931.8143046284 215115.26618027306),ROOSEVELT AVENUE BRIDGE,Flushing Line,Flushing Line,WB
32970,Queens,2021,3,9,14,45,93,177615,POINT (1028931.8143046284 215115.26618027306),ROOSEVELT AVENUE BRIDGE,Flushing Line,Flushing Line,WB
32970,Queens,2021,3,9,15,0,113,177615,POINT (1028931.8143046284 215115.26618027306),ROOSEVELT AVENUE BRIDGE,Flushing Line,Flushing Line,WB
32970,Queens,2021,3,9,15,15,106,177615,POINT (1028931.8143046284 215115.26618027306),ROOSEVELT AVENUE BRIDGE,Flushing Line,Flushing Line,WB
32970,Queens,2021,3,9,15,30,115,177615,POINT (1028931.8143046284 215115.26618027306),ROOSEVELT AVENUE BRIDGE,Flushing Line,Flushing Line,WB
32970,Queens,2021,3,9,15,45,90,177615,POINT (1028931.8143046284 215115.26618027306),ROOSEVELT AVENUE BRIDGE,Flushing Line,Flushing Line,WB
32970,Queens,2021,3,9,16,0,81,177615,POINT (1028931.8143046284 215115.26618027306),ROOSEVELT AVENUE BRIDGE,Flushing Line,Flushing Line,WB
32970,Queens,2021,3,9,16,15,121,177615,POINT (1028931.8143046284 215115.26618027306),ROOSEVELT AVENUE BRIDGE,Flushing Line,Flushing Line,WB
32970,Queens,2021,3,9,16,30,94,177615,POINT (1028931.8143046284 215115.26618027306),ROOSEVELT AVENUE BRIDGE,Flushing Line,Flushing Line,WB
32970,Queens,2021,3,9,16,45,111,177615,POINT (1028931.8143046284 215115.26618027306),ROOSEVELT AVENUE BRIDGE,Flushing Line,Flushing Line,WB
32970,Queens,2021,3,9,17,0,116,177615,POINT (1028931.8143046284 215115.26618027306),ROOSEVELT AVENUE BRIDGE,Flushing Line,Flushing Line,WB
32970,Queens,2021,3,9,17,15,108,177615,POINT (1028931.8143046284 215115.26618027306),ROOSEVELT AVENUE BRIDGE,Flushing Line,Flushing Line,WB
32970,Queens,2021,3,9,17,30,134,177615,POINT (1028931.8143046284 215115.26618027306),ROOSEVELT AVENUE BRIDGE,Flushing Line,Flushing Line,WB
32970,Queens,2021,3,9,17,45,90,177615,POINT (1028931.8143046284 215115.26618027306),ROOSEVELT AVENUE BRIDGE,Flushing Line,Flushing Line,WB
32970,Queens,2021,3,9,18,0,101,177615,POINT (1028931.8143046284 215115.26618027306),ROOSEVELT AVENUE BRIDGE,Flushing Line,Flushing Line,WB
32970,Queens,2021,3,9,18,15,106,177615,POINT (1028931.8143046284 215115.26618027306),ROOSEVELT AVENUE BRIDGE,Flushing Line,Flushing Line,WB
32970,Queens,2021,3,9,18,30,86,177615,POINT (1028931.8143046284 215115.26618027306),ROOSEVELT AVENUE BRIDGE,Flushing Line,Flushing Line,WB
32970,Queens,2021,3,9,18,45,79,177615,POINT (1028931.8143046284 215115.26618027306),ROOSEVELT AVENUE BRIDGE,Flushing Line,Flushing Line,WB
32970,Queens,2021,3,9,19,0,76,177615,POINT (1028931.8143046284 215115.26618027306),ROOSEVELT AVENUE BRIDGE,Flushing Line,Flushing Line,WB
32970,Queens,2021,3,9,19,15,95,177615,POINT (1028931.8143046284 215115.26618027306),ROOSEVELT AVENUE BRIDGE,Flushing Line,Flushing Line,WB
32970,Queens,2021,3,9,19,30,80,177615,POINT (1028931.8143046284 215115.26618027306),ROOSEVELT AVENUE BRIDGE,Flushing Line,Flushing Line,WB
32970,Queens,2021,3,9,19,45,79,177615,POINT (1028931.8143046284 215115.26618027306),ROOSEVELT AVENUE BRIDGE,Flushing Line,Flushing Line,WB
32970,Queens,2021,3,9,20,0,72,177615,POINT (1028931.8143046284 215115.26618027306),ROOSEVELT AVENUE BRIDGE,Flushing Line,Flushing Line,WB
32970,Queens,2021,3,9,20,15,61,177615,POINT (1028931.8143046284 215115.26618027306),ROOSEVELT AVENUE BRIDGE,Flushing Line,Flushing Line,WB
32970,Queens,2021,3,9,20,30,53,177615,POINT (1028931.8143046284 215115.26618027306),ROOSEVELT AVENUE BRIDGE,Flushing Line,Flushing Line,WB
32970,Queens,2021,3,9,20,45,45,177615,POINT (1028931.8143046284 215115.26618027306),ROOSEVELT AVENUE BRIDGE,Flushing Line,Flushing Line,WB
32970,Queens,2021,3,9,21,0,48,177615,POINT (1028931.8143046284 215115.26618027306),ROOSEVELT AVENUE BRIDGE,Flushing Line,Flushing Line,WB
32970,Queens,2021,3,9,21,15,45,177615,POINT (1028931.8143046284 215115.26618027306),ROOSEVELT AVENUE BRIDGE,Flushing Line,Flushing Line,WB
32970,Queens,2021,3,9,21,30,51,177615,POINT (1028931.8143046284 215115.26618027306),ROOSEVELT AVENUE BRIDGE,Flushing Line,Flushing Line,WB
32970,Queens,2021,3,9,21,45,33,177615,POINT (1028931.8143046284 215115.26618027306),ROOSEVELT AVENUE BRIDGE,Flushing Line,Flushing Line,WB
32970,Queens,2021,3,9,22,0,39,177615,POINT (1028931.8143046284 215115.26618027306),ROOSEVELT AVENUE BRIDGE,Flushing Line,Flushing Line,WB
32970,Queens,2021,3,9,22,15,37,177615,POINT (1028931.8143046284 215115.26618027306),ROOSEVELT AVENUE BRIDGE,Flushing Line,Flushing Line,WB
32970,Queens,2021,3,9,22,30,32,177615,POINT (1028931.8143046284 215115.26618027306),ROOSEVELT AVENUE BRIDGE,Flushing Line,Flushing Line,WB
32970,Queens,2021,3,9,22,45,23,177615,POINT (1028931.8143046284 215115.26618027306),ROOSEVELT AVENUE BRIDGE,Flushing Line,Flushing Line,WB
32970,Queens,2021,3,9,23,0,20,177615,POINT (1028931.8143046284 215115.26618027306),ROOSEVELT AVENUE BRIDGE,Flushing Line,Flushing Line,WB
32970,Queens,2021,3,9,23,15,29,177615,POINT (1028931.8143046284 215115.26618027306),ROOSEVELT AVENUE BRIDGE,Flushing Line,Flushing Line,WB
32970,Queens,2021,3,9,23,30,22,177615,POINT (1028931.8143046284 215115.26618027306),ROOSEVELT AVENUE BRIDGE,Flushing Line,Flushing Line,WB
32970,Queens,2021,3,9,23,45,24,177615,POINT (1028931.8143046284 215115.26618027306),ROOSEVELT AVENUE BRIDGE,Flushing Line,Flushing Line,WB
32970,Queens,2021,3,10,0,0,17,177615,POINT (1028931.8143046284 215115.26618027306),ROOSEVELT AVENUE BRIDGE,Flushing Line,Flushing Line,WB
32970,Queens,2021,3,10,0,15,9,177615,POINT (1028931.8143046284 215115.26618027306),ROOSEVELT AVENUE BRIDGE,Flushing Line,Flushing Line,WB
32970,Queens,2021,3,10,0,30,17,177615,POINT (1028931.8143046284 215115.26618027306),ROOSEVELT AVENUE BRIDGE,Flushing Line,Flushing Line,WB
32970,Queens,2021,3,10,0,45,14,177615,POINT (1028931.8143046284 215115.26618027306),ROOSEVELT AVENUE BRIDGE,Flushing Line,Flushing Line,WB
32970,Queens,2021,3,10,1,0,18,177615,POINT (1028931.8143046284 215115.26618027306),ROOSEVELT AVENUE BRIDGE,Flushing Line,Flushing Line,WB
32970,Queens,2021,3,10,1,15,19,177615,POINT (1028931.8143046284 215115.26618027306),ROOSEVELT AVENUE BRIDGE,Flushing Line,Flushing Line,WB
32970,Queens,2021,3,10,1,30,10,177615,POINT (1028931.8143046284 215115.26618027306),ROOSEVELT AVENUE BRIDGE,Flushing Line,Flushing Line,WB
32970,Queens,2021,3,10,1,45,9,177615,POINT (1028931.8143046284 215115.26618027306),ROOSEVELT AVENUE BRIDGE,Flushing Line,Flushing Line,WB
32970,Queens,2021,3,10,2,0,15,177615,POINT (1028931.8143046284 215115.26618027306),ROOSEVELT AVENUE BRIDGE,Flushing Line,Flushing Line,WB
32970,Queens,2021,3,10,2,15,10,177615,POINT (1028931.8143046284 215115.26618027306),ROOSEVELT AVENUE BRIDGE,Flushing Line,Flushing Line,WB
32970,Queens,2021,3,10,2,30,8,177615,POINT (1028931.8143046284 215115.26618027306),ROOSEVELT AVENUE BRIDGE,Flushing Line,Flushing Line,WB
32970,Queens,2021,3,10,2,45,7,177615,POINT (1028931.8143046284 215115.26618027306),ROOSEVELT AVENUE BRIDGE,Flushing Line,Flushing Line,WB
32970,Queens,2021,3,10,3,0,5,177615,POINT (1028931.8143046284 215115.26618027306),ROOSEVELT AVENUE BRIDGE,Flushing Line,Flushing Line,WB
32970,Queens,2021,3,10,3,15,5,177615,POINT (1028931.8143046284 215115.26618027306),ROOSEVELT AVENUE BRIDGE,Flushing Line,Flushing Line,WB
32970,Queens,2021,3,10,3,30,10,177615,POINT (1028931.8143046284 215115.26618027306),ROOSEVELT AVENUE BRIDGE,Flushing Line,Flushing Line,WB
32970,Queens,2021,3,10,3,45,7,177615,POINT (1028931.8143046284 215115.26618027306),ROOSEVELT AVENUE BRIDGE,Flushing Line,Flushing Line,WB
32970,Queens,2021,3,10,4,0,9,177615,POINT (1028931.8143046284 215115.26618027306),ROOSEVELT AVENUE BRIDGE,Flushing Line,Flushing Line,WB
32970,Queens,2021,3,10,4,15,13,177615,POINT (1028931.8143046284 215115.26618027306),ROOSEVELT AVENUE BRIDGE,Flushing Line,Flushing Line,WB
32970,Queens,2021,3,10,4,30,11,177615,POINT (1028931.8143046284 215115.26618027306),ROOSEVELT AVENUE BRIDGE,Flushing Line,Flushing Line,WB
32970,Queens,2021,3,10,4,45,20,177615,POINT (1028931.8143046284 215115.26618027306),ROOSEVELT AVENUE BRIDGE,Flushing Line,Flushing Line,WB
32970,Queens,2021,3,10,5,0,18,177615,POINT (1028931.8143046284 215115.26618027306),ROOSEVELT AVENUE BRIDGE,Flushing Line,Flushing Line,WB
32970,Queens,2021,3,10,5,15,23,177615,POINT (1028931.8143046284 215115.26618027306),ROOSEVELT AVENUE BRIDGE,Flushing Line,Flushing Line,WB
32970,Queens,2021,3,10,5,30,35,177615,POINT (1028931.8143046284 215115.26618027306),ROOSEVELT AVENUE BRIDGE,Flushing Line,Flushing Line,WB
32970,Queens,2021,3,10,5,45,42,177615,POINT (1028931.8143046284 215115.26618027306),ROOSEVELT AVENUE BRIDGE,Flushing Line,Flushing Line,WB
32970,Queens,2021,3,10,6,0,44,177615,POINT (1028931.8143046284 215115.26618027306),ROOSEVELT AVENUE BRIDGE,Flushing Line,Flushing Line,WB
32970,Queens,2021,3,10,6,15,51,177615,POINT (1028931.8143046284 215115.26618027306),ROOSEVELT AVENUE BRIDGE,Flushing Line,Flushing Line,WB
32970,Queens,2021,3,10,6,30,66,177615,POINT (1028931.8143046284 215115.26618027306),ROOSEVELT AVENUE BRIDGE,Flushing Line,Flushing Line,WB
32970,Queens,2021,3,10,6,45,93,177615,POINT (1028931.8143046284 215115.26618027306),ROOSEVELT AVENUE BRIDGE,Flushing Line,Flushing Line,WB
32970,Queens,2021,3,10,7,0,88,177615,POINT (1028931.8143046284 215115.26618027306),ROOSEVELT AVENUE BRIDGE,Flushing Line,Flushing Line,WB
32970,Queens,2021,3,10,7,15,113,177615,POINT (1028931.8143046284 215115.26618027306),ROOSEVELT AVENUE BRIDGE,Flushing Line,Flushing Line,WB
32970,Queens,2021,3,10,7,30,101,177615,POINT (1028931.8143046284 215115.26618027306),ROOSEVELT AVENUE BRIDGE,Flushing Line,Flushing Line,WB
32970,Queens,2021,3,10,7,45,101,177615,POINT (1028931.8143046284 215115.26618027306),ROOSEVELT AVENUE BRIDGE,Flushing Line,Flushing Line,WB
32970,Queens,2021,3,10,8,0,91,177615,POINT (1028931.8143046284 215115.26618027306),ROOSEVELT AVENUE BRIDGE,Flushing Line,Flushing Line,WB
32970,Queens,2021,3,10,8,15,91,177615,POINT (1028931.8143046284 215115.26618027306),ROOSEVELT AVENUE BRIDGE,Flushing Line,Flushing Line,WB
32970,Queens,2021,3,10,8,30,98,177615,POINT (1028931.8143046284 215115.26618027306),ROOSEVELT AVENUE BRIDGE,Flushing Line,Flushing Line,WB
32970,Queens,2021,3,10,8,45,93,177615,POINT (1028931.8143046284 215115.26618027306),ROOSEVELT AVENUE BRIDGE,Flushing Line,Flushing Line,WB
32970,Queens,2021,3,10,9,0,96,177615,POINT (1028931.8143046284 215115.26618027306),ROOSEVELT AVENUE BRIDGE,Flushing Line,Flushing Line,WB
32970,Queens,2021,3,10,9,15,97,177615,POINT (1028931.8143046284 215115.26618027306),ROOSEVELT AVENUE BRIDGE,Flushing Line,Flushing Line,WB
32970,Queens,2021,3,10,9,30,92,177615,POINT (1028931.8143046284 215115.26618027306),ROOSEVELT AVENUE BRIDGE,Flushing Line,Flushing Line,WB
32970,Queens,2021,3,10,9,45,62,177615,POINT (1028931.8143046284 215115.26618027306),ROOSEVELT AVENUE BRIDGE,Flushing Line,Flushing Line,WB
32970,Queens,2021,3,10,10,0,76,177615,POINT (1028931.8143046284 215115.26618027306),ROOSEVELT AVENUE BRIDGE,Flushing Line,Flushing Line,WB
32970,Queens,2021,3,10,10,15,102,177615,POINT (1028931.8143046284 215115.26618027306),ROOSEVELT AVENUE BRIDGE,Flushing Line,Flushing Line,WB
32970,Queens,2021,3,10,10,30,88,177615,POINT (1028931.8143046284 215115.26618027306),ROOSEVELT AVENUE BRIDGE,Flushing Line,Flushing Line,WB
32970,Queens,2021,3,10,10,45,89,177615,POINT (1028931.8143046284 215115.26618027306),ROOSEVELT AVENUE BRIDGE,Flushing Line,Flushing Line,WB
32970,Queens,2021,3,10,11,0,95,177615,POINT (1028931.8143046284 215115.26618027306),ROOSEVELT AVENUE BRIDGE,Flushing Line,Flushing Line,WB
32970,Queens,2021,3,10,11,15,86,177615,POINT (1028931.8143046284 215115.26618027306),ROOSEVELT AVENUE BRIDGE,Flushing Line,Flushing Line,WB
32970,Queens,2021,3,10,11,30,100,177615,POINT (1028931.8143046284 215115.26618027306),ROOSEVELT AVENUE BRIDGE,Flushing Line,Flushing Line,WB
32970,Queens,2021,3,10,11,45,90,177615,POINT (1028931.8143046284 215115.26618027306),ROOSEVELT AVENUE BRIDGE,Flushing Line,Flushing Line,WB
32970,Queens,2021,3,10,12,0,94,177615,POINT (1028931.8143046284 215115.26618027306),ROOSEVELT AVENUE BRIDGE,Flushing Line,Flushing Line,WB
32970,Queens,2021,3,10,12,15,71,177615,POINT (1028931.8143046284 215115.26618027306),ROOSEVELT AVENUE BRIDGE,Flushing Line,Flushing Line,WB
32970,Queens,2021,3,10,12,30,88,177615,POINT (1028931.8143046284 215115.26618027306),ROOSEVELT AVENUE BRIDGE,Flushing Line,Flushing Line,WB
32970,Queens,2021,3,10,12,45,104,177615,POINT (1028931.8143046284 215115.26618027306),ROOSEVELT AVENUE BRIDGE,Flushing Line,Flushing Line,WB
32970,Queens,2021,3,10,13,0,109,177615,POINT (1028931.8143046284 215115.26618027306),ROOSEVELT AVENUE BRIDGE,Flushing Line,Flushing Line,WB
32970,Queens,2021,3,10,13,15,103,177615,POINT (1028931.8143046284 215115.26618027306),ROOSEVELT AVENUE BRIDGE,Flushing Line,Flushing Line,WB
32970,Queens,2021,3,10,13,30,89,177615,POINT (1028931.8143046284 215115.26618027306),ROOSEVELT AVENUE BRIDGE,Flushing Line,Flushing Line,WB
32970,Queens,2021,3,10,13,45,80,177615,POINT (1028931.8143046284 215115.26618027306),ROOSEVELT AVENUE BRIDGE,Flushing Line,Flushing Line,WB
32970,Queens,2021,3,10,14,0,102,177615,POINT (1028931.8143046284 215115.26618027306),ROOSEVELT AVENUE BRIDGE,Flushing Line,Flushing Line,WB
32970,Queens,2021,3,10,14,15,93,177615,POINT (1028931.8143046284 215115.26618027306),ROOSEVELT AVENUE BRIDGE,Flushing Line,Flushing Line,WB
32970,Queens,2021,3,10,14,30,88,177615,POINT (1028931.8143046284 215115.26618027306),ROOSEVELT AVENUE BRIDGE,Flushing Line,Flushing Line,WB
32970,Queens,2021,3,10,14,45,110,177615,POINT (1028931.8143046284 215115.26618027306),ROOSEVELT AVENUE BRIDGE,Flushing Line,Flushing Line,WB
32970,Queens,2021,3,10,15,0,98,177615,POINT (1028931.8143046284 215115.26618027306),ROOSEVELT AVENUE BRIDGE,Flushing Line,Flushing Line,WB
32970,Queens,2021,3,10,15,15,119,177615,POINT (1028931.8143046284 215115.26618027306),ROOSEVELT AVENUE BRIDGE,Flushing Line,Flushing Line,WB
32970,Queens,2021,3,10,15,30,98,177615,POINT (1028931.8143046284 215115.26618027306),ROOSEVELT AVENUE BRIDGE,Flushing Line,Flushing Line,WB
32970,Queens,2021,3,10,15,45,108,177615,POINT (1028931.8143046284 215115.26618027306),ROOSEVELT AVENUE BRIDGE,Flushing Line,Flushing Line,WB
32970,Queens,2021,3,10,16,0,98,177615,POINT (1028931.8143046284 215115.26618027306),ROOSEVELT AVENUE BRIDGE,Flushing Line,Flushing Line,WB
32970,Queens,2021,3,10,16,15,118,177615,POINT (1028931.8143046284 215115.26618027306),ROOSEVELT AVENUE BRIDGE,Flushing Line,Flushing Line,WB
32970,Queens,2021,3,10,16,30,111,177615,POINT (1028931.8143046284 215115.26618027306),ROOSEVELT AVENUE BRIDGE,Flushing Line,Flushing Line,WB
32970,Queens,2021,3,10,16,45,106,177615,POINT (1028931.8143046284 215115.26618027306),ROOSEVELT AVENUE BRIDGE,Flushing Line,Flushing Line,WB
32970,Queens,2021,3,10,17,0,97,177615,POINT (1028931.8143046284 215115.26618027306),ROOSEVELT AVENUE BRIDGE,Flushing Line,Flushing Line,WB
32970,Queens,2021,3,10,17,15,84,177615,POINT (1028931.8143046284 215115.26618027306),ROOSEVELT AVENUE BRIDGE,Flushing Line,Flushing Line,WB
32970,Queens,2021,3,10,17,30,131,177615,POINT (1028931.8143046284 215115.26618027306),ROOSEVELT AVENUE BRIDGE,Flushing Line,Flushing Line,WB
32970,Queens,2021,3,10,17,45,105,177615,POINT (1028931.8143046284 215115.26618027306),ROOSEVELT AVENUE BRIDGE,Flushing Line,Flushing Line,WB
32970,Queens,2021,3,10,18,0,102,177615,POINT (1028931.8143046284 215115.26618027306),ROOSEVELT AVENUE BRIDGE,Flushing Line,Flushing Line,WB
32970,Queens,2021,3,10,18,15,99,177615,POINT (1028931.8143046284 215115.26618027306),ROOSEVELT AVENUE BRIDGE,Flushing Line,Flushing Line,WB
32970,Queens,2021,3,10,18,30,84,177615,POINT (1028931.8143046284 215115.26618027306),ROOSEVELT AVENUE BRIDGE,Flushing Line,Flushing Line,WB
32970,Queens,2021,3,10,18,45,82,177615,POINT (1028931.8143046284 215115.26618027306),ROOSEVELT AVENUE BRIDGE,Flushing Line,Flushing Line,WB
32970,Queens,2021,3,10,19,0,79,177615,POINT (1028931.8143046284 215115.26618027306),ROOSEVELT AVENUE BRIDGE,Flushing Line,Flushing Line,WB
32970,Queens,2021,3,10,19,15,87,177615,POINT (1028931.8143046284 215115.26618027306),ROOSEVELT AVENUE BRIDGE,Flushing Line,Flushing Line,WB
32970,Queens,2021,3,10,19,30,73,177615,POINT (1028931.8143046284 215115.26618027306),ROOSEVELT AVENUE BRIDGE,Flushing Line,Flushing Line,WB
32970,Queens,2021,3,10,19,45,88,177615,POINT (1028931.8143046284 215115.26618027306),ROOSEVELT AVENUE BRIDGE,Flushing Line,Flushing Line,WB
32970,Queens,2021,3,10,20,0,60,177615,POINT (1028931.8143046284 215115.26618027306),ROOSEVELT AVENUE BRIDGE,Flushing Line,Flushing Line,WB
32970,Queens,2021,3,10,20,15,63,177615,POINT (1028931.8143046284 215115.26618027306),ROOSEVELT AVENUE BRIDGE,Flushing Line,Flushing Line,WB
32970,Queens,2021,3,10,20,30,62,177615,POINT (1028931.8143046284 215115.26618027306),ROOSEVELT AVENUE BRIDGE,Flushing Line,Flushing Line,WB
32970,Queens,2021,3,10,20,45,37,177615,POINT (1028931.8143046284 215115.26618027306),ROOSEVELT AVENUE BRIDGE,Flushing Line,Flushing Line,WB
32970,Queens,2021,3,10,21,0,56,177615,POINT (1028931.8143046284 215115.26618027306),ROOSEVELT AVENUE BRIDGE,Flushing Line,Flushing Line,WB
32970,Queens,2021,3,10,21,15,48,177615,POINT (1028931.8143046284 215115.26618027306),ROOSEVELT AVENUE BRIDGE,Flushing Line,Flushing Line,WB
32970,Queens,2021,3,10,21,30,41,177615,POINT (1028931.8143046284 215115.26618027306),ROOSEVELT AVENUE BRIDGE,Flushing Line,Flushing Line,WB
32970,Queens,2021,3,10,21,45,46,177615,POINT (1028931.8143046284 215115.26618027306),ROOSEVELT AVENUE BRIDGE,Flushing Line,Flushing Line,WB
32970,Queens,2021,3,10,22,0,50,177615,POINT (1028931.8143046284 215115.26618027306),ROOSEVELT AVENUE BRIDGE,Flushing Line,Flushing Line,WB
32970,Queens,2021,3,10,22,15,31,177615,POINT (1028931.8143046284 215115.26618027306),ROOSEVELT AVENUE BRIDGE,Flushing Line,Flushing Line,WB
32970,Queens,2021,3,10,22,30,39,177615,POINT (1028931.8143046284 215115.26618027306),ROOSEVELT AVENUE BRIDGE,Flushing Line,Flushing Line,WB
32970,Queens,2021,3,10,22,45,35,177615,POINT (1028931.8143046284 215115.26618027306),ROOSEVELT AVENUE BRIDGE,Flushing Line,Flushing Line,WB
32970,Queens,2021,3,10,23,0,21,177615,POINT (1028931.8143046284 215115.26618027306),ROOSEVELT AVENUE BRIDGE,Flushing Line,Flushing Line,WB
32970,Queens,2021,3,10,23,15,19,177615,POINT (1028931.8143046284 215115.26618027306),ROOSEVELT AVENUE BRIDGE,Flushing Line,Flushing Line,WB
32970,Queens,2021,3,10,23,30,24,177615,POINT (1028931.8143046284 215115.26618027306),ROOSEVELT AVENUE BRIDGE,Flushing Line,Flushing Line,WB
32970,Queens,2021,3,10,23,45,26,177615,POINT (1028931.8143046284 215115.26618027306),ROOSEVELT AVENUE BRIDGE,Flushing Line,Flushing Line,WB
32970,Queens,2021,3,11,0,0,21,177615,POINT (1028931.8143046284 215115.26618027306),ROOSEVELT AVENUE BRIDGE,Flushing Line,Flushing Line,WB
32970,Queens,2021,3,11,0,15,15,177615,POINT (1028931.8143046284 215115.26618027306),ROOSEVELT AVENUE BRIDGE,Flushing Line,Flushing Line,WB
32970,Queens,2021,3,11,0,30,14,177615,POINT (1028931.8143046284 215115.26618027306),ROOSEVELT AVENUE BRIDGE,Flushing Line,Flushing Line,WB
32970,Queens,2021,3,11,0,45,11,177615,POINT (1028931.8143046284 215115.26618027306),ROOSEVELT AVENUE BRIDGE,Flushing Line,Flushing Line,WB
32970,Queens,2021,3,11,1,0,16,177615,POINT (1028931.8143046284 215115.26618027306),ROOSEVELT AVENUE BRIDGE,Flushing Line,Flushing Line,WB
32970,Queens,2021,3,11,1,15,13,177615,POINT (1028931.8143046284 215115.26618027306),ROOSEVELT AVENUE BRIDGE,Flushing Line,Flushing Line,WB
32970,Queens,2021,3,11,1,30,16,177615,POINT (1028931.8143046284 215115.26618027306),ROOSEVELT AVENUE BRIDGE,Flushing Line,Flushing Line,WB
32970,Queens,2021,3,11,1,45,11,177615,POINT (1028931.8143046284 215115.26618027306),ROOSEVELT AVENUE BRIDGE,Flushing Line,Flushing Line,WB
32970,Queens,2021,3,11,2,0,16,177615,POINT (1028931.8143046284 215115.26618027306),ROOSEVELT AVENUE BRIDGE,Flushing Line,Flushing Line,WB
32970,Queens,2021,3,11,2,15,16,177615,POINT (1028931.8143046284 215115.26618027306),ROOSEVELT AVENUE BRIDGE,Flushing Line,Flushing Line,WB
32970,Queens,2021,3,11,2,30,8,177615,POINT (1028931.8143046284 215115.26618027306),ROOSEVELT AVENUE BRIDGE,Flushing Line,Flushing Line,WB
32970,Queens,2021,3,11,2,45,9,177615,POINT (1028931.8143046284 215115.26618027306),ROOSEVELT AVENUE BRIDGE,Flushing Line,Flushing Line,WB
32970,Queens,2021,3,11,3,0,6,177615,POINT (1028931.8143046284 215115.26618027306),ROOSEVELT AVENUE BRIDGE,Flushing Line,Flushing Line,WB
32970,Queens,2021,3,11,3,15,3,177615,POINT (1028931.8143046284 215115.26618027306),ROOSEVELT AVENUE BRIDGE,Flushing Line,Flushing Line,WB
32970,Queens,2021,3,11,3,30,10,177615,POINT (1028931.8143046284 215115.26618027306),ROOSEVELT AVENUE BRIDGE,Flushing Line,Flushing Line,WB
32970,Queens,2021,3,11,3,45,8,177615,POINT (1028931.8143046284 215115.26618027306),ROOSEVELT AVENUE BRIDGE,Flushing Line,Flushing Line,WB
32970,Queens,2021,3,11,4,0,20,177615,POINT (1028931.8143046284 215115.26618027306),ROOSEVELT AVENUE BRIDGE,Flushing Line,Flushing Line,WB
32970,Queens,2021,3,11,4,15,10,177615,POINT (1028931.8143046284 215115.26618027306),ROOSEVELT AVENUE BRIDGE,Flushing Line,Flushing Line,WB
32970,Queens,2021,3,11,4,30,15,177615,POINT (1028931.8143046284 215115.26618027306),ROOSEVELT AVENUE BRIDGE,Flushing Line,Flushing Line,WB
32970,Queens,2021,3,11,4,45,19,177615,POINT (1028931.8143046284 215115.26618027306),ROOSEVELT AVENUE BRIDGE,Flushing Line,Flushing Line,WB
32970,Queens,2021,3,11,5,0,20,177615,POINT (1028931.8143046284 215115.26618027306),ROOSEVELT AVENUE BRIDGE,Flushing Line,Flushing Line,WB
32970,Queens,2021,3,11,5,15,21,177615,POINT (1028931.8143046284 215115.26618027306),ROOSEVELT AVENUE BRIDGE,Flushing Line,Flushing Line,WB
32970,Queens,2021,3,11,5,30,29,177615,POINT (1028931.8143046284 215115.26618027306),ROOSEVELT AVENUE BRIDGE,Flushing Line,Flushing Line,WB
32970,Queens,2021,3,11,5,45,43,177615,POINT (1028931.8143046284 215115.26618027306),ROOSEVELT AVENUE BRIDGE,Flushing Line,Flushing Line,WB
32970,Queens,2021,3,11,6,0,55,177615,POINT (1028931.8143046284 215115.26618027306),ROOSEVELT AVENUE BRIDGE,Flushing Line,Flushing Line,WB
32970,Queens,2021,3,11,6,15,50,177615,POINT (1028931.8143046284 215115.26618027306),ROOSEVELT AVENUE BRIDGE,Flushing Line,Flushing Line,WB
32970,Queens,2021,3,11,6,30,69,177615,POINT (1028931.8143046284 215115.26618027306),ROOSEVELT AVENUE BRIDGE,Flushing Line,Flushing Line,WB
32970,Queens,2021,3,11,6,45,81,177615,POINT (1028931.8143046284 215115.26618027306),ROOSEVELT AVENUE BRIDGE,Flushing Line,Flushing Line,WB
32970,Queens,2021,3,11,7,0,90,177615,POINT (1028931.8143046284 215115.26618027306),ROOSEVELT AVENUE BRIDGE,Flushing Line,Flushing Line,WB
32970,Queens,2021,3,11,7,15,103,177615,POINT (1028931.8143046284 215115.26618027306),ROOSEVELT AVENUE BRIDGE,Flushing Line,Flushing Line,WB
32970,Queens,2021,3,11,7,30,100,177615,POINT (1028931.8143046284 215115.26618027306),ROOSEVELT AVENUE BRIDGE,Flushing Line,Flushing Line,WB
32970,Queens,2021,3,11,7,45,100,177615,POINT (1028931.8143046284 215115.26618027306),ROOSEVELT AVENUE BRIDGE,Flushing Line,Flushing Line,WB
32970,Queens,2021,3,11,8,0,91,177615,POINT (1028931.8143046284 215115.26618027306),ROOSEVELT AVENUE BRIDGE,Flushing Line,Flushing Line,WB
32970,Queens,2021,3,11,8,15,110,177615,POINT (1028931.8143046284 215115.26618027306),ROOSEVELT AVENUE BRIDGE,Flushing Line,Flushing Line,WB
32970,Queens,2021,3,11,8,30,89,177615,POINT (1028931.8143046284 215115.26618027306),ROOSEVELT AVENUE BRIDGE,Flushing Line,Flushing Line,WB
32970,Queens,2021,3,11,8,45,103,177615,POINT (1028931.8143046284 215115.26618027306),ROOSEVELT AVENUE BRIDGE,Flushing Line,Flushing Line,WB
32970,Queens,2021,3,11,9,0,80,177615,POINT (1028931.8143046284 215115.26618027306),ROOSEVELT AVENUE BRIDGE,Flushing Line,Flushing Line,WB
32970,Queens,2021,3,11,9,15,99,177615,POINT (1028931.8143046284 215115.26618027306),ROOSEVELT AVENUE BRIDGE,Flushing Line,Flushing Line,WB
32970,Queens,2021,3,11,9,30,79,177615,POINT (1028931.8143046284 215115.26618027306),ROOSEVELT AVENUE BRIDGE,Flushing Line,Flushing Line,WB
32970,Queens,2021,3,11,9,45,97,177615,POINT (1028931.8143046284 215115.26618027306),ROOSEVELT AVENUE BRIDGE,Flushing Line,Flushing Line,WB
32970,Queens,2021,3,11,10,0,86,177615,POINT (1028931.8143046284 215115.26618027306),ROOSEVELT AVENUE BRIDGE,Flushing Line,Flushing Line,WB
32970,Queens,2021,3,11,10,15,78,177615,POINT (1028931.8143046284 215115.26618027306),ROOSEVELT AVENUE BRIDGE,Flushing Line,Flushing Line,WB
32970,Queens,2021,3,11,10,30,83,177615,POINT (1028931.8143046284 215115.26618027306),ROOSEVELT AVENUE BRIDGE,Flushing Line,Flushing Line,WB
32970,Queens,2021,3,11,10,45,73,177615,POINT (1028931.8143046284 215115.26618027306),ROOSEVELT AVENUE BRIDGE,Flushing Line,Flushing Line,WB
32970,Queens,2021,3,11,11,0,91,177615,POINT (1028931.8143046284 215115.26618027306),ROOSEVELT AVENUE BRIDGE,Flushing Line,Flushing Line,WB
32970,Queens,2021,3,11,11,15,90,177615,POINT (1028931.8143046284 215115.26618027306),ROOSEVELT AVENUE BRIDGE,Flushing Line,Flushing Line,WB
32970,Queens,2021,3,11,11,30,87,177615,POINT (1028931.8143046284 215115.26618027306),ROOSEVELT AVENUE BRIDGE,Flushing Line,Flushing Line,WB
32970,Queens,2021,3,11,11,45,81,177615,POINT (1028931.8143046284 215115.26618027306),ROOSEVELT AVENUE BRIDGE,Flushing Line,Flushing Line,WB
32970,Queens,2021,3,11,12,0,114,177615,POINT (1028931.8143046284 215115.26618027306),ROOSEVELT AVENUE BRIDGE,Flushing Line,Flushing Line,WB
32970,Queens,2021,3,11,12,15,94,177615,POINT (1028931.8143046284 215115.26618027306),ROOSEVELT AVENUE BRIDGE,Flushing Line,Flushing Line,WB
32970,Queens,2021,3,11,12,30,90,177615,POINT (1028931.8143046284 215115.26618027306),ROOSEVELT AVENUE BRIDGE,Flushing Line,Flushing Line,WB
32970,Queens,2021,3,11,12,45,77,177615,POINT (1028931.8143046284 215115.26618027306),ROOSEVELT AVENUE BRIDGE,Flushing Line,Flushing Line,WB
32970,Queens,2021,3,11,13,0,94,177615,POINT (1028931.8143046284 215115.26618027306),ROOSEVELT AVENUE BRIDGE,Flushing Line,Flushing Line,WB
32970,Queens,2021,3,11,13,15,127,177615,POINT (1028931.8143046284 215115.26618027306),ROOSEVELT AVENUE BRIDGE,Flushing Line,Flushing Line,WB
32970,Queens,2021,3,11,13,30,85,177615,POINT (1028931.8143046284 215115.26618027306),ROOSEVELT AVENUE BRIDGE,Flushing Line,Flushing Line,WB
32970,Queens,2021,3,11,13,45,112,177615,POINT (1028931.8143046284 215115.26618027306),ROOSEVELT AVENUE BRIDGE,Flushing Line,Flushing Line,WB
32970,Queens,2021,3,11,14,0,110,177615,POINT (1028931.8143046284 215115.26618027306),ROOSEVELT AVENUE BRIDGE,Flushing Line,Flushing Line,WB
32970,Queens,2021,3,11,14,15,95,177615,POINT (1028931.8143046284 215115.26618027306),ROOSEVELT AVENUE BRIDGE,Flushing Line,Flushing Line,WB
32970,Queens,2021,3,11,14,30,94,177615,POINT (1028931.8143046284 215115.26618027306),ROOSEVELT AVENUE BRIDGE,Flushing Line,Flushing Line,WB
32970,Queens,2021,3,11,14,45,93,177615,POINT (1028931.8143046284 215115.26618027306),ROOSEVELT AVENUE BRIDGE,Flushing Line,Flushing Line,WB
32970,Queens,2021,3,11,15,0,106,177615,POINT (1028931.8143046284 215115.26618027306),ROOSEVELT AVENUE BRIDGE,Flushing Line,Flushing Line,WB
32970,Queens,2021,3,11,15,15,91,177615,POINT (1028931.8143046284 215115.26618027306),ROOSEVELT AVENUE BRIDGE,Flushing Line,Flushing Line,WB
32970,Queens,2021,3,11,15,30,86,177615,POINT (1028931.8143046284 215115.26618027306),ROOSEVELT AVENUE BRIDGE,Flushing Line,Flushing Line,WB
32970,Queens,2021,3,11,15,45,103,177615,POINT (1028931.8143046284 215115.26618027306),ROOSEVELT AVENUE BRIDGE,Flushing Line,Flushing Line,WB
32970,Queens,2021,3,11,16,0,74,177615,POINT (1028931.8143046284 215115.26618027306),ROOSEVELT AVENUE BRIDGE,Flushing Line,Flushing Line,WB
32970,Queens,2021,3,11,16,15,125,177615,POINT (1028931.8143046284 215115.26618027306),ROOSEVELT AVENUE BRIDGE,Flushing Line,Flushing Line,WB
32970,Queens,2021,3,11,16,30,96,177615,POINT (1028931.8143046284 215115.26618027306),ROOSEVELT AVENUE BRIDGE,Flushing Line,Flushing Line,WB
32970,Queens,2021,3,11,16,45,112,177615,POINT (1028931.8143046284 215115.26618027306),ROOSEVELT AVENUE BRIDGE,Flushing Line,Flushing Line,WB
32970,Queens,2021,3,11,17,0,103,177615,POINT (1028931.8143046284 215115.26618027306),ROOSEVELT AVENUE BRIDGE,Flushing Line,Flushing Line,WB
32970,Queens,2021,3,11,17,15,126,177615,POINT (1028931.8143046284 215115.26618027306),ROOSEVELT AVENUE BRIDGE,Flushing Line,Flushing Line,WB
32970,Queens,2021,3,11,17,30,97,177615,POINT (1028931.8143046284 215115.26618027306),ROOSEVELT AVENUE BRIDGE,Flushing Line,Flushing Line,WB
32970,Queens,2021,3,11,17,45,118,177615,POINT (1028931.8143046284 215115.26618027306),ROOSEVELT AVENUE BRIDGE,Flushing Line,Flushing Line,WB
32970,Queens,2021,3,11,18,0,111,177615,POINT (1028931.8143046284 215115.26618027306),ROOSEVELT AVENUE BRIDGE,Flushing Line,Flushing Line,WB
32970,Queens,2021,3,11,18,15,90,177615,POINT (1028931.8143046284 215115.26618027306),ROOSEVELT AVENUE BRIDGE,Flushing Line,Flushing Line,WB
32970,Queens,2021,3,11,18,30,95,177615,POINT (1028931.8143046284 215115.26618027306),ROOSEVELT AVENUE BRIDGE,Flushing Line,Flushing Line,WB
32970,Queens,2021,3,11,18,45,79,177615,POINT (1028931.8143046284 215115.26618027306),ROOSEVELT AVENUE BRIDGE,Flushing Line,Flushing Line,WB
32970,Queens,2021,3,11,19,0,81,177615,POINT (1028931.8143046284 215115.26618027306),ROOSEVELT AVENUE BRIDGE,Flushing Line,Flushing Line,WB
32970,Queens,2021,3,11,19,15,83,177615,POINT (1028931.8143046284 215115.26618027306),ROOSEVELT AVENUE BRIDGE,Flushing Line,Flushing Line,WB
32970,Queens,2021,3,11,19,30,70,177615,POINT (1028931.8143046284 215115.26618027306),ROOSEVELT AVENUE BRIDGE,Flushing Line,Flushing Line,WB
32970,Queens,2021,3,11,19,45,76,177615,POINT (1028931.8143046284 215115.26618027306),ROOSEVELT AVENUE BRIDGE,Flushing Line,Flushing Line,WB
32970,Queens,2021,3,11,20,0,59,177615,POINT (1028931.8143046284 215115.26618027306),ROOSEVELT AVENUE BRIDGE,Flushing Line,Flushing Line,WB
32970,Queens,2021,3,11,20,15,68,177615,POINT (1028931.8143046284 215115.26618027306),ROOSEVELT AVENUE BRIDGE,Flushing Line,Flushing Line,WB
32970,Queens,2021,3,11,20,30,45,177615,POINT (1028931.8143046284 215115.26618027306),ROOSEVELT AVENUE BRIDGE,Flushing Line,Flushing Line,WB
32970,Queens,2021,3,11,20,45,60,177615,POINT (1028931.8143046284 215115.26618027306),ROOSEVELT AVENUE BRIDGE,Flushing Line,Flushing Line,WB
32970,Queens,2021,3,11,21,0,42,177615,POINT (1028931.8143046284 215115.26618027306),ROOSEVELT AVENUE BRIDGE,Flushing Line,Flushing Line,WB
32970,Queens,2021,3,11,21,15,52,177615,POINT (1028931.8143046284 215115.26618027306),ROOSEVELT AVENUE BRIDGE,Flushing Line,Flushing Line,WB
32970,Queens,2021,3,11,21,30,40,177615,POINT (1028931.8143046284 215115.26618027306),ROOSEVELT AVENUE BRIDGE,Flushing Line,Flushing Line,WB
32970,Queens,2021,3,11,21,45,44,177615,POINT (1028931.8143046284 215115.26618027306),ROOSEVELT AVENUE BRIDGE,Flushing Line,Flushing Line,WB
32970,Queens,2021,3,11,22,0,35,177615,POINT (1028931.8143046284 215115.26618027306),ROOSEVELT AVENUE BRIDGE,Flushing Line,Flushing Line,WB
32970,Queens,2021,3,11,22,15,38,177615,POINT (1028931.8143046284 215115.26618027306),ROOSEVELT AVENUE BRIDGE,Flushing Line,Flushing Line,WB
32970,Queens,2021,3,11,22,30,46,177615,POINT (1028931.8143046284 215115.26618027306),ROOSEVELT AVENUE BRIDGE,Flushing Line,Flushing Line,WB
32970,Queens,2021,3,11,22,45,38,177615,POINT (1028931.8143046284 215115.26618027306),ROOSEVELT AVENUE BRIDGE,Flushing Line,Flushing Line,WB
32970,Queens,2021,3,11,23,0,27,177615,POINT (1028931.8143046284 215115.26618027306),ROOSEVELT AVENUE BRIDGE,Flushing Line,Flushing Line,WB
32970,Queens,2021,3,11,23,15,36,177615,POINT (1028931.8143046284 215115.26618027306),ROOSEVELT AVENUE BRIDGE,Flushing Line,Flushing Line,WB
32970,Queens,2021,3,11,23,30,17,177615,POINT (1028931.8143046284 215115.26618027306),ROOSEVELT AVENUE BRIDGE,Flushing Line,Flushing Line,WB
32970,Queens,2021,3,11,23,45,25,177615,POINT (1028931.8143046284 215115.26618027306),ROOSEVELT AVENUE BRIDGE,Flushing Line,Flushing Line,WB
32970,Queens,2021,3,12,0,0,24,177615,POINT (1028931.8143046284 215115.26618027306),ROOSEVELT AVENUE BRIDGE,Flushing Line,Flushing Line,WB
32970,Queens,2021,3,12,0,15,29,177615,POINT (1028931.8143046284 215115.26618027306),ROOSEVELT AVENUE BRIDGE,Flushing Line,Flushing Line,WB
32970,Queens,2021,3,12,0,30,14,177615,POINT (1028931.8143046284 215115.26618027306),ROOSEVELT AVENUE BRIDGE,Flushing Line,Flushing Line,WB
32970,Queens,2021,3,12,0,45,13,177615,POINT (1028931.8143046284 215115.26618027306),ROOSEVELT AVENUE BRIDGE,Flushing Line,Flushing Line,WB
32970,Queens,2021,3,12,1,0,22,177615,POINT (1028931.8143046284 215115.26618027306),ROOSEVELT AVENUE BRIDGE,Flushing Line,Flushing Line,WB
32970,Queens,2021,3,12,1,15,17,177615,POINT (1028931.8143046284 215115.26618027306),ROOSEVELT AVENUE BRIDGE,Flushing Line,Flushing Line,WB
32970,Queens,2021,3,12,1,30,11,177615,POINT (1028931.8143046284 215115.26618027306),ROOSEVELT AVENUE BRIDGE,Flushing Line,Flushing Line,WB
32970,Queens,2021,3,12,1,45,13,177615,POINT (1028931.8143046284 215115.26618027306),ROOSEVELT AVENUE BRIDGE,Flushing Line,Flushing Line,WB
32970,Queens,2021,3,12,2,0,8,177615,POINT (1028931.8143046284 215115.26618027306),ROOSEVELT AVENUE BRIDGE,Flushing Line,Flushing Line,WB
32970,Queens,2021,3,12,2,15,14,177615,POINT (1028931.8143046284 215115.26618027306),ROOSEVELT AVENUE BRIDGE,Flushing Line,Flushing Line,WB
32970,Queens,2021,3,12,2,30,10,177615,POINT (1028931.8143046284 215115.26618027306),ROOSEVELT AVENUE BRIDGE,Flushing Line,Flushing Line,WB
32970,Queens,2021,3,12,2,45,10,177615,POINT (1028931.8143046284 215115.26618027306),ROOSEVELT AVENUE BRIDGE,Flushing Line,Flushing Line,WB
32970,Queens,2021,3,12,3,0,11,177615,POINT (1028931.8143046284 215115.26618027306),ROOSEVELT AVENUE BRIDGE,Flushing Line,Flushing Line,WB
32970,Queens,2021,3,12,3,15,11,177615,POINT (1028931.8143046284 215115.26618027306),ROOSEVELT AVENUE BRIDGE,Flushing Line,Flushing Line,WB
32970,Queens,2021,3,12,3,30,3,177615,POINT (1028931.8143046284 215115.26618027306),ROOSEVELT AVENUE BRIDGE,Flushing Line,Flushing Line,WB
32970,Queens,2021,3,12,3,45,12,177615,POINT (1028931.8143046284 215115.26618027306),ROOSEVELT AVENUE BRIDGE,Flushing Line,Flushing Line,WB
32970,Queens,2021,3,12,4,0,12,177615,POINT (1028931.8143046284 215115.26618027306),ROOSEVELT AVENUE BRIDGE,Flushing Line,Flushing Line,WB
32970,Queens,2021,3,12,4,15,11,177615,POINT (1028931.8143046284 215115.26618027306),ROOSEVELT AVENUE BRIDGE,Flushing Line,Flushing Line,WB
32970,Queens,2021,3,12,4,30,15,177615,POINT (1028931.8143046284 215115.26618027306),ROOSEVELT AVENUE BRIDGE,Flushing Line,Flushing Line,WB
32970,Queens,2021,3,12,4,45,12,177615,POINT (1028931.8143046284 215115.26618027306),ROOSEVELT AVENUE BRIDGE,Flushing Line,Flushing Line,WB
32970,Queens,2021,3,12,5,0,26,177615,POINT (1028931.8143046284 215115.26618027306),ROOSEVELT AVENUE BRIDGE,Flushing Line,Flushing Line,WB
32970,Queens,2021,3,12,5,15,22,177615,POINT (1028931.8143046284 215115.26618027306),ROOSEVELT AVENUE BRIDGE,Flushing Line,Flushing Line,WB
32970,Queens,2021,3,12,5,30,32,177615,POINT (1028931.8143046284 215115.26618027306),ROOSEVELT AVENUE BRIDGE,Flushing Line,Flushing Line,WB
32970,Queens,2021,3,12,5,45,33,177615,POINT (1028931.8143046284 215115.26618027306),ROOSEVELT AVENUE BRIDGE,Flushing Line,Flushing Line,WB
32970,Queens,2021,3,12,6,0,51,177615,POINT (1028931.8143046284 215115.26618027306),ROOSEVELT AVENUE BRIDGE,Flushing Line,Flushing Line,WB
32970,Queens,2021,3,12,6,15,41,177615,POINT (1028931.8143046284 215115.26618027306),ROOSEVELT AVENUE BRIDGE,Flushing Line,Flushing Line,WB
32970,Queens,2021,3,12,6,30,67,177615,POINT (1028931.8143046284 215115.26618027306),ROOSEVELT AVENUE BRIDGE,Flushing Line,Flushing Line,WB
32970,Queens,2021,3,12,6,45,93,177615,POINT (1028931.8143046284 215115.26618027306),ROOSEVELT AVENUE BRIDGE,Flushing Line,Flushing Line,WB
32970,Queens,2021,3,12,7,0,85,177615,POINT (1028931.8143046284 215115.26618027306),ROOSEVELT AVENUE BRIDGE,Flushing Line,Flushing Line,WB
32970,Queens,2021,3,12,7,15,103,177615,POINT (1028931.8143046284 215115.26618027306),ROOSEVELT AVENUE BRIDGE,Flushing Line,Flushing Line,WB
32970,Queens,2021,3,12,7,30,99,177615,POINT (1028931.8143046284 215115.26618027306),ROOSEVELT AVENUE BRIDGE,Flushing Line,Flushing Line,WB
32970,Queens,2021,3,12,7,45,79,177615,POINT (1028931.8143046284 215115.26618027306),ROOSEVELT AVENUE BRIDGE,Flushing Line,Flushing Line,WB
32970,Queens,2021,3,12,8,0,80,177615,POINT (1028931.8143046284 215115.26618027306),ROOSEVELT AVENUE BRIDGE,Flushing Line,Flushing Line,WB
32970,Queens,2021,3,12,8,15,94,177615,POINT (1028931.8143046284 215115.26618027306),ROOSEVELT AVENUE BRIDGE,Flushing Line,Flushing Line,WB
32970,Queens,2021,3,12,8,30,113,177615,POINT (1028931.8143046284 215115.26618027306),ROOSEVELT AVENUE BRIDGE,Flushing Line,Flushing Line,WB
32970,Queens,2021,3,12,8,45,94,177615,POINT (1028931.8143046284 215115.26618027306),ROOSEVELT AVENUE BRIDGE,Flushing Line,Flushing Line,WB
32970,Queens,2021,3,12,9,0,73,177615,POINT (1028931.8143046284 215115.26618027306),ROOSEVELT AVENUE BRIDGE,Flushing Line,Flushing Line,WB
32970,Queens,2021,3,12,9,15,88,177615,POINT (1028931.8143046284 215115.26618027306),ROOSEVELT AVENUE BRIDGE,Flushing Line,Flushing Line,WB
32970,Queens,2021,3,12,9,30,94,177615,POINT (1028931.8143046284 215115.26618027306),ROOSEVELT AVENUE BRIDGE,Flushing Line,Flushing Line,WB
32970,Queens,2021,3,12,9,45,94,177615,POINT (1028931.8143046284 215115.26618027306),ROOSEVELT AVENUE BRIDGE,Flushing Line,Flushing Line,WB
32970,Queens,2021,3,12,10,0,90,177615,POINT (1028931.8143046284 215115.26618027306),ROOSEVELT AVENUE BRIDGE,Flushing Line,Flushing Line,WB
32970,Queens,2021,3,12,10,15,105,177615,POINT (1028931.8143046284 215115.26618027306),ROOSEVELT AVENUE BRIDGE,Flushing Line,Flushing Line,WB
32970,Queens,2021,3,12,10,30,88,177615,POINT (1028931.8143046284 215115.26618027306),ROOSEVELT AVENUE BRIDGE,Flushing Line,Flushing Line,WB
32970,Queens,2021,3,12,10,45,93,177615,POINT (1028931.8143046284 215115.26618027306),ROOSEVELT AVENUE BRIDGE,Flushing Line,Flushing Line,WB
32970,Queens,2021,3,12,11,0,92,177615,POINT (1028931.8143046284 215115.26618027306),ROOSEVELT AVENUE BRIDGE,Flushing Line,Flushing Line,WB
32970,Queens,2021,3,12,11,15,102,177615,POINT (1028931.8143046284 215115.26618027306),ROOSEVELT AVENUE BRIDGE,Flushing Line,Flushing Line,WB
32970,Queens,2021,3,12,11,30,104,177615,POINT (1028931.8143046284 215115.26618027306),ROOSEVELT AVENUE BRIDGE,Flushing Line,Flushing Line,WB
32970,Queens,2021,3,12,11,45,105,177615,POINT (1028931.8143046284 215115.26618027306),ROOSEVELT AVENUE BRIDGE,Flushing Line,Flushing Line,WB
32970,Queens,2021,3,12,12,0,117,177615,POINT (1028931.8143046284 215115.26618027306),ROOSEVELT AVENUE BRIDGE,Flushing Line,Flushing Line,WB
32970,Queens,2021,3,12,12,15,106,177615,POINT (1028931.8143046284 215115.26618027306),ROOSEVELT AVENUE BRIDGE,Flushing Line,Flushing Line,WB
32970,Queens,2021,3,12,12,30,99,177615,POINT (1028931.8143046284 215115.26618027306),ROOSEVELT AVENUE BRIDGE,Flushing Line,Flushing Line,WB
32970,Queens,2021,3,12,12,45,96,177615,POINT (1028931.8143046284 215115.26618027306),ROOSEVELT AVENUE BRIDGE,Flushing Line,Flushing Line,WB
32970,Queens,2021,3,12,13,0,113,177615,POINT (1028931.8143046284 215115.26618027306),ROOSEVELT AVENUE BRIDGE,Flushing Line,Flushing Line,WB
32970,Queens,2021,3,12,13,15,90,177615,POINT (1028931.8143046284 215115.26618027306),ROOSEVELT AVENUE BRIDGE,Flushing Line,Flushing Line,WB
32970,Queens,2021,3,12,13,30,72,177615,POINT (1028931.8143046284 215115.26618027306),ROOSEVELT AVENUE BRIDGE,Flushing Line,Flushing Line,WB
32970,Queens,2021,3,12,13,45,112,177615,POINT (1028931.8143046284 215115.26618027306),ROOSEVELT AVENUE BRIDGE,Flushing Line,Flushing Line,WB
32970,Queens,2021,3,12,14,0,90,177615,POINT (1028931.8143046284 215115.26618027306),ROOSEVELT AVENUE BRIDGE,Flushing Line,Flushing Line,WB
32970,Queens,2021,3,12,14,15,91,177615,POINT (1028931.8143046284 215115.26618027306),ROOSEVELT AVENUE BRIDGE,Flushing Line,Flushing Line,WB
32970,Queens,2021,3,12,14,30,97,177615,POINT (1028931.8143046284 215115.26618027306),ROOSEVELT AVENUE BRIDGE,Flushing Line,Flushing Line,WB
32970,Queens,2021,3,12,14,45,101,177615,POINT (1028931.8143046284 215115.26618027306),ROOSEVELT AVENUE BRIDGE,Flushing Line,Flushing Line,WB
32970,Queens,2021,3,12,15,0,87,177615,POINT (1028931.8143046284 215115.26618027306),ROOSEVELT AVENUE BRIDGE,Flushing Line,Flushing Line,WB
32970,Queens,2021,3,12,15,15,119,177615,POINT (1028931.8143046284 215115.26618027306),ROOSEVELT AVENUE BRIDGE,Flushing Line,Flushing Line,WB
32970,Queens,2021,3,12,15,30,98,177615,POINT (1028931.8143046284 215115.26618027306),ROOSEVELT AVENUE BRIDGE,Flushing Line,Flushing Line,WB
32970,Queens,2021,3,12,15,45,123,177615,POINT (1028931.8143046284 215115.26618027306),ROOSEVELT AVENUE BRIDGE,Flushing Line,Flushing Line,WB
32970,Queens,2021,3,12,16,0,113,177615,POINT (1028931.8143046284 215115.26618027306),ROOSEVELT AVENUE BRIDGE,Flushing Line,Flushing Line,WB
32970,Queens,2021,3,12,16,15,112,177615,POINT (1028931.8143046284 215115.26618027306),ROOSEVELT AVENUE BRIDGE,Flushing Line,Flushing Line,WB
32970,Queens,2021,3,12,16,30,94,177615,POINT (1028931.8143046284 215115.26618027306),ROOSEVELT AVENUE BRIDGE,Flushing Line,Flushing Line,WB
32970,Queens,2021,3,12,16,45,126,177615,POINT (1028931.8143046284 215115.26618027306),ROOSEVELT AVENUE BRIDGE,Flushing Line,Flushing Line,WB
32970,Queens,2021,3,12,17,0,115,177615,POINT (1028931.8143046284 215115.26618027306),ROOSEVELT AVENUE BRIDGE,Flushing Line,Flushing Line,WB
32970,Queens,2021,3,12,17,15,110,177615,POINT (1028931.8143046284 215115.26618027306),ROOSEVELT AVENUE BRIDGE,Flushing Line,Flushing Line,WB
32970,Queens,2021,3,12,17,30,134,177615,POINT (1028931.8143046284 215115.26618027306),ROOSEVELT AVENUE BRIDGE,Flushing Line,Flushing Line,WB
32970,Queens,2021,3,12,17,45,101,177615,POINT (1028931.8143046284 215115.26618027306),ROOSEVELT AVENUE BRIDGE,Flushing Line,Flushing Line,WB
32970,Queens,2021,3,12,18,0,96,177615,POINT (1028931.8143046284 215115.26618027306),ROOSEVELT AVENUE BRIDGE,Flushing Line,Flushing Line,WB
32970,Queens,2021,3,12,18,15,109,177615,POINT (1028931.8143046284 215115.26618027306),ROOSEVELT AVENUE BRIDGE,Flushing Line,Flushing Line,WB
32970,Queens,2021,3,12,18,30,101,177615,POINT (1028931.8143046284 215115.26618027306),ROOSEVELT AVENUE BRIDGE,Flushing Line,Flushing Line,WB
32970,Queens,2021,3,12,18,45,106,177615,POINT (1028931.8143046284 215115.26618027306),ROOSEVELT AVENUE BRIDGE,Flushing Line,Flushing Line,WB
32970,Queens,2021,3,12,19,0,100,177615,POINT (1028931.8143046284 215115.26618027306),ROOSEVELT AVENUE BRIDGE,Flushing Line,Flushing Line,WB
32970,Queens,2021,3,12,19,15,102,177615,POINT (1028931.8143046284 215115.26618027306),ROOSEVELT AVENUE BRIDGE,Flushing Line,Flushing Line,WB
32970,Queens,2021,3,12,19,30,98,177615,POINT (1028931.8143046284 215115.26618027306),ROOSEVELT AVENUE BRIDGE,Flushing Line,Flushing Line,WB
32970,Queens,2021,3,12,19,45,83,177615,POINT (1028931.8143046284 215115.26618027306),ROOSEVELT AVENUE BRIDGE,Flushing Line,Flushing Line,WB
32970,Queens,2021,3,12,20,0,93,177615,POINT (1028931.8143046284 215115.26618027306),ROOSEVELT AVENUE BRIDGE,Flushing Line,Flushing Line,WB
32970,Queens,2021,3,12,20,15,101,177615,POINT (1028931.8143046284 215115.26618027306),ROOSEVELT AVENUE BRIDGE,Flushing Line,Flushing Line,WB
32970,Queens,2021,3,12,20,30,76,177615,POINT (1028931.8143046284 215115.26618027306),ROOSEVELT AVENUE BRIDGE,Flushing Line,Flushing Line,WB
32970,Queens,2021,3,12,20,45,75,177615,POINT (1028931.8143046284 215115.26618027306),ROOSEVELT AVENUE BRIDGE,Flushing Line,Flushing Line,WB
32970,Queens,2021,3,12,21,0,55,177615,POINT (1028931.8143046284 215115.26618027306),ROOSEVELT AVENUE BRIDGE,Flushing Line,Flushing Line,WB
32970,Queens,2021,3,12,21,15,52,177615,POINT (1028931.8143046284 215115.26618027306),ROOSEVELT AVENUE BRIDGE,Flushing Line,Flushing Line,WB
32970,Queens,2021,3,12,21,30,62,177615,POINT (1028931.8143046284 215115.26618027306),ROOSEVELT AVENUE BRIDGE,Flushing Line,Flushing Line,WB
32970,Queens,2021,3,12,21,45,53,177615,POINT (1028931.8143046284 215115.26618027306),ROOSEVELT AVENUE BRIDGE,Flushing Line,Flushing Line,WB
32970,Queens,2021,3,12,22,0,42,177615,POINT (1028931.8143046284 215115.26618027306),ROOSEVELT AVENUE BRIDGE,Flushing Line,Flushing Line,WB
32970,Queens,2021,3,12,22,15,49,177615,POINT (1028931.8143046284 215115.26618027306),ROOSEVELT AVENUE BRIDGE,Flushing Line,Flushing Line,WB
32970,Queens,2021,3,12,22,30,47,177615,POINT (1028931.8143046284 215115.26618027306),ROOSEVELT AVENUE BRIDGE,Flushing Line,Flushing Line,WB
32970,Queens,2021,3,12,22,45,46,177615,POINT (1028931.8143046284 215115.26618027306),ROOSEVELT AVENUE BRIDGE,Flushing Line,Flushing Line,WB
32970,Queens,2021,3,12,23,0,32,177615,POINT (1028931.8143046284 215115.26618027306),ROOSEVELT AVENUE BRIDGE,Flushing Line,Flushing Line,WB
32970,Queens,2021,3,12,23,15,38,177615,POINT (1028931.8143046284 215115.26618027306),ROOSEVELT AVENUE BRIDGE,Flushing Line,Flushing Line,WB
32970,Queens,2021,3,12,23,30,36,177615,POINT (1028931.8143046284 215115.26618027306),ROOSEVELT AVENUE BRIDGE,Flushing Line,Flushing Line,WB
32970,Queens,2021,3,12,23,45,40,177615,POINT (1028931.8143046284 215115.26618027306),ROOSEVELT AVENUE BRIDGE,Flushing Line,Flushing Line,WB
32970,Queens,2021,3,13,0,0,32,177615,POINT (1028931.8143046284 215115.26618027306),ROOSEVELT AVENUE BRIDGE,Flushing Line,Flushing Line,WB
32970,Queens,2021,3,13,0,15,22,177615,POINT (1028931.8143046284 215115.26618027306),ROOSEVELT AVENUE BRIDGE,Flushing Line,Flushing Line,WB
32970,Queens,2021,3,13,0,30,22,177615,POINT (1028931.8143046284 215115.26618027306),ROOSEVELT AVENUE BRIDGE,Flushing Line,Flushing Line,WB
32970,Queens,2021,3,13,0,45,17,177615,POINT (1028931.8143046284 215115.26618027306),ROOSEVELT AVENUE BRIDGE,Flushing Line,Flushing Line,WB
32970,Queens,2021,3,13,1,0,13,177615,POINT (1028931.8143046284 215115.26618027306),ROOSEVELT AVENUE BRIDGE,Flushing Line,Flushing Line,WB
32970,Queens,2021,3,13,1,15,19,177615,POINT (1028931.8143046284 215115.26618027306),ROOSEVELT AVENUE BRIDGE,Flushing Line,Flushing Line,WB
32970,Queens,2021,3,13,1,30,18,177615,POINT (1028931.8143046284 215115.26618027306),ROOSEVELT AVENUE BRIDGE,Flushing Line,Flushing Line,WB
32970,Queens,2021,3,13,1,45,7,177615,POINT (1028931.8143046284 215115.26618027306),ROOSEVELT AVENUE BRIDGE,Flushing Line,Flushing Line,WB
32970,Queens,2021,3,13,2,0,14,177615,POINT (1028931.8143046284 215115.26618027306),ROOSEVELT AVENUE BRIDGE,Flushing Line,Flushing Line,WB
32970,Queens,2021,3,13,2,15,12,177615,POINT (1028931.8143046284 215115.26618027306),ROOSEVELT AVENUE BRIDGE,Flushing Line,Flushing Line,WB
32970,Queens,2021,3,13,2,30,14,177615,POINT (1028931.8143046284 215115.26618027306),ROOSEVELT AVENUE BRIDGE,Flushing Line,Flushing Line,WB
32970,Queens,2021,3,13,2,45,4,177615,POINT (1028931.8143046284 215115.26618027306),ROOSEVELT AVENUE BRIDGE,Flushing Line,Flushing Line,WB
32970,Queens,2021,3,13,3,0,10,177615,POINT (1028931.8143046284 215115.26618027306),ROOSEVELT AVENUE BRIDGE,Flushing Line,Flushing Line,WB
32970,Queens,2021,3,13,3,15,10,177615,POINT (1028931.8143046284 215115.26618027306),ROOSEVELT AVENUE BRIDGE,Flushing Line,Flushing Line,WB
32970,Queens,2021,3,13,3,30,4,177615,POINT (1028931.8143046284 215115.26618027306),ROOSEVELT AVENUE BRIDGE,Flushing Line,Flushing Line,WB
32970,Queens,2021,3,13,3,45,17,177615,POINT (1028931.8143046284 215115.26618027306),ROOSEVELT AVENUE BRIDGE,Flushing Line,Flushing Line,WB
32970,Queens,2021,3,13,4,0,11,177615,POINT (1028931.8143046284 215115.26618027306),ROOSEVELT AVENUE BRIDGE,Flushing Line,Flushing Line,WB
32970,Queens,2021,3,13,4,15,11,177615,POINT (1028931.8143046284 215115.26618027306),ROOSEVELT AVENUE BRIDGE,Flushing Line,Flushing Line,WB
32970,Queens,2021,3,13,4,30,12,177615,POINT (1028931.8143046284 215115.26618027306),ROOSEVELT AVENUE BRIDGE,Flushing Line,Flushing Line,WB
32970,Queens,2021,3,13,4,45,13,177615,POINT (1028931.8143046284 215115.26618027306),ROOSEVELT AVENUE BRIDGE,Flushing Line,Flushing Line,WB
32970,Queens,2021,3,13,5,0,15,177615,POINT (1028931.8143046284 215115.26618027306),ROOSEVELT AVENUE BRIDGE,Flushing Line,Flushing Line,WB
32970,Queens,2021,3,13,5,15,14,177615,POINT (1028931.8143046284 215115.26618027306),ROOSEVELT AVENUE BRIDGE,Flushing Line,Flushing Line,WB
32970,Queens,2021,3,13,5,30,22,177615,POINT (1028931.8143046284 215115.26618027306),ROOSEVELT AVENUE BRIDGE,Flushing Line,Flushing Line,WB
32970,Queens,2021,3,13,5,45,18,177615,POINT (1028931.8143046284 215115.26618027306),ROOSEVELT AVENUE BRIDGE,Flushing Line,Flushing Line,WB
32970,Queens,2021,3,13,6,0,21,177615,POINT (1028931.8143046284 215115.26618027306),ROOSEVELT AVENUE BRIDGE,Flushing Line,Flushing Line,WB
32970,Queens,2021,3,13,6,15,23,177615,POINT (1028931.8143046284 215115.26618027306),ROOSEVELT AVENUE BRIDGE,Flushing Line,Flushing Line,WB
32970,Queens,2021,3,13,6,30,26,177615,POINT (1028931.8143046284 215115.26618027306),ROOSEVELT AVENUE BRIDGE,Flushing Line,Flushing Line,WB
32970,Queens,2021,3,13,6,45,46,177615,POINT (1028931.8143046284 215115.26618027306),ROOSEVELT AVENUE BRIDGE,Flushing Line,Flushing Line,WB
32970,Queens,2021,3,13,7,0,62,177615,POINT (1028931.8143046284 215115.26618027306),ROOSEVELT AVENUE BRIDGE,Flushing Line,Flushing Line,WB
32970,Queens,2021,3,13,7,15,55,177615,POINT (1028931.8143046284 215115.26618027306),ROOSEVELT AVENUE BRIDGE,Flushing Line,Flushing Line,WB
32970,Queens,2021,3,13,7,30,66,177615,POINT (1028931.8143046284 215115.26618027306),ROOSEVELT AVENUE BRIDGE,Flushing Line,Flushing Line,WB
32970,Queens,2021,3,13,7,45,73,177615,POINT (1028931.8143046284 215115.26618027306),ROOSEVELT AVENUE BRIDGE,Flushing Line,Flushing Line,WB
32970,Queens,2021,3,13,8,0,70,177615,POINT (1028931.8143046284 215115.26618027306),ROOSEVELT AVENUE BRIDGE,Flushing Line,Flushing Line,WB
32970,Queens,2021,3,13,8,15,97,177615,POINT (1028931.8143046284 215115.26618027306),ROOSEVELT AVENUE BRIDGE,Flushing Line,Flushing Line,WB
32970,Queens,2021,3,13,8,30,77,177615,POINT (1028931.8143046284 215115.26618027306),ROOSEVELT AVENUE BRIDGE,Flushing Line,Flushing Line,WB
32970,Queens,2021,3,13,8,45,87,177615,POINT (1028931.8143046284 215115.26618027306),ROOSEVELT AVENUE BRIDGE,Flushing Line,Flushing Line,WB
32970,Queens,2021,3,13,9,0,71,177615,POINT (1028931.8143046284 215115.26618027306),ROOSEVELT AVENUE BRIDGE,Flushing Line,Flushing Line,WB
32970,Queens,2021,3,13,9,15,79,177615,POINT (1028931.8143046284 215115.26618027306),ROOSEVELT AVENUE BRIDGE,Flushing Line,Flushing Line,WB
32970,Queens,2021,3,13,9,30,95,177615,POINT (1028931.8143046284 215115.26618027306),ROOSEVELT AVENUE BRIDGE,Flushing Line,Flushing Line,WB
32970,Queens,2021,3,13,9,45,87,177615,POINT (1028931.8143046284 215115.26618027306),ROOSEVELT AVENUE BRIDGE,Flushing Line,Flushing Line,WB
32970,Queens,2021,3,13,10,0,90,177615,POINT (1028931.8143046284 215115.26618027306),ROOSEVELT AVENUE BRIDGE,Flushing Line,Flushing Line,WB
32970,Queens,2021,3,13,10,15,97,177615,POINT (1028931.8143046284 215115.26618027306),ROOSEVELT AVENUE BRIDGE,Flushing Line,Flushing Line,WB
32970,Queens,2021,3,13,10,30,115,177615,POINT (1028931.8143046284 215115.26618027306),ROOSEVELT AVENUE BRIDGE,Flushing Line,Flushing Line,WB
32970,Queens,2021,3,13,10,45,101,177615,POINT (1028931.8143046284 215115.26618027306),ROOSEVELT AVENUE BRIDGE,Flushing Line,Flushing Line,WB
32970,Queens,2021,3,13,11,0,97,177615,POINT (1028931.8143046284 215115.26618027306),ROOSEVELT AVENUE BRIDGE,Flushing Line,Flushing Line,WB
32970,Queens,2021,3,13,11,15,118,177615,POINT (1028931.8143046284 215115.26618027306),ROOSEVELT AVENUE BRIDGE,Flushing Line,Flushing Line,WB
32970,Queens,2021,3,13,11,30,107,177615,POINT (1028931.8143046284 215115.26618027306),ROOSEVELT AVENUE BRIDGE,Flushing Line,Flushing Line,WB
32970,Queens,2021,3,13,11,45,114,177615,POINT (1028931.8143046284 215115.26618027306),ROOSEVELT AVENUE BRIDGE,Flushing Line,Flushing Line,WB
32970,Queens,2021,3,13,12,0,109,177615,POINT (1028931.8143046284 215115.26618027306),ROOSEVELT AVENUE BRIDGE,Flushing Line,Flushing Line,WB
32970,Queens,2021,3,13,12,15,125,177615,POINT (1028931.8143046284 215115.26618027306),ROOSEVELT AVENUE BRIDGE,Flushing Line,Flushing Line,WB
32970,Queens,2021,3,13,12,30,102,177615,POINT (1028931.8143046284 215115.26618027306),ROOSEVELT AVENUE BRIDGE,Flushing Line,Flushing Line,WB
32970,Queens,2021,3,13,12,45,118,177615,POINT (1028931.8143046284 215115.26618027306),ROOSEVELT AVENUE BRIDGE,Flushing Line,Flushing Line,WB
32970,Queens,2021,3,13,13,0,125,177615,POINT (1028931.8143046284 215115.26618027306),ROOSEVELT AVENUE BRIDGE,Flushing Line,Flushing Line,WB
32970,Queens,2021,3,13,13,15,113,177615,POINT (1028931.8143046284 215115.26618027306),ROOSEVELT AVENUE BRIDGE,Flushing Line,Flushing Line,WB
32970,Queens,2021,3,13,13,30,133,177615,POINT (1028931.8143046284 215115.26618027306),ROOSEVELT AVENUE BRIDGE,Flushing Line,Flushing Line,WB
32970,Queens,2021,3,13,13,45,138,177615,POINT (1028931.8143046284 215115.26618027306),ROOSEVELT AVENUE BRIDGE,Flushing Line,Flushing Line,WB
32970,Queens,2021,3,13,14,0,131,177615,POINT (1028931.8143046284 215115.26618027306),ROOSEVELT AVENUE BRIDGE,Flushing Line,Flushing Line,WB
32970,Queens,2021,3,13,14,15,145,177615,POINT (1028931.8143046284 215115.26618027306),ROOSEVELT AVENUE BRIDGE,Flushing Line,Flushing Line,WB
32970,Queens,2021,3,13,14,30,152,177615,POINT (1028931.8143046284 215115.26618027306),ROOSEVELT AVENUE BRIDGE,Flushing Line,Flushing Line,WB
32970,Queens,2021,3,13,14,45,135,177615,POINT (1028931.8143046284 215115.26618027306),ROOSEVELT AVENUE BRIDGE,Flushing Line,Flushing Line,WB
32970,Queens,2021,3,13,15,0,128,177615,POINT (1028931.8143046284 215115.26618027306),ROOSEVELT AVENUE BRIDGE,Flushing Line,Flushing Line,WB
32970,Queens,2021,3,13,15,15,126,177615,POINT (1028931.8143046284 215115.26618027306),ROOSEVELT AVENUE BRIDGE,Flushing Line,Flushing Line,WB
32970,Queens,2021,3,13,15,30,153,177615,POINT (1028931.8143046284 215115.26618027306),ROOSEVELT AVENUE BRIDGE,Flushing Line,Flushing Line,WB
32970,Queens,2021,3,13,15,45,136,177615,POINT (1028931.8143046284 215115.26618027306),ROOSEVELT AVENUE BRIDGE,Flushing Line,Flushing Line,WB
32970,Queens,2021,3,13,16,0,136,177615,POINT (1028931.8143046284 215115.26618027306),ROOSEVELT AVENUE BRIDGE,Flushing Line,Flushing Line,WB
32970,Queens,2021,3,13,16,15,124,177615,POINT (1028931.8143046284 215115.26618027306),ROOSEVELT AVENUE BRIDGE,Flushing Line,Flushing Line,WB
32970,Queens,2021,3,13,16,30,127,177615,POINT (1028931.8143046284 215115.26618027306),ROOSEVELT AVENUE BRIDGE,Flushing Line,Flushing Line,WB
32970,Queens,2021,3,13,16,45,141,177615,POINT (1028931.8143046284 215115.26618027306),ROOSEVELT AVENUE BRIDGE,Flushing Line,Flushing Line,WB
32970,Queens,2021,3,13,17,0,134,177615,POINT (1028931.8143046284 215115.26618027306),ROOSEVELT AVENUE BRIDGE,Flushing Line,Flushing Line,WB
32970,Queens,2021,3,13,17,15,148,177615,POINT (1028931.8143046284 215115.26618027306),ROOSEVELT AVENUE BRIDGE,Flushing Line,Flushing Line,WB
32970,Queens,2021,3,13,17,30,136,177615,POINT (1028931.8143046284 215115.26618027306),ROOSEVELT AVENUE BRIDGE,Flushing Line,Flushing Line,WB
32970,Queens,2021,3,13,17,45,114,177615,POINT (1028931.8143046284 215115.26618027306),ROOSEVELT AVENUE BRIDGE,Flushing Line,Flushing Line,WB
32970,Queens,2021,3,13,18,0,116,177615,POINT (1028931.8143046284 215115.26618027306),ROOSEVELT AVENUE BRIDGE,Flushing Line,Flushing Line,WB
32970,Queens,2021,3,13,18,15,115,177615,POINT (1028931.8143046284 215115.26618027306),ROOSEVELT AVENUE BRIDGE,Flushing Line,Flushing Line,WB
32970,Queens,2021,3,13,18,30,103,177615,POINT (1028931.8143046284 215115.26618027306),ROOSEVELT AVENUE BRIDGE,Flushing Line,Flushing Line,WB
32970,Queens,2021,3,13,18,45,102,177615,POINT (1028931.8143046284 215115.26618027306),ROOSEVELT AVENUE BRIDGE,Flushing Line,Flushing Line,WB
32970,Queens,2021,3,13,19,0,127,177615,POINT (1028931.8143046284 215115.26618027306),ROOSEVELT AVENUE BRIDGE,Flushing Line,Flushing Line,WB
32970,Queens,2021,3,13,19,15,85,177615,POINT (1028931.8143046284 215115.26618027306),ROOSEVELT AVENUE BRIDGE,Flushing Line,Flushing Line,WB
32970,Queens,2021,3,13,19,30,101,177615,POINT (1028931.8143046284 215115.26618027306),ROOSEVELT AVENUE BRIDGE,Flushing Line,Flushing Line,WB
32970,Queens,2021,3,13,19,45,82,177615,POINT (1028931.8143046284 215115.26618027306),ROOSEVELT AVENUE BRIDGE,Flushing Line,Flushing Line,WB
32970,Queens,2021,3,13,20,0,90,177615,POINT (1028931.8143046284 215115.26618027306),ROOSEVELT AVENUE BRIDGE,Flushing Line,Flushing Line,WB
32970,Queens,2021,3,13,20,15,81,177615,POINT (1028931.8143046284 215115.26618027306),ROOSEVELT AVENUE BRIDGE,Flushing Line,Flushing Line,WB
32970,Queens,2021,3,13,20,30,68,177615,POINT (1028931.8143046284 215115.26618027306),ROOSEVELT AVENUE BRIDGE,Flushing Line,Flushing Line,WB
32970,Queens,2021,3,13,20,45,63,177615,POINT (1028931.8143046284 215115.26618027306),ROOSEVELT AVENUE BRIDGE,Flushing Line,Flushing Line,WB
32970,Queens,2021,3,13,21,0,57,177615,POINT (1028931.8143046284 215115.26618027306),ROOSEVELT AVENUE BRIDGE,Flushing Line,Flushing Line,WB
32970,Queens,2021,3,13,21,15,54,177615,POINT (1028931.8143046284 215115.26618027306),ROOSEVELT AVENUE BRIDGE,Flushing Line,Flushing Line,WB
32970,Queens,2021,3,13,21,30,64,177615,POINT (1028931.8143046284 215115.26618027306),ROOSEVELT AVENUE BRIDGE,Flushing Line,Flushing Line,WB
32970,Queens,2021,3,13,21,45,49,177615,POINT (1028931.8143046284 215115.26618027306),ROOSEVELT AVENUE BRIDGE,Flushing Line,Flushing Line,WB
32970,Queens,2021,3,13,22,0,52,177615,POINT (1028931.8143046284 215115.26618027306),ROOSEVELT AVENUE BRIDGE,Flushing Line,Flushing Line,WB
32970,Queens,2021,3,13,22,15,38,177615,POINT (1028931.8143046284 215115.26618027306),ROOSEVELT AVENUE BRIDGE,Flushing Line,Flushing Line,WB
32970,Queens,2021,3,13,22,30,28,177615,POINT (1028931.8143046284 215115.26618027306),ROOSEVELT AVENUE BRIDGE,Flushing Line,Flushing Line,WB
32970,Queens,2021,3,13,22,45,41,177615,POINT (1028931.8143046284 215115.26618027306),ROOSEVELT AVENUE BRIDGE,Flushing Line,Flushing Line,WB
32970,Queens,2021,3,13,23,0,32,177615,POINT (1028931.8143046284 215115.26618027306),ROOSEVELT AVENUE BRIDGE,Flushing Line,Flushing Line,WB
32970,Queens,2021,3,13,23,15,42,177615,POINT (1028931.8143046284 215115.26618027306),ROOSEVELT AVENUE BRIDGE,Flushing Line,Flushing Line,WB
32970,Queens,2021,3,13,23,30,23,177615,POINT (1028931.8143046284 215115.26618027306),ROOSEVELT AVENUE BRIDGE,Flushing Line,Flushing Line,WB
32970,Queens,2021,3,13,23,45,38,177615,POINT (1028931.8143046284 215115.26618027306),ROOSEVELT AVENUE BRIDGE,Flushing Line,Flushing Line,WB
32970,Queens,2021,3,14,0,0,34,177615,POINT (1028931.8143046284 215115.26618027306),ROOSEVELT AVENUE BRIDGE,Flushing Line,Flushing Line,WB
32970,Queens,2021,3,14,0,15,30,177615,POINT (1028931.8143046284 215115.26618027306),ROOSEVELT AVENUE BRIDGE,Flushing Line,Flushing Line,WB
32970,Queens,2021,3,14,0,30,23,177615,POINT (1028931.8143046284 215115.26618027306),ROOSEVELT AVENUE BRIDGE,Flushing Line,Flushing Line,WB
32970,Queens,2021,3,14,0,45,18,177615,POINT (1028931.8143046284 215115.26618027306),ROOSEVELT AVENUE BRIDGE,Flushing Line,Flushing Line,WB
32970,Queens,2021,3,14,1,0,14,177615,POINT (1028931.8143046284 215115.26618027306),ROOSEVELT AVENUE BRIDGE,Flushing Line,Flushing Line,WB
32970,Queens,2021,3,14,1,15,25,177615,POINT (1028931.8143046284 215115.26618027306),ROOSEVELT AVENUE BRIDGE,Flushing Line,Flushing Line,WB
32970,Queens,2021,3,14,1,30,17,177615,POINT (1028931.8143046284 215115.26618027306),ROOSEVELT AVENUE BRIDGE,Flushing Line,Flushing Line,WB
32970,Queens,2021,3,14,1,45,9,177615,POINT (1028931.8143046284 215115.26618027306),ROOSEVELT AVENUE BRIDGE,Flushing Line,Flushing Line,WB
32970,Queens,2021,3,14,2,0,9,177615,POINT (1028931.8143046284 215115.26618027306),ROOSEVELT AVENUE BRIDGE,Flushing Line,Flushing Line,WB
32970,Queens,2021,3,14,2,15,14,177615,POINT (1028931.8143046284 215115.26618027306),ROOSEVELT AVENUE BRIDGE,Flushing Line,Flushing Line,WB
32970,Queens,2021,3,14,2,30,15,177615,POINT (1028931.8143046284 215115.26618027306),ROOSEVELT AVENUE BRIDGE,Flushing Line,Flushing Line,WB
32970,Queens,2021,3,14,2,45,9,177615,POINT (1028931.8143046284 215115.26618027306),ROOSEVELT AVENUE BRIDGE,Flushing Line,Flushing Line,WB
32970,Queens,2021,3,14,3,0,15,177615,POINT (1028931.8143046284 215115.26618027306),ROOSEVELT AVENUE BRIDGE,Flushing Line,Flushing Line,WB
32970,Queens,2021,3,14,3,15,9,177615,POINT (1028931.8143046284 215115.26618027306),ROOSEVELT AVENUE BRIDGE,Flushing Line,Flushing Line,WB
32970,Queens,2021,3,14,3,30,14,177615,POINT (1028931.8143046284 215115.26618027306),ROOSEVELT AVENUE BRIDGE,Flushing Line,Flushing Line,WB
32970,Queens,2021,3,14,3,45,10,177615,POINT (1028931.8143046284 215115.26618027306),ROOSEVELT AVENUE BRIDGE,Flushing Line,Flushing Line,WB
32970,Queens,2021,3,14,4,0,7,177615,POINT (1028931.8143046284 215115.26618027306),ROOSEVELT AVENUE BRIDGE,Flushing Line,Flushing Line,WB
32970,Queens,2021,3,14,4,15,14,177615,POINT (1028931.8143046284 215115.26618027306),ROOSEVELT AVENUE BRIDGE,Flushing Line,Flushing Line,WB
32970,Queens,2021,3,14,4,30,17,177615,POINT (1028931.8143046284 215115.26618027306),ROOSEVELT AVENUE BRIDGE,Flushing Line,Flushing Line,WB
32970,Queens,2021,3,14,4,45,13,177615,POINT (1028931.8143046284 215115.26618027306),ROOSEVELT AVENUE BRIDGE,Flushing Line,Flushing Line,WB
32970,Queens,2021,3,14,5,0,14,177615,POINT (1028931.8143046284 215115.26618027306),ROOSEVELT AVENUE BRIDGE,Flushing Line,Flushing Line,WB
32970,Queens,2021,3,14,5,15,19,177615,POINT (1028931.8143046284 215115.26618027306),ROOSEVELT AVENUE BRIDGE,Flushing Line,Flushing Line,WB
32970,Queens,2021,3,14,5,30,16,177615,POINT (1028931.8143046284 215115.26618027306),ROOSEVELT AVENUE BRIDGE,Flushing Line,Flushing Line,WB
32970,Queens,2021,3,14,5,45,24,177615,POINT (1028931.8143046284 215115.26618027306),ROOSEVELT AVENUE BRIDGE,Flushing Line,Flushing Line,WB
32970,Queens,2021,3,14,6,0,29,177615,POINT (1028931.8143046284 215115.26618027306),ROOSEVELT AVENUE BRIDGE,Flushing Line,Flushing Line,WB
32970,Queens,2021,3,14,6,15,33,177615,POINT (1028931.8143046284 215115.26618027306),ROOSEVELT AVENUE BRIDGE,Flushing Line,Flushing Line,WB
32970,Queens,2021,3,14,6,30,39,177615,POINT (1028931.8143046284 215115.26618027306),ROOSEVELT AVENUE BRIDGE,Flushing Line,Flushing Line,WB
32970,Queens,2021,3,14,6,45,21,177615,POINT (1028931.8143046284 215115.26618027306),ROOSEVELT AVENUE BRIDGE,Flushing Line,Flushing Line,WB
32970,Queens,2021,3,14,7,0,33,177615,POINT (1028931.8143046284 215115.26618027306),ROOSEVELT AVENUE BRIDGE,Flushing Line,Flushing Line,WB
32970,Queens,2021,3,14,7,15,39,177615,POINT (1028931.8143046284 215115.26618027306),ROOSEVELT AVENUE BRIDGE,Flushing Line,Flushing Line,WB
32970,Queens,2021,3,14,7,30,39,177615,POINT (1028931.8143046284 215115.26618027306),ROOSEVELT AVENUE BRIDGE,Flushing Line,Flushing Line,WB
32970,Queens,2021,3,14,7,45,57,177615,POINT (1028931.8143046284 215115.26618027306),ROOSEVELT AVENUE BRIDGE,Flushing Line,Flushing Line,WB
32970,Queens,2021,3,14,8,0,52,177615,POINT (1028931.8143046284 215115.26618027306),ROOSEVELT AVENUE BRIDGE,Flushing Line,Flushing Line,WB
32970,Queens,2021,3,14,8,15,41,177615,POINT (1028931.8143046284 215115.26618027306),ROOSEVELT AVENUE BRIDGE,Flushing Line,Flushing Line,WB
32970,Queens,2021,3,14,8,30,56,177615,POINT (1028931.8143046284 215115.26618027306),ROOSEVELT AVENUE BRIDGE,Flushing Line,Flushing Line,WB
32970,Queens,2021,3,14,8,45,56,177615,POINT (1028931.8143046284 215115.26618027306),ROOSEVELT AVENUE BRIDGE,Flushing Line,Flushing Line,WB
32970,Queens,2021,3,14,9,0,66,177615,POINT (1028931.8143046284 215115.26618027306),ROOSEVELT AVENUE BRIDGE,Flushing Line,Flushing Line,WB
32970,Queens,2021,3,14,9,15,81,177615,POINT (1028931.8143046284 215115.26618027306),ROOSEVELT AVENUE BRIDGE,Flushing Line,Flushing Line,WB
32970,Queens,2021,3,14,9,30,84,177615,POINT (1028931.8143046284 215115.26618027306),ROOSEVELT AVENUE BRIDGE,Flushing Line,Flushing Line,WB
32970,Queens,2021,3,14,9,45,81,177615,POINT (1028931.8143046284 215115.26618027306),ROOSEVELT AVENUE BRIDGE,Flushing Line,Flushing Line,WB
32970,Queens,2021,3,14,10,0,75,177615,POINT (1028931.8143046284 215115.26618027306),ROOSEVELT AVENUE BRIDGE,Flushing Line,Flushing Line,WB
32970,Queens,2021,3,14,10,15,80,177615,POINT (1028931.8143046284 215115.26618027306),ROOSEVELT AVENUE BRIDGE,Flushing Line,Flushing Line,WB
32970,Queens,2021,3,14,10,30,103,177615,POINT (1028931.8143046284 215115.26618027306),ROOSEVELT AVENUE BRIDGE,Flushing Line,Flushing Line,WB
32970,Queens,2021,3,14,10,45,87,177615,POINT (1028931.8143046284 215115.26618027306),ROOSEVELT AVENUE BRIDGE,Flushing Line,Flushing Line,WB
32970,Queens,2021,3,14,11,0,91,177615,POINT (1028931.8143046284 215115.26618027306),ROOSEVELT AVENUE BRIDGE,Flushing Line,Flushing Line,WB
32970,Queens,2021,3,14,11,15,96,177615,POINT (1028931.8143046284 215115.26618027306),ROOSEVELT AVENUE BRIDGE,Flushing Line,Flushing Line,WB
32970,Queens,2021,3,14,11,30,87,177615,POINT (1028931.8143046284 215115.26618027306),ROOSEVELT AVENUE BRIDGE,Flushing Line,Flushing Line,WB
32970,Queens,2021,3,14,11,45,97,177615,POINT (1028931.8143046284 215115.26618027306),ROOSEVELT AVENUE BRIDGE,Flushing Line,Flushing Line,WB
32970,Queens,2021,3,14,12,0,107,177615,POINT (1028931.8143046284 215115.26618027306),ROOSEVELT AVENUE BRIDGE,Flushing Line,Flushing Line,WB
32970,Queens,2021,3,14,12,15,92,177615,POINT (1028931.8143046284 215115.26618027306),ROOSEVELT AVENUE BRIDGE,Flushing Line,Flushing Line,WB
32970,Queens,2021,3,14,12,30,127,177615,POINT (1028931.8143046284 215115.26618027306),ROOSEVELT AVENUE BRIDGE,Flushing Line,Flushing Line,WB
32970,Queens,2021,3,14,12,45,102,177615,POINT (1028931.8143046284 215115.26618027306),ROOSEVELT AVENUE BRIDGE,Flushing Line,Flushing Line,WB
32970,Queens,2021,3,14,13,0,102,177615,POINT (1028931.8143046284 215115.26618027306),ROOSEVELT AVENUE BRIDGE,Flushing Line,Flushing Line,WB
32970,Queens,2021,3,14,13,15,115,177615,POINT (1028931.8143046284 215115.26618027306),ROOSEVELT AVENUE BRIDGE,Flushing Line,Flushing Line,WB
32970,Queens,2021,3,14,13,30,116,177615,POINT (1028931.8143046284 215115.26618027306),ROOSEVELT AVENUE BRIDGE,Flushing Line,Flushing Line,WB
32970,Queens,2021,3,14,13,45,141,177615,POINT (1028931.8143046284 215115.26618027306),ROOSEVELT AVENUE BRIDGE,Flushing Line,Flushing Line,WB
32970,Queens,2021,3,14,14,0,125,177615,POINT (1028931.8143046284 215115.26618027306),ROOSEVELT AVENUE BRIDGE,Flushing Line,Flushing Line,WB
32970,Queens,2021,3,14,14,15,123,177615,POINT (1028931.8143046284 215115.26618027306),ROOSEVELT AVENUE BRIDGE,Flushing Line,Flushing Line,WB
32970,Queens,2021,3,14,14,30,136,177615,POINT (1028931.8143046284 215115.26618027306),ROOSEVELT AVENUE BRIDGE,Flushing Line,Flushing Line,WB
32970,Queens,2021,3,14,14,45,143,177615,POINT (1028931.8143046284 215115.26618027306),ROOSEVELT AVENUE BRIDGE,Flushing Line,Flushing Line,WB
32970,Queens,2021,3,14,15,0,102,177615,POINT (1028931.8143046284 215115.26618027306),ROOSEVELT AVENUE BRIDGE,Flushing Line,Flushing Line,WB
32970,Queens,2021,3,14,15,15,107,177615,POINT (1028931.8143046284 215115.26618027306),ROOSEVELT AVENUE BRIDGE,Flushing Line,Flushing Line,WB
32970,Queens,2021,3,14,15,30,116,177615,POINT (1028931.8143046284 215115.26618027306),ROOSEVELT AVENUE BRIDGE,Flushing Line,Flushing Line,WB
32970,Queens,2021,3,14,15,45,121,177615,POINT (1028931.8143046284 215115.26618027306),ROOSEVELT AVENUE BRIDGE,Flushing Line,Flushing Line,WB
32970,Queens,2021,3,14,16,0,113,177615,POINT (1028931.8143046284 215115.26618027306),ROOSEVELT AVENUE BRIDGE,Flushing Line,Flushing Line,WB
32970,Queens,2021,3,14,16,15,106,177615,POINT (1028931.8143046284 215115.26618027306),ROOSEVELT AVENUE BRIDGE,Flushing Line,Flushing Line,WB
32970,Queens,2021,3,14,16,30,114,177615,POINT (1028931.8143046284 215115.26618027306),ROOSEVELT AVENUE BRIDGE,Flushing Line,Flushing Line,WB
32970,Queens,2021,3,14,16,45,99,177615,POINT (1028931.8143046284 215115.26618027306),ROOSEVELT AVENUE BRIDGE,Flushing Line,Flushing Line,WB
32970,Queens,2021,3,14,17,0,104,177615,POINT (1028931.8143046284 215115.26618027306),ROOSEVELT AVENUE BRIDGE,Flushing Line,Flushing Line,WB
32970,Queens,2021,3,14,17,15,107,177615,POINT (1028931.8143046284 215115.26618027306),ROOSEVELT AVENUE BRIDGE,Flushing Line,Flushing Line,WB
32970,Queens,2021,3,14,17,30,107,177615,POINT (1028931.8143046284 215115.26618027306),ROOSEVELT AVENUE BRIDGE,Flushing Line,Flushing Line,WB
32970,Queens,2021,3,14,17,45,90,177615,POINT (1028931.8143046284 215115.26618027306),ROOSEVELT AVENUE BRIDGE,Flushing Line,Flushing Line,WB
32970,Queens,2021,3,14,18,0,97,177615,POINT (1028931.8143046284 215115.26618027306),ROOSEVELT AVENUE BRIDGE,Flushing Line,Flushing Line,WB
32970,Queens,2021,3,14,18,15,115,177615,POINT (1028931.8143046284 215115.26618027306),ROOSEVELT AVENUE BRIDGE,Flushing Line,Flushing Line,WB
32970,Queens,2021,3,14,18,30,72,177615,POINT (1028931.8143046284 215115.26618027306),ROOSEVELT AVENUE BRIDGE,Flushing Line,Flushing Line,WB
32970,Queens,2021,3,14,18,45,94,177615,POINT (1028931.8143046284 215115.26618027306),ROOSEVELT AVENUE BRIDGE,Flushing Line,Flushing Line,WB
32970,Queens,2021,3,14,19,0,70,177615,POINT (1028931.8143046284 215115.26618027306),ROOSEVELT AVENUE BRIDGE,Flushing Line,Flushing Line,WB
32970,Queens,2021,3,14,19,15,56,177615,POINT (1028931.8143046284 215115.26618027306),ROOSEVELT AVENUE BRIDGE,Flushing Line,Flushing Line,WB
32970,Queens,2021,3,14,19,30,58,177615,POINT (1028931.8143046284 215115.26618027306),ROOSEVELT AVENUE BRIDGE,Flushing Line,Flushing Line,WB
32970,Queens,2021,3,14,19,45,61,177615,POINT (1028931.8143046284 215115.26618027306),ROOSEVELT AVENUE BRIDGE,Flushing Line,Flushing Line,WB
32970,Queens,2021,3,14,20,0,55,177615,POINT (1028931.8143046284 215115.26618027306),ROOSEVELT AVENUE BRIDGE,Flushing Line,Flushing Line,WB
32970,Queens,2021,3,14,20,15,41,177615,POINT (1028931.8143046284 215115.26618027306),ROOSEVELT AVENUE BRIDGE,Flushing Line,Flushing Line,WB
32970,Queens,2021,3,14,20,30,53,177615,POINT (1028931.8143046284 215115.26618027306),ROOSEVELT AVENUE BRIDGE,Flushing Line,Flushing Line,WB
32970,Queens,2021,3,14,20,45,38,177615,POINT (1028931.8143046284 215115.26618027306),ROOSEVELT AVENUE BRIDGE,Flushing Line,Flushing Line,WB
32970,Queens,2021,3,14,21,0,41,177615,POINT (1028931.8143046284 215115.26618027306),ROOSEVELT AVENUE BRIDGE,Flushing Line,Flushing Line,WB
32970,Queens,2021,3,14,21,15,30,177615,POINT (1028931.8143046284 215115.26618027306),ROOSEVELT AVENUE BRIDGE,Flushing Line,Flushing Line,WB
32970,Queens,2021,3,14,21,30,34,177615,POINT (1028931.8143046284 215115.26618027306),ROOSEVELT AVENUE BRIDGE,Flushing Line,Flushing Line,WB
32970,Queens,2021,3,14,21,45,25,177615,POINT (1028931.8143046284 215115.26618027306),ROOSEVELT AVENUE BRIDGE,Flushing Line,Flushing Line,WB
32970,Queens,2021,3,14,22,0,34,177615,POINT (1028931.8143046284 215115.26618027306),ROOSEVELT AVENUE BRIDGE,Flushing Line,Flushing Line,WB
32970,Queens,2021,3,14,22,15,18,177615,POINT (1028931.8143046284 215115.26618027306),ROOSEVELT AVENUE BRIDGE,Flushing Line,Flushing Line,WB
32970,Queens,2021,3,14,22,30,26,177615,POINT (1028931.8143046284 215115.26618027306),ROOSEVELT AVENUE BRIDGE,Flushing Line,Flushing Line,WB
32970,Queens,2021,3,14,22,45,31,177615,POINT (1028931.8143046284 215115.26618027306),ROOSEVELT AVENUE BRIDGE,Flushing Line,Flushing Line,WB
32970,Queens,2021,3,14,23,0,22,177615,POINT (1028931.8143046284 215115.26618027306),ROOSEVELT AVENUE BRIDGE,Flushing Line,Flushing Line,WB
32970,Queens,2021,3,14,23,15,20,177615,POINT (1028931.8143046284 215115.26618027306),ROOSEVELT AVENUE BRIDGE,Flushing Line,Flushing Line,WB
32970,Queens,2021,3,14,23,30,13,177615,POINT (1028931.8143046284 215115.26618027306),ROOSEVELT AVENUE BRIDGE,Flushing Line,Flushing Line,WB
32970,Queens,2021,3,14,23,45,14,177615,POINT (1028931.8143046284 215115.26618027306),ROOSEVELT AVENUE BRIDGE,Flushing Line,Flushing Line,WB
32970,Queens,2021,3,15,0,0,14,177615,POINT (1028931.8143046284 215115.26618027306),ROOSEVELT AVENUE BRIDGE,Flushing Line,Flushing Line,WB
32970,Queens,2021,3,15,0,15,9,177615,POINT (1028931.8143046284 215115.26618027306),ROOSEVELT AVENUE BRIDGE,Flushing Line,Flushing Line,WB
32970,Queens,2021,3,15,0,30,17,177615,POINT (1028931.8143046284 215115.26618027306),ROOSEVELT AVENUE BRIDGE,Flushing Line,Flushing Line,WB
32970,Queens,2021,3,15,0,45,10,177615,POINT (1028931.8143046284 215115.26618027306),ROOSEVELT AVENUE BRIDGE,Flushing Line,Flushing Line,WB
32970,Queens,2021,3,15,1,0,14,177615,POINT (1028931.8143046284 215115.26618027306),ROOSEVELT AVENUE BRIDGE,Flushing Line,Flushing Line,WB
32970,Queens,2021,3,15,1,15,10,177615,POINT (1028931.8143046284 215115.26618027306),ROOSEVELT AVENUE BRIDGE,Flushing Line,Flushing Line,WB
32970,Queens,2021,3,15,1,30,6,177615,POINT (1028931.8143046284 215115.26618027306),ROOSEVELT AVENUE BRIDGE,Flushing Line,Flushing Line,WB
32970,Queens,2021,3,15,1,45,7,177615,POINT (1028931.8143046284 215115.26618027306),ROOSEVELT AVENUE BRIDGE,Flushing Line,Flushing Line,WB
32970,Queens,2021,3,15,2,0,13,177615,POINT (1028931.8143046284 215115.26618027306),ROOSEVELT AVENUE BRIDGE,Flushing Line,Flushing Line,WB
32970,Queens,2021,3,15,2,15,8,177615,POINT (1028931.8143046284 215115.26618027306),ROOSEVELT AVENUE BRIDGE,Flushing Line,Flushing Line,WB
32970,Queens,2021,3,15,2,30,7,177615,POINT (1028931.8143046284 215115.26618027306),ROOSEVELT AVENUE BRIDGE,Flushing Line,Flushing Line,WB
32970,Queens,2021,3,15,2,45,14,177615,POINT (1028931.8143046284 215115.26618027306),ROOSEVELT AVENUE BRIDGE,Flushing Line,Flushing Line,WB
32970,Queens,2021,3,15,3,0,13,177615,POINT (1028931.8143046284 215115.26618027306),ROOSEVELT AVENUE BRIDGE,Flushing Line,Flushing Line,WB
32970,Queens,2021,3,15,3,15,13,177615,POINT (1028931.8143046284 215115.26618027306),ROOSEVELT AVENUE BRIDGE,Flushing Line,Flushing Line,WB
32970,Queens,2021,3,15,3,30,15,177615,POINT (1028931.8143046284 215115.26618027306),ROOSEVELT AVENUE BRIDGE,Flushing Line,Flushing Line,WB
32970,Queens,2021,3,15,3,45,12,177615,POINT (1028931.8143046284 215115.26618027306),ROOSEVELT AVENUE BRIDGE,Flushing Line,Flushing Line,WB
32970,Queens,2021,3,15,4,0,18,177615,POINT (1028931.8143046284 215115.26618027306),ROOSEVELT AVENUE BRIDGE,Flushing Line,Flushing Line,WB
32970,Queens,2021,3,15,4,15,24,177615,POINT (1028931.8143046284 215115.26618027306),ROOSEVELT AVENUE BRIDGE,Flushing Line,Flushing Line,WB
32970,Queens,2021,3,15,4,30,26,177615,POINT (1028931.8143046284 215115.26618027306),ROOSEVELT AVENUE BRIDGE,Flushing Line,Flushing Line,WB
32970,Queens,2021,3,15,4,45,42,177615,POINT (1028931.8143046284 215115.26618027306),ROOSEVELT AVENUE BRIDGE,Flushing Line,Flushing Line,WB
32970,Queens,2021,3,15,5,0,54,177615,POINT (1028931.8143046284 215115.26618027306),ROOSEVELT AVENUE BRIDGE,Flushing Line,Flushing Line,WB
32970,Queens,2021,3,15,5,15,45,177615,POINT (1028931.8143046284 215115.26618027306),ROOSEVELT AVENUE BRIDGE,Flushing Line,Flushing Line,WB
32970,Queens,2021,3,15,5,30,51,177615,POINT (1028931.8143046284 215115.26618027306),ROOSEVELT AVENUE BRIDGE,Flushing Line,Flushing Line,WB
32970,Queens,2021,3,15,5,45,66,177615,POINT (1028931.8143046284 215115.26618027306),ROOSEVELT AVENUE BRIDGE,Flushing Line,Flushing Line,WB
32970,Queens,2021,3,15,6,0,89,177615,POINT (1028931.8143046284 215115.26618027306),ROOSEVELT AVENUE BRIDGE,Flushing Line,Flushing Line,WB
32970,Queens,2021,3,15,6,15,87,177615,POINT (1028931.8143046284 215115.26618027306),ROOSEVELT AVENUE BRIDGE,Flushing Line,Flushing Line,WB
32970,Queens,2021,3,15,6,30,92,177615,POINT (1028931.8143046284 215115.26618027306),ROOSEVELT AVENUE BRIDGE,Flushing Line,Flushing Line,WB
32970,Queens,2021,3,15,6,45,95,177615,POINT (1028931.8143046284 215115.26618027306),ROOSEVELT AVENUE BRIDGE,Flushing Line,Flushing Line,WB
32970,Queens,2021,3,15,7,0,84,177615,POINT (1028931.8143046284 215115.26618027306),ROOSEVELT AVENUE BRIDGE,Flushing Line,Flushing Line,WB
32970,Queens,2021,3,15,7,15,98,177615,POINT (1028931.8143046284 215115.26618027306),ROOSEVELT AVENUE BRIDGE,Flushing Line,Flushing Line,WB
32970,Queens,2021,3,15,7,30,125,177615,POINT (1028931.8143046284 215115.26618027306),ROOSEVELT AVENUE BRIDGE,Flushing Line,Flushing Line,WB
32970,Queens,2021,3,15,7,45,73,177615,POINT (1028931.8143046284 215115.26618027306),ROOSEVELT AVENUE BRIDGE,Flushing Line,Flushing Line,WB
32970,Queens,2021,3,15,8,0,103,177615,POINT (1028931.8143046284 215115.26618027306),ROOSEVELT AVENUE BRIDGE,Flushing Line,Flushing Line,WB
32970,Queens,2021,3,15,8,15,70,177615,POINT (1028931.8143046284 215115.26618027306),ROOSEVELT AVENUE BRIDGE,Flushing Line,Flushing Line,WB
32970,Queens,2021,3,15,8,30,91,177615,POINT (1028931.8143046284 215115.26618027306),ROOSEVELT AVENUE BRIDGE,Flushing Line,Flushing Line,WB
32970,Queens,2021,3,15,8,45,82,177615,POINT (1028931.8143046284 215115.26618027306),ROOSEVELT AVENUE BRIDGE,Flushing Line,Flushing Line,WB
32970,Queens,2021,3,15,9,0,96,177615,POINT (1028931.8143046284 215115.26618027306),ROOSEVELT AVENUE BRIDGE,Flushing Line,Flushing Line,WB
32970,Queens,2021,3,15,9,15,94,177615,POINT (1028931.8143046284 215115.26618027306),ROOSEVELT AVENUE BRIDGE,Flushing Line,Flushing Line,WB
32970,Queens,2021,3,15,9,30,86,177615,POINT (1028931.8143046284 215115.26618027306),ROOSEVELT AVENUE BRIDGE,Flushing Line,Flushing Line,WB
32970,Queens,2021,3,15,9,45,84,177615,POINT (1028931.8143046284 215115.26618027306),ROOSEVELT AVENUE BRIDGE,Flushing Line,Flushing Line,WB
32970,Queens,2021,3,15,10,0,88,177615,POINT (1028931.8143046284 215115.26618027306),ROOSEVELT AVENUE BRIDGE,Flushing Line,Flushing Line,WB
32970,Queens,2021,3,15,10,15,86,177615,POINT (1028931.8143046284 215115.26618027306),ROOSEVELT AVENUE BRIDGE,Flushing Line,Flushing Line,WB
32970,Queens,2021,3,15,10,30,95,177615,POINT (1028931.8143046284 215115.26618027306),ROOSEVELT AVENUE BRIDGE,Flushing Line,Flushing Line,WB
32970,Queens,2021,3,15,10,45,79,177615,POINT (1028931.8143046284 215115.26618027306),ROOSEVELT AVENUE BRIDGE,Flushing Line,Flushing Line,WB
32970,Queens,2021,3,15,11,0,95,177615,POINT (1028931.8143046284 215115.26618027306),ROOSEVELT AVENUE BRIDGE,Flushing Line,Flushing Line,WB
32970,Queens,2021,3,15,11,15,104,177615,POINT (1028931.8143046284 215115.26618027306),ROOSEVELT AVENUE BRIDGE,Flushing Line,Flushing Line,WB
32970,Queens,2021,3,15,11,30,91,177615,POINT (1028931.8143046284 215115.26618027306),ROOSEVELT AVENUE BRIDGE,Flushing Line,Flushing Line,WB
32970,Queens,2021,3,15,11,45,85,177615,POINT (1028931.8143046284 215115.26618027306),ROOSEVELT AVENUE BRIDGE,Flushing Line,Flushing Line,WB
32970,Queens,2021,3,15,12,0,101,177615,POINT (1028931.8143046284 215115.26618027306),ROOSEVELT AVENUE BRIDGE,Flushing Line,Flushing Line,WB
32970,Queens,2021,3,15,12,15,70,177615,POINT (1028931.8143046284 215115.26618027306),ROOSEVELT AVENUE BRIDGE,Flushing Line,Flushing Line,WB
32970,Queens,2021,3,15,12,30,110,177615,POINT (1028931.8143046284 215115.26618027306),ROOSEVELT AVENUE BRIDGE,Flushing Line,Flushing Line,WB
32970,Queens,2021,3,15,12,45,105,177615,POINT (1028931.8143046284 215115.26618027306),ROOSEVELT AVENUE BRIDGE,Flushing Line,Flushing Line,WB
32970,Queens,2021,3,15,13,0,100,177615,POINT (1028931.8143046284 215115.26618027306),ROOSEVELT AVENUE BRIDGE,Flushing Line,Flushing Line,WB
32970,Queens,2021,3,15,13,15,87,177615,POINT (1028931.8143046284 215115.26618027306),ROOSEVELT AVENUE BRIDGE,Flushing Line,Flushing Line,WB
32970,Queens,2021,3,15,13,30,90,177615,POINT (1028931.8143046284 215115.26618027306),ROOSEVELT AVENUE BRIDGE,Flushing Line,Flushing Line,WB
32970,Queens,2021,3,15,13,45,105,177615,POINT (1028931.8143046284 215115.26618027306),ROOSEVELT AVENUE BRIDGE,Flushing Line,Flushing Line,WB
32970,Queens,2021,3,15,14,0,122,177615,POINT (1028931.8143046284 215115.26618027306),ROOSEVELT AVENUE BRIDGE,Flushing Line,Flushing Line,WB
32970,Queens,2021,3,15,14,15,107,177615,POINT (1028931.8143046284 215115.26618027306),ROOSEVELT AVENUE BRIDGE,Flushing Line,Flushing Line,WB
32970,Queens,2021,3,15,14,30,100,177615,POINT (1028931.8143046284 215115.26618027306),ROOSEVELT AVENUE BRIDGE,Flushing Line,Flushing Line,WB
32970,Queens,2021,3,15,14,45,125,177615,POINT (1028931.8143046284 215115.26618027306),ROOSEVELT AVENUE BRIDGE,Flushing Line,Flushing Line,WB
32970,Queens,2021,3,15,15,0,86,177615,POINT (1028931.8143046284 215115.26618027306),ROOSEVELT AVENUE BRIDGE,Flushing Line,Flushing Line,WB
32970,Queens,2021,3,15,15,15,113,177615,POINT (1028931.8143046284 215115.26618027306),ROOSEVELT AVENUE BRIDGE,Flushing Line,Flushing Line,WB
32970,Queens,2021,3,15,15,30,107,177615,POINT (1028931.8143046284 215115.26618027306),ROOSEVELT AVENUE BRIDGE,Flushing Line,Flushing Line,WB
32970,Queens,2021,3,15,15,45,106,177615,POINT (1028931.8143046284 215115.26618027306),ROOSEVELT AVENUE BRIDGE,Flushing Line,Flushing Line,WB
32970,Queens,2021,3,15,16,0,112,177615,POINT (1028931.8143046284 215115.26618027306),ROOSEVELT AVENUE BRIDGE,Flushing Line,Flushing Line,WB
32970,Queens,2021,3,15,16,15,121,177615,POINT (1028931.8143046284 215115.26618027306),ROOSEVELT AVENUE BRIDGE,Flushing Line,Flushing Line,WB
32970,Queens,2021,3,15,16,30,128,177615,POINT (1028931.8143046284 215115.26618027306),ROOSEVELT AVENUE BRIDGE,Flushing Line,Flushing Line,WB
32970,Queens,2021,3,15,16,45,124,177615,POINT (1028931.8143046284 215115.26618027306),ROOSEVELT AVENUE BRIDGE,Flushing Line,Flushing Line,WB
32970,Queens,2021,3,15,17,0,122,177615,POINT (1028931.8143046284 215115.26618027306),ROOSEVELT AVENUE BRIDGE,Flushing Line,Flushing Line,WB
32970,Queens,2021,3,15,17,15,96,177615,POINT (1028931.8143046284 215115.26618027306),ROOSEVELT AVENUE BRIDGE,Flushing Line,Flushing Line,WB
32970,Queens,2021,3,15,17,30,108,177615,POINT (1028931.8143046284 215115.26618027306),ROOSEVELT AVENUE BRIDGE,Flushing Line,Flushing Line,WB
32970,Queens,2021,3,15,17,45,90,177615,POINT (1028931.8143046284 215115.26618027306),ROOSEVELT AVENUE BRIDGE,Flushing Line,Flushing Line,WB
32970,Queens,2021,3,15,18,0,81,177615,POINT (1028931.8143046284 215115.26618027306),ROOSEVELT AVENUE BRIDGE,Flushing Line,Flushing Line,WB
32970,Queens,2021,3,15,18,15,98,177615,POINT (1028931.8143046284 215115.26618027306),ROOSEVELT AVENUE BRIDGE,Flushing Line,Flushing Line,WB
32970,Queens,2021,3,15,18,30,84,177615,POINT (1028931.8143046284 215115.26618027306),ROOSEVELT AVENUE BRIDGE,Flushing Line,Flushing Line,WB
32970,Queens,2021,3,15,18,45,89,177615,POINT (1028931.8143046284 215115.26618027306),ROOSEVELT AVENUE BRIDGE,Flushing Line,Flushing Line,WB
32970,Queens,2021,3,15,19,0,80,177615,POINT (1028931.8143046284 215115.26618027306),ROOSEVELT AVENUE BRIDGE,Flushing Line,Flushing Line,WB
32970,Queens,2021,3,15,19,15,77,177615,POINT (1028931.8143046284 215115.26618027306),ROOSEVELT AVENUE BRIDGE,Flushing Line,Flushing Line,WB
32970,Queens,2021,3,15,19,30,79,177615,POINT (1028931.8143046284 215115.26618027306),ROOSEVELT AVENUE BRIDGE,Flushing Line,Flushing Line,WB
32970,Queens,2021,3,15,19,45,53,177615,POINT (1028931.8143046284 215115.26618027306),ROOSEVELT AVENUE BRIDGE,Flushing Line,Flushing Line,WB
32970,Queens,2021,3,15,20,0,53,177615,POINT (1028931.8143046284 215115.26618027306),ROOSEVELT AVENUE BRIDGE,Flushing Line,Flushing Line,WB
32970,Queens,2021,3,15,20,15,35,177615,POINT (1028931.8143046284 215115.26618027306),ROOSEVELT AVENUE BRIDGE,Flushing Line,Flushing Line,WB
32970,Queens,2021,3,15,20,30,41,177615,POINT (1028931.8143046284 215115.26618027306),ROOSEVELT AVENUE BRIDGE,Flushing Line,Flushing Line,WB
32970,Queens,2021,3,15,20,45,39,177615,POINT (1028931.8143046284 215115.26618027306),ROOSEVELT AVENUE BRIDGE,Flushing Line,Flushing Line,WB
32970,Queens,2021,3,15,21,0,39,177615,POINT (1028931.8143046284 215115.26618027306),ROOSEVELT AVENUE BRIDGE,Flushing Line,Flushing Line,WB
32970,Queens,2021,3,15,21,15,37,177615,POINT (1028931.8143046284 215115.26618027306),ROOSEVELT AVENUE BRIDGE,Flushing Line,Flushing Line,WB
32970,Queens,2021,3,15,21,30,32,177615,POINT (1028931.8143046284 215115.26618027306),ROOSEVELT AVENUE BRIDGE,Flushing Line,Flushing Line,WB
32970,Queens,2021,3,15,21,45,30,177615,POINT (1028931.8143046284 215115.26618027306),ROOSEVELT AVENUE BRIDGE,Flushing Line,Flushing Line,WB
32970,Queens,2021,3,15,22,0,23,177615,POINT (1028931.8143046284 215115.26618027306),ROOSEVELT AVENUE BRIDGE,Flushing Line,Flushing Line,WB
32970,Queens,2021,3,15,22,15,39,177615,POINT (1028931.8143046284 215115.26618027306),ROOSEVELT AVENUE BRIDGE,Flushing Line,Flushing Line,WB
32970,Queens,2021,3,15,22,30,18,177615,POINT (1028931.8143046284 215115.26618027306),ROOSEVELT AVENUE BRIDGE,Flushing Line,Flushing Line,WB
32970,Queens,2021,3,15,22,45,17,177615,POINT (1028931.8143046284 215115.26618027306),ROOSEVELT AVENUE BRIDGE,Flushing Line,Flushing Line,WB
32970,Queens,2021,3,15,23,0,18,177615,POINT (1028931.8143046284 215115.26618027306),ROOSEVELT AVENUE BRIDGE,Flushing Line,Flushing Line,WB
32970,Queens,2021,3,15,23,15,21,177615,POINT (1028931.8143046284 215115.26618027306),ROOSEVELT AVENUE BRIDGE,Flushing Line,Flushing Line,WB
32970,Queens,2021,3,15,23,30,17,177615,POINT (1028931.8143046284 215115.26618027306),ROOSEVELT AVENUE BRIDGE,Flushing Line,Flushing Line,WB
32970,Queens,2021,3,15,23,45,17,177615,POINT (1028931.8143046284 215115.26618027306),ROOSEVELT AVENUE BRIDGE,Flushing Line,Flushing Line,WB
32970,Queens,2021,3,16,0,0,15,177615,POINT (1028931.8143046284 215115.26618027306),ROOSEVELT AVENUE BRIDGE,Flushing Line,Flushing Line,WB
32970,Queens,2021,3,16,0,15,12,177615,POINT (1028931.8143046284 215115.26618027306),ROOSEVELT AVENUE BRIDGE,Flushing Line,Flushing Line,WB
32970,Queens,2021,3,16,0,30,9,177615,POINT (1028931.8143046284 215115.26618027306),ROOSEVELT AVENUE BRIDGE,Flushing Line,Flushing Line,WB
32970,Queens,2021,3,16,0,45,10,177615,POINT (1028931.8143046284 215115.26618027306),ROOSEVELT AVENUE BRIDGE,Flushing Line,Flushing Line,WB
32970,Queens,2021,3,16,1,0,9,177615,POINT (1028931.8143046284 215115.26618027306),ROOSEVELT AVENUE BRIDGE,Flushing Line,Flushing Line,WB
32970,Queens,2021,3,16,1,15,12,177615,POINT (1028931.8143046284 215115.26618027306),ROOSEVELT AVENUE BRIDGE,Flushing Line,Flushing Line,WB
32970,Queens,2021,3,16,1,30,2,177615,POINT (1028931.8143046284 215115.26618027306),ROOSEVELT AVENUE BRIDGE,Flushing Line,Flushing Line,WB
32970,Queens,2021,3,16,1,45,12,177615,POINT (1028931.8143046284 215115.26618027306),ROOSEVELT AVENUE BRIDGE,Flushing Line,Flushing Line,WB
32970,Queens,2021,3,16,2,0,9,177615,POINT (1028931.8143046284 215115.26618027306),ROOSEVELT AVENUE BRIDGE,Flushing Line,Flushing Line,WB
32970,Queens,2021,3,16,2,15,8,177615,POINT (1028931.8143046284 215115.26618027306),ROOSEVELT AVENUE BRIDGE,Flushing Line,Flushing Line,WB
32970,Queens,2021,3,16,2,30,8,177615,POINT (1028931.8143046284 215115.26618027306),ROOSEVELT AVENUE BRIDGE,Flushing Line,Flushing Line,WB
32970,Queens,2021,3,16,2,45,9,177615,POINT (1028931.8143046284 215115.26618027306),ROOSEVELT AVENUE BRIDGE,Flushing Line,Flushing Line,WB
32970,Queens,2021,3,16,3,0,12,177615,POINT (1028931.8143046284 215115.26618027306),ROOSEVELT AVENUE BRIDGE,Flushing Line,Flushing Line,WB
32970,Queens,2021,3,16,3,15,10,177615,POINT (1028931.8143046284 215115.26618027306),ROOSEVELT AVENUE BRIDGE,Flushing Line,Flushing Line,WB
32970,Queens,2021,3,16,3,30,16,177615,POINT (1028931.8143046284 215115.26618027306),ROOSEVELT AVENUE BRIDGE,Flushing Line,Flushing Line,WB
32970,Queens,2021,3,16,3,45,10,177615,POINT (1028931.8143046284 215115.26618027306),ROOSEVELT AVENUE BRIDGE,Flushing Line,Flushing Line,WB
32970,Queens,2021,3,16,4,0,18,177615,POINT (1028931.8143046284 215115.26618027306),ROOSEVELT AVENUE BRIDGE,Flushing Line,Flushing Line,WB
32970,Queens,2021,3,16,4,15,26,177615,POINT (1028931.8143046284 215115.26618027306),ROOSEVELT AVENUE BRIDGE,Flushing Line,Flushing Line,WB
32970,Queens,2021,3,16,4,30,40,177615,POINT (1028931.8143046284 215115.26618027306),ROOSEVELT AVENUE BRIDGE,Flushing Line,Flushing Line,WB
32970,Queens,2021,3,16,4,45,46,177615,POINT (1028931.8143046284 215115.26618027306),ROOSEVELT AVENUE BRIDGE,Flushing Line,Flushing Line,WB
32970,Queens,2021,3,16,5,0,47,177615,POINT (1028931.8143046284 215115.26618027306),ROOSEVELT AVENUE BRIDGE,Flushing Line,Flushing Line,WB
32970,Queens,2021,3,16,5,15,53,177615,POINT (1028931.8143046284 215115.26618027306),ROOSEVELT AVENUE BRIDGE,Flushing Line,Flushing Line,WB
32970,Queens,2021,3,16,5,30,55,177615,POINT (1028931.8143046284 215115.26618027306),ROOSEVELT AVENUE BRIDGE,Flushing Line,Flushing Line,WB
32970,Queens,2021,3,16,5,45,79,177615,POINT (1028931.8143046284 215115.26618027306),ROOSEVELT AVENUE BRIDGE,Flushing Line,Flushing Line,WB
32970,Queens,2021,3,16,6,0,76,177615,POINT (1028931.8143046284 215115.26618027306),ROOSEVELT AVENUE BRIDGE,Flushing Line,Flushing Line,WB
32970,Queens,2021,3,16,6,15,121,177615,POINT (1028931.8143046284 215115.26618027306),ROOSEVELT AVENUE BRIDGE,Flushing Line,Flushing Line,WB
32970,Queens,2021,3,16,6,30,96,177615,POINT (1028931.8143046284 215115.26618027306),ROOSEVELT AVENUE BRIDGE,Flushing Line,Flushing Line,WB
32970,Queens,2021,3,16,6,45,104,177615,POINT (1028931.8143046284 215115.26618027306),ROOSEVELT AVENUE BRIDGE,Flushing Line,Flushing Line,WB
32970,Queens,2021,3,16,7,0,84,177615,POINT (1028931.8143046284 215115.26618027306),ROOSEVELT AVENUE BRIDGE,Flushing Line,Flushing Line,WB
32970,Queens,2021,3,16,7,15,93,177615,POINT (1028931.8143046284 215115.26618027306),ROOSEVELT AVENUE BRIDGE,Flushing Line,Flushing Line,WB
32970,Queens,2021,3,16,7,30,94,177615,POINT (1028931.8143046284 215115.26618027306),ROOSEVELT AVENUE BRIDGE,Flushing Line,Flushing Line,WB
32970,Queens,2021,3,16,7,45,88,177615,POINT (1028931.8143046284 215115.26618027306),ROOSEVELT AVENUE BRIDGE,Flushing Line,Flushing Line,WB
32970,Queens,2021,3,16,8,0,113,177615,POINT (1028931.8143046284 215115.26618027306),ROOSEVELT AVENUE BRIDGE,Flushing Line,Flushing Line,WB
32970,Queens,2021,3,16,8,15,91,177615,POINT (1028931.8143046284 215115.26618027306),ROOSEVELT AVENUE BRIDGE,Flushing Line,Flushing Line,WB
32970,Queens,2021,3,16,8,30,77,177615,POINT (1028931.8143046284 215115.26618027306),ROOSEVELT AVENUE BRIDGE,Flushing Line,Flushing Line,WB
32970,Queens,2021,3,16,8,45,91,177615,POINT (1028931.8143046284 215115.26618027306),ROOSEVELT AVENUE BRIDGE,Flushing Line,Flushing Line,WB
32970,Queens,2021,3,16,9,0,88,177615,POINT (1028931.8143046284 215115.26618027306),ROOSEVELT AVENUE BRIDGE,Flushing Line,Flushing Line,WB
32970,Queens,2021,3,16,9,15,93,177615,POINT (1028931.8143046284 215115.26618027306),ROOSEVELT AVENUE BRIDGE,Flushing Line,Flushing Line,WB
32970,Queens,2021,3,16,9,30,94,177615,POINT (1028931.8143046284 215115.26618027306),ROOSEVELT AVENUE BRIDGE,Flushing Line,Flushing Line,WB
32970,Queens,2021,3,16,9,45,76,177615,POINT (1028931.8143046284 215115.26618027306),ROOSEVELT AVENUE BRIDGE,Flushing Line,Flushing Line,WB
32970,Queens,2021,3,16,10,0,79,177615,POINT (1028931.8143046284 215115.26618027306),ROOSEVELT AVENUE BRIDGE,Flushing Line,Flushing Line,WB
32970,Queens,2021,3,16,10,15,86,177615,POINT (1028931.8143046284 215115.26618027306),ROOSEVELT AVENUE BRIDGE,Flushing Line,Flushing Line,WB
32970,Queens,2021,3,16,10,30,92,177615,POINT (1028931.8143046284 215115.26618027306),ROOSEVELT AVENUE BRIDGE,Flushing Line,Flushing Line,WB
32970,Queens,2021,3,16,10,45,100,177615,POINT (1028931.8143046284 215115.26618027306),ROOSEVELT AVENUE BRIDGE,Flushing Line,Flushing Line,WB
32970,Queens,2021,3,16,11,0,113,177615,POINT (1028931.8143046284 215115.26618027306),ROOSEVELT AVENUE BRIDGE,Flushing Line,Flushing Line,WB
32970,Queens,2021,3,16,11,15,88,177615,POINT (1028931.8143046284 215115.26618027306),ROOSEVELT AVENUE BRIDGE,Flushing Line,Flushing Line,WB
32970,Queens,2021,3,16,11,30,83,177615,POINT (1028931.8143046284 215115.26618027306),ROOSEVELT AVENUE BRIDGE,Flushing Line,Flushing Line,WB
32970,Queens,2021,3,16,11,45,99,177615,POINT (1028931.8143046284 215115.26618027306),ROOSEVELT AVENUE BRIDGE,Flushing Line,Flushing Line,WB
32970,Queens,2021,3,16,12,0,103,177615,POINT (1028931.8143046284 215115.26618027306),ROOSEVELT AVENUE BRIDGE,Flushing Line,Flushing Line,WB
32970,Queens,2021,3,16,12,15,92,177615,POINT (1028931.8143046284 215115.26618027306),ROOSEVELT AVENUE BRIDGE,Flushing Line,Flushing Line,WB
32970,Queens,2021,3,16,12,30,95,177615,POINT (1028931.8143046284 215115.26618027306),ROOSEVELT AVENUE BRIDGE,Flushing Line,Flushing Line,WB
32970,Queens,2021,3,16,12,45,108,177615,POINT (1028931.8143046284 215115.26618027306),ROOSEVELT AVENUE BRIDGE,Flushing Line,Flushing Line,WB
32970,Queens,2021,3,16,13,0,96,177615,POINT (1028931.8143046284 215115.26618027306),ROOSEVELT AVENUE BRIDGE,Flushing Line,Flushing Line,WB
32970,Queens,2021,3,16,13,15,95,177615,POINT (1028931.8143046284 215115.26618027306),ROOSEVELT AVENUE BRIDGE,Flushing Line,Flushing Line,WB
32970,Queens,2021,3,16,13,30,87,177615,POINT (1028931.8143046284 215115.26618027306),ROOSEVELT AVENUE BRIDGE,Flushing Line,Flushing Line,WB
32970,Queens,2021,3,16,13,45,89,177615,POINT (1028931.8143046284 215115.26618027306),ROOSEVELT AVENUE BRIDGE,Flushing Line,Flushing Line,WB
32970,Queens,2021,3,16,14,0,104,177615,POINT (1028931.8143046284 215115.26618027306),ROOSEVELT AVENUE BRIDGE,Flushing Line,Flushing Line,WB
32970,Queens,2021,3,16,14,15,96,177615,POINT (1028931.8143046284 215115.26618027306),ROOSEVELT AVENUE BRIDGE,Flushing Line,Flushing Line,WB
32970,Queens,2021,3,16,14,30,117,177615,POINT (1028931.8143046284 215115.26618027306),ROOSEVELT AVENUE BRIDGE,Flushing Line,Flushing Line,WB
32970,Queens,2021,3,16,14,45,98,177615,POINT (1028931.8143046284 215115.26618027306),ROOSEVELT AVENUE BRIDGE,Flushing Line,Flushing Line,WB
32970,Queens,2021,3,16,15,0,90,177615,POINT (1028931.8143046284 215115.26618027306),ROOSEVELT AVENUE BRIDGE,Flushing Line,Flushing Line,WB
32970,Queens,2021,3,16,15,15,101,177615,POINT (1028931.8143046284 215115.26618027306),ROOSEVELT AVENUE BRIDGE,Flushing Line,Flushing Line,WB
32970,Queens,2021,3,16,15,30,113,177615,POINT (1028931.8143046284 215115.26618027306),ROOSEVELT AVENUE BRIDGE,Flushing Line,Flushing Line,WB
32970,Queens,2021,3,16,15,45,111,177615,POINT (1028931.8143046284 215115.26618027306),ROOSEVELT AVENUE BRIDGE,Flushing Line,Flushing Line,WB
32970,Queens,2021,3,16,16,0,107,177615,POINT (1028931.8143046284 215115.26618027306),ROOSEVELT AVENUE BRIDGE,Flushing Line,Flushing Line,WB
32970,Queens,2021,3,16,16,15,135,177615,POINT (1028931.8143046284 215115.26618027306),ROOSEVELT AVENUE BRIDGE,Flushing Line,Flushing Line,WB
32970,Queens,2021,3,16,16,30,107,177615,POINT (1028931.8143046284 215115.26618027306),ROOSEVELT AVENUE BRIDGE,Flushing Line,Flushing Line,WB
32970,Queens,2021,3,16,16,45,119,177615,POINT (1028931.8143046284 215115.26618027306),ROOSEVELT AVENUE BRIDGE,Flushing Line,Flushing Line,WB
32970,Queens,2021,3,16,17,0,96,177615,POINT (1028931.8143046284 215115.26618027306),ROOSEVELT AVENUE BRIDGE,Flushing Line,Flushing Line,WB
32970,Queens,2021,3,16,17,15,105,177615,POINT (1028931.8143046284 215115.26618027306),ROOSEVELT AVENUE BRIDGE,Flushing Line,Flushing Line,WB
32970,Queens,2021,3,16,17,30,93,177615,POINT (1028931.8143046284 215115.26618027306),ROOSEVELT AVENUE BRIDGE,Flushing Line,Flushing Line,WB
32970,Queens,2021,3,16,17,45,99,177615,POINT (1028931.8143046284 215115.26618027306),ROOSEVELT AVENUE BRIDGE,Flushing Line,Flushing Line,WB
32970,Queens,2021,3,16,18,0,77,177615,POINT (1028931.8143046284 215115.26618027306),ROOSEVELT AVENUE BRIDGE,Flushing Line,Flushing Line,WB
32970,Queens,2021,3,16,18,15,67,177615,POINT (1028931.8143046284 215115.26618027306),ROOSEVELT AVENUE BRIDGE,Flushing Line,Flushing Line,WB
32970,Queens,2021,3,16,18,30,77,177615,POINT (1028931.8143046284 215115.26618027306),ROOSEVELT AVENUE BRIDGE,Flushing Line,Flushing Line,WB
32970,Queens,2021,3,16,18,45,76,177615,POINT (1028931.8143046284 215115.26618027306),ROOSEVELT AVENUE BRIDGE,Flushing Line,Flushing Line,WB
32970,Queens,2021,3,16,19,0,78,177615,POINT (1028931.8143046284 215115.26618027306),ROOSEVELT AVENUE BRIDGE,Flushing Line,Flushing Line,WB
32970,Queens,2021,3,16,19,15,77,177615,POINT (1028931.8143046284 215115.26618027306),ROOSEVELT AVENUE BRIDGE,Flushing Line,Flushing Line,WB
32970,Queens,2021,3,16,19,30,55,177615,POINT (1028931.8143046284 215115.26618027306),ROOSEVELT AVENUE BRIDGE,Flushing Line,Flushing Line,WB
32970,Queens,2021,3,16,19,45,53,177615,POINT (1028931.8143046284 215115.26618027306),ROOSEVELT AVENUE BRIDGE,Flushing Line,Flushing Line,WB
32970,Queens,2021,3,16,20,0,48,177615,POINT (1028931.8143046284 215115.26618027306),ROOSEVELT AVENUE BRIDGE,Flushing Line,Flushing Line,WB
32970,Queens,2021,3,16,20,15,53,177615,POINT (1028931.8143046284 215115.26618027306),ROOSEVELT AVENUE BRIDGE,Flushing Line,Flushing Line,WB
32970,Queens,2021,3,16,20,30,23,177615,POINT (1028931.8143046284 215115.26618027306),ROOSEVELT AVENUE BRIDGE,Flushing Line,Flushing Line,WB
32970,Queens,2021,3,16,20,45,39,177615,POINT (1028931.8143046284 215115.26618027306),ROOSEVELT AVENUE BRIDGE,Flushing Line,Flushing Line,WB
32970,Queens,2021,3,16,21,0,40,177615,POINT (1028931.8143046284 215115.26618027306),ROOSEVELT AVENUE BRIDGE,Flushing Line,Flushing Line,WB
32970,Queens,2021,3,16,21,15,38,177615,POINT (1028931.8143046284 215115.26618027306),ROOSEVELT AVENUE BRIDGE,Flushing Line,Flushing Line,WB
32970,Queens,2021,3,16,21,30,27,177615,POINT (1028931.8143046284 215115.26618027306),ROOSEVELT AVENUE BRIDGE,Flushing Line,Flushing Line,WB
32970,Queens,2021,3,16,21,45,26,177615,POINT (1028931.8143046284 215115.26618027306),ROOSEVELT AVENUE BRIDGE,Flushing Line,Flushing Line,WB
32970,Queens,2021,3,16,22,0,19,177615,POINT (1028931.8143046284 215115.26618027306),ROOSEVELT AVENUE BRIDGE,Flushing Line,Flushing Line,WB
32970,Queens,2021,3,16,22,15,24,177615,POINT (1028931.8143046284 215115.26618027306),ROOSEVELT AVENUE BRIDGE,Flushing Line,Flushing Line,WB
32970,Queens,2021,3,16,22,30,20,177615,POINT (1028931.8143046284 215115.26618027306),ROOSEVELT AVENUE BRIDGE,Flushing Line,Flushing Line,WB
32970,Queens,2021,3,16,22,45,23,177615,POINT (1028931.8143046284 215115.26618027306),ROOSEVELT AVENUE BRIDGE,Flushing Line,Flushing Line,WB
32970,Queens,2021,3,16,23,0,30,177615,POINT (1028931.8143046284 215115.26618027306),ROOSEVELT AVENUE BRIDGE,Flushing Line,Flushing Line,WB
32970,Queens,2021,3,16,23,15,21,177615,POINT (1028931.8143046284 215115.26618027306),ROOSEVELT AVENUE BRIDGE,Flushing Line,Flushing Line,WB
32970,Queens,2021,3,16,23,30,15,177615,POINT (1028931.8143046284 215115.26618027306),ROOSEVELT AVENUE BRIDGE,Flushing Line,Flushing Line,WB
32970,Queens,2021,3,16,23,45,12,177615,POINT (1028931.8143046284 215115.26618027306),ROOSEVELT AVENUE BRIDGE,Flushing Line,Flushing Line,WB
32970,Queens,2021,3,17,0,0,14,177615,POINT (1028931.8143046284 215115.26618027306),ROOSEVELT AVENUE BRIDGE,Flushing Line,Flushing Line,WB
32970,Queens,2021,3,17,0,15,18,177615,POINT (1028931.8143046284 215115.26618027306),ROOSEVELT AVENUE BRIDGE,Flushing Line,Flushing Line,WB
32970,Queens,2021,3,17,0,30,12,177615,POINT (1028931.8143046284 215115.26618027306),ROOSEVELT AVENUE BRIDGE,Flushing Line,Flushing Line,WB
32970,Queens,2021,3,17,0,45,7,177615,POINT (1028931.8143046284 215115.26618027306),ROOSEVELT AVENUE BRIDGE,Flushing Line,Flushing Line,WB
32970,Queens,2021,3,17,1,0,8,177615,POINT (1028931.8143046284 215115.26618027306),ROOSEVELT AVENUE BRIDGE,Flushing Line,Flushing Line,WB
32970,Queens,2021,3,17,1,15,7,177615,POINT (1028931.8143046284 215115.26618027306),ROOSEVELT AVENUE BRIDGE,Flushing Line,Flushing Line,WB
32970,Queens,2021,3,17,1,30,10,177615,POINT (1028931.8143046284 215115.26618027306),ROOSEVELT AVENUE BRIDGE,Flushing Line,Flushing Line,WB
32970,Queens,2021,3,17,1,45,11,177615,POINT (1028931.8143046284 215115.26618027306),ROOSEVELT AVENUE BRIDGE,Flushing Line,Flushing Line,WB
32970,Queens,2021,3,17,2,0,8,177615,POINT (1028931.8143046284 215115.26618027306),ROOSEVELT AVENUE BRIDGE,Flushing Line,Flushing Line,WB
32970,Queens,2021,3,17,2,15,3,177615,POINT (1028931.8143046284 215115.26618027306),ROOSEVELT AVENUE BRIDGE,Flushing Line,Flushing Line,WB
32970,Queens,2021,3,17,2,30,8,177615,POINT (1028931.8143046284 215115.26618027306),ROOSEVELT AVENUE BRIDGE,Flushing Line,Flushing Line,WB
32970,Queens,2021,3,17,2,45,11,177615,POINT (1028931.8143046284 215115.26618027306),ROOSEVELT AVENUE BRIDGE,Flushing Line,Flushing Line,WB
32970,Queens,2021,3,17,3,0,7,177615,POINT (1028931.8143046284 215115.26618027306),ROOSEVELT AVENUE BRIDGE,Flushing Line,Flushing Line,WB
32970,Queens,2021,3,17,3,15,12,177615,POINT (1028931.8143046284 215115.26618027306),ROOSEVELT AVENUE BRIDGE,Flushing Line,Flushing Line,WB
32970,Queens,2021,3,17,3,30,13,177615,POINT (1028931.8143046284 215115.26618027306),ROOSEVELT AVENUE BRIDGE,Flushing Line,Flushing Line,WB
32970,Queens,2021,3,17,3,45,15,177615,POINT (1028931.8143046284 215115.26618027306),ROOSEVELT AVENUE BRIDGE,Flushing Line,Flushing Line,WB
32970,Queens,2021,3,17,4,0,19,177615,POINT (1028931.8143046284 215115.26618027306),ROOSEVELT AVENUE BRIDGE,Flushing Line,Flushing Line,WB
32970,Queens,2021,3,17,4,15,19,177615,POINT (1028931.8143046284 215115.26618027306),ROOSEVELT AVENUE BRIDGE,Flushing Line,Flushing Line,WB
32970,Queens,2021,3,17,4,30,42,177615,POINT (1028931.8143046284 215115.26618027306),ROOSEVELT AVENUE BRIDGE,Flushing Line,Flushing Line,WB
32970,Queens,2021,3,17,4,45,39,177615,POINT (1028931.8143046284 215115.26618027306),ROOSEVELT AVENUE BRIDGE,Flushing Line,Flushing Line,WB
32970,Queens,2021,3,17,5,0,39,177615,POINT (1028931.8143046284 215115.26618027306),ROOSEVELT AVENUE BRIDGE,Flushing Line,Flushing Line,WB
32970,Queens,2021,3,17,5,15,60,177615,POINT (1028931.8143046284 215115.26618027306),ROOSEVELT AVENUE BRIDGE,Flushing Line,Flushing Line,WB
32970,Queens,2021,3,17,5,30,59,177615,POINT (1028931.8143046284 215115.26618027306),ROOSEVELT AVENUE BRIDGE,Flushing Line,Flushing Line,WB
32970,Queens,2021,3,17,5,45,64,177615,POINT (1028931.8143046284 215115.26618027306),ROOSEVELT AVENUE BRIDGE,Flushing Line,Flushing Line,WB
32970,Queens,2021,3,17,6,0,96,177615,POINT (1028931.8143046284 215115.26618027306),ROOSEVELT AVENUE BRIDGE,Flushing Line,Flushing Line,WB
32970,Queens,2021,3,17,6,15,106,177615,POINT (1028931.8143046284 215115.26618027306),ROOSEVELT AVENUE BRIDGE,Flushing Line,Flushing Line,WB
32970,Queens,2021,3,17,6,30,116,177615,POINT (1028931.8143046284 215115.26618027306),ROOSEVELT AVENUE BRIDGE,Flushing Line,Flushing Line,WB
32970,Queens,2021,3,17,6,45,90,177615,POINT (1028931.8143046284 215115.26618027306),ROOSEVELT AVENUE BRIDGE,Flushing Line,Flushing Line,WB
32970,Queens,2021,3,17,7,0,87,177615,POINT (1028931.8143046284 215115.26618027306),ROOSEVELT AVENUE BRIDGE,Flushing Line,Flushing Line,WB
32970,Queens,2021,3,17,7,15,85,177615,POINT (1028931.8143046284 215115.26618027306),ROOSEVELT AVENUE BRIDGE,Flushing Line,Flushing Line,WB
32970,Queens,2021,3,17,7,30,94,177615,POINT (1028931.8143046284 215115.26618027306),ROOSEVELT AVENUE BRIDGE,Flushing Line,Flushing Line,WB
32970,Queens,2021,3,17,7,45,96,177615,POINT (1028931.8143046284 215115.26618027306),ROOSEVELT AVENUE BRIDGE,Flushing Line,Flushing Line,WB
32970,Queens,2021,3,17,8,0,88,177615,POINT (1028931.8143046284 215115.26618027306),ROOSEVELT AVENUE BRIDGE,Flushing Line,Flushing Line,WB
32970,Queens,2021,3,17,8,15,100,177615,POINT (1028931.8143046284 215115.26618027306),ROOSEVELT AVENUE BRIDGE,Flushing Line,Flushing Line,WB
32970,Queens,2021,3,17,8,30,96,177615,POINT (1028931.8143046284 215115.26618027306),ROOSEVELT AVENUE BRIDGE,Flushing Line,Flushing Line,WB
32970,Queens,2021,3,17,8,45,72,177615,POINT (1028931.8143046284 215115.26618027306),ROOSEVELT AVENUE BRIDGE,Flushing Line,Flushing Line,WB
32970,Queens,2021,3,17,9,0,88,177615,POINT (1028931.8143046284 215115.26618027306),ROOSEVELT AVENUE BRIDGE,Flushing Line,Flushing Line,WB
32970,Queens,2021,3,17,9,15,93,177615,POINT (1028931.8143046284 215115.26618027306),ROOSEVELT AVENUE BRIDGE,Flushing Line,Flushing Line,WB
32970,Queens,2021,3,17,9,30,85,177615,POINT (1028931.8143046284 215115.26618027306),ROOSEVELT AVENUE BRIDGE,Flushing Line,Flushing Line,WB
32970,Queens,2021,3,17,9,45,89,177615,POINT (1028931.8143046284 215115.26618027306),ROOSEVELT AVENUE BRIDGE,Flushing Line,Flushing Line,WB
32970,Queens,2021,3,17,10,0,88,177615,POINT (1028931.8143046284 215115.26618027306),ROOSEVELT AVENUE BRIDGE,Flushing Line,Flushing Line,WB
32970,Queens,2021,3,17,10,15,95,177615,POINT (1028931.8143046284 215115.26618027306),ROOSEVELT AVENUE BRIDGE,Flushing Line,Flushing Line,WB
32970,Queens,2021,3,17,10,30,100,177615,POINT (1028931.8143046284 215115.26618027306),ROOSEVELT AVENUE BRIDGE,Flushing Line,Flushing Line,WB
32970,Queens,2021,3,17,10,45,86,177615,POINT (1028931.8143046284 215115.26618027306),ROOSEVELT AVENUE BRIDGE,Flushing Line,Flushing Line,WB
32970,Queens,2021,3,17,11,0,99,177615,POINT (1028931.8143046284 215115.26618027306),ROOSEVELT AVENUE BRIDGE,Flushing Line,Flushing Line,WB
32970,Queens,2021,3,17,11,15,104,177615,POINT (1028931.8143046284 215115.26618027306),ROOSEVELT AVENUE BRIDGE,Flushing Line,Flushing Line,WB
32970,Queens,2021,3,17,11,30,92,177615,POINT (1028931.8143046284 215115.26618027306),ROOSEVELT AVENUE BRIDGE,Flushing Line,Flushing Line,WB
32970,Queens,2021,3,17,11,45,103,177615,POINT (1028931.8143046284 215115.26618027306),ROOSEVELT AVENUE BRIDGE,Flushing Line,Flushing Line,WB
32970,Queens,2021,3,17,12,0,95,177615,POINT (1028931.8143046284 215115.26618027306),ROOSEVELT AVENUE BRIDGE,Flushing Line,Flushing Line,WB
32970,Queens,2021,3,17,12,15,102,177615,POINT (1028931.8143046284 215115.26618027306),ROOSEVELT AVENUE BRIDGE,Flushing Line,Flushing Line,WB
32970,Queens,2021,3,17,12,30,91,177615,POINT (1028931.8143046284 215115.26618027306),ROOSEVELT AVENUE BRIDGE,Flushing Line,Flushing Line,WB
32970,Queens,2021,3,17,12,45,94,177615,POINT (1028931.8143046284 215115.26618027306),ROOSEVELT AVENUE BRIDGE,Flushing Line,Flushing Line,WB
32970,Queens,2021,3,17,13,0,108,177615,POINT (1028931.8143046284 215115.26618027306),ROOSEVELT AVENUE BRIDGE,Flushing Line,Flushing Line,WB
32970,Queens,2021,3,17,13,15,102,177615,POINT (1028931.8143046284 215115.26618027306),ROOSEVELT AVENUE BRIDGE,Flushing Line,Flushing Line,WB
32970,Queens,2021,3,17,13,30,113,177615,POINT (1028931.8143046284 215115.26618027306),ROOSEVELT AVENUE BRIDGE,Flushing Line,Flushing Line,WB
32970,Queens,2021,3,17,13,45,92,177615,POINT (1028931.8143046284 215115.26618027306),ROOSEVELT AVENUE BRIDGE,Flushing Line,Flushing Line,WB
32970,Queens,2021,3,17,14,0,117,177615,POINT (1028931.8143046284 215115.26618027306),ROOSEVELT AVENUE BRIDGE,Flushing Line,Flushing Line,WB
32970,Queens,2021,3,17,14,15,115,177615,POINT (1028931.8143046284 215115.26618027306),ROOSEVELT AVENUE BRIDGE,Flushing Line,Flushing Line,WB
32970,Queens,2021,3,17,14,30,127,177615,POINT (1028931.8143046284 215115.26618027306),ROOSEVELT AVENUE BRIDGE,Flushing Line,Flushing Line,WB
32970,Queens,2021,3,17,14,45,129,177615,POINT (1028931.8143046284 215115.26618027306),ROOSEVELT AVENUE BRIDGE,Flushing Line,Flushing Line,WB
32970,Queens,2021,3,17,15,0,113,177615,POINT (1028931.8143046284 215115.26618027306),ROOSEVELT AVENUE BRIDGE,Flushing Line,Flushing Line,WB
32970,Queens,2021,3,17,15,15,120,177615,POINT (1028931.8143046284 215115.26618027306),ROOSEVELT AVENUE BRIDGE,Flushing Line,Flushing Line,WB
32970,Queens,2021,3,17,15,30,114,177615,POINT (1028931.8143046284 215115.26618027306),ROOSEVELT AVENUE BRIDGE,Flushing Line,Flushing Line,WB
32970,Queens,2021,3,17,15,45,102,177615,POINT (1028931.8143046284 215115.26618027306),ROOSEVELT AVENUE BRIDGE,Flushing Line,Flushing Line,WB
32970,Queens,2021,3,17,16,0,114,177615,POINT (1028931.8143046284 215115.26618027306),ROOSEVELT AVENUE BRIDGE,Flushing Line,Flushing Line,WB
32970,Queens,2021,3,17,16,15,110,177615,POINT (1028931.8143046284 215115.26618027306),ROOSEVELT AVENUE BRIDGE,Flushing Line,Flushing Line,WB
32970,Queens,2021,3,17,16,30,125,177615,POINT (1028931.8143046284 215115.26618027306),ROOSEVELT AVENUE BRIDGE,Flushing Line,Flushing Line,WB
32970,Queens,2021,3,17,16,45,123,177615,POINT (1028931.8143046284 215115.26618027306),ROOSEVELT AVENUE BRIDGE,Flushing Line,Flushing Line,WB
32970,Queens,2021,3,17,17,0,131,177615,POINT (1028931.8143046284 215115.26618027306),ROOSEVELT AVENUE BRIDGE,Flushing Line,Flushing Line,WB
32970,Queens,2021,3,17,17,15,98,177615,POINT (1028931.8143046284 215115.26618027306),ROOSEVELT AVENUE BRIDGE,Flushing Line,Flushing Line,WB
32970,Queens,2021,3,17,17,30,107,177615,POINT (1028931.8143046284 215115.26618027306),ROOSEVELT AVENUE BRIDGE,Flushing Line,Flushing Line,WB
32970,Queens,2021,3,17,17,45,94,177615,POINT (1028931.8143046284 215115.26618027306),ROOSEVELT AVENUE BRIDGE,Flushing Line,Flushing Line,WB
32970,Queens,2021,3,17,18,0,97,177615,POINT (1028931.8143046284 215115.26618027306),ROOSEVELT AVENUE BRIDGE,Flushing Line,Flushing Line,WB
32970,Queens,2021,3,17,18,15,87,177615,POINT (1028931.8143046284 215115.26618027306),ROOSEVELT AVENUE BRIDGE,Flushing Line,Flushing Line,WB
32970,Queens,2021,3,17,18,30,83,177615,POINT (1028931.8143046284 215115.26618027306),ROOSEVELT AVENUE BRIDGE,Flushing Line,Flushing Line,WB
32970,Queens,2021,3,17,18,45,88,177615,POINT (1028931.8143046284 215115.26618027306),ROOSEVELT AVENUE BRIDGE,Flushing Line,Flushing Line,WB
32970,Queens,2021,3,17,19,0,74,177615,POINT (1028931.8143046284 215115.26618027306),ROOSEVELT AVENUE BRIDGE,Flushing Line,Flushing Line,WB
32970,Queens,2021,3,17,19,15,68,177615,POINT (1028931.8143046284 215115.26618027306),ROOSEVELT AVENUE BRIDGE,Flushing Line,Flushing Line,WB
32970,Queens,2021,3,17,19,30,65,177615,POINT (1028931.8143046284 215115.26618027306),ROOSEVELT AVENUE BRIDGE,Flushing Line,Flushing Line,WB
32970,Queens,2021,3,17,19,45,58,177615,POINT (1028931.8143046284 215115.26618027306),ROOSEVELT AVENUE BRIDGE,Flushing Line,Flushing Line,WB
32970,Queens,2021,3,17,20,0,45,177615,POINT (1028931.8143046284 215115.26618027306),ROOSEVELT AVENUE BRIDGE,Flushing Line,Flushing Line,WB
32970,Queens,2021,3,17,20,15,42,177615,POINT (1028931.8143046284 215115.26618027306),ROOSEVELT AVENUE BRIDGE,Flushing Line,Flushing Line,WB
32970,Queens,2021,3,17,20,30,68,177615,POINT (1028931.8143046284 215115.26618027306),ROOSEVELT AVENUE BRIDGE,Flushing Line,Flushing Line,WB
32970,Queens,2021,3,17,20,45,54,177615,POINT (1028931.8143046284 215115.26618027306),ROOSEVELT AVENUE BRIDGE,Flushing Line,Flushing Line,WB
32970,Queens,2021,3,17,21,0,58,177615,POINT (1028931.8143046284 215115.26618027306),ROOSEVELT AVENUE BRIDGE,Flushing Line,Flushing Line,WB
32970,Queens,2021,3,17,21,15,42,177615,POINT (1028931.8143046284 215115.26618027306),ROOSEVELT AVENUE BRIDGE,Flushing Line,Flushing Line,WB
32970,Queens,2021,3,17,21,30,38,177615,POINT (1028931.8143046284 215115.26618027306),ROOSEVELT AVENUE BRIDGE,Flushing Line,Flushing Line,WB
32970,Queens,2021,3,17,21,45,31,177615,POINT (1028931.8143046284 215115.26618027306),ROOSEVELT AVENUE BRIDGE,Flushing Line,Flushing Line,WB
32970,Queens,2021,3,17,22,0,26,177615,POINT (1028931.8143046284 215115.26618027306),ROOSEVELT AVENUE BRIDGE,Flushing Line,Flushing Line,WB
32970,Queens,2021,3,17,22,15,24,177615,POINT (1028931.8143046284 215115.26618027306),ROOSEVELT AVENUE BRIDGE,Flushing Line,Flushing Line,WB
32970,Queens,2021,3,17,22,30,29,177615,POINT (1028931.8143046284 215115.26618027306),ROOSEVELT AVENUE BRIDGE,Flushing Line,Flushing Line,WB
32970,Queens,2021,3,17,22,45,26,177615,POINT (1028931.8143046284 215115.26618027306),ROOSEVELT AVENUE BRIDGE,Flushing Line,Flushing Line,WB
32970,Queens,2021,3,17,23,0,29,177615,POINT (1028931.8143046284 215115.26618027306),ROOSEVELT AVENUE BRIDGE,Flushing Line,Flushing Line,WB
32970,Queens,2021,3,17,23,15,19,177615,POINT (1028931.8143046284 215115.26618027306),ROOSEVELT AVENUE BRIDGE,Flushing Line,Flushing Line,WB
32970,Queens,2021,3,17,23,30,18,177615,POINT (1028931.8143046284 215115.26618027306),ROOSEVELT AVENUE BRIDGE,Flushing Line,Flushing Line,WB
32970,Queens,2021,3,17,23,45,19,177615,POINT (1028931.8143046284 215115.26618027306),ROOSEVELT AVENUE BRIDGE,Flushing Line,Flushing Line,WB
32970,Queens,2021,3,18,0,0,15,177615,POINT (1028931.8143046284 215115.26618027306),ROOSEVELT AVENUE BRIDGE,Flushing Line,Flushing Line,WB
32970,Queens,2021,3,18,0,15,10,177615,POINT (1028931.8143046284 215115.26618027306),ROOSEVELT AVENUE BRIDGE,Flushing Line,Flushing Line,WB
32970,Queens,2021,3,18,0,30,14,177615,POINT (1028931.8143046284 215115.26618027306),ROOSEVELT AVENUE BRIDGE,Flushing Line,Flushing Line,WB
32970,Queens,2021,3,18,0,45,12,177615,POINT (1028931.8143046284 215115.26618027306),ROOSEVELT AVENUE BRIDGE,Flushing Line,Flushing Line,WB
32970,Queens,2021,3,18,1,0,11,177615,POINT (1028931.8143046284 215115.26618027306),ROOSEVELT AVENUE BRIDGE,Flushing Line,Flushing Line,WB
32970,Queens,2021,3,18,1,15,12,177615,POINT (1028931.8143046284 215115.26618027306),ROOSEVELT AVENUE BRIDGE,Flushing Line,Flushing Line,WB
32970,Queens,2021,3,18,1,30,6,177615,POINT (1028931.8143046284 215115.26618027306),ROOSEVELT AVENUE BRIDGE,Flushing Line,Flushing Line,WB
32970,Queens,2021,3,18,1,45,8,177615,POINT (1028931.8143046284 215115.26618027306),ROOSEVELT AVENUE BRIDGE,Flushing Line,Flushing Line,WB
32970,Queens,2021,3,18,2,0,10,177615,POINT (1028931.8143046284 215115.26618027306),ROOSEVELT AVENUE BRIDGE,Flushing Line,Flushing Line,WB
32970,Queens,2021,3,18,2,15,10,177615,POINT (1028931.8143046284 215115.26618027306),ROOSEVELT AVENUE BRIDGE,Flushing Line,Flushing Line,WB
32970,Queens,2021,3,18,2,30,12,177615,POINT (1028931.8143046284 215115.26618027306),ROOSEVELT AVENUE BRIDGE,Flushing Line,Flushing Line,WB
32970,Queens,2021,3,18,2,45,8,177615,POINT (1028931.8143046284 215115.26618027306),ROOSEVELT AVENUE BRIDGE,Flushing Line,Flushing Line,WB
32970,Queens,2021,3,18,3,0,14,177615,POINT (1028931.8143046284 215115.26618027306),ROOSEVELT AVENUE BRIDGE,Flushing Line,Flushing Line,WB
32970,Queens,2021,3,18,3,15,15,177615,POINT (1028931.8143046284 215115.26618027306),ROOSEVELT AVENUE BRIDGE,Flushing Line,Flushing Line,WB
32970,Queens,2021,3,18,3,30,14,177615,POINT (1028931.8143046284 215115.26618027306),ROOSEVELT AVENUE BRIDGE,Flushing Line,Flushing Line,WB
32970,Queens,2021,3,18,3,45,19,177615,POINT (1028931.8143046284 215115.26618027306),ROOSEVELT AVENUE BRIDGE,Flushing Line,Flushing Line,WB
32970,Queens,2021,3,18,4,0,15,177615,POINT (1028931.8143046284 215115.26618027306),ROOSEVELT AVENUE BRIDGE,Flushing Line,Flushing Line,WB
32970,Queens,2021,3,18,4,15,31,177615,POINT (1028931.8143046284 215115.26618027306),ROOSEVELT AVENUE BRIDGE,Flushing Line,Flushing Line,WB
32970,Queens,2021,3,18,4,30,33,177615,POINT (1028931.8143046284 215115.26618027306),ROOSEVELT AVENUE BRIDGE,Flushing Line,Flushing Line,WB
32970,Queens,2021,3,18,4,45,45,177615,POINT (1028931.8143046284 215115.26618027306),ROOSEVELT AVENUE BRIDGE,Flushing Line,Flushing Line,WB
32970,Queens,2021,3,18,5,0,44,177615,POINT (1028931.8143046284 215115.26618027306),ROOSEVELT AVENUE BRIDGE,Flushing Line,Flushing Line,WB
32970,Queens,2021,3,18,5,15,47,177615,POINT (1028931.8143046284 215115.26618027306),ROOSEVELT AVENUE BRIDGE,Flushing Line,Flushing Line,WB
32970,Queens,2021,3,18,5,30,56,177615,POINT (1028931.8143046284 215115.26618027306),ROOSEVELT AVENUE BRIDGE,Flushing Line,Flushing Line,WB
32970,Queens,2021,3,18,5,45,62,177615,POINT (1028931.8143046284 215115.26618027306),ROOSEVELT AVENUE BRIDGE,Flushing Line,Flushing Line,WB
32970,Queens,2021,3,18,6,0,80,177615,POINT (1028931.8143046284 215115.26618027306),ROOSEVELT AVENUE BRIDGE,Flushing Line,Flushing Line,WB
32970,Queens,2021,3,18,6,15,107,177615,POINT (1028931.8143046284 215115.26618027306),ROOSEVELT AVENUE BRIDGE,Flushing Line,Flushing Line,WB
32970,Queens,2021,3,18,6,30,123,177615,POINT (1028931.8143046284 215115.26618027306),ROOSEVELT AVENUE BRIDGE,Flushing Line,Flushing Line,WB
32970,Queens,2021,3,18,6,45,99,177615,POINT (1028931.8143046284 215115.26618027306),ROOSEVELT AVENUE BRIDGE,Flushing Line,Flushing Line,WB
32970,Queens,2021,3,18,7,0,106,177615,POINT (1028931.8143046284 215115.26618027306),ROOSEVELT AVENUE BRIDGE,Flushing Line,Flushing Line,WB
32970,Queens,2021,3,18,7,15,103,177615,POINT (1028931.8143046284 215115.26618027306),ROOSEVELT AVENUE BRIDGE,Flushing Line,Flushing Line,WB
32970,Queens,2021,3,18,7,30,85,177615,POINT (1028931.8143046284 215115.26618027306),ROOSEVELT AVENUE BRIDGE,Flushing Line,Flushing Line,WB
32970,Queens,2021,3,18,7,45,103,177615,POINT (1028931.8143046284 215115.26618027306),ROOSEVELT AVENUE BRIDGE,Flushing Line,Flushing Line,WB
32970,Queens,2021,3,18,8,0,117,177615,POINT (1028931.8143046284 215115.26618027306),ROOSEVELT AVENUE BRIDGE,Flushing Line,Flushing Line,WB
32970,Queens,2021,3,18,8,15,88,177615,POINT (1028931.8143046284 215115.26618027306),ROOSEVELT AVENUE BRIDGE,Flushing Line,Flushing Line,WB
32970,Queens,2021,3,18,8,30,86,177615,POINT (1028931.8143046284 215115.26618027306),ROOSEVELT AVENUE BRIDGE,Flushing Line,Flushing Line,WB
32970,Queens,2021,3,18,8,45,118,177615,POINT (1028931.8143046284 215115.26618027306),ROOSEVELT AVENUE BRIDGE,Flushing Line,Flushing Line,WB
32970,Queens,2021,3,18,9,0,108,177615,POINT (1028931.8143046284 215115.26618027306),ROOSEVELT AVENUE BRIDGE,Flushing Line,Flushing Line,WB
32970,Queens,2021,3,18,9,15,83,177615,POINT (1028931.8143046284 215115.26618027306),ROOSEVELT AVENUE BRIDGE,Flushing Line,Flushing Line,WB
32970,Queens,2021,3,18,9,30,106,177615,POINT (1028931.8143046284 215115.26618027306),ROOSEVELT AVENUE BRIDGE,Flushing Line,Flushing Line,WB
32970,Queens,2021,3,18,9,45,88,177615,POINT (1028931.8143046284 215115.26618027306),ROOSEVELT AVENUE BRIDGE,Flushing Line,Flushing Line,WB
32970,Queens,2021,3,18,10,0,88,177615,POINT (1028931.8143046284 215115.26618027306),ROOSEVELT AVENUE BRIDGE,Flushing Line,Flushing Line,WB
32970,Queens,2021,3,18,10,15,90,177615,POINT (1028931.8143046284 215115.26618027306),ROOSEVELT AVENUE BRIDGE,Flushing Line,Flushing Line,WB
32970,Queens,2021,3,18,10,30,97,177615,POINT (1028931.8143046284 215115.26618027306),ROOSEVELT AVENUE BRIDGE,Flushing Line,Flushing Line,WB
32970,Queens,2021,3,18,10,45,106,177615,POINT (1028931.8143046284 215115.26618027306),ROOSEVELT AVENUE BRIDGE,Flushing Line,Flushing Line,WB
32970,Queens,2021,3,18,11,0,96,177615,POINT (1028931.8143046284 215115.26618027306),ROOSEVELT AVENUE BRIDGE,Flushing Line,Flushing Line,WB
32970,Queens,2021,3,18,11,15,94,177615,POINT (1028931.8143046284 215115.26618027306),ROOSEVELT AVENUE BRIDGE,Flushing Line,Flushing Line,WB
32970,Queens,2021,3,18,11,30,105,177615,POINT (1028931.8143046284 215115.26618027306),ROOSEVELT AVENUE BRIDGE,Flushing Line,Flushing Line,WB
32970,Queens,2021,3,18,11,45,99,177615,POINT (1028931.8143046284 215115.26618027306),ROOSEVELT AVENUE BRIDGE,Flushing Line,Flushing Line,WB
32970,Queens,2021,3,18,12,0,103,177615,POINT (1028931.8143046284 215115.26618027306),ROOSEVELT AVENUE BRIDGE,Flushing Line,Flushing Line,WB
32970,Queens,2021,3,18,12,15,101,177615,POINT (1028931.8143046284 215115.26618027306),ROOSEVELT AVENUE BRIDGE,Flushing Line,Flushing Line,WB
32970,Queens,2021,3,18,12,30,82,177615,POINT (1028931.8143046284 215115.26618027306),ROOSEVELT AVENUE BRIDGE,Flushing Line,Flushing Line,WB
32970,Queens,2021,3,18,12,45,108,177615,POINT (1028931.8143046284 215115.26618027306),ROOSEVELT AVENUE BRIDGE,Flushing Line,Flushing Line,WB
32970,Queens,2021,3,18,13,0,103,177615,POINT (1028931.8143046284 215115.26618027306),ROOSEVELT AVENUE BRIDGE,Flushing Line,Flushing Line,WB
32970,Queens,2021,3,18,13,15,83,177615,POINT (1028931.8143046284 215115.26618027306),ROOSEVELT AVENUE BRIDGE,Flushing Line,Flushing Line,WB
32970,Queens,2021,3,18,13,30,88,177615,POINT (1028931.8143046284 215115.26618027306),ROOSEVELT AVENUE BRIDGE,Flushing Line,Flushing Line,WB
32970,Queens,2021,3,18,13,45,110,177615,POINT (1028931.8143046284 215115.26618027306),ROOSEVELT AVENUE BRIDGE,Flushing Line,Flushing Line,WB
32970,Queens,2021,3,18,14,0,97,177615,POINT (1028931.8143046284 215115.26618027306),ROOSEVELT AVENUE BRIDGE,Flushing Line,Flushing Line,WB
32970,Queens,2021,3,18,14,15,106,177615,POINT (1028931.8143046284 215115.26618027306),ROOSEVELT AVENUE BRIDGE,Flushing Line,Flushing Line,WB
32970,Queens,2021,3,18,14,30,101,177615,POINT (1028931.8143046284 215115.26618027306),ROOSEVELT AVENUE BRIDGE,Flushing Line,Flushing Line,WB
32970,Queens,2021,3,18,14,45,122,177615,POINT (1028931.8143046284 215115.26618027306),ROOSEVELT AVENUE BRIDGE,Flushing Line,Flushing Line,WB
32970,Queens,2021,3,18,15,0,72,177615,POINT (1028931.8143046284 215115.26618027306),ROOSEVELT AVENUE BRIDGE,Flushing Line,Flushing Line,WB
32970,Queens,2021,3,18,15,15,95,177615,POINT (1028931.8143046284 215115.26618027306),ROOSEVELT AVENUE BRIDGE,Flushing Line,Flushing Line,WB
32970,Queens,2021,3,18,15,30,95,177615,POINT (1028931.8143046284 215115.26618027306),ROOSEVELT AVENUE BRIDGE,Flushing Line,Flushing Line,WB
32970,Queens,2021,3,18,15,45,118,177615,POINT (1028931.8143046284 215115.26618027306),ROOSEVELT AVENUE BRIDGE,Flushing Line,Flushing Line,WB
32970,Queens,2021,3,18,16,0,133,177615,POINT (1028931.8143046284 215115.26618027306),ROOSEVELT AVENUE BRIDGE,Flushing Line,Flushing Line,WB
32970,Queens,2021,3,18,16,15,97,177615,POINT (1028931.8143046284 215115.26618027306),ROOSEVELT AVENUE BRIDGE,Flushing Line,Flushing Line,WB
32970,Queens,2021,3,18,16,30,103,177615,POINT (1028931.8143046284 215115.26618027306),ROOSEVELT AVENUE BRIDGE,Flushing Line,Flushing Line,WB
32970,Queens,2021,3,18,16,45,99,177615,POINT (1028931.8143046284 215115.26618027306),ROOSEVELT AVENUE BRIDGE,Flushing Line,Flushing Line,WB
32970,Queens,2021,3,18,17,0,90,177615,POINT (1028931.8143046284 215115.26618027306),ROOSEVELT AVENUE BRIDGE,Flushing Line,Flushing Line,WB
32970,Queens,2021,3,18,17,15,80,177615,POINT (1028931.8143046284 215115.26618027306),ROOSEVELT AVENUE BRIDGE,Flushing Line,Flushing Line,WB
32970,Queens,2021,3,18,17,30,111,177615,POINT (1028931.8143046284 215115.26618027306),ROOSEVELT AVENUE BRIDGE,Flushing Line,Flushing Line,WB
32970,Queens,2021,3,18,17,45,88,177615,POINT (1028931.8143046284 215115.26618027306),ROOSEVELT AVENUE BRIDGE,Flushing Line,Flushing Line,WB
32970,Queens,2021,3,18,18,0,70,177615,POINT (1028931.8143046284 215115.26618027306),ROOSEVELT AVENUE BRIDGE,Flushing Line,Flushing Line,WB
32970,Queens,2021,3,18,18,15,81,177615,POINT (1028931.8143046284 215115.26618027306),ROOSEVELT AVENUE BRIDGE,Flushing Line,Flushing Line,WB
32970,Queens,2021,3,18,18,30,64,177615,POINT (1028931.8143046284 215115.26618027306),ROOSEVELT AVENUE BRIDGE,Flushing Line,Flushing Line,WB
32970,Queens,2021,3,18,18,45,74,177615,POINT (1028931.8143046284 215115.26618027306),ROOSEVELT AVENUE BRIDGE,Flushing Line,Flushing Line,WB
32970,Queens,2021,3,18,19,0,87,177615,POINT (1028931.8143046284 215115.26618027306),ROOSEVELT AVENUE BRIDGE,Flushing Line,Flushing Line,WB
32970,Queens,2021,3,18,19,15,68,177615,POINT (1028931.8143046284 215115.26618027306),ROOSEVELT AVENUE BRIDGE,Flushing Line,Flushing Line,WB
32970,Queens,2021,3,18,19,30,45,177615,POINT (1028931.8143046284 215115.26618027306),ROOSEVELT AVENUE BRIDGE,Flushing Line,Flushing Line,WB
32970,Queens,2021,3,18,19,45,60,177615,POINT (1028931.8143046284 215115.26618027306),ROOSEVELT AVENUE BRIDGE,Flushing Line,Flushing Line,WB
32970,Queens,2021,3,18,20,0,47,177615,POINT (1028931.8143046284 215115.26618027306),ROOSEVELT AVENUE BRIDGE,Flushing Line,Flushing Line,WB
32970,Queens,2021,3,18,20,15,41,177615,POINT (1028931.8143046284 215115.26618027306),ROOSEVELT AVENUE BRIDGE,Flushing Line,Flushing Line,WB
32970,Queens,2021,3,18,20,30,43,177615,POINT (1028931.8143046284 215115.26618027306),ROOSEVELT AVENUE BRIDGE,Flushing Line,Flushing Line,WB
32970,Queens,2021,3,18,20,45,44,177615,POINT (1028931.8143046284 215115.26618027306),ROOSEVELT AVENUE BRIDGE,Flushing Line,Flushing Line,WB
32970,Queens,2021,3,18,21,0,42,177615,POINT (1028931.8143046284 215115.26618027306),ROOSEVELT AVENUE BRIDGE,Flushing Line,Flushing Line,WB
32970,Queens,2021,3,18,21,15,45,177615,POINT (1028931.8143046284 215115.26618027306),ROOSEVELT AVENUE BRIDGE,Flushing Line,Flushing Line,WB
32970,Queens,2021,3,18,21,30,36,177615,POINT (1028931.8143046284 215115.26618027306),ROOSEVELT AVENUE BRIDGE,Flushing Line,Flushing Line,WB
32970,Queens,2021,3,18,21,45,24,177615,POINT (1028931.8143046284 215115.26618027306),ROOSEVELT AVENUE BRIDGE,Flushing Line,Flushing Line,WB
32970,Queens,2021,3,18,22,0,23,177615,POINT (1028931.8143046284 215115.26618027306),ROOSEVELT AVENUE BRIDGE,Flushing Line,Flushing Line,WB
32970,Queens,2021,3,18,22,15,22,177615,POINT (1028931.8143046284 215115.26618027306),ROOSEVELT AVENUE BRIDGE,Flushing Line,Flushing Line,WB
32970,Queens,2021,3,18,22,30,17,177615,POINT (1028931.8143046284 215115.26618027306),ROOSEVELT AVENUE BRIDGE,Flushing Line,Flushing Line,WB
32970,Queens,2021,3,18,22,45,18,177615,POINT (1028931.8143046284 215115.26618027306),ROOSEVELT AVENUE BRIDGE,Flushing Line,Flushing Line,WB
32970,Queens,2021,3,18,23,0,29,177615,POINT (1028931.8143046284 215115.26618027306),ROOSEVELT AVENUE BRIDGE,Flushing Line,Flushing Line,WB
32970,Queens,2021,3,18,23,15,23,177615,POINT (1028931.8143046284 215115.26618027306),ROOSEVELT AVENUE BRIDGE,Flushing Line,Flushing Line,WB
32970,Queens,2021,3,18,23,30,17,177615,POINT (1028931.8143046284 215115.26618027306),ROOSEVELT AVENUE BRIDGE,Flushing Line,Flushing Line,WB
32970,Queens,2021,3,18,23,45,14,177615,POINT (1028931.8143046284 215115.26618027306),ROOSEVELT AVENUE BRIDGE,Flushing Line,Flushing Line,WB
32970,Queens,2021,3,19,0,0,14,177615,POINT (1028931.8143046284 215115.26618027306),ROOSEVELT AVENUE BRIDGE,Flushing Line,Flushing Line,WB
32970,Queens,2021,3,19,0,15,12,177615,POINT (1028931.8143046284 215115.26618027306),ROOSEVELT AVENUE BRIDGE,Flushing Line,Flushing Line,WB
32970,Queens,2021,3,19,0,30,12,177615,POINT (1028931.8143046284 215115.26618027306),ROOSEVELT AVENUE BRIDGE,Flushing Line,Flushing Line,WB
32970,Queens,2021,3,19,0,45,9,177615,POINT (1028931.8143046284 215115.26618027306),ROOSEVELT AVENUE BRIDGE,Flushing Line,Flushing Line,WB
32970,Queens,2021,3,19,1,0,6,177615,POINT (1028931.8143046284 215115.26618027306),ROOSEVELT AVENUE BRIDGE,Flushing Line,Flushing Line,WB
32970,Queens,2021,3,19,1,15,6,177615,POINT (1028931.8143046284 215115.26618027306),ROOSEVELT AVENUE BRIDGE,Flushing Line,Flushing Line,WB
32970,Queens,2021,3,19,1,30,10,177615,POINT (1028931.8143046284 215115.26618027306),ROOSEVELT AVENUE BRIDGE,Flushing Line,Flushing Line,WB
32970,Queens,2021,3,19,1,45,9,177615,POINT (1028931.8143046284 215115.26618027306),ROOSEVELT AVENUE BRIDGE,Flushing Line,Flushing Line,WB
32970,Queens,2021,3,19,2,0,14,177615,POINT (1028931.8143046284 215115.26618027306),ROOSEVELT AVENUE BRIDGE,Flushing Line,Flushing Line,WB
32970,Queens,2021,3,19,2,15,4,177615,POINT (1028931.8143046284 215115.26618027306),ROOSEVELT AVENUE BRIDGE,Flushing Line,Flushing Line,WB
32970,Queens,2021,3,19,2,30,10,177615,POINT (1028931.8143046284 215115.26618027306),ROOSEVELT AVENUE BRIDGE,Flushing Line,Flushing Line,WB
32970,Queens,2021,3,19,2,45,12,177615,POINT (1028931.8143046284 215115.26618027306),ROOSEVELT AVENUE BRIDGE,Flushing Line,Flushing Line,WB
32970,Queens,2021,3,19,3,0,14,177615,POINT (1028931.8143046284 215115.26618027306),ROOSEVELT AVENUE BRIDGE,Flushing Line,Flushing Line,WB
32970,Queens,2021,3,19,3,15,9,177615,POINT (1028931.8143046284 215115.26618027306),ROOSEVELT AVENUE BRIDGE,Flushing Line,Flushing Line,WB
32970,Queens,2021,3,19,3,30,12,177615,POINT (1028931.8143046284 215115.26618027306),ROOSEVELT AVENUE BRIDGE,Flushing Line,Flushing Line,WB
32970,Queens,2021,3,19,3,45,19,177615,POINT (1028931.8143046284 215115.26618027306),ROOSEVELT AVENUE BRIDGE,Flushing Line,Flushing Line,WB
32970,Queens,2021,3,19,4,0,17,177615,POINT (1028931.8143046284 215115.26618027306),ROOSEVELT AVENUE BRIDGE,Flushing Line,Flushing Line,WB
32970,Queens,2021,3,19,4,15,30,177615,POINT (1028931.8143046284 215115.26618027306),ROOSEVELT AVENUE BRIDGE,Flushing Line,Flushing Line,WB
32970,Queens,2021,3,19,4,30,36,177615,POINT (1028931.8143046284 215115.26618027306),ROOSEVELT AVENUE BRIDGE,Flushing Line,Flushing Line,WB
32970,Queens,2021,3,19,4,45,43,177615,POINT (1028931.8143046284 215115.26618027306),ROOSEVELT AVENUE BRIDGE,Flushing Line,Flushing Line,WB
32970,Queens,2021,3,19,5,0,48,177615,POINT (1028931.8143046284 215115.26618027306),ROOSEVELT AVENUE BRIDGE,Flushing Line,Flushing Line,WB
32970,Queens,2021,3,19,5,15,44,177615,POINT (1028931.8143046284 215115.26618027306),ROOSEVELT AVENUE BRIDGE,Flushing Line,Flushing Line,WB
32970,Queens,2021,3,19,5,30,48,177615,POINT (1028931.8143046284 215115.26618027306),ROOSEVELT AVENUE BRIDGE,Flushing Line,Flushing Line,WB
32970,Queens,2021,3,19,5,45,68,177615,POINT (1028931.8143046284 215115.26618027306),ROOSEVELT AVENUE BRIDGE,Flushing Line,Flushing Line,WB
32970,Queens,2021,3,19,6,0,80,177615,POINT (1028931.8143046284 215115.26618027306),ROOSEVELT AVENUE BRIDGE,Flushing Line,Flushing Line,WB
32970,Queens,2021,3,19,6,15,108,177615,POINT (1028931.8143046284 215115.26618027306),ROOSEVELT AVENUE BRIDGE,Flushing Line,Flushing Line,WB
32970,Queens,2021,3,19,6,30,81,177615,POINT (1028931.8143046284 215115.26618027306),ROOSEVELT AVENUE BRIDGE,Flushing Line,Flushing Line,WB
32970,Queens,2021,3,19,6,45,86,177615,POINT (1028931.8143046284 215115.26618027306),ROOSEVELT AVENUE BRIDGE,Flushing Line,Flushing Line,WB
32970,Queens,2021,3,19,7,0,82,177615,POINT (1028931.8143046284 215115.26618027306),ROOSEVELT AVENUE BRIDGE,Flushing Line,Flushing Line,WB
32970,Queens,2021,3,19,7,15,102,177615,POINT (1028931.8143046284 215115.26618027306),ROOSEVELT AVENUE BRIDGE,Flushing Line,Flushing Line,WB
32970,Queens,2021,3,19,7,30,106,177615,POINT (1028931.8143046284 215115.26618027306),ROOSEVELT AVENUE BRIDGE,Flushing Line,Flushing Line,WB
32970,Queens,2021,3,19,7,45,119,177615,POINT (1028931.8143046284 215115.26618027306),ROOSEVELT AVENUE BRIDGE,Flushing Line,Flushing Line,WB
32970,Queens,2021,3,19,8,0,99,177615,POINT (1028931.8143046284 215115.26618027306),ROOSEVELT AVENUE BRIDGE,Flushing Line,Flushing Line,WB
32970,Queens,2021,3,19,8,15,97,177615,POINT (1028931.8143046284 215115.26618027306),ROOSEVELT AVENUE BRIDGE,Flushing Line,Flushing Line,WB
32970,Queens,2021,3,19,8,30,84,177615,POINT (1028931.8143046284 215115.26618027306),ROOSEVELT AVENUE BRIDGE,Flushing Line,Flushing Line,WB
32970,Queens,2021,3,19,8,45,79,177615,POINT (1028931.8143046284 215115.26618027306),ROOSEVELT AVENUE BRIDGE,Flushing Line,Flushing Line,WB
32970,Queens,2021,3,19,9,0,102,177615,POINT (1028931.8143046284 215115.26618027306),ROOSEVELT AVENUE BRIDGE,Flushing Line,Flushing Line,WB
32970,Queens,2021,3,19,9,15,102,177615,POINT (1028931.8143046284 215115.26618027306),ROOSEVELT AVENUE BRIDGE,Flushing Line,Flushing Line,WB
32970,Queens,2021,3,19,9,30,101,177615,POINT (1028931.8143046284 215115.26618027306),ROOSEVELT AVENUE BRIDGE,Flushing Line,Flushing Line,WB
32970,Queens,2021,3,19,9,45,104,177615,POINT (1028931.8143046284 215115.26618027306),ROOSEVELT AVENUE BRIDGE,Flushing Line,Flushing Line,WB
32970,Queens,2021,3,19,10,0,103,177615,POINT (1028931.8143046284 215115.26618027306),ROOSEVELT AVENUE BRIDGE,Flushing Line,Flushing Line,WB
32970,Queens,2021,3,19,10,15,95,177615,POINT (1028931.8143046284 215115.26618027306),ROOSEVELT AVENUE BRIDGE,Flushing Line,Flushing Line,WB
32970,Queens,2021,3,19,10,30,106,177615,POINT (1028931.8143046284 215115.26618027306),ROOSEVELT AVENUE BRIDGE,Flushing Line,Flushing Line,WB
32970,Queens,2021,3,19,10,45,90,177615,POINT (1028931.8143046284 215115.26618027306),ROOSEVELT AVENUE BRIDGE,Flushing Line,Flushing Line,WB
32970,Queens,2021,3,19,11,0,131,177615,POINT (1028931.8143046284 215115.26618027306),ROOSEVELT AVENUE BRIDGE,Flushing Line,Flushing Line,WB
32970,Queens,2021,3,19,11,15,116,177615,POINT (1028931.8143046284 215115.26618027306),ROOSEVELT AVENUE BRIDGE,Flushing Line,Flushing Line,WB
32970,Queens,2021,3,19,11,30,72,177615,POINT (1028931.8143046284 215115.26618027306),ROOSEVELT AVENUE BRIDGE,Flushing Line,Flushing Line,WB
32970,Queens,2021,3,19,11,45,97,177615,POINT (1028931.8143046284 215115.26618027306),ROOSEVELT AVENUE BRIDGE,Flushing Line,Flushing Line,WB
32970,Queens,2021,3,19,12,0,107,177615,POINT (1028931.8143046284 215115.26618027306),ROOSEVELT AVENUE BRIDGE,Flushing Line,Flushing Line,WB
32970,Queens,2021,3,19,12,15,113,177615,POINT (1028931.8143046284 215115.26618027306),ROOSEVELT AVENUE BRIDGE,Flushing Line,Flushing Line,WB
32970,Queens,2021,3,19,12,30,111,177615,POINT (1028931.8143046284 215115.26618027306),ROOSEVELT AVENUE BRIDGE,Flushing Line,Flushing Line,WB
32970,Queens,2021,3,19,12,45,114,177615,POINT (1028931.8143046284 215115.26618027306),ROOSEVELT AVENUE BRIDGE,Flushing Line,Flushing Line,WB
32970,Queens,2021,3,19,13,0,105,177615,POINT (1028931.8143046284 215115.26618027306),ROOSEVELT AVENUE BRIDGE,Flushing Line,Flushing Line,WB
32970,Queens,2021,3,19,13,15,92,177615,POINT (1028931.8143046284 215115.26618027306),ROOSEVELT AVENUE BRIDGE,Flushing Line,Flushing Line,WB
32970,Queens,2021,3,19,13,30,89,177615,POINT (1028931.8143046284 215115.26618027306),ROOSEVELT AVENUE BRIDGE,Flushing Line,Flushing Line,WB
32970,Queens,2021,3,19,13,45,95,177615,POINT (1028931.8143046284 215115.26618027306),ROOSEVELT AVENUE BRIDGE,Flushing Line,Flushing Line,WB
32970,Queens,2021,3,19,14,0,112,177615,POINT (1028931.8143046284 215115.26618027306),ROOSEVELT AVENUE BRIDGE,Flushing Line,Flushing Line,WB
32970,Queens,2021,3,19,14,15,115,177615,POINT (1028931.8143046284 215115.26618027306),ROOSEVELT AVENUE BRIDGE,Flushing Line,Flushing Line,WB
32970,Queens,2021,3,19,14,30,87,177615,POINT (1028931.8143046284 215115.26618027306),ROOSEVELT AVENUE BRIDGE,Flushing Line,Flushing Line,WB
32970,Queens,2021,3,19,14,45,91,177615,POINT (1028931.8143046284 215115.26618027306),ROOSEVELT AVENUE BRIDGE,Flushing Line,Flushing Line,WB
32970,Queens,2021,3,19,15,0,113,177615,POINT (1028931.8143046284 215115.26618027306),ROOSEVELT AVENUE BRIDGE,Flushing Line,Flushing Line,WB
32970,Queens,2021,3,19,15,15,117,177615,POINT (1028931.8143046284 215115.26618027306),ROOSEVELT AVENUE BRIDGE,Flushing Line,Flushing Line,WB
32970,Queens,2021,3,19,15,30,113,177615,POINT (1028931.8143046284 215115.26618027306),ROOSEVELT AVENUE BRIDGE,Flushing Line,Flushing Line,WB
32970,Queens,2021,3,19,15,45,116,177615,POINT (1028931.8143046284 215115.26618027306),ROOSEVELT AVENUE BRIDGE,Flushing Line,Flushing Line,WB
32970,Queens,2021,3,19,16,0,101,177615,POINT (1028931.8143046284 215115.26618027306),ROOSEVELT AVENUE BRIDGE,Flushing Line,Flushing Line,WB
32970,Queens,2021,3,19,16,15,113,177615,POINT (1028931.8143046284 215115.26618027306),ROOSEVELT AVENUE BRIDGE,Flushing Line,Flushing Line,WB
32970,Queens,2021,3,19,16,30,117,177615,POINT (1028931.8143046284 215115.26618027306),ROOSEVELT AVENUE BRIDGE,Flushing Line,Flushing Line,WB
32970,Queens,2021,3,19,16,45,126,177615,POINT (1028931.8143046284 215115.26618027306),ROOSEVELT AVENUE BRIDGE,Flushing Line,Flushing Line,WB
32970,Queens,2021,3,19,17,0,111,177615,POINT (1028931.8143046284 215115.26618027306),ROOSEVELT AVENUE BRIDGE,Flushing Line,Flushing Line,WB
32970,Queens,2021,3,19,17,15,111,177615,POINT (1028931.8143046284 215115.26618027306),ROOSEVELT AVENUE BRIDGE,Flushing Line,Flushing Line,WB
32970,Queens,2021,3,19,17,30,103,177615,POINT (1028931.8143046284 215115.26618027306),ROOSEVELT AVENUE BRIDGE,Flushing Line,Flushing Line,WB
32970,Queens,2021,3,19,17,45,106,177615,POINT (1028931.8143046284 215115.26618027306),ROOSEVELT AVENUE BRIDGE,Flushing Line,Flushing Line,WB
32970,Queens,2021,3,19,18,0,100,177615,POINT (1028931.8143046284 215115.26618027306),ROOSEVELT AVENUE BRIDGE,Flushing Line,Flushing Line,WB
32970,Queens,2021,3,19,18,15,108,177615,POINT (1028931.8143046284 215115.26618027306),ROOSEVELT AVENUE BRIDGE,Flushing Line,Flushing Line,WB
32970,Queens,2021,3,19,18,30,110,177615,POINT (1028931.8143046284 215115.26618027306),ROOSEVELT AVENUE BRIDGE,Flushing Line,Flushing Line,WB
32970,Queens,2021,3,19,18,45,101,177615,POINT (1028931.8143046284 215115.26618027306),ROOSEVELT AVENUE BRIDGE,Flushing Line,Flushing Line,WB
32970,Queens,2021,3,19,19,0,86,177615,POINT (1028931.8143046284 215115.26618027306),ROOSEVELT AVENUE BRIDGE,Flushing Line,Flushing Line,WB
32970,Queens,2021,3,19,19,15,77,177615,POINT (1028931.8143046284 215115.26618027306),ROOSEVELT AVENUE BRIDGE,Flushing Line,Flushing Line,WB
32970,Queens,2021,3,19,19,30,88,177615,POINT (1028931.8143046284 215115.26618027306),ROOSEVELT AVENUE BRIDGE,Flushing Line,Flushing Line,WB
32970,Queens,2021,3,19,19,45,79,177615,POINT (1028931.8143046284 215115.26618027306),ROOSEVELT AVENUE BRIDGE,Flushing Line,Flushing Line,WB
32970,Queens,2021,3,19,20,0,84,177615,POINT (1028931.8143046284 215115.26618027306),ROOSEVELT AVENUE BRIDGE,Flushing Line,Flushing Line,WB
32970,Queens,2021,3,19,20,15,57,177615,POINT (1028931.8143046284 215115.26618027306),ROOSEVELT AVENUE BRIDGE,Flushing Line,Flushing Line,WB
32970,Queens,2021,3,19,20,30,64,177615,POINT (1028931.8143046284 215115.26618027306),ROOSEVELT AVENUE BRIDGE,Flushing Line,Flushing Line,WB
32970,Queens,2021,3,19,20,45,56,177615,POINT (1028931.8143046284 215115.26618027306),ROOSEVELT AVENUE BRIDGE,Flushing Line,Flushing Line,WB
32970,Queens,2021,3,19,21,0,47,177615,POINT (1028931.8143046284 215115.26618027306),ROOSEVELT AVENUE BRIDGE,Flushing Line,Flushing Line,WB
32970,Queens,2021,3,19,21,15,50,177615,POINT (1028931.8143046284 215115.26618027306),ROOSEVELT AVENUE BRIDGE,Flushing Line,Flushing Line,WB
32970,Queens,2021,3,19,21,30,41,177615,POINT (1028931.8143046284 215115.26618027306),ROOSEVELT AVENUE BRIDGE,Flushing Line,Flushing Line,WB
32970,Queens,2021,3,19,21,45,43,177615,POINT (1028931.8143046284 215115.26618027306),ROOSEVELT AVENUE BRIDGE,Flushing Line,Flushing Line,WB
32970,Queens,2021,3,19,22,0,31,177615,POINT (1028931.8143046284 215115.26618027306),ROOSEVELT AVENUE BRIDGE,Flushing Line,Flushing Line,WB
32970,Queens,2021,3,19,22,15,37,177615,POINT (1028931.8143046284 215115.26618027306),ROOSEVELT AVENUE BRIDGE,Flushing Line,Flushing Line,WB
32970,Queens,2021,3,19,22,30,32,177615,POINT (1028931.8143046284 215115.26618027306),ROOSEVELT AVENUE BRIDGE,Flushing Line,Flushing Line,WB
32970,Queens,2021,3,19,22,45,26,177615,POINT (1028931.8143046284 215115.26618027306),ROOSEVELT AVENUE BRIDGE,Flushing Line,Flushing Line,WB
32970,Queens,2021,3,19,23,0,23,177615,POINT (1028931.8143046284 215115.26618027306),ROOSEVELT AVENUE BRIDGE,Flushing Line,Flushing Line,WB
32970,Queens,2021,3,19,23,15,30,177615,POINT (1028931.8143046284 215115.26618027306),ROOSEVELT AVENUE BRIDGE,Flushing Line,Flushing Line,WB
32970,Queens,2021,3,19,23,30,27,177615,POINT (1028931.8143046284 215115.26618027306),ROOSEVELT AVENUE BRIDGE,Flushing Line,Flushing Line,WB
32970,Queens,2021,3,19,23,45,18,177615,POINT (1028931.8143046284 215115.26618027306),ROOSEVELT AVENUE BRIDGE,Flushing Line,Flushing Line,WB
32970,Queens,2021,3,20,0,0,15,177615,POINT (1028931.8143046284 215115.26618027306),ROOSEVELT AVENUE BRIDGE,Flushing Line,Flushing Line,WB
32970,Queens,2021,3,20,0,15,15,177615,POINT (1028931.8143046284 215115.26618027306),ROOSEVELT AVENUE BRIDGE,Flushing Line,Flushing Line,WB
32970,Queens,2021,3,20,0,30,13,177615,POINT (1028931.8143046284 215115.26618027306),ROOSEVELT AVENUE BRIDGE,Flushing Line,Flushing Line,WB
32970,Queens,2021,3,20,0,45,7,177615,POINT (1028931.8143046284 215115.26618027306),ROOSEVELT AVENUE BRIDGE,Flushing Line,Flushing Line,WB
32970,Queens,2021,3,20,1,0,18,177615,POINT (1028931.8143046284 215115.26618027306),ROOSEVELT AVENUE BRIDGE,Flushing Line,Flushing Line,WB
32970,Queens,2021,3,20,1,15,15,177615,POINT (1028931.8143046284 215115.26618027306),ROOSEVELT AVENUE BRIDGE,Flushing Line,Flushing Line,WB
32970,Queens,2021,3,20,1,30,10,177615,POINT (1028931.8143046284 215115.26618027306),ROOSEVELT AVENUE BRIDGE,Flushing Line,Flushing Line,WB
32970,Queens,2021,3,20,1,45,9,177615,POINT (1028931.8143046284 215115.26618027306),ROOSEVELT AVENUE BRIDGE,Flushing Line,Flushing Line,WB
32970,Queens,2021,3,20,2,0,10,177615,POINT (1028931.8143046284 215115.26618027306),ROOSEVELT AVENUE BRIDGE,Flushing Line,Flushing Line,WB
32970,Queens,2021,3,20,2,15,7,177615,POINT (1028931.8143046284 215115.26618027306),ROOSEVELT AVENUE BRIDGE,Flushing Line,Flushing Line,WB
32970,Queens,2021,3,20,2,30,8,177615,POINT (1028931.8143046284 215115.26618027306),ROOSEVELT AVENUE BRIDGE,Flushing Line,Flushing Line,WB
32970,Queens,2021,3,20,2,45,13,177615,POINT (1028931.8143046284 215115.26618027306),ROOSEVELT AVENUE BRIDGE,Flushing Line,Flushing Line,WB
32970,Queens,2021,3,20,3,0,11,177615,POINT (1028931.8143046284 215115.26618027306),ROOSEVELT AVENUE BRIDGE,Flushing Line,Flushing Line,WB
32970,Queens,2021,3,20,3,15,8,177615,POINT (1028931.8143046284 215115.26618027306),ROOSEVELT AVENUE BRIDGE,Flushing Line,Flushing Line,WB
32970,Queens,2021,3,20,3,30,11,177615,POINT (1028931.8143046284 215115.26618027306),ROOSEVELT AVENUE BRIDGE,Flushing Line,Flushing Line,WB
32970,Queens,2021,3,20,3,45,18,177615,POINT (1028931.8143046284 215115.26618027306),ROOSEVELT AVENUE BRIDGE,Flushing Line,Flushing Line,WB
32970,Queens,2021,3,20,4,0,15,177615,POINT (1028931.8143046284 215115.26618027306),ROOSEVELT AVENUE BRIDGE,Flushing Line,Flushing Line,WB
32970,Queens,2021,3,20,4,15,14,177615,POINT (1028931.8143046284 215115.26618027306),ROOSEVELT AVENUE BRIDGE,Flushing Line,Flushing Line,WB
32970,Queens,2021,3,20,4,30,22,177615,POINT (1028931.8143046284 215115.26618027306),ROOSEVELT AVENUE BRIDGE,Flushing Line,Flushing Line,WB
32970,Queens,2021,3,20,4,45,18,177615,POINT (1028931.8143046284 215115.26618027306),ROOSEVELT AVENUE BRIDGE,Flushing Line,Flushing Line,WB
32970,Queens,2021,3,20,5,0,20,177615,POINT (1028931.8143046284 215115.26618027306),ROOSEVELT AVENUE BRIDGE,Flushing Line,Flushing Line,WB
32970,Queens,2021,3,20,5,15,33,177615,POINT (1028931.8143046284 215115.26618027306),ROOSEVELT AVENUE BRIDGE,Flushing Line,Flushing Line,WB
32970,Queens,2021,3,20,5,30,29,177615,POINT (1028931.8143046284 215115.26618027306),ROOSEVELT AVENUE BRIDGE,Flushing Line,Flushing Line,WB
32970,Queens,2021,3,20,5,45,39,177615,POINT (1028931.8143046284 215115.26618027306),ROOSEVELT AVENUE BRIDGE,Flushing Line,Flushing Line,WB
32970,Queens,2021,3,20,6,0,42,177615,POINT (1028931.8143046284 215115.26618027306),ROOSEVELT AVENUE BRIDGE,Flushing Line,Flushing Line,WB
32970,Queens,2021,3,20,6,15,66,177615,POINT (1028931.8143046284 215115.26618027306),ROOSEVELT AVENUE BRIDGE,Flushing Line,Flushing Line,WB
32970,Queens,2021,3,20,6,30,54,177615,POINT (1028931.8143046284 215115.26618027306),ROOSEVELT AVENUE BRIDGE,Flushing Line,Flushing Line,WB
32970,Queens,2021,3,20,6,45,69,177615,POINT (1028931.8143046284 215115.26618027306),ROOSEVELT AVENUE BRIDGE,Flushing Line,Flushing Line,WB
32970,Queens,2021,3,20,7,0,69,177615,POINT (1028931.8143046284 215115.26618027306),ROOSEVELT AVENUE BRIDGE,Flushing Line,Flushing Line,WB
32970,Queens,2021,3,20,7,15,80,177615,POINT (1028931.8143046284 215115.26618027306),ROOSEVELT AVENUE BRIDGE,Flushing Line,Flushing Line,WB
32970,Queens,2021,3,20,7,30,90,177615,POINT (1028931.8143046284 215115.26618027306),ROOSEVELT AVENUE BRIDGE,Flushing Line,Flushing Line,WB
32970,Queens,2021,3,20,7,45,87,177615,POINT (1028931.8143046284 215115.26618027306),ROOSEVELT AVENUE BRIDGE,Flushing Line,Flushing Line,WB
32970,Queens,2021,3,20,8,0,80,177615,POINT (1028931.8143046284 215115.26618027306),ROOSEVELT AVENUE BRIDGE,Flushing Line,Flushing Line,WB
32970,Queens,2021,3,20,8,15,64,177615,POINT (1028931.8143046284 215115.26618027306),ROOSEVELT AVENUE BRIDGE,Flushing Line,Flushing Line,WB
32970,Queens,2021,3,20,8,30,91,177615,POINT (1028931.8143046284 215115.26618027306),ROOSEVELT AVENUE BRIDGE,Flushing Line,Flushing Line,WB
32970,Queens,2021,3,20,8,45,79,177615,POINT (1028931.8143046284 215115.26618027306),ROOSEVELT AVENUE BRIDGE,Flushing Line,Flushing Line,WB
32970,Queens,2021,3,20,9,0,100,177615,POINT (1028931.8143046284 215115.26618027306),ROOSEVELT AVENUE BRIDGE,Flushing Line,Flushing Line,WB
32970,Queens,2021,3,20,9,15,97,177615,POINT (1028931.8143046284 215115.26618027306),ROOSEVELT AVENUE BRIDGE,Flushing Line,Flushing Line,WB
32970,Queens,2021,3,20,9,30,90,177615,POINT (1028931.8143046284 215115.26618027306),ROOSEVELT AVENUE BRIDGE,Flushing Line,Flushing Line,WB
32970,Queens,2021,3,20,9,45,105,177615,POINT (1028931.8143046284 215115.26618027306),ROOSEVELT AVENUE BRIDGE,Flushing Line,Flushing Line,WB
32970,Queens,2021,3,20,10,0,93,177615,POINT (1028931.8143046284 215115.26618027306),ROOSEVELT AVENUE BRIDGE,Flushing Line,Flushing Line,WB
32970,Queens,2021,3,20,10,15,112,177615,POINT (1028931.8143046284 215115.26618027306),ROOSEVELT AVENUE BRIDGE,Flushing Line,Flushing Line,WB
32970,Queens,2021,3,20,10,30,117,177615,POINT (1028931.8143046284 215115.26618027306),ROOSEVELT AVENUE BRIDGE,Flushing Line,Flushing Line,WB
32970,Queens,2021,3,20,10,45,121,177615,POINT (1028931.8143046284 215115.26618027306),ROOSEVELT AVENUE BRIDGE,Flushing Line,Flushing Line,WB
32970,Queens,2021,3,20,11,0,111,177615,POINT (1028931.8143046284 215115.26618027306),ROOSEVELT AVENUE BRIDGE,Flushing Line,Flushing Line,WB
32970,Queens,2021,3,20,11,15,106,177615,POINT (1028931.8143046284 215115.26618027306),ROOSEVELT AVENUE BRIDGE,Flushing Line,Flushing Line,WB
32970,Queens,2021,3,20,11,30,127,177615,POINT (1028931.8143046284 215115.26618027306),ROOSEVELT AVENUE BRIDGE,Flushing Line,Flushing Line,WB
32970,Queens,2021,3,20,11,45,137,177615,POINT (1028931.8143046284 215115.26618027306),ROOSEVELT AVENUE BRIDGE,Flushing Line,Flushing Line,WB
32970,Queens,2021,3,20,12,0,134,177615,POINT (1028931.8143046284 215115.26618027306),ROOSEVELT AVENUE BRIDGE,Flushing Line,Flushing Line,WB
32970,Queens,2021,3,20,12,15,123,177615,POINT (1028931.8143046284 215115.26618027306),ROOSEVELT AVENUE BRIDGE,Flushing Line,Flushing Line,WB
32970,Queens,2021,3,20,12,30,114,177615,POINT (1028931.8143046284 215115.26618027306),ROOSEVELT AVENUE BRIDGE,Flushing Line,Flushing Line,WB
32970,Queens,2021,3,20,12,45,120,177615,POINT (1028931.8143046284 215115.26618027306),ROOSEVELT AVENUE BRIDGE,Flushing Line,Flushing Line,WB
32970,Queens,2021,3,20,13,0,128,177615,POINT (1028931.8143046284 215115.26618027306),ROOSEVELT AVENUE BRIDGE,Flushing Line,Flushing Line,WB
32970,Queens,2021,3,20,13,15,119,177615,POINT (1028931.8143046284 215115.26618027306),ROOSEVELT AVENUE BRIDGE,Flushing Line,Flushing Line,WB
32970,Queens,2021,3,20,13,30,155,177615,POINT (1028931.8143046284 215115.26618027306),ROOSEVELT AVENUE BRIDGE,Flushing Line,Flushing Line,WB
32970,Queens,2021,3,20,13,45,126,177615,POINT (1028931.8143046284 215115.26618027306),ROOSEVELT AVENUE BRIDGE,Flushing Line,Flushing Line,WB
32970,Queens,2021,3,20,14,0,138,177615,POINT (1028931.8143046284 215115.26618027306),ROOSEVELT AVENUE BRIDGE,Flushing Line,Flushing Line,WB
32970,Queens,2021,3,20,14,15,143,177615,POINT (1028931.8143046284 215115.26618027306),ROOSEVELT AVENUE BRIDGE,Flushing Line,Flushing Line,WB
32970,Queens,2021,3,20,14,30,165,177615,POINT (1028931.8143046284 215115.26618027306),ROOSEVELT AVENUE BRIDGE,Flushing Line,Flushing Line,WB
32970,Queens,2021,3,20,14,45,123,177615,POINT (1028931.8143046284 215115.26618027306),ROOSEVELT AVENUE BRIDGE,Flushing Line,Flushing Line,WB
32970,Queens,2021,3,20,15,0,131,177615,POINT (1028931.8143046284 215115.26618027306),ROOSEVELT AVENUE BRIDGE,Flushing Line,Flushing Line,WB
32970,Queens,2021,3,20,15,15,124,177615,POINT (1028931.8143046284 215115.26618027306),ROOSEVELT AVENUE BRIDGE,Flushing Line,Flushing Line,WB
32970,Queens,2021,3,20,15,30,112,177615,POINT (1028931.8143046284 215115.26618027306),ROOSEVELT AVENUE BRIDGE,Flushing Line,Flushing Line,WB
32970,Queens,2021,3,20,15,45,123,177615,POINT (1028931.8143046284 215115.26618027306),ROOSEVELT AVENUE BRIDGE,Flushing Line,Flushing Line,WB
32970,Queens,2021,3,20,16,0,126,177615,POINT (1028931.8143046284 215115.26618027306),ROOSEVELT AVENUE BRIDGE,Flushing Line,Flushing Line,WB
32970,Queens,2021,3,20,16,15,150,177615,POINT (1028931.8143046284 215115.26618027306),ROOSEVELT AVENUE BRIDGE,Flushing Line,Flushing Line,WB
32970,Queens,2021,3,20,16,30,130,177615,POINT (1028931.8143046284 215115.26618027306),ROOSEVELT AVENUE BRIDGE,Flushing Line,Flushing Line,WB
32970,Queens,2021,3,20,16,45,117,177615,POINT (1028931.8143046284 215115.26618027306),ROOSEVELT AVENUE BRIDGE,Flushing Line,Flushing Line,WB
32970,Queens,2021,3,20,17,0,130,177615,POINT (1028931.8143046284 215115.26618027306),ROOSEVELT AVENUE BRIDGE,Flushing Line,Flushing Line,WB
32970,Queens,2021,3,20,17,15,102,177615,POINT (1028931.8143046284 215115.26618027306),ROOSEVELT AVENUE BRIDGE,Flushing Line,Flushing Line,WB
32970,Queens,2021,3,20,17,30,113,177615,POINT (1028931.8143046284 215115.26618027306),ROOSEVELT AVENUE BRIDGE,Flushing Line,Flushing Line,WB
32970,Queens,2021,3,20,17,45,113,177615,POINT (1028931.8143046284 215115.26618027306),ROOSEVELT AVENUE BRIDGE,Flushing Line,Flushing Line,WB
32970,Queens,2021,3,20,18,0,115,177615,POINT (1028931.8143046284 215115.26618027306),ROOSEVELT AVENUE BRIDGE,Flushing Line,Flushing Line,WB
32970,Queens,2021,3,20,18,15,106,177615,POINT (1028931.8143046284 215115.26618027306),ROOSEVELT AVENUE BRIDGE,Flushing Line,Flushing Line,WB
32970,Queens,2021,3,20,18,30,98,177615,POINT (1028931.8143046284 215115.26618027306),ROOSEVELT AVENUE BRIDGE,Flushing Line,Flushing Line,WB
32970,Queens,2021,3,20,18,45,106,177615,POINT (1028931.8143046284 215115.26618027306),ROOSEVELT AVENUE BRIDGE,Flushing Line,Flushing Line,WB
32970,Queens,2021,3,20,19,0,104,177615,POINT (1028931.8143046284 215115.26618027306),ROOSEVELT AVENUE BRIDGE,Flushing Line,Flushing Line,WB
32970,Queens,2021,3,20,19,15,110,177615,POINT (1028931.8143046284 215115.26618027306),ROOSEVELT AVENUE BRIDGE,Flushing Line,Flushing Line,WB
32970,Queens,2021,3,20,19,30,83,177615,POINT (1028931.8143046284 215115.26618027306),ROOSEVELT AVENUE BRIDGE,Flushing Line,Flushing Line,WB
32970,Queens,2021,3,20,19,45,60,177615,POINT (1028931.8143046284 215115.26618027306),ROOSEVELT AVENUE BRIDGE,Flushing Line,Flushing Line,WB
32970,Queens,2021,3,20,20,0,67,177615,POINT (1028931.8143046284 215115.26618027306),ROOSEVELT AVENUE BRIDGE,Flushing Line,Flushing Line,WB
32970,Queens,2021,3,20,20,15,49,177615,POINT (1028931.8143046284 215115.26618027306),ROOSEVELT AVENUE BRIDGE,Flushing Line,Flushing Line,WB
32970,Queens,2021,3,20,20,30,54,177615,POINT (1028931.8143046284 215115.26618027306),ROOSEVELT AVENUE BRIDGE,Flushing Line,Flushing Line,WB
32970,Queens,2021,3,20,20,45,56,177615,POINT (1028931.8143046284 215115.26618027306),ROOSEVELT AVENUE BRIDGE,Flushing Line,Flushing Line,WB
32970,Queens,2021,3,20,21,0,54,177615,POINT (1028931.8143046284 215115.26618027306),ROOSEVELT AVENUE BRIDGE,Flushing Line,Flushing Line,WB
32970,Queens,2021,3,20,21,15,37,177615,POINT (1028931.8143046284 215115.26618027306),ROOSEVELT AVENUE BRIDGE,Flushing Line,Flushing Line,WB
32970,Queens,2021,3,20,21,30,42,177615,POINT (1028931.8143046284 215115.26618027306),ROOSEVELT AVENUE BRIDGE,Flushing Line,Flushing Line,WB
32970,Queens,2021,3,20,21,45,46,177615,POINT (1028931.8143046284 215115.26618027306),ROOSEVELT AVENUE BRIDGE,Flushing Line,Flushing Line,WB
32970,Queens,2021,3,20,22,0,37,177615,POINT (1028931.8143046284 215115.26618027306),ROOSEVELT AVENUE BRIDGE,Flushing Line,Flushing Line,WB
32970,Queens,2021,3,20,22,15,41,177615,POINT (1028931.8143046284 215115.26618027306),ROOSEVELT AVENUE BRIDGE,Flushing Line,Flushing Line,WB
32970,Queens,2021,3,20,22,30,34,177615,POINT (1028931.8143046284 215115.26618027306),ROOSEVELT AVENUE BRIDGE,Flushing Line,Flushing Line,WB
32970,Queens,2021,3,20,22,45,38,177615,POINT (1028931.8143046284 215115.26618027306),ROOSEVELT AVENUE BRIDGE,Flushing Line,Flushing Line,WB
32970,Queens,2021,3,20,23,0,23,177615,POINT (1028931.8143046284 215115.26618027306),ROOSEVELT AVENUE BRIDGE,Flushing Line,Flushing Line,WB
32970,Queens,2021,3,20,23,15,34,177615,POINT (1028931.8143046284 215115.26618027306),ROOSEVELT AVENUE BRIDGE,Flushing Line,Flushing Line,WB
32970,Queens,2021,3,20,23,30,16,177615,POINT (1028931.8143046284 215115.26618027306),ROOSEVELT AVENUE BRIDGE,Flushing Line,Flushing Line,WB
32970,Queens,2021,3,20,23,45,25,177615,POINT (1028931.8143046284 215115.26618027306),ROOSEVELT AVENUE BRIDGE,Flushing Line,Flushing Line,WB
32970,Queens,2021,3,21,0,0,15,177615,POINT (1028931.8143046284 215115.26618027306),ROOSEVELT AVENUE BRIDGE,Flushing Line,Flushing Line,WB
32970,Queens,2021,3,21,0,15,28,177615,POINT (1028931.8143046284 215115.26618027306),ROOSEVELT AVENUE BRIDGE,Flushing Line,Flushing Line,WB
32970,Queens,2021,3,21,0,30,17,177615,POINT (1028931.8143046284 215115.26618027306),ROOSEVELT AVENUE BRIDGE,Flushing Line,Flushing Line,WB
32970,Queens,2021,3,21,0,45,20,177615,POINT (1028931.8143046284 215115.26618027306),ROOSEVELT AVENUE BRIDGE,Flushing Line,Flushing Line,WB
32970,Queens,2021,3,21,1,0,13,177615,POINT (1028931.8143046284 215115.26618027306),ROOSEVELT AVENUE BRIDGE,Flushing Line,Flushing Line,WB
32970,Queens,2021,3,21,1,15,15,177615,POINT (1028931.8143046284 215115.26618027306),ROOSEVELT AVENUE BRIDGE,Flushing Line,Flushing Line,WB
32970,Queens,2021,3,21,1,30,10,177615,POINT (1028931.8143046284 215115.26618027306),ROOSEVELT AVENUE BRIDGE,Flushing Line,Flushing Line,WB
32970,Queens,2021,3,21,1,45,15,177615,POINT (1028931.8143046284 215115.26618027306),ROOSEVELT AVENUE BRIDGE,Flushing Line,Flushing Line,WB
32970,Queens,2021,3,21,2,0,11,177615,POINT (1028931.8143046284 215115.26618027306),ROOSEVELT AVENUE BRIDGE,Flushing Line,Flushing Line,WB
32970,Queens,2021,3,21,2,15,8,177615,POINT (1028931.8143046284 215115.26618027306),ROOSEVELT AVENUE BRIDGE,Flushing Line,Flushing Line,WB
32970,Queens,2021,3,21,2,30,14,177615,POINT (1028931.8143046284 215115.26618027306),ROOSEVELT AVENUE BRIDGE,Flushing Line,Flushing Line,WB
32970,Queens,2021,3,21,2,45,17,177615,POINT (1028931.8143046284 215115.26618027306),ROOSEVELT AVENUE BRIDGE,Flushing Line,Flushing Line,WB
32970,Queens,2021,3,21,3,0,15,177615,POINT (1028931.8143046284 215115.26618027306),ROOSEVELT AVENUE BRIDGE,Flushing Line,Flushing Line,WB
32970,Queens,2021,3,21,3,15,7,177615,POINT (1028931.8143046284 215115.26618027306),ROOSEVELT AVENUE BRIDGE,Flushing Line,Flushing Line,WB
32970,Queens,2021,3,21,3,30,10,177615,POINT (1028931.8143046284 215115.26618027306),ROOSEVELT AVENUE BRIDGE,Flushing Line,Flushing Line,WB
32970,Queens,2021,3,21,3,45,5,177615,POINT (1028931.8143046284 215115.26618027306),ROOSEVELT AVENUE BRIDGE,Flushing Line,Flushing Line,WB
32970,Queens,2021,3,21,4,0,14,177615,POINT (1028931.8143046284 215115.26618027306),ROOSEVELT AVENUE BRIDGE,Flushing Line,Flushing Line,WB
32970,Queens,2021,3,21,4,15,13,177615,POINT (1028931.8143046284 215115.26618027306),ROOSEVELT AVENUE BRIDGE,Flushing Line,Flushing Line,WB
32970,Queens,2021,3,21,4,30,14,177615,POINT (1028931.8143046284 215115.26618027306),ROOSEVELT AVENUE BRIDGE,Flushing Line,Flushing Line,WB
32970,Queens,2021,3,21,4,45,11,177615,POINT (1028931.8143046284 215115.26618027306),ROOSEVELT AVENUE BRIDGE,Flushing Line,Flushing Line,WB
32970,Queens,2021,3,21,5,0,19,177615,POINT (1028931.8143046284 215115.26618027306),ROOSEVELT AVENUE BRIDGE,Flushing Line,Flushing Line,WB
32970,Queens,2021,3,21,5,15,11,177615,POINT (1028931.8143046284 215115.26618027306),ROOSEVELT AVENUE BRIDGE,Flushing Line,Flushing Line,WB
32970,Queens,2021,3,21,5,30,18,177615,POINT (1028931.8143046284 215115.26618027306),ROOSEVELT AVENUE BRIDGE,Flushing Line,Flushing Line,WB
32970,Queens,2021,3,21,5,45,22,177615,POINT (1028931.8143046284 215115.26618027306),ROOSEVELT AVENUE BRIDGE,Flushing Line,Flushing Line,WB
32970,Queens,2021,3,21,6,0,29,177615,POINT (1028931.8143046284 215115.26618027306),ROOSEVELT AVENUE BRIDGE,Flushing Line,Flushing Line,WB
32970,Queens,2021,3,21,6,15,35,177615,POINT (1028931.8143046284 215115.26618027306),ROOSEVELT AVENUE BRIDGE,Flushing Line,Flushing Line,WB
32970,Queens,2021,3,21,6,30,33,177615,POINT (1028931.8143046284 215115.26618027306),ROOSEVELT AVENUE BRIDGE,Flushing Line,Flushing Line,WB
32970,Queens,2021,3,21,6,45,33,177615,POINT (1028931.8143046284 215115.26618027306),ROOSEVELT AVENUE BRIDGE,Flushing Line,Flushing Line,WB
32970,Queens,2021,3,21,7,0,35,177615,POINT (1028931.8143046284 215115.26618027306),ROOSEVELT AVENUE BRIDGE,Flushing Line,Flushing Line,WB
32970,Queens,2021,3,21,7,15,41,177615,POINT (1028931.8143046284 215115.26618027306),ROOSEVELT AVENUE BRIDGE,Flushing Line,Flushing Line,WB
32970,Queens,2021,3,21,7,30,47,177615,POINT (1028931.8143046284 215115.26618027306),ROOSEVELT AVENUE BRIDGE,Flushing Line,Flushing Line,WB
32970,Queens,2021,3,21,7,45,52,177615,POINT (1028931.8143046284 215115.26618027306),ROOSEVELT AVENUE BRIDGE,Flushing Line,Flushing Line,WB
32970,Queens,2021,3,21,8,0,52,177615,POINT (1028931.8143046284 215115.26618027306),ROOSEVELT AVENUE BRIDGE,Flushing Line,Flushing Line,WB
32970,Queens,2021,3,21,8,15,68,177615,POINT (1028931.8143046284 215115.26618027306),ROOSEVELT AVENUE BRIDGE,Flushing Line,Flushing Line,WB
32970,Queens,2021,3,21,8,30,70,177615,POINT (1028931.8143046284 215115.26618027306),ROOSEVELT AVENUE BRIDGE,Flushing Line,Flushing Line,WB
32970,Queens,2021,3,21,8,45,72,177615,POINT (1028931.8143046284 215115.26618027306),ROOSEVELT AVENUE BRIDGE,Flushing Line,Flushing Line,WB
32970,Queens,2021,3,21,9,0,71,177615,POINT (1028931.8143046284 215115.26618027306),ROOSEVELT AVENUE BRIDGE,Flushing Line,Flushing Line,WB
32970,Queens,2021,3,21,9,15,81,177615,POINT (1028931.8143046284 215115.26618027306),ROOSEVELT AVENUE BRIDGE,Flushing Line,Flushing Line,WB
32970,Queens,2021,3,21,9,30,72,177615,POINT (1028931.8143046284 215115.26618027306),ROOSEVELT AVENUE BRIDGE,Flushing Line,Flushing Line,WB
32970,Queens,2021,3,21,9,45,88,177615,POINT (1028931.8143046284 215115.26618027306),ROOSEVELT AVENUE BRIDGE,Flushing Line,Flushing Line,WB
32970,Queens,2021,3,21,10,0,72,177615,POINT (1028931.8143046284 215115.26618027306),ROOSEVELT AVENUE BRIDGE,Flushing Line,Flushing Line,WB
32970,Queens,2021,3,21,10,15,76,177615,POINT (1028931.8143046284 215115.26618027306),ROOSEVELT AVENUE BRIDGE,Flushing Line,Flushing Line,WB
32970,Queens,2021,3,21,10,30,113,177615,POINT (1028931.8143046284 215115.26618027306),ROOSEVELT AVENUE BRIDGE,Flushing Line,Flushing Line,WB
32970,Queens,2021,3,21,10,45,89,177615,POINT (1028931.8143046284 215115.26618027306),ROOSEVELT AVENUE BRIDGE,Flushing Line,Flushing Line,WB
32970,Queens,2021,3,21,11,0,107,177615,POINT (1028931.8143046284 215115.26618027306),ROOSEVELT AVENUE BRIDGE,Flushing Line,Flushing Line,WB
32970,Queens,2021,3,21,11,15,85,177615,POINT (1028931.8143046284 215115.26618027306),ROOSEVELT AVENUE BRIDGE,Flushing Line,Flushing Line,WB
32970,Queens,2021,3,21,11,30,109,177615,POINT (1028931.8143046284 215115.26618027306),ROOSEVELT AVENUE BRIDGE,Flushing Line,Flushing Line,WB
32970,Queens,2021,3,21,11,45,99,177615,POINT (1028931.8143046284 215115.26618027306),ROOSEVELT AVENUE BRIDGE,Flushing Line,Flushing Line,WB
32970,Queens,2021,3,21,12,0,116,177615,POINT (1028931.8143046284 215115.26618027306),ROOSEVELT AVENUE BRIDGE,Flushing Line,Flushing Line,WB
32970,Queens,2021,3,21,12,15,112,177615,POINT (1028931.8143046284 215115.26618027306),ROOSEVELT AVENUE BRIDGE,Flushing Line,Flushing Line,WB
32970,Queens,2021,3,21,12,30,129,177615,POINT (1028931.8143046284 215115.26618027306),ROOSEVELT AVENUE BRIDGE,Flushing Line,Flushing Line,WB
32970,Queens,2021,3,21,12,45,101,177615,POINT (1028931.8143046284 215115.26618027306),ROOSEVELT AVENUE BRIDGE,Flushing Line,Flushing Line,WB
32970,Queens,2021,3,21,13,0,105,177615,POINT (1028931.8143046284 215115.26618027306),ROOSEVELT AVENUE BRIDGE,Flushing Line,Flushing Line,WB
32970,Queens,2021,3,21,13,15,111,177615,POINT (1028931.8143046284 215115.26618027306),ROOSEVELT AVENUE BRIDGE,Flushing Line,Flushing Line,WB
32970,Queens,2021,3,21,13,30,102,177615,POINT (1028931.8143046284 215115.26618027306),ROOSEVELT AVENUE BRIDGE,Flushing Line,Flushing Line,WB
32970,Queens,2021,3,21,13,45,109,177615,POINT (1028931.8143046284 215115.26618027306),ROOSEVELT AVENUE BRIDGE,Flushing Line,Flushing Line,WB
32970,Queens,2021,3,21,14,0,117,177615,POINT (1028931.8143046284 215115.26618027306),ROOSEVELT AVENUE BRIDGE,Flushing Line,Flushing Line,WB
32970,Queens,2021,3,21,14,15,124,177615,POINT (1028931.8143046284 215115.26618027306),ROOSEVELT AVENUE BRIDGE,Flushing Line,Flushing Line,WB
32970,Queens,2021,3,21,14,30,112,177615,POINT (1028931.8143046284 215115.26618027306),ROOSEVELT AVENUE BRIDGE,Flushing Line,Flushing Line,WB
32970,Queens,2021,3,21,14,45,118,177615,POINT (1028931.8143046284 215115.26618027306),ROOSEVELT AVENUE BRIDGE,Flushing Line,Flushing Line,WB
32970,Queens,2021,3,21,15,0,128,177615,POINT (1028931.8143046284 215115.26618027306),ROOSEVELT AVENUE BRIDGE,Flushing Line,Flushing Line,WB
32970,Queens,2021,3,21,15,15,86,177615,POINT (1028931.8143046284 215115.26618027306),ROOSEVELT AVENUE BRIDGE,Flushing Line,Flushing Line,WB
32970,Queens,2021,3,21,15,30,131,177615,POINT (1028931.8143046284 215115.26618027306),ROOSEVELT AVENUE BRIDGE,Flushing Line,Flushing Line,WB
32970,Queens,2021,3,21,15,45,115,177615,POINT (1028931.8143046284 215115.26618027306),ROOSEVELT AVENUE BRIDGE,Flushing Line,Flushing Line,WB
32970,Queens,2021,3,21,16,0,101,177615,POINT (1028931.8143046284 215115.26618027306),ROOSEVELT AVENUE BRIDGE,Flushing Line,Flushing Line,WB
32970,Queens,2021,3,21,16,15,126,177615,POINT (1028931.8143046284 215115.26618027306),ROOSEVELT AVENUE BRIDGE,Flushing Line,Flushing Line,WB
32970,Queens,2021,3,21,16,30,119,177615,POINT (1028931.8143046284 215115.26618027306),ROOSEVELT AVENUE BRIDGE,Flushing Line,Flushing Line,WB
32970,Queens,2021,3,21,16,45,79,177615,POINT (1028931.8143046284 215115.26618027306),ROOSEVELT AVENUE BRIDGE,Flushing Line,Flushing Line,WB
32970,Queens,2021,3,21,17,0,97,177615,POINT (1028931.8143046284 215115.26618027306),ROOSEVELT AVENUE BRIDGE,Flushing Line,Flushing Line,WB
32970,Queens,2021,3,21,17,15,83,177615,POINT (1028931.8143046284 215115.26618027306),ROOSEVELT AVENUE BRIDGE,Flushing Line,Flushing Line,WB
32970,Queens,2021,3,21,17,30,98,177615,POINT (1028931.8143046284 215115.26618027306),ROOSEVELT AVENUE BRIDGE,Flushing Line,Flushing Line,WB
32970,Queens,2021,3,21,17,45,91,177615,POINT (1028931.8143046284 215115.26618027306),ROOSEVELT AVENUE BRIDGE,Flushing Line,Flushing Line,WB
32970,Queens,2021,3,21,18,0,70,177615,POINT (1028931.8143046284 215115.26618027306),ROOSEVELT AVENUE BRIDGE,Flushing Line,Flushing Line,WB
32970,Queens,2021,3,21,18,15,109,177615,POINT (1028931.8143046284 215115.26618027306),ROOSEVELT AVENUE BRIDGE,Flushing Line,Flushing Line,WB
32970,Queens,2021,3,21,18,30,89,177615,POINT (1028931.8143046284 215115.26618027306),ROOSEVELT AVENUE BRIDGE,Flushing Line,Flushing Line,WB
32970,Queens,2021,3,21,18,45,80,177615,POINT (1028931.8143046284 215115.26618027306),ROOSEVELT AVENUE BRIDGE,Flushing Line,Flushing Line,WB
32970,Queens,2021,3,21,19,0,82,177615,POINT (1028931.8143046284 215115.26618027306),ROOSEVELT AVENUE BRIDGE,Flushing Line,Flushing Line,WB
32970,Queens,2021,3,21,19,15,59,177615,POINT (1028931.8143046284 215115.26618027306),ROOSEVELT AVENUE BRIDGE,Flushing Line,Flushing Line,WB
32970,Queens,2021,3,21,19,30,69,177615,POINT (1028931.8143046284 215115.26618027306),ROOSEVELT AVENUE BRIDGE,Flushing Line,Flushing Line,WB
32970,Queens,2021,3,21,19,45,51,177615,POINT (1028931.8143046284 215115.26618027306),ROOSEVELT AVENUE BRIDGE,Flushing Line,Flushing Line,WB
32970,Queens,2021,3,21,20,0,47,177615,POINT (1028931.8143046284 215115.26618027306),ROOSEVELT AVENUE BRIDGE,Flushing Line,Flushing Line,WB
32970,Queens,2021,3,21,20,15,41,177615,POINT (1028931.8143046284 215115.26618027306),ROOSEVELT AVENUE BRIDGE,Flushing Line,Flushing Line,WB
32970,Queens,2021,3,21,20,30,52,177615,POINT (1028931.8143046284 215115.26618027306),ROOSEVELT AVENUE BRIDGE,Flushing Line,Flushing Line,WB
32970,Queens,2021,3,21,20,45,54,177615,POINT (1028931.8143046284 215115.26618027306),ROOSEVELT AVENUE BRIDGE,Flushing Line,Flushing Line,WB
32970,Queens,2021,3,21,21,0,39,177615,POINT (1028931.8143046284 215115.26618027306),ROOSEVELT AVENUE BRIDGE,Flushing Line,Flushing Line,WB
32970,Queens,2021,3,21,21,15,39,177615,POINT (1028931.8143046284 215115.26618027306),ROOSEVELT AVENUE BRIDGE,Flushing Line,Flushing Line,WB
32970,Queens,2021,3,21,21,30,37,177615,POINT (1028931.8143046284 215115.26618027306),ROOSEVELT AVENUE BRIDGE,Flushing Line,Flushing Line,WB
32970,Queens,2021,3,21,21,45,28,177615,POINT (1028931.8143046284 215115.26618027306),ROOSEVELT AVENUE BRIDGE,Flushing Line,Flushing Line,WB
32970,Queens,2021,3,21,22,0,31,177615,POINT (1028931.8143046284 215115.26618027306),ROOSEVELT AVENUE BRIDGE,Flushing Line,Flushing Line,WB
32970,Queens,2021,3,21,22,15,30,177615,POINT (1028931.8143046284 215115.26618027306),ROOSEVELT AVENUE BRIDGE,Flushing Line,Flushing Line,WB
32970,Queens,2021,3,21,22,30,36,177615,POINT (1028931.8143046284 215115.26618027306),ROOSEVELT AVENUE BRIDGE,Flushing Line,Flushing Line,WB
32970,Queens,2021,3,21,22,45,34,177615,POINT (1028931.8143046284 215115.26618027306),ROOSEVELT AVENUE BRIDGE,Flushing Line,Flushing Line,WB
32970,Queens,2021,3,21,23,0,35,177615,POINT (1028931.8143046284 215115.26618027306),ROOSEVELT AVENUE BRIDGE,Flushing Line,Flushing Line,WB
32970,Queens,2021,3,21,23,15,28,177615,POINT (1028931.8143046284 215115.26618027306),ROOSEVELT AVENUE BRIDGE,Flushing Line,Flushing Line,WB
32970,Queens,2021,3,21,23,30,20,177615,POINT (1028931.8143046284 215115.26618027306),ROOSEVELT AVENUE BRIDGE,Flushing Line,Flushing Line,WB
32970,Queens,2021,3,21,23,45,26,177615,POINT (1028931.8143046284 215115.26618027306),ROOSEVELT AVENUE BRIDGE,Flushing Line,Flushing Line,WB
32970,Queens,2021,3,22,0,0,29,177615,POINT (1028931.8143046284 215115.26618027306),ROOSEVELT AVENUE BRIDGE,Flushing Line,Flushing Line,WB
32970,Queens,2021,3,22,0,15,15,177615,POINT (1028931.8143046284 215115.26618027306),ROOSEVELT AVENUE BRIDGE,Flushing Line,Flushing Line,WB
32970,Queens,2021,3,22,0,30,18,177615,POINT (1028931.8143046284 215115.26618027306),ROOSEVELT AVENUE BRIDGE,Flushing Line,Flushing Line,WB
32970,Queens,2021,3,22,0,45,12,177615,POINT (1028931.8143046284 215115.26618027306),ROOSEVELT AVENUE BRIDGE,Flushing Line,Flushing Line,WB
32970,Queens,2021,3,22,1,0,7,177615,POINT (1028931.8143046284 215115.26618027306),ROOSEVELT AVENUE BRIDGE,Flushing Line,Flushing Line,WB
32970,Queens,2021,3,22,1,15,9,177615,POINT (1028931.8143046284 215115.26618027306),ROOSEVELT AVENUE BRIDGE,Flushing Line,Flushing Line,WB
32970,Queens,2021,3,22,1,30,4,177615,POINT (1028931.8143046284 215115.26618027306),ROOSEVELT AVENUE BRIDGE,Flushing Line,Flushing Line,WB
32970,Queens,2021,3,22,1,45,13,177615,POINT (1028931.8143046284 215115.26618027306),ROOSEVELT AVENUE BRIDGE,Flushing Line,Flushing Line,WB
32970,Queens,2021,3,22,2,0,12,177615,POINT (1028931.8143046284 215115.26618027306),ROOSEVELT AVENUE BRIDGE,Flushing Line,Flushing Line,WB
32970,Queens,2021,3,22,2,15,8,177615,POINT (1028931.8143046284 215115.26618027306),ROOSEVELT AVENUE BRIDGE,Flushing Line,Flushing Line,WB
32970,Queens,2021,3,22,2,30,3,177615,POINT (1028931.8143046284 215115.26618027306),ROOSEVELT AVENUE BRIDGE,Flushing Line,Flushing Line,WB
32970,Queens,2021,3,22,2,45,6,177615,POINT (1028931.8143046284 215115.26618027306),ROOSEVELT AVENUE BRIDGE,Flushing Line,Flushing Line,WB
32970,Queens,2021,3,22,3,0,15,177615,POINT (1028931.8143046284 215115.26618027306),ROOSEVELT AVENUE BRIDGE,Flushing Line,Flushing Line,WB
32970,Queens,2021,3,22,3,15,14,177615,POINT (1028931.8143046284 215115.26618027306),ROOSEVELT AVENUE BRIDGE,Flushing Line,Flushing Line,WB
32970,Queens,2021,3,22,3,30,14,177615,POINT (1028931.8143046284 215115.26618027306),ROOSEVELT AVENUE BRIDGE,Flushing Line,Flushing Line,WB
32970,Queens,2021,3,22,3,45,18,177615,POINT (1028931.8143046284 215115.26618027306),ROOSEVELT AVENUE BRIDGE,Flushing Line,Flushing Line,WB
32970,Queens,2021,3,22,4,0,14,177615,POINT (1028931.8143046284 215115.26618027306),ROOSEVELT AVENUE BRIDGE,Flushing Line,Flushing Line,WB
32970,Queens,2021,3,22,4,15,18,177615,POINT (1028931.8143046284 215115.26618027306),ROOSEVELT AVENUE BRIDGE,Flushing Line,Flushing Line,WB
32970,Queens,2021,3,22,4,30,30,177615,POINT (1028931.8143046284 215115.26618027306),ROOSEVELT AVENUE BRIDGE,Flushing Line,Flushing Line,WB
32970,Queens,2021,3,22,4,45,47,177615,POINT (1028931.8143046284 215115.26618027306),ROOSEVELT AVENUE BRIDGE,Flushing Line,Flushing Line,WB
32970,Queens,2021,3,22,5,0,46,177615,POINT (1028931.8143046284 215115.26618027306),ROOSEVELT AVENUE BRIDGE,Flushing Line,Flushing Line,WB
32970,Queens,2021,3,22,5,15,39,177615,POINT (1028931.8143046284 215115.26618027306),ROOSEVELT AVENUE BRIDGE,Flushing Line,Flushing Line,WB
32970,Queens,2021,3,22,5,30,52,177615,POINT (1028931.8143046284 215115.26618027306),ROOSEVELT AVENUE BRIDGE,Flushing Line,Flushing Line,WB
32970,Queens,2021,3,22,5,45,77,177615,POINT (1028931.8143046284 215115.26618027306),ROOSEVELT AVENUE BRIDGE,Flushing Line,Flushing Line,WB
32970,Queens,2021,3,22,6,0,86,177615,POINT (1028931.8143046284 215115.26618027306),ROOSEVELT AVENUE BRIDGE,Flushing Line,Flushing Line,WB
32970,Queens,2021,3,22,6,15,107,177615,POINT (1028931.8143046284 215115.26618027306),ROOSEVELT AVENUE BRIDGE,Flushing Line,Flushing Line,WB
32970,Queens,2021,3,22,6,30,100,177615,POINT (1028931.8143046284 215115.26618027306),ROOSEVELT AVENUE BRIDGE,Flushing Line,Flushing Line,WB
32970,Queens,2021,3,22,6,45,120,177615,POINT (1028931.8143046284 215115.26618027306),ROOSEVELT AVENUE BRIDGE,Flushing Line,Flushing Line,WB
32970,Queens,2021,3,22,7,0,94,177615,POINT (1028931.8143046284 215115.26618027306),ROOSEVELT AVENUE BRIDGE,Flushing Line,Flushing Line,WB
32970,Queens,2021,3,22,7,15,86,177615,POINT (1028931.8143046284 215115.26618027306),ROOSEVELT AVENUE BRIDGE,Flushing Line,Flushing Line,WB
32970,Brooklyn,2021,3,4,7,30,81,191114,POINT (988207.4245194928 151130.52481856258),CROPSEY AVENUE BRIDGE,Coney Island Creek Shoreline,Dead end,NB
32970,Brooklyn,2021,3,4,7,45,232,191114,POINT (988207.4245194928 151130.52481856258),CROPSEY AVENUE BRIDGE,Coney Island Creek Shoreline,Dead end,NB
32970,Brooklyn,2021,3,4,8,0,277,191114,POINT (988207.4245194928 151130.52481856258),CROPSEY AVENUE BRIDGE,Coney Island Creek Shoreline,Dead end,NB
32970,Brooklyn,2021,3,4,8,15,278,191114,POINT (988207.4245194928 151130.52481856258),CROPSEY AVENUE BRIDGE,Coney Island Creek Shoreline,Dead end,NB
32970,Brooklyn,2021,3,4,8,30,253,191114,POINT (988207.4245194928 151130.52481856258),CROPSEY AVENUE BRIDGE,Coney Island Creek Shoreline,Dead end,NB
32970,Brooklyn,2021,3,4,8,45,230,191114,POINT (988207.4245194928 151130.52481856258),CROPSEY AVENUE BRIDGE,Coney Island Creek Shoreline,Dead end,NB
32970,Brooklyn,2021,3,4,9,0,211,191114,POINT (988207.4245194928 151130.52481856258),CROPSEY AVENUE BRIDGE,Coney Island Creek Shoreline,Dead end,NB
32970,Brooklyn,2021,3,4,9,15,216,191114,POINT (988207.4245194928 151130.52481856258),CROPSEY AVENUE BRIDGE,Coney Island Creek Shoreline,Dead end,NB
32970,Brooklyn,2021,3,4,9,30,212,191114,POINT (988207.4245194928 151130.52481856258),CROPSEY AVENUE BRIDGE,Coney Island Creek Shoreline,Dead end,NB
32970,Brooklyn,2021,3,4,9,45,215,191114,POINT (988207.4245194928 151130.52481856258),CROPSEY AVENUE BRIDGE,Coney Island Creek Shoreline,Dead end,NB
32970,Brooklyn,2021,3,4,10,0,226,191114,POINT (988207.4245194928 151130.52481856258),CROPSEY AVENUE BRIDGE,Coney Island Creek Shoreline,Dead end,NB
32970,Brooklyn,2021,3,4,10,15,229,191114,POINT (988207.4245194928 151130.52481856258),CROPSEY AVENUE BRIDGE,Coney Island Creek Shoreline,Dead end,NB
32970,Brooklyn,2021,3,4,10,30,224,191114,POINT (988207.4245194928 151130.52481856258),CROPSEY AVENUE BRIDGE,Coney Island Creek Shoreline,Dead end,NB
32970,Brooklyn,2021,3,4,10,45,234,191114,POINT (988207.4245194928 151130.52481856258),CROPSEY AVENUE BRIDGE,Coney Island Creek Shoreline,Dead end,NB
32970,Brooklyn,2021,3,4,11,0,238,191114,POINT (988207.4245194928 151130.52481856258),CROPSEY AVENUE BRIDGE,Coney Island Creek Shoreline,Dead end,NB
32970,Brooklyn,2021,3,4,11,15,240,191114,POINT (988207.4245194928 151130.52481856258),CROPSEY AVENUE BRIDGE,Coney Island Creek Shoreline,Dead end,NB
32970,Brooklyn,2021,3,4,11,30,263,191114,POINT (988207.4245194928 151130.52481856258),CROPSEY AVENUE BRIDGE,Coney Island Creek Shoreline,Dead end,NB
32970,Brooklyn,2021,3,4,11,45,254,191114,POINT (988207.4245194928 151130.52481856258),CROPSEY AVENUE BRIDGE,Coney Island Creek Shoreline,Dead end,NB
32970,Brooklyn,2021,3,4,12,0,265,191114,POINT (988207.4245194928 151130.52481856258),CROPSEY AVENUE BRIDGE,Coney Island Creek Shoreline,Dead end,NB
32970,Brooklyn,2021,3,4,12,15,242,191114,POINT (988207.4245194928 151130.52481856258),CROPSEY AVENUE BRIDGE,Coney Island Creek Shoreline,Dead end,NB
32970,Brooklyn,2021,3,4,12,30,245,191114,POINT (988207.4245194928 151130.52481856258),CROPSEY AVENUE BRIDGE,Coney Island Creek Shoreline,Dead end,NB
32970,Brooklyn,2021,3,4,12,45,260,191114,POINT (988207.4245194928 151130.52481856258),CROPSEY AVENUE BRIDGE,Coney Island Creek Shoreline,Dead end,NB
32970,Brooklyn,2021,3,4,13,0,241,191114,POINT (988207.4245194928 151130.52481856258),CROPSEY AVENUE BRIDGE,Coney Island Creek Shoreline,Dead end,NB
32970,Brooklyn,2021,3,4,13,15,262,191114,POINT (988207.4245194928 151130.52481856258),CROPSEY AVENUE BRIDGE,Coney Island Creek Shoreline,Dead end,NB
32970,Brooklyn,2021,3,4,13,30,267,191114,POINT (988207.4245194928 151130.52481856258),CROPSEY AVENUE BRIDGE,Coney Island Creek Shoreline,Dead end,NB
32970,Brooklyn,2021,3,4,13,45,309,191114,POINT (988207.4245194928 151130.52481856258),CROPSEY AVENUE BRIDGE,Coney Island Creek Shoreline,Dead end,NB
32970,Brooklyn,2021,3,4,14,0,283,191114,POINT (988207.4245194928 151130.52481856258),CROPSEY AVENUE BRIDGE,Coney Island Creek Shoreline,Dead end,NB
32970,Brooklyn,2021,3,4,14,15,324,191114,POINT (988207.4245194928 151130.52481856258),CROPSEY AVENUE BRIDGE,Coney Island Creek Shoreline,Dead end,NB
32970,Brooklyn,2021,3,4,14,30,318,191114,POINT (988207.4245194928 151130.52481856258),CROPSEY AVENUE BRIDGE,Coney Island Creek Shoreline,Dead end,NB
32970,Brooklyn,2021,3,4,14,45,258,191114,POINT (988207.4245194928 151130.52481856258),CROPSEY AVENUE BRIDGE,Coney Island Creek Shoreline,Dead end,NB
32970,Brooklyn,2021,3,4,15,0,234,191114,POINT (988207.4245194928 151130.52481856258),CROPSEY AVENUE BRIDGE,Coney Island Creek Shoreline,Dead end,NB
32970,Brooklyn,2021,3,4,15,15,281,191114,POINT (988207.4245194928 151130.52481856258),CROPSEY AVENUE BRIDGE,Coney Island Creek Shoreline,Dead end,NB
32970,Brooklyn,2021,3,4,15,30,305,191114,POINT (988207.4245194928 151130.52481856258),CROPSEY AVENUE BRIDGE,Coney Island Creek Shoreline,Dead end,NB
32970,Brooklyn,2021,3,4,15,45,290,191114,POINT (988207.4245194928 151130.52481856258),CROPSEY AVENUE BRIDGE,Coney Island Creek Shoreline,Dead end,NB
32970,Brooklyn,2021,3,4,16,0,287,191114,POINT (988207.4245194928 151130.52481856258),CROPSEY AVENUE BRIDGE,Coney Island Creek Shoreline,Dead end,NB
32970,Brooklyn,2021,3,4,16,15,244,191114,POINT (988207.4245194928 151130.52481856258),CROPSEY AVENUE BRIDGE,Coney Island Creek Shoreline,Dead end,NB
32970,Brooklyn,2021,3,4,16,30,266,191114,POINT (988207.4245194928 151130.52481856258),CROPSEY AVENUE BRIDGE,Coney Island Creek Shoreline,Dead end,NB
32970,Brooklyn,2021,3,4,16,45,248,191114,POINT (988207.4245194928 151130.52481856258),CROPSEY AVENUE BRIDGE,Coney Island Creek Shoreline,Dead end,NB
32970,Brooklyn,2021,3,4,17,0,249,191114,POINT (988207.4245194928 151130.52481856258),CROPSEY AVENUE BRIDGE,Coney Island Creek Shoreline,Dead end,NB
32970,Brooklyn,2021,3,4,17,15,247,191114,POINT (988207.4245194928 151130.52481856258),CROPSEY AVENUE BRIDGE,Coney Island Creek Shoreline,Dead end,NB
32970,Brooklyn,2021,3,4,17,30,250,191114,POINT (988207.4245194928 151130.52481856258),CROPSEY AVENUE BRIDGE,Coney Island Creek Shoreline,Dead end,NB
32970,Brooklyn,2021,3,4,17,45,241,191114,POINT (988207.4245194928 151130.52481856258),CROPSEY AVENUE BRIDGE,Coney Island Creek Shoreline,Dead end,NB
32970,Brooklyn,2021,3,4,18,0,247,191114,POINT (988207.4245194928 151130.52481856258),CROPSEY AVENUE BRIDGE,Coney Island Creek Shoreline,Dead end,NB
32970,Brooklyn,2021,3,4,18,15,229,191114,POINT (988207.4245194928 151130.52481856258),CROPSEY AVENUE BRIDGE,Coney Island Creek Shoreline,Dead end,NB
32970,Brooklyn,2021,3,4,18,30,235,191114,POINT (988207.4245194928 151130.52481856258),CROPSEY AVENUE BRIDGE,Coney Island Creek Shoreline,Dead end,NB
32970,Brooklyn,2021,3,4,18,45,199,191114,POINT (988207.4245194928 151130.52481856258),CROPSEY AVENUE BRIDGE,Coney Island Creek Shoreline,Dead end,NB
32970,Brooklyn,2021,3,4,19,0,209,191114,POINT (988207.4245194928 151130.52481856258),CROPSEY AVENUE BRIDGE,Coney Island Creek Shoreline,Dead end,NB
32970,Brooklyn,2021,3,4,19,15,207,191114,POINT (988207.4245194928 151130.52481856258),CROPSEY AVENUE BRIDGE,Coney Island Creek Shoreline,Dead end,NB
32970,Brooklyn,2021,3,4,19,30,179,191114,POINT (988207.4245194928 151130.52481856258),CROPSEY AVENUE BRIDGE,Coney Island Creek Shoreline,Dead end,NB
32970,Brooklyn,2021,3,4,19,45,162,191114,POINT (988207.4245194928 151130.52481856258),CROPSEY AVENUE BRIDGE,Coney Island Creek Shoreline,Dead end,NB
32970,Brooklyn,2021,3,4,20,0,188,191114,POINT (988207.4245194928 151130.52481856258),CROPSEY AVENUE BRIDGE,Coney Island Creek Shoreline,Dead end,NB
32970,Brooklyn,2021,3,4,20,15,153,191114,POINT (988207.4245194928 151130.52481856258),CROPSEY AVENUE BRIDGE,Coney Island Creek Shoreline,Dead end,NB
32970,Brooklyn,2021,3,4,20,30,151,191114,POINT (988207.4245194928 151130.52481856258),CROPSEY AVENUE BRIDGE,Coney Island Creek Shoreline,Dead end,NB
32970,Brooklyn,2021,3,4,20,45,117,191114,POINT (988207.4245194928 151130.52481856258),CROPSEY AVENUE BRIDGE,Coney Island Creek Shoreline,Dead end,NB
32970,Brooklyn,2021,3,4,21,0,101,191114,POINT (988207.4245194928 151130.52481856258),CROPSEY AVENUE BRIDGE,Coney Island Creek Shoreline,Dead end,NB
32970,Brooklyn,2021,3,4,21,15,101,191114,POINT (988207.4245194928 151130.52481856258),CROPSEY AVENUE BRIDGE,Coney Island Creek Shoreline,Dead end,NB
32970,Brooklyn,2021,3,4,21,30,93,191114,POINT (988207.4245194928 151130.52481856258),CROPSEY AVENUE BRIDGE,Coney Island Creek Shoreline,Dead end,NB
32970,Brooklyn,2021,3,4,21,45,107,191114,POINT (988207.4245194928 151130.52481856258),CROPSEY AVENUE BRIDGE,Coney Island Creek Shoreline,Dead end,NB
32970,Brooklyn,2021,3,4,22,0,106,191114,POINT (988207.4245194928 151130.52481856258),CROPSEY AVENUE BRIDGE,Coney Island Creek Shoreline,Dead end,NB
32970,Brooklyn,2021,3,4,22,15,95,191114,POINT (988207.4245194928 151130.52481856258),CROPSEY AVENUE BRIDGE,Coney Island Creek Shoreline,Dead end,NB
32970,Brooklyn,2021,3,4,22,30,77,191114,POINT (988207.4245194928 151130.52481856258),CROPSEY AVENUE BRIDGE,Coney Island Creek Shoreline,Dead end,NB
32970,Brooklyn,2021,3,4,22,45,77,191114,POINT (988207.4245194928 151130.52481856258),CROPSEY AVENUE BRIDGE,Coney Island Creek Shoreline,Dead end,NB
32970,Brooklyn,2021,3,4,23,0,77,191114,POINT (988207.4245194928 151130.52481856258),CROPSEY AVENUE BRIDGE,Coney Island Creek Shoreline,Dead end,NB
32970,Brooklyn,2021,3,4,23,15,79,191114,POINT (988207.4245194928 151130.52481856258),CROPSEY AVENUE BRIDGE,Coney Island Creek Shoreline,Dead end,NB
32970,Brooklyn,2021,3,4,23,30,83,191114,POINT (988207.4245194928 151130.52481856258),CROPSEY AVENUE BRIDGE,Coney Island Creek Shoreline,Dead end,NB
32970,Brooklyn,2021,3,4,23,45,53,191114,POINT (988207.4245194928 151130.52481856258),CROPSEY AVENUE BRIDGE,Coney Island Creek Shoreline,Dead end,NB
32970,Brooklyn,2021,3,5,0,0,72,191114,POINT (988207.4245194928 151130.52481856258),CROPSEY AVENUE BRIDGE,Coney Island Creek Shoreline,Dead end,NB
32970,Brooklyn,2021,3,5,0,15,65,191114,POINT (988207.4245194928 151130.52481856258),CROPSEY AVENUE BRIDGE,Coney Island Creek Shoreline,Dead end,NB
32970,Brooklyn,2021,3,5,0,30,44,191114,POINT (988207.4245194928 151130.52481856258),CROPSEY AVENUE BRIDGE,Coney Island Creek Shoreline,Dead end,NB
32970,Brooklyn,2021,3,5,0,45,39,191114,POINT (988207.4245194928 151130.52481856258),CROPSEY AVENUE BRIDGE,Coney Island Creek Shoreline,Dead end,NB
32970,Brooklyn,2021,3,5,1,0,39,191114,POINT (988207.4245194928 151130.52481856258),CROPSEY AVENUE BRIDGE,Coney Island Creek Shoreline,Dead end,NB
32970,Brooklyn,2021,3,5,1,15,24,191114,POINT (988207.4245194928 151130.52481856258),CROPSEY AVENUE BRIDGE,Coney Island Creek Shoreline,Dead end,NB
32970,Brooklyn,2021,3,5,1,30,23,191114,POINT (988207.4245194928 151130.52481856258),CROPSEY AVENUE BRIDGE,Coney Island Creek Shoreline,Dead end,NB
32970,Brooklyn,2021,3,5,1,45,32,191114,POINT (988207.4245194928 151130.52481856258),CROPSEY AVENUE BRIDGE,Coney Island Creek Shoreline,Dead end,NB
32970,Brooklyn,2021,3,5,2,0,26,191114,POINT (988207.4245194928 151130.52481856258),CROPSEY AVENUE BRIDGE,Coney Island Creek Shoreline,Dead end,NB
32970,Brooklyn,2021,3,5,2,15,31,191114,POINT (988207.4245194928 151130.52481856258),CROPSEY AVENUE BRIDGE,Coney Island Creek Shoreline,Dead end,NB
32970,Brooklyn,2021,3,5,2,30,26,191114,POINT (988207.4245194928 151130.52481856258),CROPSEY AVENUE BRIDGE,Coney Island Creek Shoreline,Dead end,NB
32970,Brooklyn,2021,3,5,2,45,23,191114,POINT (988207.4245194928 151130.52481856258),CROPSEY AVENUE BRIDGE,Coney Island Creek Shoreline,Dead end,NB
32970,Brooklyn,2021,3,5,3,0,20,191114,POINT (988207.4245194928 151130.52481856258),CROPSEY AVENUE BRIDGE,Coney Island Creek Shoreline,Dead end,NB
32970,Brooklyn,2021,3,5,3,15,29,191114,POINT (988207.4245194928 151130.52481856258),CROPSEY AVENUE BRIDGE,Coney Island Creek Shoreline,Dead end,NB
32970,Brooklyn,2021,3,5,3,30,21,191114,POINT (988207.4245194928 151130.52481856258),CROPSEY AVENUE BRIDGE,Coney Island Creek Shoreline,Dead end,NB
32970,Brooklyn,2021,3,5,3,45,22,191114,POINT (988207.4245194928 151130.52481856258),CROPSEY AVENUE BRIDGE,Coney Island Creek Shoreline,Dead end,NB
32970,Brooklyn,2021,3,5,4,0,25,191114,POINT (988207.4245194928 151130.52481856258),CROPSEY AVENUE BRIDGE,Coney Island Creek Shoreline,Dead end,NB
32970,Brooklyn,2021,3,5,4,15,31,191114,POINT (988207.4245194928 151130.52481856258),CROPSEY AVENUE BRIDGE,Coney Island Creek Shoreline,Dead end,NB
32970,Brooklyn,2021,3,5,4,30,33,191114,POINT (988207.4245194928 151130.52481856258),CROPSEY AVENUE BRIDGE,Coney Island Creek Shoreline,Dead end,NB
32970,Brooklyn,2021,3,5,4,45,36,191114,POINT (988207.4245194928 151130.52481856258),CROPSEY AVENUE BRIDGE,Coney Island Creek Shoreline,Dead end,NB
32970,Brooklyn,2021,3,5,5,0,54,191114,POINT (988207.4245194928 151130.52481856258),CROPSEY AVENUE BRIDGE,Coney Island Creek Shoreline,Dead end,NB
32970,Brooklyn,2021,3,5,5,15,63,191114,POINT (988207.4245194928 151130.52481856258),CROPSEY AVENUE BRIDGE,Coney Island Creek Shoreline,Dead end,NB
32970,Brooklyn,2021,3,5,5,30,75,191114,POINT (988207.4245194928 151130.52481856258),CROPSEY AVENUE BRIDGE,Coney Island Creek Shoreline,Dead end,NB
32970,Brooklyn,2021,3,5,5,45,93,191114,POINT (988207.4245194928 151130.52481856258),CROPSEY AVENUE BRIDGE,Coney Island Creek Shoreline,Dead end,NB
32970,Brooklyn,2021,3,5,6,0,104,191114,POINT (988207.4245194928 151130.52481856258),CROPSEY AVENUE BRIDGE,Coney Island Creek Shoreline,Dead end,NB
32970,Brooklyn,2021,3,5,6,15,130,191114,POINT (988207.4245194928 151130.52481856258),CROPSEY AVENUE BRIDGE,Coney Island Creek Shoreline,Dead end,NB
32970,Brooklyn,2021,3,5,6,30,148,191114,POINT (988207.4245194928 151130.52481856258),CROPSEY AVENUE BRIDGE,Coney Island Creek Shoreline,Dead end,NB
32970,Brooklyn,2021,3,5,6,45,176,191114,POINT (988207.4245194928 151130.52481856258),CROPSEY AVENUE BRIDGE,Coney Island Creek Shoreline,Dead end,NB
32970,Brooklyn,2021,3,5,7,0,176,191114,POINT (988207.4245194928 151130.52481856258),CROPSEY AVENUE BRIDGE,Coney Island Creek Shoreline,Dead end,NB
32970,Brooklyn,2021,3,5,7,15,201,191114,POINT (988207.4245194928 151130.52481856258),CROPSEY AVENUE BRIDGE,Coney Island Creek Shoreline,Dead end,NB
32970,Brooklyn,2021,3,5,7,30,221,191114,POINT (988207.4245194928 151130.52481856258),CROPSEY AVENUE BRIDGE,Coney Island Creek Shoreline,Dead end,NB
32970,Brooklyn,2021,3,5,7,45,236,191114,POINT (988207.4245194928 151130.52481856258),CROPSEY AVENUE BRIDGE,Coney Island Creek Shoreline,Dead end,NB
32970,Brooklyn,2021,3,5,8,0,245,191114,POINT (988207.4245194928 151130.52481856258),CROPSEY AVENUE BRIDGE,Coney Island Creek Shoreline,Dead end,NB
32970,Brooklyn,2021,3,5,8,15,260,191114,POINT (988207.4245194928 151130.52481856258),CROPSEY AVENUE BRIDGE,Coney Island Creek Shoreline,Dead end,NB
32970,Brooklyn,2021,3,5,8,30,225,191114,POINT (988207.4245194928 151130.52481856258),CROPSEY AVENUE BRIDGE,Coney Island Creek Shoreline,Dead end,NB
32970,Brooklyn,2021,3,5,8,45,254,191114,POINT (988207.4245194928 151130.52481856258),CROPSEY AVENUE BRIDGE,Coney Island Creek Shoreline,Dead end,NB
32970,Brooklyn,2021,3,5,9,0,224,191114,POINT (988207.4245194928 151130.52481856258),CROPSEY AVENUE BRIDGE,Coney Island Creek Shoreline,Dead end,NB
32970,Brooklyn,2021,3,5,9,15,202,191114,POINT (988207.4245194928 151130.52481856258),CROPSEY AVENUE BRIDGE,Coney Island Creek Shoreline,Dead end,NB
32970,Brooklyn,2021,3,5,9,30,232,191114,POINT (988207.4245194928 151130.52481856258),CROPSEY AVENUE BRIDGE,Coney Island Creek Shoreline,Dead end,NB
32970,Brooklyn,2021,3,5,9,45,216,191114,POINT (988207.4245194928 151130.52481856258),CROPSEY AVENUE BRIDGE,Coney Island Creek Shoreline,Dead end,NB
32970,Brooklyn,2021,3,5,10,0,228,191114,POINT (988207.4245194928 151130.52481856258),CROPSEY AVENUE BRIDGE,Coney Island Creek Shoreline,Dead end,NB
32970,Brooklyn,2021,3,5,10,15,239,191114,POINT (988207.4245194928 151130.52481856258),CROPSEY AVENUE BRIDGE,Coney Island Creek Shoreline,Dead end,NB
32970,Brooklyn,2021,3,5,10,30,249,191114,POINT (988207.4245194928 151130.52481856258),CROPSEY AVENUE BRIDGE,Coney Island Creek Shoreline,Dead end,NB
32970,Brooklyn,2021,3,5,10,45,259,191114,POINT (988207.4245194928 151130.52481856258),CROPSEY AVENUE BRIDGE,Coney Island Creek Shoreline,Dead end,NB
32970,Brooklyn,2021,3,5,11,0,227,191114,POINT (988207.4245194928 151130.52481856258),CROPSEY AVENUE BRIDGE,Coney Island Creek Shoreline,Dead end,NB
32970,Brooklyn,2021,3,5,11,15,249,191114,POINT (988207.4245194928 151130.52481856258),CROPSEY AVENUE BRIDGE,Coney Island Creek Shoreline,Dead end,NB
32970,Brooklyn,2021,3,5,11,30,252,191114,POINT (988207.4245194928 151130.52481856258),CROPSEY AVENUE BRIDGE,Coney Island Creek Shoreline,Dead end,NB
32970,Brooklyn,2021,3,5,11,45,269,191114,POINT (988207.4245194928 151130.52481856258),CROPSEY AVENUE BRIDGE,Coney Island Creek Shoreline,Dead end,NB
32970,Brooklyn,2021,3,5,12,0,233,191114,POINT (988207.4245194928 151130.52481856258),CROPSEY AVENUE BRIDGE,Coney Island Creek Shoreline,Dead end,NB
32970,Brooklyn,2021,3,5,12,15,241,191114,POINT (988207.4245194928 151130.52481856258),CROPSEY AVENUE BRIDGE,Coney Island Creek Shoreline,Dead end,NB
32970,Brooklyn,2021,3,5,12,30,270,191114,POINT (988207.4245194928 151130.52481856258),CROPSEY AVENUE BRIDGE,Coney Island Creek Shoreline,Dead end,NB
32970,Brooklyn,2021,3,5,12,45,305,191114,POINT (988207.4245194928 151130.52481856258),CROPSEY AVENUE BRIDGE,Coney Island Creek Shoreline,Dead end,NB
32970,Brooklyn,2021,3,5,13,0,250,191114,POINT (988207.4245194928 151130.52481856258),CROPSEY AVENUE BRIDGE,Coney Island Creek Shoreline,Dead end,NB
32970,Brooklyn,2021,3,5,13,15,238,191114,POINT (988207.4245194928 151130.52481856258),CROPSEY AVENUE BRIDGE,Coney Island Creek Shoreline,Dead end,NB
32970,Brooklyn,2021,3,5,13,30,269,191114,POINT (988207.4245194928 151130.52481856258),CROPSEY AVENUE BRIDGE,Coney Island Creek Shoreline,Dead end,NB
32970,Brooklyn,2021,3,5,13,45,248,191114,POINT (988207.4245194928 151130.52481856258),CROPSEY AVENUE BRIDGE,Coney Island Creek Shoreline,Dead end,NB
32970,Brooklyn,2021,3,5,14,0,295,191114,POINT (988207.4245194928 151130.52481856258),CROPSEY AVENUE BRIDGE,Coney Island Creek Shoreline,Dead end,NB
32970,Brooklyn,2021,3,5,14,15,323,191114,POINT (988207.4245194928 151130.52481856258),CROPSEY AVENUE BRIDGE,Coney Island Creek Shoreline,Dead end,NB
32970,Brooklyn,2021,3,5,14,30,322,191114,POINT (988207.4245194928 151130.52481856258),CROPSEY AVENUE BRIDGE,Coney Island Creek Shoreline,Dead end,NB
32970,Brooklyn,2021,3,5,14,45,298,191114,POINT (988207.4245194928 151130.52481856258),CROPSEY AVENUE BRIDGE,Coney Island Creek Shoreline,Dead end,NB
32970,Brooklyn,2021,3,5,15,0,290,191114,POINT (988207.4245194928 151130.52481856258),CROPSEY AVENUE BRIDGE,Coney Island Creek Shoreline,Dead end,NB
32970,Brooklyn,2021,3,5,15,15,289,191114,POINT (988207.4245194928 151130.52481856258),CROPSEY AVENUE BRIDGE,Coney Island Creek Shoreline,Dead end,NB
32970,Brooklyn,2021,3,5,15,30,292,191114,POINT (988207.4245194928 151130.52481856258),CROPSEY AVENUE BRIDGE,Coney Island Creek Shoreline,Dead end,NB
32970,Brooklyn,2021,3,5,15,45,273,191114,POINT (988207.4245194928 151130.52481856258),CROPSEY AVENUE BRIDGE,Coney Island Creek Shoreline,Dead end,NB
32970,Brooklyn,2021,3,5,16,0,256,191114,POINT (988207.4245194928 151130.52481856258),CROPSEY AVENUE BRIDGE,Coney Island Creek Shoreline,Dead end,NB
32970,Brooklyn,2021,3,5,16,15,292,191114,POINT (988207.4245194928 151130.52481856258),CROPSEY AVENUE BRIDGE,Coney Island Creek Shoreline,Dead end,NB
32970,Brooklyn,2021,3,5,16,30,249,191114,POINT (988207.4245194928 151130.52481856258),CROPSEY AVENUE BRIDGE,Coney Island Creek Shoreline,Dead end,NB
32970,Brooklyn,2021,3,5,16,45,280,191114,POINT (988207.4245194928 151130.52481856258),CROPSEY AVENUE BRIDGE,Coney Island Creek Shoreline,Dead end,NB
32970,Brooklyn,2021,3,5,17,0,269,191114,POINT (988207.4245194928 151130.52481856258),CROPSEY AVENUE BRIDGE,Coney Island Creek Shoreline,Dead end,NB
32970,Brooklyn,2021,3,5,17,15,259,191114,POINT (988207.4245194928 151130.52481856258),CROPSEY AVENUE BRIDGE,Coney Island Creek Shoreline,Dead end,NB
32970,Brooklyn,2021,3,5,17,30,264,191114,POINT (988207.4245194928 151130.52481856258),CROPSEY AVENUE BRIDGE,Coney Island Creek Shoreline,Dead end,NB
32970,Brooklyn,2021,3,5,17,45,282,191114,POINT (988207.4245194928 151130.52481856258),CROPSEY AVENUE BRIDGE,Coney Island Creek Shoreline,Dead end,NB
32970,Brooklyn,2021,3,5,18,0,232,191114,POINT (988207.4245194928 151130.52481856258),CROPSEY AVENUE BRIDGE,Coney Island Creek Shoreline,Dead end,NB
32970,Brooklyn,2021,3,5,18,15,236,191114,POINT (988207.4245194928 151130.52481856258),CROPSEY AVENUE BRIDGE,Coney Island Creek Shoreline,Dead end,NB
32970,Brooklyn,2021,3,5,18,30,247,191114,POINT (988207.4245194928 151130.52481856258),CROPSEY AVENUE BRIDGE,Coney Island Creek Shoreline,Dead end,NB
32970,Brooklyn,2021,3,5,18,45,227,191114,POINT (988207.4245194928 151130.52481856258),CROPSEY AVENUE BRIDGE,Coney Island Creek Shoreline,Dead end,NB
32970,Brooklyn,2021,3,5,19,0,224,191114,POINT (988207.4245194928 151130.52481856258),CROPSEY AVENUE BRIDGE,Coney Island Creek Shoreline,Dead end,NB
32970,Brooklyn,2021,3,5,19,15,183,191114,POINT (988207.4245194928 151130.52481856258),CROPSEY AVENUE BRIDGE,Coney Island Creek Shoreline,Dead end,NB
32970,Brooklyn,2021,3,5,19,30,197,191114,POINT (988207.4245194928 151130.52481856258),CROPSEY AVENUE BRIDGE,Coney Island Creek Shoreline,Dead end,NB
32970,Brooklyn,2021,3,5,19,45,184,191114,POINT (988207.4245194928 151130.52481856258),CROPSEY AVENUE BRIDGE,Coney Island Creek Shoreline,Dead end,NB
32970,Brooklyn,2021,3,5,20,0,198,191114,POINT (988207.4245194928 151130.52481856258),CROPSEY AVENUE BRIDGE,Coney Island Creek Shoreline,Dead end,NB
32970,Brooklyn,2021,3,5,20,15,167,191114,POINT (988207.4245194928 151130.52481856258),CROPSEY AVENUE BRIDGE,Coney Island Creek Shoreline,Dead end,NB
32970,Brooklyn,2021,3,5,20,30,159,191114,POINT (988207.4245194928 151130.52481856258),CROPSEY AVENUE BRIDGE,Coney Island Creek Shoreline,Dead end,NB
32970,Brooklyn,2021,3,5,20,45,132,191114,POINT (988207.4245194928 151130.52481856258),CROPSEY AVENUE BRIDGE,Coney Island Creek Shoreline,Dead end,NB
32970,Brooklyn,2021,3,5,21,0,139,191114,POINT (988207.4245194928 151130.52481856258),CROPSEY AVENUE BRIDGE,Coney Island Creek Shoreline,Dead end,NB
32970,Brooklyn,2021,3,5,21,15,126,191114,POINT (988207.4245194928 151130.52481856258),CROPSEY AVENUE BRIDGE,Coney Island Creek Shoreline,Dead end,NB
32970,Brooklyn,2021,3,5,21,30,114,191114,POINT (988207.4245194928 151130.52481856258),CROPSEY AVENUE BRIDGE,Coney Island Creek Shoreline,Dead end,NB
32970,Brooklyn,2021,3,5,21,45,103,191114,POINT (988207.4245194928 151130.52481856258),CROPSEY AVENUE BRIDGE,Coney Island Creek Shoreline,Dead end,NB
32970,Brooklyn,2021,3,5,22,0,118,191114,POINT (988207.4245194928 151130.52481856258),CROPSEY AVENUE BRIDGE,Coney Island Creek Shoreline,Dead end,NB
32970,Brooklyn,2021,3,5,22,15,121,191114,POINT (988207.4245194928 151130.52481856258),CROPSEY AVENUE BRIDGE,Coney Island Creek Shoreline,Dead end,NB
32970,Brooklyn,2021,3,5,22,30,100,191114,POINT (988207.4245194928 151130.52481856258),CROPSEY AVENUE BRIDGE,Coney Island Creek Shoreline,Dead end,NB
32970,Brooklyn,2021,3,5,22,45,100,191114,POINT (988207.4245194928 151130.52481856258),CROPSEY AVENUE BRIDGE,Coney Island Creek Shoreline,Dead end,NB
32970,Brooklyn,2021,3,5,23,0,109,191114,POINT (988207.4245194928 151130.52481856258),CROPSEY AVENUE BRIDGE,Coney Island Creek Shoreline,Dead end,NB
32970,Brooklyn,2021,3,5,23,15,97,191114,POINT (988207.4245194928 151130.52481856258),CROPSEY AVENUE BRIDGE,Coney Island Creek Shoreline,Dead end,NB
32970,Brooklyn,2021,3,5,23,30,91,191114,POINT (988207.4245194928 151130.52481856258),CROPSEY AVENUE BRIDGE,Coney Island Creek Shoreline,Dead end,NB
32970,Brooklyn,2021,3,5,23,45,73,191114,POINT (988207.4245194928 151130.52481856258),CROPSEY AVENUE BRIDGE,Coney Island Creek Shoreline,Dead end,NB
32970,Brooklyn,2021,3,6,0,0,71,191114,POINT (988207.4245194928 151130.52481856258),CROPSEY AVENUE BRIDGE,Coney Island Creek Shoreline,Dead end,NB
32970,Brooklyn,2021,3,6,0,15,58,191114,POINT (988207.4245194928 151130.52481856258),CROPSEY AVENUE BRIDGE,Coney Island Creek Shoreline,Dead end,NB
32970,Brooklyn,2021,3,6,0,30,51,191114,POINT (988207.4245194928 151130.52481856258),CROPSEY AVENUE BRIDGE,Coney Island Creek Shoreline,Dead end,NB
32970,Brooklyn,2021,3,6,0,45,53,191114,POINT (988207.4245194928 151130.52481856258),CROPSEY AVENUE BRIDGE,Coney Island Creek Shoreline,Dead end,NB
32970,Brooklyn,2021,3,6,1,0,46,191114,POINT (988207.4245194928 151130.52481856258),CROPSEY AVENUE BRIDGE,Coney Island Creek Shoreline,Dead end,NB
32970,Brooklyn,2021,3,6,1,15,39,191114,POINT (988207.4245194928 151130.52481856258),CROPSEY AVENUE BRIDGE,Coney Island Creek Shoreline,Dead end,NB
32970,Brooklyn,2021,3,6,1,30,40,191114,POINT (988207.4245194928 151130.52481856258),CROPSEY AVENUE BRIDGE,Coney Island Creek Shoreline,Dead end,NB
32970,Brooklyn,2021,3,6,1,45,36,191114,POINT (988207.4245194928 151130.52481856258),CROPSEY AVENUE BRIDGE,Coney Island Creek Shoreline,Dead end,NB
32970,Brooklyn,2021,3,6,2,0,43,191114,POINT (988207.4245194928 151130.52481856258),CROPSEY AVENUE BRIDGE,Coney Island Creek Shoreline,Dead end,NB
32970,Brooklyn,2021,3,6,2,15,33,191114,POINT (988207.4245194928 151130.52481856258),CROPSEY AVENUE BRIDGE,Coney Island Creek Shoreline,Dead end,NB
32970,Brooklyn,2021,3,6,2,30,26,191114,POINT (988207.4245194928 151130.52481856258),CROPSEY AVENUE BRIDGE,Coney Island Creek Shoreline,Dead end,NB
32970,Brooklyn,2021,3,6,2,45,22,191114,POINT (988207.4245194928 151130.52481856258),CROPSEY AVENUE BRIDGE,Coney Island Creek Shoreline,Dead end,NB
32970,Brooklyn,2021,3,6,3,0,32,191114,POINT (988207.4245194928 151130.52481856258),CROPSEY AVENUE BRIDGE,Coney Island Creek Shoreline,Dead end,NB
32970,Brooklyn,2021,3,6,3,15,24,191114,POINT (988207.4245194928 151130.52481856258),CROPSEY AVENUE BRIDGE,Coney Island Creek Shoreline,Dead end,NB
32970,Brooklyn,2021,3,6,3,30,26,191114,POINT (988207.4245194928 151130.52481856258),CROPSEY AVENUE BRIDGE,Coney Island Creek Shoreline,Dead end,NB
32970,Brooklyn,2021,3,6,3,45,23,191114,POINT (988207.4245194928 151130.52481856258),CROPSEY AVENUE BRIDGE,Coney Island Creek Shoreline,Dead end,NB
32970,Brooklyn,2021,3,6,4,0,25,191114,POINT (988207.4245194928 151130.52481856258),CROPSEY AVENUE BRIDGE,Coney Island Creek Shoreline,Dead end,NB
32970,Brooklyn,2021,3,6,4,15,33,191114,POINT (988207.4245194928 151130.52481856258),CROPSEY AVENUE BRIDGE,Coney Island Creek Shoreline,Dead end,NB
32970,Brooklyn,2021,3,6,4,30,33,191114,POINT (988207.4245194928 151130.52481856258),CROPSEY AVENUE BRIDGE,Coney Island Creek Shoreline,Dead end,NB
32970,Brooklyn,2021,3,6,4,45,29,191114,POINT (988207.4245194928 151130.52481856258),CROPSEY AVENUE BRIDGE,Coney Island Creek Shoreline,Dead end,NB
32970,Brooklyn,2021,3,6,5,0,30,191114,POINT (988207.4245194928 151130.52481856258),CROPSEY AVENUE BRIDGE,Coney Island Creek Shoreline,Dead end,NB
32970,Brooklyn,2021,3,6,5,15,35,191114,POINT (988207.4245194928 151130.52481856258),CROPSEY AVENUE BRIDGE,Coney Island Creek Shoreline,Dead end,NB
32970,Brooklyn,2021,3,6,5,30,40,191114,POINT (988207.4245194928 151130.52481856258),CROPSEY AVENUE BRIDGE,Coney Island Creek Shoreline,Dead end,NB
32970,Brooklyn,2021,3,6,5,45,45,191114,POINT (988207.4245194928 151130.52481856258),CROPSEY AVENUE BRIDGE,Coney Island Creek Shoreline,Dead end,NB
32970,Brooklyn,2021,3,6,6,0,60,191114,POINT (988207.4245194928 151130.52481856258),CROPSEY AVENUE BRIDGE,Coney Island Creek Shoreline,Dead end,NB
32970,Brooklyn,2021,3,6,6,15,81,191114,POINT (988207.4245194928 151130.52481856258),CROPSEY AVENUE BRIDGE,Coney Island Creek Shoreline,Dead end,NB
32970,Brooklyn,2021,3,6,6,30,77,191114,POINT (988207.4245194928 151130.52481856258),CROPSEY AVENUE BRIDGE,Coney Island Creek Shoreline,Dead end,NB
32970,Brooklyn,2021,3,6,6,45,89,191114,POINT (988207.4245194928 151130.52481856258),CROPSEY AVENUE BRIDGE,Coney Island Creek Shoreline,Dead end,NB
32970,Brooklyn,2021,3,6,7,0,109,191114,POINT (988207.4245194928 151130.52481856258),CROPSEY AVENUE BRIDGE,Coney Island Creek Shoreline,Dead end,NB
32970,Brooklyn,2021,3,6,7,15,138,191114,POINT (988207.4245194928 151130.52481856258),CROPSEY AVENUE BRIDGE,Coney Island Creek Shoreline,Dead end,NB
32970,Brooklyn,2021,3,6,7,30,125,191114,POINT (988207.4245194928 151130.52481856258),CROPSEY AVENUE BRIDGE,Coney Island Creek Shoreline,Dead end,NB
32970,Brooklyn,2021,3,6,7,45,125,191114,POINT (988207.4245194928 151130.52481856258),CROPSEY AVENUE BRIDGE,Coney Island Creek Shoreline,Dead end,NB
32970,Brooklyn,2021,3,6,8,0,159,191114,POINT (988207.4245194928 151130.52481856258),CROPSEY AVENUE BRIDGE,Coney Island Creek Shoreline,Dead end,NB
32970,Brooklyn,2021,3,6,8,15,178,191114,POINT (988207.4245194928 151130.52481856258),CROPSEY AVENUE BRIDGE,Coney Island Creek Shoreline,Dead end,NB
32970,Brooklyn,2021,3,6,8,30,183,191114,POINT (988207.4245194928 151130.52481856258),CROPSEY AVENUE BRIDGE,Coney Island Creek Shoreline,Dead end,NB
32970,Brooklyn,2021,3,6,8,45,194,191114,POINT (988207.4245194928 151130.52481856258),CROPSEY AVENUE BRIDGE,Coney Island Creek Shoreline,Dead end,NB
32970,Brooklyn,2021,3,6,9,0,186,191114,POINT (988207.4245194928 151130.52481856258),CROPSEY AVENUE BRIDGE,Coney Island Creek Shoreline,Dead end,NB
32970,Brooklyn,2021,3,6,9,15,201,191114,POINT (988207.4245194928 151130.52481856258),CROPSEY AVENUE BRIDGE,Coney Island Creek Shoreline,Dead end,NB
32970,Brooklyn,2021,3,6,9,30,170,191114,POINT (988207.4245194928 151130.52481856258),CROPSEY AVENUE BRIDGE,Coney Island Creek Shoreline,Dead end,NB
32970,Brooklyn,2021,3,6,9,45,192,191114,POINT (988207.4245194928 151130.52481856258),CROPSEY AVENUE BRIDGE,Coney Island Creek Shoreline,Dead end,NB
32970,Brooklyn,2021,3,6,10,0,187,191114,POINT (988207.4245194928 151130.52481856258),CROPSEY AVENUE BRIDGE,Coney Island Creek Shoreline,Dead end,NB
32970,Brooklyn,2021,3,6,10,15,194,191114,POINT (988207.4245194928 151130.52481856258),CROPSEY AVENUE BRIDGE,Coney Island Creek Shoreline,Dead end,NB
32970,Brooklyn,2021,3,6,10,30,208,191114,POINT (988207.4245194928 151130.52481856258),CROPSEY AVENUE BRIDGE,Coney Island Creek Shoreline,Dead end,NB
32970,Brooklyn,2021,3,6,10,45,249,191114,POINT (988207.4245194928 151130.52481856258),CROPSEY AVENUE BRIDGE,Coney Island Creek Shoreline,Dead end,NB
32970,Brooklyn,2021,3,6,11,0,217,191114,POINT (988207.4245194928 151130.52481856258),CROPSEY AVENUE BRIDGE,Coney Island Creek Shoreline,Dead end,NB
32970,Brooklyn,2021,3,6,11,15,245,191114,POINT (988207.4245194928 151130.52481856258),CROPSEY AVENUE BRIDGE,Coney Island Creek Shoreline,Dead end,NB
32970,Brooklyn,2021,3,6,11,30,237,191114,POINT (988207.4245194928 151130.52481856258),CROPSEY AVENUE BRIDGE,Coney Island Creek Shoreline,Dead end,NB
32970,Brooklyn,2021,3,6,11,45,228,191114,POINT (988207.4245194928 151130.52481856258),CROPSEY AVENUE BRIDGE,Coney Island Creek Shoreline,Dead end,NB
32970,Brooklyn,2021,3,6,12,0,245,191114,POINT (988207.4245194928 151130.52481856258),CROPSEY AVENUE BRIDGE,Coney Island Creek Shoreline,Dead end,NB
32970,Brooklyn,2021,3,6,12,15,230,191114,POINT (988207.4245194928 151130.52481856258),CROPSEY AVENUE BRIDGE,Coney Island Creek Shoreline,Dead end,NB
32970,Brooklyn,2021,3,6,12,30,250,191114,POINT (988207.4245194928 151130.52481856258),CROPSEY AVENUE BRIDGE,Coney Island Creek Shoreline,Dead end,NB
32970,Brooklyn,2021,3,6,12,45,258,191114,POINT (988207.4245194928 151130.52481856258),CROPSEY AVENUE BRIDGE,Coney Island Creek Shoreline,Dead end,NB
32970,Brooklyn,2021,3,6,13,0,260,191114,POINT (988207.4245194928 151130.52481856258),CROPSEY AVENUE BRIDGE,Coney Island Creek Shoreline,Dead end,NB
32970,Brooklyn,2021,3,6,13,15,237,191114,POINT (988207.4245194928 151130.52481856258),CROPSEY AVENUE BRIDGE,Coney Island Creek Shoreline,Dead end,NB
32970,Brooklyn,2021,3,6,13,30,246,191114,POINT (988207.4245194928 151130.52481856258),CROPSEY AVENUE BRIDGE,Coney Island Creek Shoreline,Dead end,NB
32970,Brooklyn,2021,3,6,13,45,263,191114,POINT (988207.4245194928 151130.52481856258),CROPSEY AVENUE BRIDGE,Coney Island Creek Shoreline,Dead end,NB
32970,Brooklyn,2021,3,6,14,0,231,191114,POINT (988207.4245194928 151130.52481856258),CROPSEY AVENUE BRIDGE,Coney Island Creek Shoreline,Dead end,NB
32970,Brooklyn,2021,3,6,14,15,261,191114,POINT (988207.4245194928 151130.52481856258),CROPSEY AVENUE BRIDGE,Coney Island Creek Shoreline,Dead end,NB
32970,Brooklyn,2021,3,6,14,30,248,191114,POINT (988207.4245194928 151130.52481856258),CROPSEY AVENUE BRIDGE,Coney Island Creek Shoreline,Dead end,NB
32970,Brooklyn,2021,3,6,14,45,228,191114,POINT (988207.4245194928 151130.52481856258),CROPSEY AVENUE BRIDGE,Coney Island Creek Shoreline,Dead end,NB
32970,Brooklyn,2021,3,6,15,0,265,191114,POINT (988207.4245194928 151130.52481856258),CROPSEY AVENUE BRIDGE,Coney Island Creek Shoreline,Dead end,NB
32970,Brooklyn,2021,3,6,15,15,270,191114,POINT (988207.4245194928 151130.52481856258),CROPSEY AVENUE BRIDGE,Coney Island Creek Shoreline,Dead end,NB
32970,Brooklyn,2021,3,6,15,30,224,191114,POINT (988207.4245194928 151130.52481856258),CROPSEY AVENUE BRIDGE,Coney Island Creek Shoreline,Dead end,NB
32970,Brooklyn,2021,3,6,15,45,226,191114,POINT (988207.4245194928 151130.52481856258),CROPSEY AVENUE BRIDGE,Coney Island Creek Shoreline,Dead end,NB
32970,Brooklyn,2021,3,6,16,0,242,191114,POINT (988207.4245194928 151130.52481856258),CROPSEY AVENUE BRIDGE,Coney Island Creek Shoreline,Dead end,NB
32970,Brooklyn,2021,3,6,16,15,240,191114,POINT (988207.4245194928 151130.52481856258),CROPSEY AVENUE BRIDGE,Coney Island Creek Shoreline,Dead end,NB
32970,Brooklyn,2021,3,6,16,30,244,191114,POINT (988207.4245194928 151130.52481856258),CROPSEY AVENUE BRIDGE,Coney Island Creek Shoreline,Dead end,NB
32970,Brooklyn,2021,3,6,16,45,251,191114,POINT (988207.4245194928 151130.52481856258),CROPSEY AVENUE BRIDGE,Coney Island Creek Shoreline,Dead end,NB
32970,Brooklyn,2021,3,6,17,0,222,191114,POINT (988207.4245194928 151130.52481856258),CROPSEY AVENUE BRIDGE,Coney Island Creek Shoreline,Dead end,NB
32970,Brooklyn,2021,3,6,17,15,230,191114,POINT (988207.4245194928 151130.52481856258),CROPSEY AVENUE BRIDGE,Coney Island Creek Shoreline,Dead end,NB
32970,Brooklyn,2021,3,6,17,30,198,191114,POINT (988207.4245194928 151130.52481856258),CROPSEY AVENUE BRIDGE,Coney Island Creek Shoreline,Dead end,NB
32970,Brooklyn,2021,3,6,17,45,190,191114,POINT (988207.4245194928 151130.52481856258),CROPSEY AVENUE BRIDGE,Coney Island Creek Shoreline,Dead end,NB
32970,Brooklyn,2021,3,6,18,0,204,191114,POINT (988207.4245194928 151130.52481856258),CROPSEY AVENUE BRIDGE,Coney Island Creek Shoreline,Dead end,NB
32970,Brooklyn,2021,3,6,18,15,230,191114,POINT (988207.4245194928 151130.52481856258),CROPSEY AVENUE BRIDGE,Coney Island Creek Shoreline,Dead end,NB
32970,Brooklyn,2021,3,6,18,30,179,191114,POINT (988207.4245194928 151130.52481856258),CROPSEY AVENUE BRIDGE,Coney Island Creek Shoreline,Dead end,NB
32970,Brooklyn,2021,3,6,18,45,193,191114,POINT (988207.4245194928 151130.52481856258),CROPSEY AVENUE BRIDGE,Coney Island Creek Shoreline,Dead end,NB
32970,Brooklyn,2021,3,6,19,0,179,191114,POINT (988207.4245194928 151130.52481856258),CROPSEY AVENUE BRIDGE,Coney Island Creek Shoreline,Dead end,NB
32970,Brooklyn,2021,3,6,19,15,185,191114,POINT (988207.4245194928 151130.52481856258),CROPSEY AVENUE BRIDGE,Coney Island Creek Shoreline,Dead end,NB
32970,Brooklyn,2021,3,6,19,30,192,191114,POINT (988207.4245194928 151130.52481856258),CROPSEY AVENUE BRIDGE,Coney Island Creek Shoreline,Dead end,NB
32970,Brooklyn,2021,3,6,19,45,162,191114,POINT (988207.4245194928 151130.52481856258),CROPSEY AVENUE BRIDGE,Coney Island Creek Shoreline,Dead end,NB
32970,Brooklyn,2021,3,6,20,0,151,191114,POINT (988207.4245194928 151130.52481856258),CROPSEY AVENUE BRIDGE,Coney Island Creek Shoreline,Dead end,NB
32970,Brooklyn,2021,3,6,20,15,137,191114,POINT (988207.4245194928 151130.52481856258),CROPSEY AVENUE BRIDGE,Coney Island Creek Shoreline,Dead end,NB
32970,Brooklyn,2021,3,6,20,30,159,191114,POINT (988207.4245194928 151130.52481856258),CROPSEY AVENUE BRIDGE,Coney Island Creek Shoreline,Dead end,NB
32970,Brooklyn,2021,3,6,20,45,134,191114,POINT (988207.4245194928 151130.52481856258),CROPSEY AVENUE BRIDGE,Coney Island Creek Shoreline,Dead end,NB
32970,Brooklyn,2021,3,6,21,0,127,191114,POINT (988207.4245194928 151130.52481856258),CROPSEY AVENUE BRIDGE,Coney Island Creek Shoreline,Dead end,NB
32970,Brooklyn,2021,3,6,21,15,125,191114,POINT (988207.4245194928 151130.52481856258),CROPSEY AVENUE BRIDGE,Coney Island Creek Shoreline,Dead end,NB
32970,Brooklyn,2021,3,6,21,30,123,191114,POINT (988207.4245194928 151130.52481856258),CROPSEY AVENUE BRIDGE,Coney Island Creek Shoreline,Dead end,NB
32970,Brooklyn,2021,3,6,21,45,107,191114,POINT (988207.4245194928 151130.52481856258),CROPSEY AVENUE BRIDGE,Coney Island Creek Shoreline,Dead end,NB
32970,Brooklyn,2021,3,6,22,0,128,191114,POINT (988207.4245194928 151130.52481856258),CROPSEY AVENUE BRIDGE,Coney Island Creek Shoreline,Dead end,NB
32970,Brooklyn,2021,3,6,22,15,111,191114,POINT (988207.4245194928 151130.52481856258),CROPSEY AVENUE BRIDGE,Coney Island Creek Shoreline,Dead end,NB
32970,Brooklyn,2021,3,6,22,30,76,191114,POINT (988207.4245194928 151130.52481856258),CROPSEY AVENUE BRIDGE,Coney Island Creek Shoreline,Dead end,NB
32970,Brooklyn,2021,3,6,22,45,85,191114,POINT (988207.4245194928 151130.52481856258),CROPSEY AVENUE BRIDGE,Coney Island Creek Shoreline,Dead end,NB
32970,Brooklyn,2021,3,6,23,0,106,191114,POINT (988207.4245194928 151130.52481856258),CROPSEY AVENUE BRIDGE,Coney Island Creek Shoreline,Dead end,NB
32970,Brooklyn,2021,3,6,23,15,101,191114,POINT (988207.4245194928 151130.52481856258),CROPSEY AVENUE BRIDGE,Coney Island Creek Shoreline,Dead end,NB
32970,Brooklyn,2021,3,6,23,30,89,191114,POINT (988207.4245194928 151130.52481856258),CROPSEY AVENUE BRIDGE,Coney Island Creek Shoreline,Dead end,NB
32970,Brooklyn,2021,3,6,23,45,88,191114,POINT (988207.4245194928 151130.52481856258),CROPSEY AVENUE BRIDGE,Coney Island Creek Shoreline,Dead end,NB
32970,Brooklyn,2021,3,7,0,0,88,191114,POINT (988207.4245194928 151130.52481856258),CROPSEY AVENUE BRIDGE,Coney Island Creek Shoreline,Dead end,NB
32970,Brooklyn,2021,3,7,0,15,71,191114,POINT (988207.4245194928 151130.52481856258),CROPSEY AVENUE BRIDGE,Coney Island Creek Shoreline,Dead end,NB
32970,Brooklyn,2021,3,7,0,30,73,191114,POINT (988207.4245194928 151130.52481856258),CROPSEY AVENUE BRIDGE,Coney Island Creek Shoreline,Dead end,NB
32970,Brooklyn,2021,3,7,0,45,64,191114,POINT (988207.4245194928 151130.52481856258),CROPSEY AVENUE BRIDGE,Coney Island Creek Shoreline,Dead end,NB
32970,Brooklyn,2021,3,7,1,0,48,191114,POINT (988207.4245194928 151130.52481856258),CROPSEY AVENUE BRIDGE,Coney Island Creek Shoreline,Dead end,NB
32970,Brooklyn,2021,3,7,1,15,55,191114,POINT (988207.4245194928 151130.52481856258),CROPSEY AVENUE BRIDGE,Coney Island Creek Shoreline,Dead end,NB
32970,Brooklyn,2021,3,7,1,30,62,191114,POINT (988207.4245194928 151130.52481856258),CROPSEY AVENUE BRIDGE,Coney Island Creek Shoreline,Dead end,NB
32970,Brooklyn,2021,3,7,1,45,49,191114,POINT (988207.4245194928 151130.52481856258),CROPSEY AVENUE BRIDGE,Coney Island Creek Shoreline,Dead end,NB
32970,Brooklyn,2021,3,7,2,0,40,191114,POINT (988207.4245194928 151130.52481856258),CROPSEY AVENUE BRIDGE,Coney Island Creek Shoreline,Dead end,NB
32970,Brooklyn,2021,3,7,2,15,30,191114,POINT (988207.4245194928 151130.52481856258),CROPSEY AVENUE BRIDGE,Coney Island Creek Shoreline,Dead end,NB
32970,Brooklyn,2021,3,7,2,30,36,191114,POINT (988207.4245194928 151130.52481856258),CROPSEY AVENUE BRIDGE,Coney Island Creek Shoreline,Dead end,NB
32970,Brooklyn,2021,3,7,2,45,45,191114,POINT (988207.4245194928 151130.52481856258),CROPSEY AVENUE BRIDGE,Coney Island Creek Shoreline,Dead end,NB
32970,Brooklyn,2021,3,7,3,0,29,191114,POINT (988207.4245194928 151130.52481856258),CROPSEY AVENUE BRIDGE,Coney Island Creek Shoreline,Dead end,NB
32970,Brooklyn,2021,3,7,3,15,27,191114,POINT (988207.4245194928 151130.52481856258),CROPSEY AVENUE BRIDGE,Coney Island Creek Shoreline,Dead end,NB
32970,Brooklyn,2021,3,7,3,30,48,191114,POINT (988207.4245194928 151130.52481856258),CROPSEY AVENUE BRIDGE,Coney Island Creek Shoreline,Dead end,NB
32970,Brooklyn,2021,3,7,3,45,29,191114,POINT (988207.4245194928 151130.52481856258),CROPSEY AVENUE BRIDGE,Coney Island Creek Shoreline,Dead end,NB
32970,Brooklyn,2021,3,7,4,0,24,191114,POINT (988207.4245194928 151130.52481856258),CROPSEY AVENUE BRIDGE,Coney Island Creek Shoreline,Dead end,NB
32970,Brooklyn,2021,3,7,4,15,24,191114,POINT (988207.4245194928 151130.52481856258),CROPSEY AVENUE BRIDGE,Coney Island Creek Shoreline,Dead end,NB
32970,Brooklyn,2021,3,7,4,30,24,191114,POINT (988207.4245194928 151130.52481856258),CROPSEY AVENUE BRIDGE,Coney Island Creek Shoreline,Dead end,NB
32970,Brooklyn,2021,3,7,4,45,16,191114,POINT (988207.4245194928 151130.52481856258),CROPSEY AVENUE BRIDGE,Coney Island Creek Shoreline,Dead end,NB
32970,Brooklyn,2021,3,7,5,0,30,191114,POINT (988207.4245194928 151130.52481856258),CROPSEY AVENUE BRIDGE,Coney Island Creek Shoreline,Dead end,NB
32970,Brooklyn,2021,3,7,5,15,28,191114,POINT (988207.4245194928 151130.52481856258),CROPSEY AVENUE BRIDGE,Coney Island Creek Shoreline,Dead end,NB
32970,Brooklyn,2021,3,7,5,30,38,191114,POINT (988207.4245194928 151130.52481856258),CROPSEY AVENUE BRIDGE,Coney Island Creek Shoreline,Dead end,NB
32970,Brooklyn,2021,3,7,5,45,26,191114,POINT (988207.4245194928 151130.52481856258),CROPSEY AVENUE BRIDGE,Coney Island Creek Shoreline,Dead end,NB
32970,Brooklyn,2021,3,7,6,0,60,191114,POINT (988207.4245194928 151130.52481856258),CROPSEY AVENUE BRIDGE,Coney Island Creek Shoreline,Dead end,NB
32970,Brooklyn,2021,3,7,6,15,51,191114,POINT (988207.4245194928 151130.52481856258),CROPSEY AVENUE BRIDGE,Coney Island Creek Shoreline,Dead end,NB
32970,Brooklyn,2021,3,7,6,30,72,191114,POINT (988207.4245194928 151130.52481856258),CROPSEY AVENUE BRIDGE,Coney Island Creek Shoreline,Dead end,NB
32970,Brooklyn,2021,3,7,6,45,57,191114,POINT (988207.4245194928 151130.52481856258),CROPSEY AVENUE BRIDGE,Coney Island Creek Shoreline,Dead end,NB
32970,Brooklyn,2021,3,7,7,0,59,191114,POINT (988207.4245194928 151130.52481856258),CROPSEY AVENUE BRIDGE,Coney Island Creek Shoreline,Dead end,NB
32970,Brooklyn,2021,3,7,7,15,88,191114,POINT (988207.4245194928 151130.52481856258),CROPSEY AVENUE BRIDGE,Coney Island Creek Shoreline,Dead end,NB
32970,Brooklyn,2021,3,7,7,30,90,191114,POINT (988207.4245194928 151130.52481856258),CROPSEY AVENUE BRIDGE,Coney Island Creek Shoreline,Dead end,NB
32970,Brooklyn,2021,3,7,7,45,84,191114,POINT (988207.4245194928 151130.52481856258),CROPSEY AVENUE BRIDGE,Coney Island Creek Shoreline,Dead end,NB
32970,Brooklyn,2021,3,7,8,0,116,191114,POINT (988207.4245194928 151130.52481856258),CROPSEY AVENUE BRIDGE,Coney Island Creek Shoreline,Dead end,NB
32970,Brooklyn,2021,3,7,8,15,129,191114,POINT (988207.4245194928 151130.52481856258),CROPSEY AVENUE BRIDGE,Coney Island Creek Shoreline,Dead end,NB
32970,Brooklyn,2021,3,7,8,30,116,191114,POINT (988207.4245194928 151130.52481856258),CROPSEY AVENUE BRIDGE,Coney Island Creek Shoreline,Dead end,NB
32970,Brooklyn,2021,3,7,8,45,146,191114,POINT (988207.4245194928 151130.52481856258),CROPSEY AVENUE BRIDGE,Coney Island Creek Shoreline,Dead end,NB
32970,Brooklyn,2021,3,7,9,0,148,191114,POINT (988207.4245194928 151130.52481856258),CROPSEY AVENUE BRIDGE,Coney Island Creek Shoreline,Dead end,NB
32970,Brooklyn,2021,3,7,9,15,155,191114,POINT (988207.4245194928 151130.52481856258),CROPSEY AVENUE BRIDGE,Coney Island Creek Shoreline,Dead end,NB
32970,Brooklyn,2021,3,7,9,30,160,191114,POINT (988207.4245194928 151130.52481856258),CROPSEY AVENUE BRIDGE,Coney Island Creek Shoreline,Dead end,NB
32970,Brooklyn,2021,3,7,9,45,168,191114,POINT (988207.4245194928 151130.52481856258),CROPSEY AVENUE BRIDGE,Coney Island Creek Shoreline,Dead end,NB
32970,Brooklyn,2021,3,7,10,0,173,191114,POINT (988207.4245194928 151130.52481856258),CROPSEY AVENUE BRIDGE,Coney Island Creek Shoreline,Dead end,NB
32970,Brooklyn,2021,3,7,10,15,172,191114,POINT (988207.4245194928 151130.52481856258),CROPSEY AVENUE BRIDGE,Coney Island Creek Shoreline,Dead end,NB
32970,Brooklyn,2021,3,7,10,30,198,191114,POINT (988207.4245194928 151130.52481856258),CROPSEY AVENUE BRIDGE,Coney Island Creek Shoreline,Dead end,NB
32970,Brooklyn,2021,3,7,10,45,202,191114,POINT (988207.4245194928 151130.52481856258),CROPSEY AVENUE BRIDGE,Coney Island Creek Shoreline,Dead end,NB
32970,Brooklyn,2021,3,7,11,0,209,191114,POINT (988207.4245194928 151130.52481856258),CROPSEY AVENUE BRIDGE,Coney Island Creek Shoreline,Dead end,NB
32970,Brooklyn,2021,3,7,11,15,216,191114,POINT (988207.4245194928 151130.52481856258),CROPSEY AVENUE BRIDGE,Coney Island Creek Shoreline,Dead end,NB
32970,Brooklyn,2021,3,7,11,30,228,191114,POINT (988207.4245194928 151130.52481856258),CROPSEY AVENUE BRIDGE,Coney Island Creek Shoreline,Dead end,NB
32970,Brooklyn,2021,3,7,11,45,210,191114,POINT (988207.4245194928 151130.52481856258),CROPSEY AVENUE BRIDGE,Coney Island Creek Shoreline,Dead end,NB
32970,Brooklyn,2021,3,7,12,0,206,191114,POINT (988207.4245194928 151130.52481856258),CROPSEY AVENUE BRIDGE,Coney Island Creek Shoreline,Dead end,NB
32970,Brooklyn,2021,3,7,12,15,239,191114,POINT (988207.4245194928 151130.52481856258),CROPSEY AVENUE BRIDGE,Coney Island Creek Shoreline,Dead end,NB
32970,Brooklyn,2021,3,7,12,30,228,191114,POINT (988207.4245194928 151130.52481856258),CROPSEY AVENUE BRIDGE,Coney Island Creek Shoreline,Dead end,NB
32970,Brooklyn,2021,3,7,12,45,220,191114,POINT (988207.4245194928 151130.52481856258),CROPSEY AVENUE BRIDGE,Coney Island Creek Shoreline,Dead end,NB
32970,Brooklyn,2021,3,7,13,0,259,191114,POINT (988207.4245194928 151130.52481856258),CROPSEY AVENUE BRIDGE,Coney Island Creek Shoreline,Dead end,NB
32970,Brooklyn,2021,3,7,13,15,242,191114,POINT (988207.4245194928 151130.52481856258),CROPSEY AVENUE BRIDGE,Coney Island Creek Shoreline,Dead end,NB
32970,Brooklyn,2021,3,7,13,30,229,191114,POINT (988207.4245194928 151130.52481856258),CROPSEY AVENUE BRIDGE,Coney Island Creek Shoreline,Dead end,NB
32970,Brooklyn,2021,3,7,13,45,220,191114,POINT (988207.4245194928 151130.52481856258),CROPSEY AVENUE BRIDGE,Coney Island Creek Shoreline,Dead end,NB
32970,Brooklyn,2021,3,7,14,0,256,191114,POINT (988207.4245194928 151130.52481856258),CROPSEY AVENUE BRIDGE,Coney Island Creek Shoreline,Dead end,NB
32970,Brooklyn,2021,3,7,14,15,253,191114,POINT (988207.4245194928 151130.52481856258),CROPSEY AVENUE BRIDGE,Coney Island Creek Shoreline,Dead end,NB
32970,Brooklyn,2021,3,7,14,30,247,191114,POINT (988207.4245194928 151130.52481856258),CROPSEY AVENUE BRIDGE,Coney Island Creek Shoreline,Dead end,NB
32970,Brooklyn,2021,3,7,14,45,239,191114,POINT (988207.4245194928 151130.52481856258),CROPSEY AVENUE BRIDGE,Coney Island Creek Shoreline,Dead end,NB
32970,Brooklyn,2021,3,7,15,0,232,191114,POINT (988207.4245194928 151130.52481856258),CROPSEY AVENUE BRIDGE,Coney Island Creek Shoreline,Dead end,NB
32970,Brooklyn,2021,3,7,15,15,249,191114,POINT (988207.4245194928 151130.52481856258),CROPSEY AVENUE BRIDGE,Coney Island Creek Shoreline,Dead end,NB
32970,Brooklyn,2021,3,7,15,30,223,191114,POINT (988207.4245194928 151130.52481856258),CROPSEY AVENUE BRIDGE,Coney Island Creek Shoreline,Dead end,NB
32970,Brooklyn,2021,3,7,15,45,277,191114,POINT (988207.4245194928 151130.52481856258),CROPSEY AVENUE BRIDGE,Coney Island Creek Shoreline,Dead end,NB
32970,Brooklyn,2021,3,7,16,0,241,191114,POINT (988207.4245194928 151130.52481856258),CROPSEY AVENUE BRIDGE,Coney Island Creek Shoreline,Dead end,NB
32970,Brooklyn,2021,3,7,16,15,229,191114,POINT (988207.4245194928 151130.52481856258),CROPSEY AVENUE BRIDGE,Coney Island Creek Shoreline,Dead end,NB
32970,Brooklyn,2021,3,7,16,30,223,191114,POINT (988207.4245194928 151130.52481856258),CROPSEY AVENUE BRIDGE,Coney Island Creek Shoreline,Dead end,NB
32970,Brooklyn,2021,3,7,16,45,209,191114,POINT (988207.4245194928 151130.52481856258),CROPSEY AVENUE BRIDGE,Coney Island Creek Shoreline,Dead end,NB
32970,Brooklyn,2021,3,7,17,0,203,191114,POINT (988207.4245194928 151130.52481856258),CROPSEY AVENUE BRIDGE,Coney Island Creek Shoreline,Dead end,NB
32970,Brooklyn,2021,3,7,17,15,217,191114,POINT (988207.4245194928 151130.52481856258),CROPSEY AVENUE BRIDGE,Coney Island Creek Shoreline,Dead end,NB
32970,Brooklyn,2021,3,7,17,30,195,191114,POINT (988207.4245194928 151130.52481856258),CROPSEY AVENUE BRIDGE,Coney Island Creek Shoreline,Dead end,NB
32970,Brooklyn,2021,3,7,17,45,197,191114,POINT (988207.4245194928 151130.52481856258),CROPSEY AVENUE BRIDGE,Coney Island Creek Shoreline,Dead end,NB
32970,Brooklyn,2021,3,7,18,0,226,191114,POINT (988207.4245194928 151130.52481856258),CROPSEY AVENUE BRIDGE,Coney Island Creek Shoreline,Dead end,NB
32970,Brooklyn,2021,3,7,18,15,192,191114,POINT (988207.4245194928 151130.52481856258),CROPSEY AVENUE BRIDGE,Coney Island Creek Shoreline,Dead end,NB
32970,Brooklyn,2021,3,7,18,30,166,191114,POINT (988207.4245194928 151130.52481856258),CROPSEY AVENUE BRIDGE,Coney Island Creek Shoreline,Dead end,NB
32970,Brooklyn,2021,3,7,18,45,202,191114,POINT (988207.4245194928 151130.52481856258),CROPSEY AVENUE BRIDGE,Coney Island Creek Shoreline,Dead end,NB
32970,Brooklyn,2021,3,7,19,0,154,191114,POINT (988207.4245194928 151130.52481856258),CROPSEY AVENUE BRIDGE,Coney Island Creek Shoreline,Dead end,NB
32970,Brooklyn,2021,3,7,19,15,146,191114,POINT (988207.4245194928 151130.52481856258),CROPSEY AVENUE BRIDGE,Coney Island Creek Shoreline,Dead end,NB
32970,Brooklyn,2021,3,7,19,30,160,191114,POINT (988207.4245194928 151130.52481856258),CROPSEY AVENUE BRIDGE,Coney Island Creek Shoreline,Dead end,NB
32970,Brooklyn,2021,3,7,19,45,127,191114,POINT (988207.4245194928 151130.52481856258),CROPSEY AVENUE BRIDGE,Coney Island Creek Shoreline,Dead end,NB
32970,Brooklyn,2021,3,7,20,0,150,191114,POINT (988207.4245194928 151130.52481856258),CROPSEY AVENUE BRIDGE,Coney Island Creek Shoreline,Dead end,NB
32970,Brooklyn,2021,3,7,20,15,125,191114,POINT (988207.4245194928 151130.52481856258),CROPSEY AVENUE BRIDGE,Coney Island Creek Shoreline,Dead end,NB
32970,Brooklyn,2021,3,7,20,30,96,191114,POINT (988207.4245194928 151130.52481856258),CROPSEY AVENUE BRIDGE,Coney Island Creek Shoreline,Dead end,NB
32970,Brooklyn,2021,3,7,20,45,116,191114,POINT (988207.4245194928 151130.52481856258),CROPSEY AVENUE BRIDGE,Coney Island Creek Shoreline,Dead end,NB
32970,Brooklyn,2021,3,7,21,0,106,191114,POINT (988207.4245194928 151130.52481856258),CROPSEY AVENUE BRIDGE,Coney Island Creek Shoreline,Dead end,NB
32970,Brooklyn,2021,3,7,21,15,113,191114,POINT (988207.4245194928 151130.52481856258),CROPSEY AVENUE BRIDGE,Coney Island Creek Shoreline,Dead end,NB
32970,Brooklyn,2021,3,7,21,30,110,191114,POINT (988207.4245194928 151130.52481856258),CROPSEY AVENUE BRIDGE,Coney Island Creek Shoreline,Dead end,NB
32970,Brooklyn,2021,3,7,21,45,84,191114,POINT (988207.4245194928 151130.52481856258),CROPSEY AVENUE BRIDGE,Coney Island Creek Shoreline,Dead end,NB
32970,Brooklyn,2021,3,7,22,0,95,191114,POINT (988207.4245194928 151130.52481856258),CROPSEY AVENUE BRIDGE,Coney Island Creek Shoreline,Dead end,NB
32970,Brooklyn,2021,3,7,22,15,73,191114,POINT (988207.4245194928 151130.52481856258),CROPSEY AVENUE BRIDGE,Coney Island Creek Shoreline,Dead end,NB
32970,Brooklyn,2021,3,7,22,30,60,191114,POINT (988207.4245194928 151130.52481856258),CROPSEY AVENUE BRIDGE,Coney Island Creek Shoreline,Dead end,NB
32970,Brooklyn,2021,3,7,22,45,71,191114,POINT (988207.4245194928 151130.52481856258),CROPSEY AVENUE BRIDGE,Coney Island Creek Shoreline,Dead end,NB
32970,Brooklyn,2021,3,7,23,0,78,191114,POINT (988207.4245194928 151130.52481856258),CROPSEY AVENUE BRIDGE,Coney Island Creek Shoreline,Dead end,NB
32970,Brooklyn,2021,3,7,23,15,66,191114,POINT (988207.4245194928 151130.52481856258),CROPSEY AVENUE BRIDGE,Coney Island Creek Shoreline,Dead end,NB
32970,Brooklyn,2021,3,7,23,30,73,191114,POINT (988207.4245194928 151130.52481856258),CROPSEY AVENUE BRIDGE,Coney Island Creek Shoreline,Dead end,NB
32970,Brooklyn,2021,3,7,23,45,72,191114,POINT (988207.4245194928 151130.52481856258),CROPSEY AVENUE BRIDGE,Coney Island Creek Shoreline,Dead end,NB
32970,Brooklyn,2021,3,8,0,0,53,191114,POINT (988207.4245194928 151130.52481856258),CROPSEY AVENUE BRIDGE,Coney Island Creek Shoreline,Dead end,NB
32970,Brooklyn,2021,3,8,0,15,41,191114,POINT (988207.4245194928 151130.52481856258),CROPSEY AVENUE BRIDGE,Coney Island Creek Shoreline,Dead end,NB
32970,Brooklyn,2021,3,8,0,30,52,191114,POINT (988207.4245194928 151130.52481856258),CROPSEY AVENUE BRIDGE,Coney Island Creek Shoreline,Dead end,NB
32970,Brooklyn,2021,3,8,0,45,36,191114,POINT (988207.4245194928 151130.52481856258),CROPSEY AVENUE BRIDGE,Coney Island Creek Shoreline,Dead end,NB
32970,Brooklyn,2021,3,8,1,0,35,191114,POINT (988207.4245194928 151130.52481856258),CROPSEY AVENUE BRIDGE,Coney Island Creek Shoreline,Dead end,NB
32970,Brooklyn,2021,3,8,1,15,26,191114,POINT (988207.4245194928 151130.52481856258),CROPSEY AVENUE BRIDGE,Coney Island Creek Shoreline,Dead end,NB
32970,Brooklyn,2021,3,8,1,30,22,191114,POINT (988207.4245194928 151130.52481856258),CROPSEY AVENUE BRIDGE,Coney Island Creek Shoreline,Dead end,NB
32970,Brooklyn,2021,3,8,1,45,29,191114,POINT (988207.4245194928 151130.52481856258),CROPSEY AVENUE BRIDGE,Coney Island Creek Shoreline,Dead end,NB
32970,Brooklyn,2021,3,8,2,0,26,191114,POINT (988207.4245194928 151130.52481856258),CROPSEY AVENUE BRIDGE,Coney Island Creek Shoreline,Dead end,NB
32970,Brooklyn,2021,3,8,2,15,24,191114,POINT (988207.4245194928 151130.52481856258),CROPSEY AVENUE BRIDGE,Coney Island Creek Shoreline,Dead end,NB
32970,Brooklyn,2021,3,8,2,30,15,191114,POINT (988207.4245194928 151130.52481856258),CROPSEY AVENUE BRIDGE,Coney Island Creek Shoreline,Dead end,NB
32970,Brooklyn,2021,3,8,2,45,16,191114,POINT (988207.4245194928 151130.52481856258),CROPSEY AVENUE BRIDGE,Coney Island Creek Shoreline,Dead end,NB
32970,Brooklyn,2021,3,8,3,0,16,191114,POINT (988207.4245194928 151130.52481856258),CROPSEY AVENUE BRIDGE,Coney Island Creek Shoreline,Dead end,NB
32970,Brooklyn,2021,3,8,3,15,23,191114,POINT (988207.4245194928 151130.52481856258),CROPSEY AVENUE BRIDGE,Coney Island Creek Shoreline,Dead end,NB
32970,Brooklyn,2021,3,8,3,30,19,191114,POINT (988207.4245194928 151130.52481856258),CROPSEY AVENUE BRIDGE,Coney Island Creek Shoreline,Dead end,NB
32970,Brooklyn,2021,3,8,3,45,22,191114,POINT (988207.4245194928 151130.52481856258),CROPSEY AVENUE BRIDGE,Coney Island Creek Shoreline,Dead end,NB
32970,Brooklyn,2021,3,8,4,0,31,191114,POINT (988207.4245194928 151130.52481856258),CROPSEY AVENUE BRIDGE,Coney Island Creek Shoreline,Dead end,NB
32970,Brooklyn,2021,3,8,4,15,31,191114,POINT (988207.4245194928 151130.52481856258),CROPSEY AVENUE BRIDGE,Coney Island Creek Shoreline,Dead end,NB
32970,Brooklyn,2021,3,8,4,30,39,191114,POINT (988207.4245194928 151130.52481856258),CROPSEY AVENUE BRIDGE,Coney Island Creek Shoreline,Dead end,NB
32970,Brooklyn,2021,3,8,4,45,48,191114,POINT (988207.4245194928 151130.52481856258),CROPSEY AVENUE BRIDGE,Coney Island Creek Shoreline,Dead end,NB
32970,Brooklyn,2021,3,8,5,0,53,191114,POINT (988207.4245194928 151130.52481856258),CROPSEY AVENUE BRIDGE,Coney Island Creek Shoreline,Dead end,NB
32970,Brooklyn,2021,3,8,5,15,68,191114,POINT (988207.4245194928 151130.52481856258),CROPSEY AVENUE BRIDGE,Coney Island Creek Shoreline,Dead end,NB
32970,Brooklyn,2021,3,8,5,30,77,191114,POINT (988207.4245194928 151130.52481856258),CROPSEY AVENUE BRIDGE,Coney Island Creek Shoreline,Dead end,NB
32970,Brooklyn,2021,3,8,5,45,70,191114,POINT (988207.4245194928 151130.52481856258),CROPSEY AVENUE BRIDGE,Coney Island Creek Shoreline,Dead end,NB
32970,Brooklyn,2021,3,8,6,0,121,191114,POINT (988207.4245194928 151130.52481856258),CROPSEY AVENUE BRIDGE,Coney Island Creek Shoreline,Dead end,NB
32970,Brooklyn,2021,3,8,6,15,127,191114,POINT (988207.4245194928 151130.52481856258),CROPSEY AVENUE BRIDGE,Coney Island Creek Shoreline,Dead end,NB
32970,Brooklyn,2021,3,8,6,30,151,191114,POINT (988207.4245194928 151130.52481856258),CROPSEY AVENUE BRIDGE,Coney Island Creek Shoreline,Dead end,NB
32970,Brooklyn,2021,3,8,6,45,179,191114,POINT (988207.4245194928 151130.52481856258),CROPSEY AVENUE BRIDGE,Coney Island Creek Shoreline,Dead end,NB
32970,Brooklyn,2021,3,8,7,0,188,191114,POINT (988207.4245194928 151130.52481856258),CROPSEY AVENUE BRIDGE,Coney Island Creek Shoreline,Dead end,NB
32970,Brooklyn,2021,3,8,7,15,206,191114,POINT (988207.4245194928 151130.52481856258),CROPSEY AVENUE BRIDGE,Coney Island Creek Shoreline,Dead end,NB
32970,Brooklyn,2021,3,8,7,30,197,191114,POINT (988207.4245194928 151130.52481856258),CROPSEY AVENUE BRIDGE,Coney Island Creek Shoreline,Dead end,NB
32970,Brooklyn,2021,3,8,7,45,207,191114,POINT (988207.4245194928 151130.52481856258),CROPSEY AVENUE BRIDGE,Coney Island Creek Shoreline,Dead end,NB
32970,Brooklyn,2021,3,8,8,0,206,191114,POINT (988207.4245194928 151130.52481856258),CROPSEY AVENUE BRIDGE,Coney Island Creek Shoreline,Dead end,NB
32970,Brooklyn,2021,3,8,8,15,213,191114,POINT (988207.4245194928 151130.52481856258),CROPSEY AVENUE BRIDGE,Coney Island Creek Shoreline,Dead end,NB
32970,Brooklyn,2021,3,8,8,30,196,191114,POINT (988207.4245194928 151130.52481856258),CROPSEY AVENUE BRIDGE,Coney Island Creek Shoreline,Dead end,NB
32970,Brooklyn,2021,3,8,8,45,201,191114,POINT (988207.4245194928 151130.52481856258),CROPSEY AVENUE BRIDGE,Coney Island Creek Shoreline,Dead end,NB
32970,Brooklyn,2021,3,8,9,0,212,191114,POINT (988207.4245194928 151130.52481856258),CROPSEY AVENUE BRIDGE,Coney Island Creek Shoreline,Dead end,NB
32970,Brooklyn,2021,3,8,9,15,225,191114,POINT (988207.4245194928 151130.52481856258),CROPSEY AVENUE BRIDGE,Coney Island Creek Shoreline,Dead end,NB
32970,Brooklyn,2021,3,8,9,30,200,191114,POINT (988207.4245194928 151130.52481856258),CROPSEY AVENUE BRIDGE,Coney Island Creek Shoreline,Dead end,NB
32970,Brooklyn,2021,3,8,9,45,227,191114,POINT (988207.4245194928 151130.52481856258),CROPSEY AVENUE BRIDGE,Coney Island Creek Shoreline,Dead end,NB
32970,Brooklyn,2021,3,8,10,0,185,191114,POINT (988207.4245194928 151130.52481856258),CROPSEY AVENUE BRIDGE,Coney Island Creek Shoreline,Dead end,NB
32970,Brooklyn,2021,3,8,10,15,204,191114,POINT (988207.4245194928 151130.52481856258),CROPSEY AVENUE BRIDGE,Coney Island Creek Shoreline,Dead end,NB
32970,Brooklyn,2021,3,8,10,30,197,191114,POINT (988207.4245194928 151130.52481856258),CROPSEY AVENUE BRIDGE,Coney Island Creek Shoreline,Dead end,NB
32970,Brooklyn,2021,3,8,10,45,202,191114,POINT (988207.4245194928 151130.52481856258),CROPSEY AVENUE BRIDGE,Coney Island Creek Shoreline,Dead end,NB
32970,Brooklyn,2021,3,8,11,0,223,191114,POINT (988207.4245194928 151130.52481856258),CROPSEY AVENUE BRIDGE,Coney Island Creek Shoreline,Dead end,NB
32970,Brooklyn,2021,3,8,11,15,212,191114,POINT (988207.4245194928 151130.52481856258),CROPSEY AVENUE BRIDGE,Coney Island Creek Shoreline,Dead end,NB
32970,Brooklyn,2021,3,8,11,30,201,191114,POINT (988207.4245194928 151130.52481856258),CROPSEY AVENUE BRIDGE,Coney Island Creek Shoreline,Dead end,NB
32970,Brooklyn,2021,3,8,11,45,265,191114,POINT (988207.4245194928 151130.52481856258),CROPSEY AVENUE BRIDGE,Coney Island Creek Shoreline,Dead end,NB
32970,Brooklyn,2021,3,8,12,0,222,191114,POINT (988207.4245194928 151130.52481856258),CROPSEY AVENUE BRIDGE,Coney Island Creek Shoreline,Dead end,NB
32970,Brooklyn,2021,3,8,12,15,232,191114,POINT (988207.4245194928 151130.52481856258),CROPSEY AVENUE BRIDGE,Coney Island Creek Shoreline,Dead end,NB
32970,Brooklyn,2021,3,8,12,30,286,191114,POINT (988207.4245194928 151130.52481856258),CROPSEY AVENUE BRIDGE,Coney Island Creek Shoreline,Dead end,NB
32970,Brooklyn,2021,3,8,12,45,227,191114,POINT (988207.4245194928 151130.52481856258),CROPSEY AVENUE BRIDGE,Coney Island Creek Shoreline,Dead end,NB
32970,Brooklyn,2021,3,8,13,0,250,191114,POINT (988207.4245194928 151130.52481856258),CROPSEY AVENUE BRIDGE,Coney Island Creek Shoreline,Dead end,NB
32970,Brooklyn,2021,3,8,13,15,249,191114,POINT (988207.4245194928 151130.52481856258),CROPSEY AVENUE BRIDGE,Coney Island Creek Shoreline,Dead end,NB
32970,Brooklyn,2021,3,8,13,30,267,191114,POINT (988207.4245194928 151130.52481856258),CROPSEY AVENUE BRIDGE,Coney Island Creek Shoreline,Dead end,NB
32970,Brooklyn,2021,3,8,13,45,247,191114,POINT (988207.4245194928 151130.52481856258),CROPSEY AVENUE BRIDGE,Coney Island Creek Shoreline,Dead end,NB
32970,Brooklyn,2021,3,8,14,0,272,191114,POINT (988207.4245194928 151130.52481856258),CROPSEY AVENUE BRIDGE,Coney Island Creek Shoreline,Dead end,NB
32970,Brooklyn,2021,3,8,14,15,321,191114,POINT (988207.4245194928 151130.52481856258),CROPSEY AVENUE BRIDGE,Coney Island Creek Shoreline,Dead end,NB
32970,Brooklyn,2021,3,8,14,30,303,191114,POINT (988207.4245194928 151130.52481856258),CROPSEY AVENUE BRIDGE,Coney Island Creek Shoreline,Dead end,NB
32970,Brooklyn,2021,3,8,14,45,317,191114,POINT (988207.4245194928 151130.52481856258),CROPSEY AVENUE BRIDGE,Coney Island Creek Shoreline,Dead end,NB
32970,Brooklyn,2021,3,8,15,0,262,191114,POINT (988207.4245194928 151130.52481856258),CROPSEY AVENUE BRIDGE,Coney Island Creek Shoreline,Dead end,NB
32970,Brooklyn,2021,3,8,15,15,273,191114,POINT (988207.4245194928 151130.52481856258),CROPSEY AVENUE BRIDGE,Coney Island Creek Shoreline,Dead end,NB
32970,Brooklyn,2021,3,8,15,30,302,191114,POINT (988207.4245194928 151130.52481856258),CROPSEY AVENUE BRIDGE,Coney Island Creek Shoreline,Dead end,NB
32970,Brooklyn,2021,3,8,15,45,298,191114,POINT (988207.4245194928 151130.52481856258),CROPSEY AVENUE BRIDGE,Coney Island Creek Shoreline,Dead end,NB
32970,Brooklyn,2021,3,8,16,0,244,191114,POINT (988207.4245194928 151130.52481856258),CROPSEY AVENUE BRIDGE,Coney Island Creek Shoreline,Dead end,NB
32970,Brooklyn,2021,3,8,16,15,285,191114,POINT (988207.4245194928 151130.52481856258),CROPSEY AVENUE BRIDGE,Coney Island Creek Shoreline,Dead end,NB
32970,Brooklyn,2021,3,8,16,30,244,191114,POINT (988207.4245194928 151130.52481856258),CROPSEY AVENUE BRIDGE,Coney Island Creek Shoreline,Dead end,NB
32970,Brooklyn,2021,3,8,16,45,250,191114,POINT (988207.4245194928 151130.52481856258),CROPSEY AVENUE BRIDGE,Coney Island Creek Shoreline,Dead end,NB
32970,Brooklyn,2021,3,8,17,0,284,191114,POINT (988207.4245194928 151130.52481856258),CROPSEY AVENUE BRIDGE,Coney Island Creek Shoreline,Dead end,NB
32970,Brooklyn,2021,3,8,17,15,280,191114,POINT (988207.4245194928 151130.52481856258),CROPSEY AVENUE BRIDGE,Coney Island Creek Shoreline,Dead end,NB
32970,Brooklyn,2021,3,8,17,30,251,191114,POINT (988207.4245194928 151130.52481856258),CROPSEY AVENUE BRIDGE,Coney Island Creek Shoreline,Dead end,NB
32970,Brooklyn,2021,3,8,17,45,230,191114,POINT (988207.4245194928 151130.52481856258),CROPSEY AVENUE BRIDGE,Coney Island Creek Shoreline,Dead end,NB
32970,Brooklyn,2021,3,8,18,0,212,191114,POINT (988207.4245194928 151130.52481856258),CROPSEY AVENUE BRIDGE,Coney Island Creek Shoreline,Dead end,NB
32970,Brooklyn,2021,3,8,18,15,248,191114,POINT (988207.4245194928 151130.52481856258),CROPSEY AVENUE BRIDGE,Coney Island Creek Shoreline,Dead end,NB
32970,Brooklyn,2021,3,8,18,30,222,191114,POINT (988207.4245194928 151130.52481856258),CROPSEY AVENUE BRIDGE,Coney Island Creek Shoreline,Dead end,NB
32970,Brooklyn,2021,3,8,18,45,183,191114,POINT (988207.4245194928 151130.52481856258),CROPSEY AVENUE BRIDGE,Coney Island Creek Shoreline,Dead end,NB
32970,Brooklyn,2021,3,8,19,0,177,191114,POINT (988207.4245194928 151130.52481856258),CROPSEY AVENUE BRIDGE,Coney Island Creek Shoreline,Dead end,NB
32970,Brooklyn,2021,3,8,19,15,202,191114,POINT (988207.4245194928 151130.52481856258),CROPSEY AVENUE BRIDGE,Coney Island Creek Shoreline,Dead end,NB
32970,Brooklyn,2021,3,8,19,30,182,191114,POINT (988207.4245194928 151130.52481856258),CROPSEY AVENUE BRIDGE,Coney Island Creek Shoreline,Dead end,NB
32970,Brooklyn,2021,3,8,19,45,168,191114,POINT (988207.4245194928 151130.52481856258),CROPSEY AVENUE BRIDGE,Coney Island Creek Shoreline,Dead end,NB
32970,Brooklyn,2021,3,8,20,0,177,191114,POINT (988207.4245194928 151130.52481856258),CROPSEY AVENUE BRIDGE,Coney Island Creek Shoreline,Dead end,NB
32970,Brooklyn,2021,3,8,20,15,162,191114,POINT (988207.4245194928 151130.52481856258),CROPSEY AVENUE BRIDGE,Coney Island Creek Shoreline,Dead end,NB
32970,Brooklyn,2021,3,8,20,30,147,191114,POINT (988207.4245194928 151130.52481856258),CROPSEY AVENUE BRIDGE,Coney Island Creek Shoreline,Dead end,NB
32970,Brooklyn,2021,3,8,20,45,114,191114,POINT (988207.4245194928 151130.52481856258),CROPSEY AVENUE BRIDGE,Coney Island Creek Shoreline,Dead end,NB
32970,Brooklyn,2021,3,8,21,0,115,191114,POINT (988207.4245194928 151130.52481856258),CROPSEY AVENUE BRIDGE,Coney Island Creek Shoreline,Dead end,NB
32970,Brooklyn,2021,3,8,21,15,97,191114,POINT (988207.4245194928 151130.52481856258),CROPSEY AVENUE BRIDGE,Coney Island Creek Shoreline,Dead end,NB
32970,Brooklyn,2021,3,8,21,30,77,191114,POINT (988207.4245194928 151130.52481856258),CROPSEY AVENUE BRIDGE,Coney Island Creek Shoreline,Dead end,NB
32970,Brooklyn,2021,3,8,21,45,95,191114,POINT (988207.4245194928 151130.52481856258),CROPSEY AVENUE BRIDGE,Coney Island Creek Shoreline,Dead end,NB
32970,Brooklyn,2021,3,8,22,0,101,191114,POINT (988207.4245194928 151130.52481856258),CROPSEY AVENUE BRIDGE,Coney Island Creek Shoreline,Dead end,NB
32970,Brooklyn,2021,3,8,22,15,84,191114,POINT (988207.4245194928 151130.52481856258),CROPSEY AVENUE BRIDGE,Coney Island Creek Shoreline,Dead end,NB
32970,Brooklyn,2021,3,8,22,30,75,191114,POINT (988207.4245194928 151130.52481856258),CROPSEY AVENUE BRIDGE,Coney Island Creek Shoreline,Dead end,NB
32970,Brooklyn,2021,3,8,22,45,63,191114,POINT (988207.4245194928 151130.52481856258),CROPSEY AVENUE BRIDGE,Coney Island Creek Shoreline,Dead end,NB
32970,Brooklyn,2021,3,8,23,0,83,191114,POINT (988207.4245194928 151130.52481856258),CROPSEY AVENUE BRIDGE,Coney Island Creek Shoreline,Dead end,NB
32970,Brooklyn,2021,3,8,23,15,72,191114,POINT (988207.4245194928 151130.52481856258),CROPSEY AVENUE BRIDGE,Coney Island Creek Shoreline,Dead end,NB
32970,Brooklyn,2021,3,8,23,30,43,191114,POINT (988207.4245194928 151130.52481856258),CROPSEY AVENUE BRIDGE,Coney Island Creek Shoreline,Dead end,NB
32970,Brooklyn,2021,3,8,23,45,64,191114,POINT (988207.4245194928 151130.52481856258),CROPSEY AVENUE BRIDGE,Coney Island Creek Shoreline,Dead end,NB
32970,Brooklyn,2021,3,9,0,0,53,191114,POINT (988207.4245194928 151130.52481856258),CROPSEY AVENUE BRIDGE,Coney Island Creek Shoreline,Dead end,NB
32970,Brooklyn,2021,3,9,0,15,54,191114,POINT (988207.4245194928 151130.52481856258),CROPSEY AVENUE BRIDGE,Coney Island Creek Shoreline,Dead end,NB
32970,Brooklyn,2021,3,9,0,30,41,191114,POINT (988207.4245194928 151130.52481856258),CROPSEY AVENUE BRIDGE,Coney Island Creek Shoreline,Dead end,NB
32970,Brooklyn,2021,3,9,0,45,29,191114,POINT (988207.4245194928 151130.52481856258),CROPSEY AVENUE BRIDGE,Coney Island Creek Shoreline,Dead end,NB
32970,Brooklyn,2021,3,9,1,0,36,191114,POINT (988207.4245194928 151130.52481856258),CROPSEY AVENUE BRIDGE,Coney Island Creek Shoreline,Dead end,NB
32970,Brooklyn,2021,3,9,1,15,39,191114,POINT (988207.4245194928 151130.52481856258),CROPSEY AVENUE BRIDGE,Coney Island Creek Shoreline,Dead end,NB
32970,Brooklyn,2021,3,9,1,30,29,191114,POINT (988207.4245194928 151130.52481856258),CROPSEY AVENUE BRIDGE,Coney Island Creek Shoreline,Dead end,NB
32970,Brooklyn,2021,3,9,1,45,22,191114,POINT (988207.4245194928 151130.52481856258),CROPSEY AVENUE BRIDGE,Coney Island Creek Shoreline,Dead end,NB
32970,Brooklyn,2021,3,9,2,0,17,191114,POINT (988207.4245194928 151130.52481856258),CROPSEY AVENUE BRIDGE,Coney Island Creek Shoreline,Dead end,NB
32970,Brooklyn,2021,3,9,2,15,8,191114,POINT (988207.4245194928 151130.52481856258),CROPSEY AVENUE BRIDGE,Coney Island Creek Shoreline,Dead end,NB
32970,Brooklyn,2021,3,9,2,30,16,191114,POINT (988207.4245194928 151130.52481856258),CROPSEY AVENUE BRIDGE,Coney Island Creek Shoreline,Dead end,NB
32970,Brooklyn,2021,3,9,2,45,16,191114,POINT (988207.4245194928 151130.52481856258),CROPSEY AVENUE BRIDGE,Coney Island Creek Shoreline,Dead end,NB
32970,Brooklyn,2021,3,9,3,0,19,191114,POINT (988207.4245194928 151130.52481856258),CROPSEY AVENUE BRIDGE,Coney Island Creek Shoreline,Dead end,NB
32970,Brooklyn,2021,3,9,3,15,19,191114,POINT (988207.4245194928 151130.52481856258),CROPSEY AVENUE BRIDGE,Coney Island Creek Shoreline,Dead end,NB
32970,Brooklyn,2021,3,9,3,30,26,191114,POINT (988207.4245194928 151130.52481856258),CROPSEY AVENUE BRIDGE,Coney Island Creek Shoreline,Dead end,NB
32970,Brooklyn,2021,3,9,3,45,24,191114,POINT (988207.4245194928 151130.52481856258),CROPSEY AVENUE BRIDGE,Coney Island Creek Shoreline,Dead end,NB
32970,Brooklyn,2021,3,9,4,0,26,191114,POINT (988207.4245194928 151130.52481856258),CROPSEY AVENUE BRIDGE,Coney Island Creek Shoreline,Dead end,NB
32970,Brooklyn,2021,3,9,4,15,29,191114,POINT (988207.4245194928 151130.52481856258),CROPSEY AVENUE BRIDGE,Coney Island Creek Shoreline,Dead end,NB
32970,Brooklyn,2021,3,9,4,30,40,191114,POINT (988207.4245194928 151130.52481856258),CROPSEY AVENUE BRIDGE,Coney Island Creek Shoreline,Dead end,NB
32970,Brooklyn,2021,3,9,4,45,52,191114,POINT (988207.4245194928 151130.52481856258),CROPSEY AVENUE BRIDGE,Coney Island Creek Shoreline,Dead end,NB
32970,Brooklyn,2021,3,9,5,0,49,191114,POINT (988207.4245194928 151130.52481856258),CROPSEY AVENUE BRIDGE,Coney Island Creek Shoreline,Dead end,NB
32970,Brooklyn,2021,3,9,5,15,58,191114,POINT (988207.4245194928 151130.52481856258),CROPSEY AVENUE BRIDGE,Coney Island Creek Shoreline,Dead end,NB
32970,Brooklyn,2021,3,9,5,30,67,191114,POINT (988207.4245194928 151130.52481856258),CROPSEY AVENUE BRIDGE,Coney Island Creek Shoreline,Dead end,NB
32970,Brooklyn,2021,3,9,5,45,93,191114,POINT (988207.4245194928 151130.52481856258),CROPSEY AVENUE BRIDGE,Coney Island Creek Shoreline,Dead end,NB
32970,Brooklyn,2021,3,9,6,0,128,191114,POINT (988207.4245194928 151130.52481856258),CROPSEY AVENUE BRIDGE,Coney Island Creek Shoreline,Dead end,NB
32970,Brooklyn,2021,3,9,6,15,128,191114,POINT (988207.4245194928 151130.52481856258),CROPSEY AVENUE BRIDGE,Coney Island Creek Shoreline,Dead end,NB
32970,Brooklyn,2021,3,9,6,30,151,191114,POINT (988207.4245194928 151130.52481856258),CROPSEY AVENUE BRIDGE,Coney Island Creek Shoreline,Dead end,NB
32970,Brooklyn,2021,3,9,6,45,139,191114,POINT (988207.4245194928 151130.52481856258),CROPSEY AVENUE BRIDGE,Coney Island Creek Shoreline,Dead end,NB
32970,Brooklyn,2021,3,9,7,0,179,191114,POINT (988207.4245194928 151130.52481856258),CROPSEY AVENUE BRIDGE,Coney Island Creek Shoreline,Dead end,NB
32970,Brooklyn,2021,3,9,7,15,204,191114,POINT (988207.4245194928 151130.52481856258),CROPSEY AVENUE BRIDGE,Coney Island Creek Shoreline,Dead end,NB
32970,Brooklyn,2021,3,9,7,30,234,191114,POINT (988207.4245194928 151130.52481856258),CROPSEY AVENUE BRIDGE,Coney Island Creek Shoreline,Dead end,NB
32970,Brooklyn,2021,3,9,7,45,223,191114,POINT (988207.4245194928 151130.52481856258),CROPSEY AVENUE BRIDGE,Coney Island Creek Shoreline,Dead end,NB
32970,Brooklyn,2021,3,9,8,0,262,191114,POINT (988207.4245194928 151130.52481856258),CROPSEY AVENUE BRIDGE,Coney Island Creek Shoreline,Dead end,NB
32970,Brooklyn,2021,3,9,8,15,252,191114,POINT (988207.4245194928 151130.52481856258),CROPSEY AVENUE BRIDGE,Coney Island Creek Shoreline,Dead end,NB
32970,Brooklyn,2021,3,9,8,30,253,191114,POINT (988207.4245194928 151130.52481856258),CROPSEY AVENUE BRIDGE,Coney Island Creek Shoreline,Dead end,NB
32970,Brooklyn,2021,3,9,8,45,233,191114,POINT (988207.4245194928 151130.52481856258),CROPSEY AVENUE BRIDGE,Coney Island Creek Shoreline,Dead end,NB
32970,Brooklyn,2021,3,9,9,0,235,191114,POINT (988207.4245194928 151130.52481856258),CROPSEY AVENUE BRIDGE,Coney Island Creek Shoreline,Dead end,NB
32970,Brooklyn,2021,3,9,9,15,238,191114,POINT (988207.4245194928 151130.52481856258),CROPSEY AVENUE BRIDGE,Coney Island Creek Shoreline,Dead end,NB
32970,Brooklyn,2021,3,9,9,30,205,191114,POINT (988207.4245194928 151130.52481856258),CROPSEY AVENUE BRIDGE,Coney Island Creek Shoreline,Dead end,NB
32970,Brooklyn,2021,3,9,9,45,215,191114,POINT (988207.4245194928 151130.52481856258),CROPSEY AVENUE BRIDGE,Coney Island Creek Shoreline,Dead end,NB
32970,Brooklyn,2021,3,9,10,0,193,191114,POINT (988207.4245194928 151130.52481856258),CROPSEY AVENUE BRIDGE,Coney Island Creek Shoreline,Dead end,NB
32970,Brooklyn,2021,3,9,10,15,221,191114,POINT (988207.4245194928 151130.52481856258),CROPSEY AVENUE BRIDGE,Coney Island Creek Shoreline,Dead end,NB
32970,Brooklyn,2021,3,9,10,30,209,191114,POINT (988207.4245194928 151130.52481856258),CROPSEY AVENUE BRIDGE,Coney Island Creek Shoreline,Dead end,NB
32970,Brooklyn,2021,3,9,10,45,201,191114,POINT (988207.4245194928 151130.52481856258),CROPSEY AVENUE BRIDGE,Coney Island Creek Shoreline,Dead end,NB
32970,Brooklyn,2021,3,9,11,0,226,191114,POINT (988207.4245194928 151130.52481856258),CROPSEY AVENUE BRIDGE,Coney Island Creek Shoreline,Dead end,NB
32970,Brooklyn,2021,3,9,11,15,199,191114,POINT (988207.4245194928 151130.52481856258),CROPSEY AVENUE BRIDGE,Coney Island Creek Shoreline,Dead end,NB
32970,Brooklyn,2021,3,9,11,30,215,191114,POINT (988207.4245194928 151130.52481856258),CROPSEY AVENUE BRIDGE,Coney Island Creek Shoreline,Dead end,NB
32970,Brooklyn,2021,3,9,11,45,244,191114,POINT (988207.4245194928 151130.52481856258),CROPSEY AVENUE BRIDGE,Coney Island Creek Shoreline,Dead end,NB
32970,Brooklyn,2021,3,9,12,0,234,191114,POINT (988207.4245194928 151130.52481856258),CROPSEY AVENUE BRIDGE,Coney Island Creek Shoreline,Dead end,NB
32970,Brooklyn,2021,3,9,12,15,232,191114,POINT (988207.4245194928 151130.52481856258),CROPSEY AVENUE BRIDGE,Coney Island Creek Shoreline,Dead end,NB
32970,Brooklyn,2021,3,9,12,30,208,191114,POINT (988207.4245194928 151130.52481856258),CROPSEY AVENUE BRIDGE,Coney Island Creek Shoreline,Dead end,NB
32970,Brooklyn,2021,3,9,12,45,262,191114,POINT (988207.4245194928 151130.52481856258),CROPSEY AVENUE BRIDGE,Coney Island Creek Shoreline,Dead end,NB
32970,Brooklyn,2021,3,9,13,0,244,191114,POINT (988207.4245194928 151130.52481856258),CROPSEY AVENUE BRIDGE,Coney Island Creek Shoreline,Dead end,NB
32970,Brooklyn,2021,3,9,13,15,243,191114,POINT (988207.4245194928 151130.52481856258),CROPSEY AVENUE BRIDGE,Coney Island Creek Shoreline,Dead end,NB
32970,Brooklyn,2021,3,9,13,30,272,191114,POINT (988207.4245194928 151130.52481856258),CROPSEY AVENUE BRIDGE,Coney Island Creek Shoreline,Dead end,NB
32970,Brooklyn,2021,3,9,13,45,244,191114,POINT (988207.4245194928 151130.52481856258),CROPSEY AVENUE BRIDGE,Coney Island Creek Shoreline,Dead end,NB
32970,Brooklyn,2021,3,9,14,0,278,191114,POINT (988207.4245194928 151130.52481856258),CROPSEY AVENUE BRIDGE,Coney Island Creek Shoreline,Dead end,NB
32970,Brooklyn,2021,3,9,14,15,315,191114,POINT (988207.4245194928 151130.52481856258),CROPSEY AVENUE BRIDGE,Coney Island Creek Shoreline,Dead end,NB
32970,Brooklyn,2021,3,9,14,30,282,191114,POINT (988207.4245194928 151130.52481856258),CROPSEY AVENUE BRIDGE,Coney Island Creek Shoreline,Dead end,NB
32970,Brooklyn,2021,3,9,14,45,295,191114,POINT (988207.4245194928 151130.52481856258),CROPSEY AVENUE BRIDGE,Coney Island Creek Shoreline,Dead end,NB
32970,Brooklyn,2021,3,9,15,0,282,191114,POINT (988207.4245194928 151130.52481856258),CROPSEY AVENUE BRIDGE,Coney Island Creek Shoreline,Dead end,NB
32970,Brooklyn,2021,3,9,15,15,307,191114,POINT (988207.4245194928 151130.52481856258),CROPSEY AVENUE BRIDGE,Coney Island Creek Shoreline,Dead end,NB
32970,Brooklyn,2021,3,9,15,30,289,191114,POINT (988207.4245194928 151130.52481856258),CROPSEY AVENUE BRIDGE,Coney Island Creek Shoreline,Dead end,NB
32970,Brooklyn,2021,3,9,15,45,252,191114,POINT (988207.4245194928 151130.52481856258),CROPSEY AVENUE BRIDGE,Coney Island Creek Shoreline,Dead end,NB
32970,Brooklyn,2021,3,9,16,0,304,191114,POINT (988207.4245194928 151130.52481856258),CROPSEY AVENUE BRIDGE,Coney Island Creek Shoreline,Dead end,NB
32970,Brooklyn,2021,3,9,16,15,275,191114,POINT (988207.4245194928 151130.52481856258),CROPSEY AVENUE BRIDGE,Coney Island Creek Shoreline,Dead end,NB
32970,Brooklyn,2021,3,9,16,30,285,191114,POINT (988207.4245194928 151130.52481856258),CROPSEY AVENUE BRIDGE,Coney Island Creek Shoreline,Dead end,NB
32970,Brooklyn,2021,3,9,16,45,270,191114,POINT (988207.4245194928 151130.52481856258),CROPSEY AVENUE BRIDGE,Coney Island Creek Shoreline,Dead end,NB
32970,Brooklyn,2021,3,9,17,0,292,191114,POINT (988207.4245194928 151130.52481856258),CROPSEY AVENUE BRIDGE,Coney Island Creek Shoreline,Dead end,NB
32970,Brooklyn,2021,3,9,17,15,257,191114,POINT (988207.4245194928 151130.52481856258),CROPSEY AVENUE BRIDGE,Coney Island Creek Shoreline,Dead end,NB
32970,Brooklyn,2021,3,9,17,30,254,191114,POINT (988207.4245194928 151130.52481856258),CROPSEY AVENUE BRIDGE,Coney Island Creek Shoreline,Dead end,NB
32970,Brooklyn,2021,3,9,17,45,255,191114,POINT (988207.4245194928 151130.52481856258),CROPSEY AVENUE BRIDGE,Coney Island Creek Shoreline,Dead end,NB
32970,Brooklyn,2021,3,9,18,0,249,191114,POINT (988207.4245194928 151130.52481856258),CROPSEY AVENUE BRIDGE,Coney Island Creek Shoreline,Dead end,NB
32970,Brooklyn,2021,3,9,18,15,258,191114,POINT (988207.4245194928 151130.52481856258),CROPSEY AVENUE BRIDGE,Coney Island Creek Shoreline,Dead end,NB
32970,Brooklyn,2021,3,9,18,30,212,191114,POINT (988207.4245194928 151130.52481856258),CROPSEY AVENUE BRIDGE,Coney Island Creek Shoreline,Dead end,NB
32970,Brooklyn,2021,3,9,18,45,224,191114,POINT (988207.4245194928 151130.52481856258),CROPSEY AVENUE BRIDGE,Coney Island Creek Shoreline,Dead end,NB
32970,Brooklyn,2021,3,9,19,0,223,191114,POINT (988207.4245194928 151130.52481856258),CROPSEY AVENUE BRIDGE,Coney Island Creek Shoreline,Dead end,NB
32970,Brooklyn,2021,3,9,19,15,221,191114,POINT (988207.4245194928 151130.52481856258),CROPSEY AVENUE BRIDGE,Coney Island Creek Shoreline,Dead end,NB
32970,Brooklyn,2021,3,9,19,30,174,191114,POINT (988207.4245194928 151130.52481856258),CROPSEY AVENUE BRIDGE,Coney Island Creek Shoreline,Dead end,NB
32970,Brooklyn,2021,3,9,19,45,192,191114,POINT (988207.4245194928 151130.52481856258),CROPSEY AVENUE BRIDGE,Coney Island Creek Shoreline,Dead end,NB
32970,Brooklyn,2021,3,9,20,0,154,191114,POINT (988207.4245194928 151130.52481856258),CROPSEY AVENUE BRIDGE,Coney Island Creek Shoreline,Dead end,NB
32970,Brooklyn,2021,3,9,20,15,165,191114,POINT (988207.4245194928 151130.52481856258),CROPSEY AVENUE BRIDGE,Coney Island Creek Shoreline,Dead end,NB
32970,Brooklyn,2021,3,9,20,30,163,191114,POINT (988207.4245194928 151130.52481856258),CROPSEY AVENUE BRIDGE,Coney Island Creek Shoreline,Dead end,NB
32970,Brooklyn,2021,3,9,20,45,128,191114,POINT (988207.4245194928 151130.52481856258),CROPSEY AVENUE BRIDGE,Coney Island Creek Shoreline,Dead end,NB
32970,Brooklyn,2021,3,9,21,0,139,191114,POINT (988207.4245194928 151130.52481856258),CROPSEY AVENUE BRIDGE,Coney Island Creek Shoreline,Dead end,NB
32970,Brooklyn,2021,3,9,21,15,125,191114,POINT (988207.4245194928 151130.52481856258),CROPSEY AVENUE BRIDGE,Coney Island Creek Shoreline,Dead end,NB
32970,Brooklyn,2021,3,9,21,30,100,191114,POINT (988207.4245194928 151130.52481856258),CROPSEY AVENUE BRIDGE,Coney Island Creek Shoreline,Dead end,NB
32970,Brooklyn,2021,3,9,21,45,119,191114,POINT (988207.4245194928 151130.52481856258),CROPSEY AVENUE BRIDGE,Coney Island Creek Shoreline,Dead end,NB
32970,Brooklyn,2021,3,9,22,0,95,191114,POINT (988207.4245194928 151130.52481856258),CROPSEY AVENUE BRIDGE,Coney Island Creek Shoreline,Dead end,NB
32970,Brooklyn,2021,3,9,22,15,115,191114,POINT (988207.4245194928 151130.52481856258),CROPSEY AVENUE BRIDGE,Coney Island Creek Shoreline,Dead end,NB
32970,Brooklyn,2021,3,9,22,30,77,191114,POINT (988207.4245194928 151130.52481856258),CROPSEY AVENUE BRIDGE,Coney Island Creek Shoreline,Dead end,NB
32970,Brooklyn,2021,3,9,22,45,73,191114,POINT (988207.4245194928 151130.52481856258),CROPSEY AVENUE BRIDGE,Coney Island Creek Shoreline,Dead end,NB
32970,Brooklyn,2021,3,9,23,0,97,191114,POINT (988207.4245194928 151130.52481856258),CROPSEY AVENUE BRIDGE,Coney Island Creek Shoreline,Dead end,NB
32970,Brooklyn,2021,3,9,23,15,86,191114,POINT (988207.4245194928 151130.52481856258),CROPSEY AVENUE BRIDGE,Coney Island Creek Shoreline,Dead end,NB
32970,Brooklyn,2021,3,9,23,30,69,191114,POINT (988207.4245194928 151130.52481856258),CROPSEY AVENUE BRIDGE,Coney Island Creek Shoreline,Dead end,NB
32970,Brooklyn,2021,3,9,23,45,84,191114,POINT (988207.4245194928 151130.52481856258),CROPSEY AVENUE BRIDGE,Coney Island Creek Shoreline,Dead end,NB
32970,Brooklyn,2021,3,10,0,0,57,191114,POINT (988207.4245194928 151130.52481856258),CROPSEY AVENUE BRIDGE,Coney Island Creek Shoreline,Dead end,NB
32970,Brooklyn,2021,3,10,0,15,47,191114,POINT (988207.4245194928 151130.52481856258),CROPSEY AVENUE BRIDGE,Coney Island Creek Shoreline,Dead end,NB
32970,Brooklyn,2021,3,10,0,30,55,191114,POINT (988207.4245194928 151130.52481856258),CROPSEY AVENUE BRIDGE,Coney Island Creek Shoreline,Dead end,NB
32970,Brooklyn,2021,3,10,0,45,43,191114,POINT (988207.4245194928 151130.52481856258),CROPSEY AVENUE BRIDGE,Coney Island Creek Shoreline,Dead end,NB
32970,Brooklyn,2021,3,10,1,0,63,191114,POINT (988207.4245194928 151130.52481856258),CROPSEY AVENUE BRIDGE,Coney Island Creek Shoreline,Dead end,NB
32970,Brooklyn,2021,3,10,1,15,28,191114,POINT (988207.4245194928 151130.52481856258),CROPSEY AVENUE BRIDGE,Coney Island Creek Shoreline,Dead end,NB
32970,Brooklyn,2021,3,10,1,30,30,191114,POINT (988207.4245194928 151130.52481856258),CROPSEY AVENUE BRIDGE,Coney Island Creek Shoreline,Dead end,NB
32970,Brooklyn,2021,3,10,1,45,33,191114,POINT (988207.4245194928 151130.52481856258),CROPSEY AVENUE BRIDGE,Coney Island Creek Shoreline,Dead end,NB
32970,Brooklyn,2021,3,10,2,0,28,191114,POINT (988207.4245194928 151130.52481856258),CROPSEY AVENUE BRIDGE,Coney Island Creek Shoreline,Dead end,NB
32970,Brooklyn,2021,3,10,2,15,15,191114,POINT (988207.4245194928 151130.52481856258),CROPSEY AVENUE BRIDGE,Coney Island Creek Shoreline,Dead end,NB
32970,Brooklyn,2021,3,10,2,30,28,191114,POINT (988207.4245194928 151130.52481856258),CROPSEY AVENUE BRIDGE,Coney Island Creek Shoreline,Dead end,NB
32970,Brooklyn,2021,3,10,2,45,18,191114,POINT (988207.4245194928 151130.52481856258),CROPSEY AVENUE BRIDGE,Coney Island Creek Shoreline,Dead end,NB
32970,Brooklyn,2021,3,10,3,0,18,191114,POINT (988207.4245194928 151130.52481856258),CROPSEY AVENUE BRIDGE,Coney Island Creek Shoreline,Dead end,NB
32970,Brooklyn,2021,3,10,3,15,28,191114,POINT (988207.4245194928 151130.52481856258),CROPSEY AVENUE BRIDGE,Coney Island Creek Shoreline,Dead end,NB
32970,Brooklyn,2021,3,10,3,30,24,191114,POINT (988207.4245194928 151130.52481856258),CROPSEY AVENUE BRIDGE,Coney Island Creek Shoreline,Dead end,NB
32970,Brooklyn,2021,3,10,3,45,22,191114,POINT (988207.4245194928 151130.52481856258),CROPSEY AVENUE BRIDGE,Coney Island Creek Shoreline,Dead end,NB
32970,Brooklyn,2021,3,10,4,0,31,191114,POINT (988207.4245194928 151130.52481856258),CROPSEY AVENUE BRIDGE,Coney Island Creek Shoreline,Dead end,NB
32970,Brooklyn,2021,3,10,4,15,26,191114,POINT (988207.4245194928 151130.52481856258),CROPSEY AVENUE BRIDGE,Coney Island Creek Shoreline,Dead end,NB
32970,Brooklyn,2021,3,10,4,30,33,191114,POINT (988207.4245194928 151130.52481856258),CROPSEY AVENUE BRIDGE,Coney Island Creek Shoreline,Dead end,NB
32970,Brooklyn,2021,3,10,4,45,57,191114,POINT (988207.4245194928 151130.52481856258),CROPSEY AVENUE BRIDGE,Coney Island Creek Shoreline,Dead end,NB
32970,Brooklyn,2021,3,10,5,0,55,191114,POINT (988207.4245194928 151130.52481856258),CROPSEY AVENUE BRIDGE,Coney Island Creek Shoreline,Dead end,NB
32970,Brooklyn,2021,3,10,5,15,64,191114,POINT (988207.4245194928 151130.52481856258),CROPSEY AVENUE BRIDGE,Coney Island Creek Shoreline,Dead end,NB
32970,Brooklyn,2021,3,10,5,30,69,191114,POINT (988207.4245194928 151130.52481856258),CROPSEY AVENUE BRIDGE,Coney Island Creek Shoreline,Dead end,NB
32970,Brooklyn,2021,3,10,5,45,82,191114,POINT (988207.4245194928 151130.52481856258),CROPSEY AVENUE BRIDGE,Coney Island Creek Shoreline,Dead end,NB
32970,Brooklyn,2021,3,10,6,0,113,191114,POINT (988207.4245194928 151130.52481856258),CROPSEY AVENUE BRIDGE,Coney Island Creek Shoreline,Dead end,NB
32970,Brooklyn,2021,3,10,6,15,133,191114,POINT (988207.4245194928 151130.52481856258),CROPSEY AVENUE BRIDGE,Coney Island Creek Shoreline,Dead end,NB
32970,Brooklyn,2021,3,10,6,30,170,191114,POINT (988207.4245194928 151130.52481856258),CROPSEY AVENUE BRIDGE,Coney Island Creek Shoreline,Dead end,NB
32970,Brooklyn,2021,3,10,6,45,180,191114,POINT (988207.4245194928 151130.52481856258),CROPSEY AVENUE BRIDGE,Coney Island Creek Shoreline,Dead end,NB
32970,Brooklyn,2021,3,10,7,0,203,191114,POINT (988207.4245194928 151130.52481856258),CROPSEY AVENUE BRIDGE,Coney Island Creek Shoreline,Dead end,NB
32970,Brooklyn,2021,3,10,7,15,226,191114,POINT (988207.4245194928 151130.52481856258),CROPSEY AVENUE BRIDGE,Coney Island Creek Shoreline,Dead end,NB
32970,Brooklyn,2021,3,10,7,30,235,191114,POINT (988207.4245194928 151130.52481856258),CROPSEY AVENUE BRIDGE,Coney Island Creek Shoreline,Dead end,NB
32970,Brooklyn,2021,3,10,7,45,208,191114,POINT (988207.4245194928 151130.52481856258),CROPSEY AVENUE BRIDGE,Coney Island Creek Shoreline,Dead end,NB
32970,Brooklyn,2021,3,10,8,0,252,191114,POINT (988207.4245194928 151130.52481856258),CROPSEY AVENUE BRIDGE,Coney Island Creek Shoreline,Dead end,NB
32970,Brooklyn,2021,3,10,8,15,247,191114,POINT (988207.4245194928 151130.52481856258),CROPSEY AVENUE BRIDGE,Coney Island Creek Shoreline,Dead end,NB
32970,Brooklyn,2021,3,10,8,30,236,191114,POINT (988207.4245194928 151130.52481856258),CROPSEY AVENUE BRIDGE,Coney Island Creek Shoreline,Dead end,NB
32970,Brooklyn,2021,3,10,8,45,210,191114,POINT (988207.4245194928 151130.52481856258),CROPSEY AVENUE BRIDGE,Coney Island Creek Shoreline,Dead end,NB
32970,Brooklyn,2021,3,10,9,0,195,191114,POINT (988207.4245194928 151130.52481856258),CROPSEY AVENUE BRIDGE,Coney Island Creek Shoreline,Dead end,NB
32970,Brooklyn,2021,3,10,9,15,216,191114,POINT (988207.4245194928 151130.52481856258),CROPSEY AVENUE BRIDGE,Coney Island Creek Shoreline,Dead end,NB
32970,Brooklyn,2021,3,10,9,30,245,191114,POINT (988207.4245194928 151130.52481856258),CROPSEY AVENUE BRIDGE,Coney Island Creek Shoreline,Dead end,NB
32970,Brooklyn,2021,3,10,9,45,216,191114,POINT (988207.4245194928 151130.52481856258),CROPSEY AVENUE BRIDGE,Coney Island Creek Shoreline,Dead end,NB
32970,Brooklyn,2021,3,10,10,0,227,191114,POINT (988207.4245194928 151130.52481856258),CROPSEY AVENUE BRIDGE,Coney Island Creek Shoreline,Dead end,NB
32970,Brooklyn,2021,3,10,10,15,191,191114,POINT (988207.4245194928 151130.52481856258),CROPSEY AVENUE BRIDGE,Coney Island Creek Shoreline,Dead end,NB
32970,Brooklyn,2021,3,10,10,30,217,191114,POINT (988207.4245194928 151130.52481856258),CROPSEY AVENUE BRIDGE,Coney Island Creek Shoreline,Dead end,NB
32970,Brooklyn,2021,3,10,10,45,219,191114,POINT (988207.4245194928 151130.52481856258),CROPSEY AVENUE BRIDGE,Coney Island Creek Shoreline,Dead end,NB
32970,Brooklyn,2021,3,10,11,0,218,191114,POINT (988207.4245194928 151130.52481856258),CROPSEY AVENUE BRIDGE,Coney Island Creek Shoreline,Dead end,NB
32970,Brooklyn,2021,3,10,11,15,228,191114,POINT (988207.4245194928 151130.52481856258),CROPSEY AVENUE BRIDGE,Coney Island Creek Shoreline,Dead end,NB
32970,Brooklyn,2021,3,10,11,30,227,191114,POINT (988207.4245194928 151130.52481856258),CROPSEY AVENUE BRIDGE,Coney Island Creek Shoreline,Dead end,NB
32970,Brooklyn,2021,3,10,11,45,211,191114,POINT (988207.4245194928 151130.52481856258),CROPSEY AVENUE BRIDGE,Coney Island Creek Shoreline,Dead end,NB
32970,Brooklyn,2021,3,10,12,0,221,191114,POINT (988207.4245194928 151130.52481856258),CROPSEY AVENUE BRIDGE,Coney Island Creek Shoreline,Dead end,NB
32970,Brooklyn,2021,3,10,12,15,245,191114,POINT (988207.4245194928 151130.52481856258),CROPSEY AVENUE BRIDGE,Coney Island Creek Shoreline,Dead end,NB
32970,Brooklyn,2021,3,10,12,30,244,191114,POINT (988207.4245194928 151130.52481856258),CROPSEY AVENUE BRIDGE,Coney Island Creek Shoreline,Dead end,NB
32970,Brooklyn,2021,3,10,12,45,223,191114,POINT (988207.4245194928 151130.52481856258),CROPSEY AVENUE BRIDGE,Coney Island Creek Shoreline,Dead end,NB
32970,Brooklyn,2021,3,10,13,0,238,191114,POINT (988207.4245194928 151130.52481856258),CROPSEY AVENUE BRIDGE,Coney Island Creek Shoreline,Dead end,NB
32970,Brooklyn,2021,3,10,13,15,244,191114,POINT (988207.4245194928 151130.52481856258),CROPSEY AVENUE BRIDGE,Coney Island Creek Shoreline,Dead end,NB
32970,Brooklyn,2021,3,10,13,30,265,191114,POINT (988207.4245194928 151130.52481856258),CROPSEY AVENUE BRIDGE,Coney Island Creek Shoreline,Dead end,NB
32970,Brooklyn,2021,3,10,13,45,235,191114,POINT (988207.4245194928 151130.52481856258),CROPSEY AVENUE BRIDGE,Coney Island Creek Shoreline,Dead end,NB
32970,Brooklyn,2021,3,10,14,0,266,191114,POINT (988207.4245194928 151130.52481856258),CROPSEY AVENUE BRIDGE,Coney Island Creek Shoreline,Dead end,NB
32970,Brooklyn,2021,3,10,14,15,292,191114,POINT (988207.4245194928 151130.52481856258),CROPSEY AVENUE BRIDGE,Coney Island Creek Shoreline,Dead end,NB
32970,Brooklyn,2021,3,10,14,30,328,191114,POINT (988207.4245194928 151130.52481856258),CROPSEY AVENUE BRIDGE,Coney Island Creek Shoreline,Dead end,NB
32970,Brooklyn,2021,3,10,14,45,305,191114,POINT (988207.4245194928 151130.52481856258),CROPSEY AVENUE BRIDGE,Coney Island Creek Shoreline,Dead end,NB
32970,Brooklyn,2021,3,10,15,0,265,191114,POINT (988207.4245194928 151130.52481856258),CROPSEY AVENUE BRIDGE,Coney Island Creek Shoreline,Dead end,NB
32970,Brooklyn,2021,3,10,15,15,299,191114,POINT (988207.4245194928 151130.52481856258),CROPSEY AVENUE BRIDGE,Coney Island Creek Shoreline,Dead end,NB
32970,Brooklyn,2021,3,10,15,30,320,191114,POINT (988207.4245194928 151130.52481856258),CROPSEY AVENUE BRIDGE,Coney Island Creek Shoreline,Dead end,NB
32970,Brooklyn,2021,3,10,15,45,283,191114,POINT (988207.4245194928 151130.52481856258),CROPSEY AVENUE BRIDGE,Coney Island Creek Shoreline,Dead end,NB
32970,Brooklyn,2021,3,10,16,0,285,191114,POINT (988207.4245194928 151130.52481856258),CROPSEY AVENUE BRIDGE,Coney Island Creek Shoreline,Dead end,NB
32970,Brooklyn,2021,3,10,16,15,264,191114,POINT (988207.4245194928 151130.52481856258),CROPSEY AVENUE BRIDGE,Coney Island Creek Shoreline,Dead end,NB
32970,Brooklyn,2021,3,10,16,30,292,191114,POINT (988207.4245194928 151130.52481856258),CROPSEY AVENUE BRIDGE,Coney Island Creek Shoreline,Dead end,NB
32970,Brooklyn,2021,3,10,16,45,237,191114,POINT (988207.4245194928 151130.52481856258),CROPSEY AVENUE BRIDGE,Coney Island Creek Shoreline,Dead end,NB
32970,Brooklyn,2021,3,10,17,0,251,191114,POINT (988207.4245194928 151130.52481856258),CROPSEY AVENUE BRIDGE,Coney Island Creek Shoreline,Dead end,NB
32970,Brooklyn,2021,3,10,17,15,275,191114,POINT (988207.4245194928 151130.52481856258),CROPSEY AVENUE BRIDGE,Coney Island Creek Shoreline,Dead end,NB
32970,Brooklyn,2021,3,10,17,30,255,191114,POINT (988207.4245194928 151130.52481856258),CROPSEY AVENUE BRIDGE,Coney Island Creek Shoreline,Dead end,NB
32970,Brooklyn,2021,3,10,17,45,262,191114,POINT (988207.4245194928 151130.52481856258),CROPSEY AVENUE BRIDGE,Coney Island Creek Shoreline,Dead end,NB
32970,Brooklyn,2021,3,10,18,0,228,191114,POINT (988207.4245194928 151130.52481856258),CROPSEY AVENUE BRIDGE,Coney Island Creek Shoreline,Dead end,NB
32970,Brooklyn,2021,3,10,18,15,235,191114,POINT (988207.4245194928 151130.52481856258),CROPSEY AVENUE BRIDGE,Coney Island Creek Shoreline,Dead end,NB
32970,Brooklyn,2021,3,10,18,30,201,191114,POINT (988207.4245194928 151130.52481856258),CROPSEY AVENUE BRIDGE,Coney Island Creek Shoreline,Dead end,NB
32970,Brooklyn,2021,3,10,18,45,191,191114,POINT (988207.4245194928 151130.52481856258),CROPSEY AVENUE BRIDGE,Coney Island Creek Shoreline,Dead end,NB
32970,Brooklyn,2021,3,10,19,0,209,191114,POINT (988207.4245194928 151130.52481856258),CROPSEY AVENUE BRIDGE,Coney Island Creek Shoreline,Dead end,NB
32970,Brooklyn,2021,3,10,19,15,214,191114,POINT (988207.4245194928 151130.52481856258),CROPSEY AVENUE BRIDGE,Coney Island Creek Shoreline,Dead end,NB
32970,Brooklyn,2021,3,10,19,30,198,191114,POINT (988207.4245194928 151130.52481856258),CROPSEY AVENUE BRIDGE,Coney Island Creek Shoreline,Dead end,NB
32970,Brooklyn,2021,3,10,19,45,171,191114,POINT (988207.4245194928 151130.52481856258),CROPSEY AVENUE BRIDGE,Coney Island Creek Shoreline,Dead end,NB
32970,Brooklyn,2021,3,10,20,0,153,191114,POINT (988207.4245194928 151130.52481856258),CROPSEY AVENUE BRIDGE,Coney Island Creek Shoreline,Dead end,NB
32970,Brooklyn,2021,3,10,20,15,171,191114,POINT (988207.4245194928 151130.52481856258),CROPSEY AVENUE BRIDGE,Coney Island Creek Shoreline,Dead end,NB
32970,Brooklyn,2021,3,10,20,30,147,191114,POINT (988207.4245194928 151130.52481856258),CROPSEY AVENUE BRIDGE,Coney Island Creek Shoreline,Dead end,NB
32970,Brooklyn,2021,3,10,20,45,129,191114,POINT (988207.4245194928 151130.52481856258),CROPSEY AVENUE BRIDGE,Coney Island Creek Shoreline,Dead end,NB
32970,Brooklyn,2021,3,10,21,0,118,191114,POINT (988207.4245194928 151130.52481856258),CROPSEY AVENUE BRIDGE,Coney Island Creek Shoreline,Dead end,NB
32970,Brooklyn,2021,3,10,21,15,134,191114,POINT (988207.4245194928 151130.52481856258),CROPSEY AVENUE BRIDGE,Coney Island Creek Shoreline,Dead end,NB
32970,Brooklyn,2021,3,10,21,30,114,191114,POINT (988207.4245194928 151130.52481856258),CROPSEY AVENUE BRIDGE,Coney Island Creek Shoreline,Dead end,NB
32970,Brooklyn,2021,3,10,21,45,118,191114,POINT (988207.4245194928 151130.52481856258),CROPSEY AVENUE BRIDGE,Coney Island Creek Shoreline,Dead end,NB
32970,Brooklyn,2021,3,10,22,0,98,191114,POINT (988207.4245194928 151130.52481856258),CROPSEY AVENUE BRIDGE,Coney Island Creek Shoreline,Dead end,NB
32970,Brooklyn,2021,3,10,22,15,102,191114,POINT (988207.4245194928 151130.52481856258),CROPSEY AVENUE BRIDGE,Coney Island Creek Shoreline,Dead end,NB
32970,Brooklyn,2021,3,10,22,30,97,191114,POINT (988207.4245194928 151130.52481856258),CROPSEY AVENUE BRIDGE,Coney Island Creek Shoreline,Dead end,NB
32970,Brooklyn,2021,3,10,22,45,94,191114,POINT (988207.4245194928 151130.52481856258),CROPSEY AVENUE BRIDGE,Coney Island Creek Shoreline,Dead end,NB
32970,Brooklyn,2021,3,10,23,0,72,191114,POINT (988207.4245194928 151130.52481856258),CROPSEY AVENUE BRIDGE,Coney Island Creek Shoreline,Dead end,NB
32970,Brooklyn,2021,3,10,23,15,63,191114,POINT (988207.4245194928 151130.52481856258),CROPSEY AVENUE BRIDGE,Coney Island Creek Shoreline,Dead end,NB
32970,Brooklyn,2021,3,10,23,30,64,191114,POINT (988207.4245194928 151130.52481856258),CROPSEY AVENUE BRIDGE,Coney Island Creek Shoreline,Dead end,NB
32970,Brooklyn,2021,3,10,23,45,71,191114,POINT (988207.4245194928 151130.52481856258),CROPSEY AVENUE BRIDGE,Coney Island Creek Shoreline,Dead end,NB
32970,Brooklyn,2021,3,11,0,0,55,191114,POINT (988207.4245194928 151130.52481856258),CROPSEY AVENUE BRIDGE,Coney Island Creek Shoreline,Dead end,NB
32970,Brooklyn,2021,3,11,0,15,38,191114,POINT (988207.4245194928 151130.52481856258),CROPSEY AVENUE BRIDGE,Coney Island Creek Shoreline,Dead end,NB
32970,Brooklyn,2021,3,11,0,30,46,191114,POINT (988207.4245194928 151130.52481856258),CROPSEY AVENUE BRIDGE,Coney Island Creek Shoreline,Dead end,NB
32970,Brooklyn,2021,3,11,0,45,36,191114,POINT (988207.4245194928 151130.52481856258),CROPSEY AVENUE BRIDGE,Coney Island Creek Shoreline,Dead end,NB
32970,Brooklyn,2021,3,11,1,0,41,191114,POINT (988207.4245194928 151130.52481856258),CROPSEY AVENUE BRIDGE,Coney Island Creek Shoreline,Dead end,NB
32970,Brooklyn,2021,3,11,1,15,34,191114,POINT (988207.4245194928 151130.52481856258),CROPSEY AVENUE BRIDGE,Coney Island Creek Shoreline,Dead end,NB
32970,Brooklyn,2021,3,11,1,30,36,191114,POINT (988207.4245194928 151130.52481856258),CROPSEY AVENUE BRIDGE,Coney Island Creek Shoreline,Dead end,NB
32970,Brooklyn,2021,3,11,1,45,30,191114,POINT (988207.4245194928 151130.52481856258),CROPSEY AVENUE BRIDGE,Coney Island Creek Shoreline,Dead end,NB
32970,Brooklyn,2021,3,11,2,0,30,191114,POINT (988207.4245194928 151130.52481856258),CROPSEY AVENUE BRIDGE,Coney Island Creek Shoreline,Dead end,NB
32970,Brooklyn,2021,3,11,2,15,25,191114,POINT (988207.4245194928 151130.52481856258),CROPSEY AVENUE BRIDGE,Coney Island Creek Shoreline,Dead end,NB
32970,Brooklyn,2021,3,11,2,30,33,191114,POINT (988207.4245194928 151130.52481856258),CROPSEY AVENUE BRIDGE,Coney Island Creek Shoreline,Dead end,NB
32970,Brooklyn,2021,3,11,2,45,23,191114,POINT (988207.4245194928 151130.52481856258),CROPSEY AVENUE BRIDGE,Coney Island Creek Shoreline,Dead end,NB
32970,Brooklyn,2021,3,11,3,0,13,191114,POINT (988207.4245194928 151130.52481856258),CROPSEY AVENUE BRIDGE,Coney Island Creek Shoreline,Dead end,NB
32970,Brooklyn,2021,3,11,3,15,23,191114,POINT (988207.4245194928 151130.52481856258),CROPSEY AVENUE BRIDGE,Coney Island Creek Shoreline,Dead end,NB
32970,Brooklyn,2021,3,11,3,30,14,191114,POINT (988207.4245194928 151130.52481856258),CROPSEY AVENUE BRIDGE,Coney Island Creek Shoreline,Dead end,NB
32970,Brooklyn,2021,3,11,3,45,17,191114,POINT (988207.4245194928 151130.52481856258),CROPSEY AVENUE BRIDGE,Coney Island Creek Shoreline,Dead end,NB
32970,Brooklyn,2021,3,11,4,0,37,191114,POINT (988207.4245194928 151130.52481856258),CROPSEY AVENUE BRIDGE,Coney Island Creek Shoreline,Dead end,NB
32970,Brooklyn,2021,3,11,4,15,35,191114,POINT (988207.4245194928 151130.52481856258),CROPSEY AVENUE BRIDGE,Coney Island Creek Shoreline,Dead end,NB
32970,Brooklyn,2021,3,11,4,30,46,191114,POINT (988207.4245194928 151130.52481856258),CROPSEY AVENUE BRIDGE,Coney Island Creek Shoreline,Dead end,NB
32970,Brooklyn,2021,3,11,4,45,42,191114,POINT (988207.4245194928 151130.52481856258),CROPSEY AVENUE BRIDGE,Coney Island Creek Shoreline,Dead end,NB
32970,Brooklyn,2021,3,11,5,0,64,191114,POINT (988207.4245194928 151130.52481856258),CROPSEY AVENUE BRIDGE,Coney Island Creek Shoreline,Dead end,NB
32970,Brooklyn,2021,3,11,5,15,65,191114,POINT (988207.4245194928 151130.52481856258),CROPSEY AVENUE BRIDGE,Coney Island Creek Shoreline,Dead end,NB
32970,Brooklyn,2021,3,11,5,30,75,191114,POINT (988207.4245194928 151130.52481856258),CROPSEY AVENUE BRIDGE,Coney Island Creek Shoreline,Dead end,NB
32970,Brooklyn,2021,3,11,5,45,96,191114,POINT (988207.4245194928 151130.52481856258),CROPSEY AVENUE BRIDGE,Coney Island Creek Shoreline,Dead end,NB
32970,Brooklyn,2021,3,11,6,0,123,191114,POINT (988207.4245194928 151130.52481856258),CROPSEY AVENUE BRIDGE,Coney Island Creek Shoreline,Dead end,NB
32970,Brooklyn,2021,3,11,6,15,126,191114,POINT (988207.4245194928 151130.52481856258),CROPSEY AVENUE BRIDGE,Coney Island Creek Shoreline,Dead end,NB
32970,Brooklyn,2021,3,11,6,30,156,191114,POINT (988207.4245194928 151130.52481856258),CROPSEY AVENUE BRIDGE,Coney Island Creek Shoreline,Dead end,NB
32970,Brooklyn,2021,3,11,6,45,174,191114,POINT (988207.4245194928 151130.52481856258),CROPSEY AVENUE BRIDGE,Coney Island Creek Shoreline,Dead end,NB
32970,Brooklyn,2021,3,11,7,0,207,191114,POINT (988207.4245194928 151130.52481856258),CROPSEY AVENUE BRIDGE,Coney Island Creek Shoreline,Dead end,NB
32970,Brooklyn,2021,3,11,7,15,210,191114,POINT (988207.4245194928 151130.52481856258),CROPSEY AVENUE BRIDGE,Coney Island Creek Shoreline,Dead end,NB
32970,Brooklyn,2021,3,11,7,30,235,191114,POINT (988207.4245194928 151130.52481856258),CROPSEY AVENUE BRIDGE,Coney Island Creek Shoreline,Dead end,NB
32970,Brooklyn,2021,3,11,7,45,216,191114,POINT (988207.4245194928 151130.52481856258),CROPSEY AVENUE BRIDGE,Coney Island Creek Shoreline,Dead end,NB
32970,Brooklyn,2021,3,11,8,0,270,191114,POINT (988207.4245194928 151130.52481856258),CROPSEY AVENUE BRIDGE,Coney Island Creek Shoreline,Dead end,NB
32970,Brooklyn,2021,3,11,8,15,243,191114,POINT (988207.4245194928 151130.52481856258),CROPSEY AVENUE BRIDGE,Coney Island Creek Shoreline,Dead end,NB
32970,Brooklyn,2021,3,11,8,30,267,191114,POINT (988207.4245194928 151130.52481856258),CROPSEY AVENUE BRIDGE,Coney Island Creek Shoreline,Dead end,NB
32970,Brooklyn,2021,3,11,8,45,218,191114,POINT (988207.4245194928 151130.52481856258),CROPSEY AVENUE BRIDGE,Coney Island Creek Shoreline,Dead end,NB
32970,Brooklyn,2021,3,11,9,0,221,191114,POINT (988207.4245194928 151130.52481856258),CROPSEY AVENUE BRIDGE,Coney Island Creek Shoreline,Dead end,NB
32970,Brooklyn,2021,3,11,9,15,250,191114,POINT (988207.4245194928 151130.52481856258),CROPSEY AVENUE BRIDGE,Coney Island Creek Shoreline,Dead end,NB
32970,Brooklyn,2021,3,11,9,30,235,191114,POINT (988207.4245194928 151130.52481856258),CROPSEY AVENUE BRIDGE,Coney Island Creek Shoreline,Dead end,NB
32970,Brooklyn,2021,3,11,9,45,247,191114,POINT (988207.4245194928 151130.52481856258),CROPSEY AVENUE BRIDGE,Coney Island Creek Shoreline,Dead end,NB
32970,Brooklyn,2021,3,11,10,0,187,191114,POINT (988207.4245194928 151130.52481856258),CROPSEY AVENUE BRIDGE,Coney Island Creek Shoreline,Dead end,NB
32970,Brooklyn,2021,3,11,10,15,215,191114,POINT (988207.4245194928 151130.52481856258),CROPSEY AVENUE BRIDGE,Coney Island Creek Shoreline,Dead end,NB
32970,Brooklyn,2021,3,11,10,30,205,191114,POINT (988207.4245194928 151130.52481856258),CROPSEY AVENUE BRIDGE,Coney Island Creek Shoreline,Dead end,NB
32970,Brooklyn,2021,3,11,10,45,223,191114,POINT (988207.4245194928 151130.52481856258),CROPSEY AVENUE BRIDGE,Coney Island Creek Shoreline,Dead end,NB
32970,Brooklyn,2021,3,11,11,0,258,191114,POINT (988207.4245194928 151130.52481856258),CROPSEY AVENUE BRIDGE,Coney Island Creek Shoreline,Dead end,NB
32970,Brooklyn,2021,3,11,11,15,288,191114,POINT (988207.4245194928 151130.52481856258),CROPSEY AVENUE BRIDGE,Coney Island Creek Shoreline,Dead end,NB
32970,Brooklyn,2021,3,11,11,30,254,191114,POINT (988207.4245194928 151130.52481856258),CROPSEY AVENUE BRIDGE,Coney Island Creek Shoreline,Dead end,NB
32970,Brooklyn,2021,3,11,11,45,254,191114,POINT (988207.4245194928 151130.52481856258),CROPSEY AVENUE BRIDGE,Coney Island Creek Shoreline,Dead end,NB
32970,Brooklyn,2021,3,11,12,0,231,191114,POINT (988207.4245194928 151130.52481856258),CROPSEY AVENUE BRIDGE,Coney Island Creek Shoreline,Dead end,NB
32970,Brooklyn,2021,3,11,12,15,238,191114,POINT (988207.4245194928 151130.52481856258),CROPSEY AVENUE BRIDGE,Coney Island Creek Shoreline,Dead end,NB
32970,Brooklyn,2021,3,11,12,30,228,191114,POINT (988207.4245194928 151130.52481856258),CROPSEY AVENUE BRIDGE,Coney Island Creek Shoreline,Dead end,NB
32970,Brooklyn,2021,3,11,12,45,261,191114,POINT (988207.4245194928 151130.52481856258),CROPSEY AVENUE BRIDGE,Coney Island Creek Shoreline,Dead end,NB
32970,Brooklyn,2021,3,11,13,0,272,191114,POINT (988207.4245194928 151130.52481856258),CROPSEY AVENUE BRIDGE,Coney Island Creek Shoreline,Dead end,NB
32970,Brooklyn,2021,3,11,13,15,240,191114,POINT (988207.4245194928 151130.52481856258),CROPSEY AVENUE BRIDGE,Coney Island Creek Shoreline,Dead end,NB
32970,Brooklyn,2021,3,11,13,30,226,191114,POINT (988207.4245194928 151130.52481856258),CROPSEY AVENUE BRIDGE,Coney Island Creek Shoreline,Dead end,NB
32970,Brooklyn,2021,3,11,13,45,269,191114,POINT (988207.4245194928 151130.52481856258),CROPSEY AVENUE BRIDGE,Coney Island Creek Shoreline,Dead end,NB
32970,Brooklyn,2021,3,11,14,0,270,191114,POINT (988207.4245194928 151130.52481856258),CROPSEY AVENUE BRIDGE,Coney Island Creek Shoreline,Dead end,NB
32970,Brooklyn,2021,3,11,14,15,287,191114,POINT (988207.4245194928 151130.52481856258),CROPSEY AVENUE BRIDGE,Coney Island Creek Shoreline,Dead end,NB
32970,Brooklyn,2021,3,11,14,30,275,191114,POINT (988207.4245194928 151130.52481856258),CROPSEY AVENUE BRIDGE,Coney Island Creek Shoreline,Dead end,NB
32970,Brooklyn,2021,3,11,14,45,277,191114,POINT (988207.4245194928 151130.52481856258),CROPSEY AVENUE BRIDGE,Coney Island Creek Shoreline,Dead end,NB
32970,Brooklyn,2021,3,11,15,0,275,191114,POINT (988207.4245194928 151130.52481856258),CROPSEY AVENUE BRIDGE,Coney Island Creek Shoreline,Dead end,NB
32970,Brooklyn,2021,3,11,15,15,283,191114,POINT (988207.4245194928 151130.52481856258),CROPSEY AVENUE BRIDGE,Coney Island Creek Shoreline,Dead end,NB
32970,Brooklyn,2021,3,11,15,30,274,191114,POINT (988207.4245194928 151130.52481856258),CROPSEY AVENUE BRIDGE,Coney Island Creek Shoreline,Dead end,NB
32970,Brooklyn,2021,3,11,15,45,298,191114,POINT (988207.4245194928 151130.52481856258),CROPSEY AVENUE BRIDGE,Coney Island Creek Shoreline,Dead end,NB
32970,Brooklyn,2021,3,11,16,0,284,191114,POINT (988207.4245194928 151130.52481856258),CROPSEY AVENUE BRIDGE,Coney Island Creek Shoreline,Dead end,NB
32970,Brooklyn,2021,3,11,16,15,261,191114,POINT (988207.4245194928 151130.52481856258),CROPSEY AVENUE BRIDGE,Coney Island Creek Shoreline,Dead end,NB
32970,Brooklyn,2021,3,11,16,30,258,191114,POINT (988207.4245194928 151130.52481856258),CROPSEY AVENUE BRIDGE,Coney Island Creek Shoreline,Dead end,NB
32970,Brooklyn,2021,3,11,16,45,266,191114,POINT (988207.4245194928 151130.52481856258),CROPSEY AVENUE BRIDGE,Coney Island Creek Shoreline,Dead end,NB
32970,Brooklyn,2021,3,11,17,0,263,191114,POINT (988207.4245194928 151130.52481856258),CROPSEY AVENUE BRIDGE,Coney Island Creek Shoreline,Dead end,NB
32970,Brooklyn,2021,3,11,17,15,296,191114,POINT (988207.4245194928 151130.52481856258),CROPSEY AVENUE BRIDGE,Coney Island Creek Shoreline,Dead end,NB
32970,Brooklyn,2021,3,11,17,30,258,191114,POINT (988207.4245194928 151130.52481856258),CROPSEY AVENUE BRIDGE,Coney Island Creek Shoreline,Dead end,NB
32970,Brooklyn,2021,3,11,17,45,262,191114,POINT (988207.4245194928 151130.52481856258),CROPSEY AVENUE BRIDGE,Coney Island Creek Shoreline,Dead end,NB
32970,Brooklyn,2021,3,11,18,0,257,191114,POINT (988207.4245194928 151130.52481856258),CROPSEY AVENUE BRIDGE,Coney Island Creek Shoreline,Dead end,NB
32970,Brooklyn,2021,3,11,18,15,237,191114,POINT (988207.4245194928 151130.52481856258),CROPSEY AVENUE BRIDGE,Coney Island Creek Shoreline,Dead end,NB
32970,Brooklyn,2021,3,11,18,30,229,191114,POINT (988207.4245194928 151130.52481856258),CROPSEY AVENUE BRIDGE,Coney Island Creek Shoreline,Dead end,NB
32970,Brooklyn,2021,3,11,18,45,221,191114,POINT (988207.4245194928 151130.52481856258),CROPSEY AVENUE BRIDGE,Coney Island Creek Shoreline,Dead end,NB
32970,Brooklyn,2021,3,11,19,0,200,191114,POINT (988207.4245194928 151130.52481856258),CROPSEY AVENUE BRIDGE,Coney Island Creek Shoreline,Dead end,NB
32970,Brooklyn,2021,3,11,19,15,231,191114,POINT (988207.4245194928 151130.52481856258),CROPSEY AVENUE BRIDGE,Coney Island Creek Shoreline,Dead end,NB
32970,Brooklyn,2021,3,11,19,30,204,191114,POINT (988207.4245194928 151130.52481856258),CROPSEY AVENUE BRIDGE,Coney Island Creek Shoreline,Dead end,NB
32970,Brooklyn,2021,3,11,19,45,197,191114,POINT (988207.4245194928 151130.52481856258),CROPSEY AVENUE BRIDGE,Coney Island Creek Shoreline,Dead end,NB
32970,Brooklyn,2021,3,11,20,0,171,191114,POINT (988207.4245194928 151130.52481856258),CROPSEY AVENUE BRIDGE,Coney Island Creek Shoreline,Dead end,NB
32970,Brooklyn,2021,3,11,20,15,197,191114,POINT (988207.4245194928 151130.52481856258),CROPSEY AVENUE BRIDGE,Coney Island Creek Shoreline,Dead end,NB
32970,Brooklyn,2021,3,11,20,30,183,191114,POINT (988207.4245194928 151130.52481856258),CROPSEY AVENUE BRIDGE,Coney Island Creek Shoreline,Dead end,NB
32970,Brooklyn,2021,3,11,20,45,146,191114,POINT (988207.4245194928 151130.52481856258),CROPSEY AVENUE BRIDGE,Coney Island Creek Shoreline,Dead end,NB
32970,Brooklyn,2021,3,11,21,0,132,191114,POINT (988207.4245194928 151130.52481856258),CROPSEY AVENUE BRIDGE,Coney Island Creek Shoreline,Dead end,NB
32970,Brooklyn,2021,3,11,21,15,121,191114,POINT (988207.4245194928 151130.52481856258),CROPSEY AVENUE BRIDGE,Coney Island Creek Shoreline,Dead end,NB
32970,Brooklyn,2021,3,11,21,30,102,191114,POINT (988207.4245194928 151130.52481856258),CROPSEY AVENUE BRIDGE,Coney Island Creek Shoreline,Dead end,NB
32970,Brooklyn,2021,3,11,21,45,95,191114,POINT (988207.4245194928 151130.52481856258),CROPSEY AVENUE BRIDGE,Coney Island Creek Shoreline,Dead end,NB
32970,Brooklyn,2021,3,11,22,0,135,191114,POINT (988207.4245194928 151130.52481856258),CROPSEY AVENUE BRIDGE,Coney Island Creek Shoreline,Dead end,NB
32970,Brooklyn,2021,3,11,22,15,101,191114,POINT (988207.4245194928 151130.52481856258),CROPSEY AVENUE BRIDGE,Coney Island Creek Shoreline,Dead end,NB
32970,Brooklyn,2021,3,11,22,30,83,191114,POINT (988207.4245194928 151130.52481856258),CROPSEY AVENUE BRIDGE,Coney Island Creek Shoreline,Dead end,NB
32970,Brooklyn,2021,3,11,22,45,89,191114,POINT (988207.4245194928 151130.52481856258),CROPSEY AVENUE BRIDGE,Coney Island Creek Shoreline,Dead end,NB
32970,Brooklyn,2021,3,11,23,0,109,191114,POINT (988207.4245194928 151130.52481856258),CROPSEY AVENUE BRIDGE,Coney Island Creek Shoreline,Dead end,NB
32970,Brooklyn,2021,3,11,23,15,79,191114,POINT (988207.4245194928 151130.52481856258),CROPSEY AVENUE BRIDGE,Coney Island Creek Shoreline,Dead end,NB
32970,Brooklyn,2021,3,11,23,30,69,191114,POINT (988207.4245194928 151130.52481856258),CROPSEY AVENUE BRIDGE,Coney Island Creek Shoreline,Dead end,NB
32970,Brooklyn,2021,3,11,23,45,76,191114,POINT (988207.4245194928 151130.52481856258),CROPSEY AVENUE BRIDGE,Coney Island Creek Shoreline,Dead end,NB
32970,Brooklyn,2021,3,12,0,0,64,191114,POINT (988207.4245194928 151130.52481856258),CROPSEY AVENUE BRIDGE,Coney Island Creek Shoreline,Dead end,NB
32970,Brooklyn,2021,3,12,0,15,53,191114,POINT (988207.4245194928 151130.52481856258),CROPSEY AVENUE BRIDGE,Coney Island Creek Shoreline,Dead end,NB
32970,Brooklyn,2021,3,12,0,30,57,191114,POINT (988207.4245194928 151130.52481856258),CROPSEY AVENUE BRIDGE,Coney Island Creek Shoreline,Dead end,NB
32970,Brooklyn,2021,3,12,0,45,40,191114,POINT (988207.4245194928 151130.52481856258),CROPSEY AVENUE BRIDGE,Coney Island Creek Shoreline,Dead end,NB
32970,Brooklyn,2021,3,12,1,0,39,191114,POINT (988207.4245194928 151130.52481856258),CROPSEY AVENUE BRIDGE,Coney Island Creek Shoreline,Dead end,NB
32970,Brooklyn,2021,3,12,1,15,45,191114,POINT (988207.4245194928 151130.52481856258),CROPSEY AVENUE BRIDGE,Coney Island Creek Shoreline,Dead end,NB
32970,Brooklyn,2021,3,12,1,30,32,191114,POINT (988207.4245194928 151130.52481856258),CROPSEY AVENUE BRIDGE,Coney Island Creek Shoreline,Dead end,NB
32970,Brooklyn,2021,3,12,1,45,25,191114,POINT (988207.4245194928 151130.52481856258),CROPSEY AVENUE BRIDGE,Coney Island Creek Shoreline,Dead end,NB
32970,Brooklyn,2021,3,12,2,0,35,191114,POINT (988207.4245194928 151130.52481856258),CROPSEY AVENUE BRIDGE,Coney Island Creek Shoreline,Dead end,NB
32970,Brooklyn,2021,3,12,2,15,29,191114,POINT (988207.4245194928 151130.52481856258),CROPSEY AVENUE BRIDGE,Coney Island Creek Shoreline,Dead end,NB
32970,Brooklyn,2021,3,12,2,30,29,191114,POINT (988207.4245194928 151130.52481856258),CROPSEY AVENUE BRIDGE,Coney Island Creek Shoreline,Dead end,NB
32970,Brooklyn,2021,3,12,2,45,29,191114,POINT (988207.4245194928 151130.52481856258),CROPSEY AVENUE BRIDGE,Coney Island Creek Shoreline,Dead end,NB
32970,Brooklyn,2021,3,12,3,0,22,191114,POINT (988207.4245194928 151130.52481856258),CROPSEY AVENUE BRIDGE,Coney Island Creek Shoreline,Dead end,NB
32970,Brooklyn,2021,3,12,3,15,32,191114,POINT (988207.4245194928 151130.52481856258),CROPSEY AVENUE BRIDGE,Coney Island Creek Shoreline,Dead end,NB
32970,Brooklyn,2021,3,12,3,30,20,191114,POINT (988207.4245194928 151130.52481856258),CROPSEY AVENUE BRIDGE,Coney Island Creek Shoreline,Dead end,NB
32970,Brooklyn,2021,3,12,3,45,26,191114,POINT (988207.4245194928 151130.52481856258),CROPSEY AVENUE BRIDGE,Coney Island Creek Shoreline,Dead end,NB
32970,Brooklyn,2021,3,12,4,0,24,191114,POINT (988207.4245194928 151130.52481856258),CROPSEY AVENUE BRIDGE,Coney Island Creek Shoreline,Dead end,NB
32970,Brooklyn,2021,3,12,4,15,41,191114,POINT (988207.4245194928 151130.52481856258),CROPSEY AVENUE BRIDGE,Coney Island Creek Shoreline,Dead end,NB
32970,Brooklyn,2021,3,12,4,30,34,191114,POINT (988207.4245194928 151130.52481856258),CROPSEY AVENUE BRIDGE,Coney Island Creek Shoreline,Dead end,NB
32970,Brooklyn,2021,3,12,4,45,39,191114,POINT (988207.4245194928 151130.52481856258),CROPSEY AVENUE BRIDGE,Coney Island Creek Shoreline,Dead end,NB
32970,Brooklyn,2021,3,12,5,0,45,191114,POINT (988207.4245194928 151130.52481856258),CROPSEY AVENUE BRIDGE,Coney Island Creek Shoreline,Dead end,NB
32970,Brooklyn,2021,3,12,5,15,80,191114,POINT (988207.4245194928 151130.52481856258),CROPSEY AVENUE BRIDGE,Coney Island Creek Shoreline,Dead end,NB
32970,Brooklyn,2021,3,12,5,30,61,191114,POINT (988207.4245194928 151130.52481856258),CROPSEY AVENUE BRIDGE,Coney Island Creek Shoreline,Dead end,NB
32970,Brooklyn,2021,3,12,5,45,88,191114,POINT (988207.4245194928 151130.52481856258),CROPSEY AVENUE BRIDGE,Coney Island Creek Shoreline,Dead end,NB
32970,Brooklyn,2021,3,12,6,0,131,191114,POINT (988207.4245194928 151130.52481856258),CROPSEY AVENUE BRIDGE,Coney Island Creek Shoreline,Dead end,NB
32970,Brooklyn,2021,3,12,6,15,132,191114,POINT (988207.4245194928 151130.52481856258),CROPSEY AVENUE BRIDGE,Coney Island Creek Shoreline,Dead end,NB
32970,Brooklyn,2021,3,12,6,30,176,191114,POINT (988207.4245194928 151130.52481856258),CROPSEY AVENUE BRIDGE,Coney Island Creek Shoreline,Dead end,NB
32970,Brooklyn,2021,3,12,6,45,162,191114,POINT (988207.4245194928 151130.52481856258),CROPSEY AVENUE BRIDGE,Coney Island Creek Shoreline,Dead end,NB
32970,Brooklyn,2021,3,12,7,0,194,191114,POINT (988207.4245194928 151130.52481856258),CROPSEY AVENUE BRIDGE,Coney Island Creek Shoreline,Dead end,NB
32970,Brooklyn,2021,3,12,7,15,233,191114,POINT (988207.4245194928 151130.52481856258),CROPSEY AVENUE BRIDGE,Coney Island Creek Shoreline,Dead end,NB
32970,Brooklyn,2021,3,12,7,30,228,191114,POINT (988207.4245194928 151130.52481856258),CROPSEY AVENUE BRIDGE,Coney Island Creek Shoreline,Dead end,NB
32970,Brooklyn,2021,3,12,7,45,240,191114,POINT (988207.4245194928 151130.52481856258),CROPSEY AVENUE BRIDGE,Coney Island Creek Shoreline,Dead end,NB
32970,Brooklyn,2021,3,12,8,0,259,191114,POINT (988207.4245194928 151130.52481856258),CROPSEY AVENUE BRIDGE,Coney Island Creek Shoreline,Dead end,NB
32970,Brooklyn,2021,3,12,8,15,271,191114,POINT (988207.4245194928 151130.52481856258),CROPSEY AVENUE BRIDGE,Coney Island Creek Shoreline,Dead end,NB
32970,Brooklyn,2021,3,12,8,30,252,191114,POINT (988207.4245194928 151130.52481856258),CROPSEY AVENUE BRIDGE,Coney Island Creek Shoreline,Dead end,NB
32970,Brooklyn,2021,3,12,8,45,222,191114,POINT (988207.4245194928 151130.52481856258),CROPSEY AVENUE BRIDGE,Coney Island Creek Shoreline,Dead end,NB
32970,Brooklyn,2021,3,12,9,0,238,191114,POINT (988207.4245194928 151130.52481856258),CROPSEY AVENUE BRIDGE,Coney Island Creek Shoreline,Dead end,NB
32970,Brooklyn,2021,3,12,9,15,242,191114,POINT (988207.4245194928 151130.52481856258),CROPSEY AVENUE BRIDGE,Coney Island Creek Shoreline,Dead end,NB
32970,Brooklyn,2021,3,12,9,30,248,191114,POINT (988207.4245194928 151130.52481856258),CROPSEY AVENUE BRIDGE,Coney Island Creek Shoreline,Dead end,NB
32970,Brooklyn,2021,3,12,9,45,206,191114,POINT (988207.4245194928 151130.52481856258),CROPSEY AVENUE BRIDGE,Coney Island Creek Shoreline,Dead end,NB
32970,Brooklyn,2021,3,12,10,0,200,191114,POINT (988207.4245194928 151130.52481856258),CROPSEY AVENUE BRIDGE,Coney Island Creek Shoreline,Dead end,NB
32970,Brooklyn,2021,3,12,10,15,236,191114,POINT (988207.4245194928 151130.52481856258),CROPSEY AVENUE BRIDGE,Coney Island Creek Shoreline,Dead end,NB
32970,Brooklyn,2021,3,12,10,30,218,191114,POINT (988207.4245194928 151130.52481856258),CROPSEY AVENUE BRIDGE,Coney Island Creek Shoreline,Dead end,NB
32970,Brooklyn,2021,3,12,10,45,229,191114,POINT (988207.4245194928 151130.52481856258),CROPSEY AVENUE BRIDGE,Coney Island Creek Shoreline,Dead end,NB
32970,Brooklyn,2021,3,12,11,0,241,191114,POINT (988207.4245194928 151130.52481856258),CROPSEY AVENUE BRIDGE,Coney Island Creek Shoreline,Dead end,NB
32970,Brooklyn,2021,3,12,11,15,237,191114,POINT (988207.4245194928 151130.52481856258),CROPSEY AVENUE BRIDGE,Coney Island Creek Shoreline,Dead end,NB
32970,Brooklyn,2021,3,12,11,30,219,191114,POINT (988207.4245194928 151130.52481856258),CROPSEY AVENUE BRIDGE,Coney Island Creek Shoreline,Dead end,NB
32970,Brooklyn,2021,3,12,11,45,250,191114,POINT (988207.4245194928 151130.52481856258),CROPSEY AVENUE BRIDGE,Coney Island Creek Shoreline,Dead end,NB
32970,Brooklyn,2021,3,12,12,0,265,191114,POINT (988207.4245194928 151130.52481856258),CROPSEY AVENUE BRIDGE,Coney Island Creek Shoreline,Dead end,NB
32970,Brooklyn,2021,3,12,12,15,217,191114,POINT (988207.4245194928 151130.52481856258),CROPSEY AVENUE BRIDGE,Coney Island Creek Shoreline,Dead end,NB
32970,Brooklyn,2021,3,12,12,30,233,191114,POINT (988207.4245194928 151130.52481856258),CROPSEY AVENUE BRIDGE,Coney Island Creek Shoreline,Dead end,NB
32970,Brooklyn,2021,3,12,12,45,226,191114,POINT (988207.4245194928 151130.52481856258),CROPSEY AVENUE BRIDGE,Coney Island Creek Shoreline,Dead end,NB
32970,Brooklyn,2021,3,12,13,0,241,191114,POINT (988207.4245194928 151130.52481856258),CROPSEY AVENUE BRIDGE,Coney Island Creek Shoreline,Dead end,NB
32970,Brooklyn,2021,3,12,13,15,239,191114,POINT (988207.4245194928 151130.52481856258),CROPSEY AVENUE BRIDGE,Coney Island Creek Shoreline,Dead end,NB
32970,Brooklyn,2021,3,12,13,30,245,191114,POINT (988207.4245194928 151130.52481856258),CROPSEY AVENUE BRIDGE,Coney Island Creek Shoreline,Dead end,NB
32970,Brooklyn,2021,3,12,13,45,255,191114,POINT (988207.4245194928 151130.52481856258),CROPSEY AVENUE BRIDGE,Coney Island Creek Shoreline,Dead end,NB
32970,Brooklyn,2021,3,12,14,0,265,191114,POINT (988207.4245194928 151130.52481856258),CROPSEY AVENUE BRIDGE,Coney Island Creek Shoreline,Dead end,NB
32970,Brooklyn,2021,3,12,14,15,317,191114,POINT (988207.4245194928 151130.52481856258),CROPSEY AVENUE BRIDGE,Coney Island Creek Shoreline,Dead end,NB
32970,Brooklyn,2021,3,12,14,30,305,191114,POINT (988207.4245194928 151130.52481856258),CROPSEY AVENUE BRIDGE,Coney Island Creek Shoreline,Dead end,NB
32970,Brooklyn,2021,3,12,14,45,285,191114,POINT (988207.4245194928 151130.52481856258),CROPSEY AVENUE BRIDGE,Coney Island Creek Shoreline,Dead end,NB
32970,Brooklyn,2021,3,12,15,0,288,191114,POINT (988207.4245194928 151130.52481856258),CROPSEY AVENUE BRIDGE,Coney Island Creek Shoreline,Dead end,NB
32970,Brooklyn,2021,3,12,15,15,308,191114,POINT (988207.4245194928 151130.52481856258),CROPSEY AVENUE BRIDGE,Coney Island Creek Shoreline,Dead end,NB
32970,Brooklyn,2021,3,12,15,30,328,191114,POINT (988207.4245194928 151130.52481856258),CROPSEY AVENUE BRIDGE,Coney Island Creek Shoreline,Dead end,NB
32970,Brooklyn,2021,3,12,15,45,293,191114,POINT (988207.4245194928 151130.52481856258),CROPSEY AVENUE BRIDGE,Coney Island Creek Shoreline,Dead end,NB
32970,Brooklyn,2021,3,12,16,0,309,191114,POINT (988207.4245194928 151130.52481856258),CROPSEY AVENUE BRIDGE,Coney Island Creek Shoreline,Dead end,NB
32970,Brooklyn,2021,3,12,16,15,317,191114,POINT (988207.4245194928 151130.52481856258),CROPSEY AVENUE BRIDGE,Coney Island Creek Shoreline,Dead end,NB
32970,Brooklyn,2021,3,12,16,30,271,191114,POINT (988207.4245194928 151130.52481856258),CROPSEY AVENUE BRIDGE,Coney Island Creek Shoreline,Dead end,NB
32970,Brooklyn,2021,3,12,16,45,254,191114,POINT (988207.4245194928 151130.52481856258),CROPSEY AVENUE BRIDGE,Coney Island Creek Shoreline,Dead end,NB
32970,Brooklyn,2021,3,12,17,0,275,191114,POINT (988207.4245194928 151130.52481856258),CROPSEY AVENUE BRIDGE,Coney Island Creek Shoreline,Dead end,NB
32970,Brooklyn,2021,3,12,17,15,285,191114,POINT (988207.4245194928 151130.52481856258),CROPSEY AVENUE BRIDGE,Coney Island Creek Shoreline,Dead end,NB
32970,Brooklyn,2021,3,12,17,30,239,191114,POINT (988207.4245194928 151130.52481856258),CROPSEY AVENUE BRIDGE,Coney Island Creek Shoreline,Dead end,NB
32970,Brooklyn,2021,3,12,17,45,249,191114,POINT (988207.4245194928 151130.52481856258),CROPSEY AVENUE BRIDGE,Coney Island Creek Shoreline,Dead end,NB
32970,Brooklyn,2021,3,12,18,0,272,191114,POINT (988207.4245194928 151130.52481856258),CROPSEY AVENUE BRIDGE,Coney Island Creek Shoreline,Dead end,NB
32970,Brooklyn,2021,3,12,18,15,230,191114,POINT (988207.4245194928 151130.52481856258),CROPSEY AVENUE BRIDGE,Coney Island Creek Shoreline,Dead end,NB
32970,Brooklyn,2021,3,12,18,30,231,191114,POINT (988207.4245194928 151130.52481856258),CROPSEY AVENUE BRIDGE,Coney Island Creek Shoreline,Dead end,NB
32970,Brooklyn,2021,3,12,18,45,239,191114,POINT (988207.4245194928 151130.52481856258),CROPSEY AVENUE BRIDGE,Coney Island Creek Shoreline,Dead end,NB
32970,Brooklyn,2021,3,12,19,0,225,191114,POINT (988207.4245194928 151130.52481856258),CROPSEY AVENUE BRIDGE,Coney Island Creek Shoreline,Dead end,NB
32970,Brooklyn,2021,3,12,19,15,220,191114,POINT (988207.4245194928 151130.52481856258),CROPSEY AVENUE BRIDGE,Coney Island Creek Shoreline,Dead end,NB
32970,Brooklyn,2021,3,12,19,30,233,191114,POINT (988207.4245194928 151130.52481856258),CROPSEY AVENUE BRIDGE,Coney Island Creek Shoreline,Dead end,NB
32970,Brooklyn,2021,3,12,19,45,220,191114,POINT (988207.4245194928 151130.52481856258),CROPSEY AVENUE BRIDGE,Coney Island Creek Shoreline,Dead end,NB
32970,Brooklyn,2021,3,12,20,0,184,191114,POINT (988207.4245194928 151130.52481856258),CROPSEY AVENUE BRIDGE,Coney Island Creek Shoreline,Dead end,NB
32970,Brooklyn,2021,3,12,20,15,195,191114,POINT (988207.4245194928 151130.52481856258),CROPSEY AVENUE BRIDGE,Coney Island Creek Shoreline,Dead end,NB
32970,Brooklyn,2021,3,12,20,30,169,191114,POINT (988207.4245194928 151130.52481856258),CROPSEY AVENUE BRIDGE,Coney Island Creek Shoreline,Dead end,NB
32970,Brooklyn,2021,3,12,20,45,155,191114,POINT (988207.4245194928 151130.52481856258),CROPSEY AVENUE BRIDGE,Coney Island Creek Shoreline,Dead end,NB
32970,Brooklyn,2021,3,12,21,0,150,191114,POINT (988207.4245194928 151130.52481856258),CROPSEY AVENUE BRIDGE,Coney Island Creek Shoreline,Dead end,NB
32970,Brooklyn,2021,3,12,21,15,143,191114,POINT (988207.4245194928 151130.52481856258),CROPSEY AVENUE BRIDGE,Coney Island Creek Shoreline,Dead end,NB
32970,Brooklyn,2021,3,12,21,30,112,191114,POINT (988207.4245194928 151130.52481856258),CROPSEY AVENUE BRIDGE,Coney Island Creek Shoreline,Dead end,NB
32970,Brooklyn,2021,3,12,21,45,145,191114,POINT (988207.4245194928 151130.52481856258),CROPSEY AVENUE BRIDGE,Coney Island Creek Shoreline,Dead end,NB
32970,Brooklyn,2021,3,12,22,0,138,191114,POINT (988207.4245194928 151130.52481856258),CROPSEY AVENUE BRIDGE,Coney Island Creek Shoreline,Dead end,NB
32970,Brooklyn,2021,3,12,22,15,126,191114,POINT (988207.4245194928 151130.52481856258),CROPSEY AVENUE BRIDGE,Coney Island Creek Shoreline,Dead end,NB
32970,Brooklyn,2021,3,12,22,30,107,191114,POINT (988207.4245194928 151130.52481856258),CROPSEY AVENUE BRIDGE,Coney Island Creek Shoreline,Dead end,NB
32970,Brooklyn,2021,3,12,22,45,85,191114,POINT (988207.4245194928 151130.52481856258),CROPSEY AVENUE BRIDGE,Coney Island Creek Shoreline,Dead end,NB
32970,Brooklyn,2021,3,12,23,0,90,191114,POINT (988207.4245194928 151130.52481856258),CROPSEY AVENUE BRIDGE,Coney Island Creek Shoreline,Dead end,NB
32970,Brooklyn,2021,3,12,23,15,101,191114,POINT (988207.4245194928 151130.52481856258),CROPSEY AVENUE BRIDGE,Coney Island Creek Shoreline,Dead end,NB
32970,Brooklyn,2021,3,12,23,30,99,191114,POINT (988207.4245194928 151130.52481856258),CROPSEY AVENUE BRIDGE,Coney Island Creek Shoreline,Dead end,NB
32970,Brooklyn,2021,3,12,23,45,95,191114,POINT (988207.4245194928 151130.52481856258),CROPSEY AVENUE BRIDGE,Coney Island Creek Shoreline,Dead end,NB
32970,Brooklyn,2021,3,13,0,0,81,191114,POINT (988207.4245194928 151130.52481856258),CROPSEY AVENUE BRIDGE,Coney Island Creek Shoreline,Dead end,NB
32970,Brooklyn,2021,3,13,0,15,78,191114,POINT (988207.4245194928 151130.52481856258),CROPSEY AVENUE BRIDGE,Coney Island Creek Shoreline,Dead end,NB
32970,Brooklyn,2021,3,13,0,30,76,191114,POINT (988207.4245194928 151130.52481856258),CROPSEY AVENUE BRIDGE,Coney Island Creek Shoreline,Dead end,NB
32970,Brooklyn,2021,3,13,0,45,54,191114,POINT (988207.4245194928 151130.52481856258),CROPSEY AVENUE BRIDGE,Coney Island Creek Shoreline,Dead end,NB
32970,Brooklyn,2021,3,13,1,0,54,191114,POINT (988207.4245194928 151130.52481856258),CROPSEY AVENUE BRIDGE,Coney Island Creek Shoreline,Dead end,NB
32970,Brooklyn,2021,3,13,1,15,48,191114,POINT (988207.4245194928 151130.52481856258),CROPSEY AVENUE BRIDGE,Coney Island Creek Shoreline,Dead end,NB
32970,Brooklyn,2021,3,13,1,30,58,191114,POINT (988207.4245194928 151130.52481856258),CROPSEY AVENUE BRIDGE,Coney Island Creek Shoreline,Dead end,NB
32970,Brooklyn,2021,3,13,1,45,42,191114,POINT (988207.4245194928 151130.52481856258),CROPSEY AVENUE BRIDGE,Coney Island Creek Shoreline,Dead end,NB
32970,Brooklyn,2021,3,13,2,0,55,191114,POINT (988207.4245194928 151130.52481856258),CROPSEY AVENUE BRIDGE,Coney Island Creek Shoreline,Dead end,NB
32970,Brooklyn,2021,3,13,2,15,41,191114,POINT (988207.4245194928 151130.52481856258),CROPSEY AVENUE BRIDGE,Coney Island Creek Shoreline,Dead end,NB
32970,Brooklyn,2021,3,13,2,30,31,191114,POINT (988207.4245194928 151130.52481856258),CROPSEY AVENUE BRIDGE,Coney Island Creek Shoreline,Dead end,NB
32970,Brooklyn,2021,3,13,2,45,30,191114,POINT (988207.4245194928 151130.52481856258),CROPSEY AVENUE BRIDGE,Coney Island Creek Shoreline,Dead end,NB
32970,Brooklyn,2021,3,13,3,0,28,191114,POINT (988207.4245194928 151130.52481856258),CROPSEY AVENUE BRIDGE,Coney Island Creek Shoreline,Dead end,NB
32970,Brooklyn,2021,3,13,3,15,25,191114,POINT (988207.4245194928 151130.52481856258),CROPSEY AVENUE BRIDGE,Coney Island Creek Shoreline,Dead end,NB
32970,Brooklyn,2021,3,13,3,30,25,191114,POINT (988207.4245194928 151130.52481856258),CROPSEY AVENUE BRIDGE,Coney Island Creek Shoreline,Dead end,NB
32970,Brooklyn,2021,3,13,3,45,18,191114,POINT (988207.4245194928 151130.52481856258),CROPSEY AVENUE BRIDGE,Coney Island Creek Shoreline,Dead end,NB
32970,Brooklyn,2021,3,13,4,0,27,191114,POINT (988207.4245194928 151130.52481856258),CROPSEY AVENUE BRIDGE,Coney Island Creek Shoreline,Dead end,NB
32970,Brooklyn,2021,3,13,4,15,28,191114,POINT (988207.4245194928 151130.52481856258),CROPSEY AVENUE BRIDGE,Coney Island Creek Shoreline,Dead end,NB
32970,Brooklyn,2021,3,13,4,30,28,191114,POINT (988207.4245194928 151130.52481856258),CROPSEY AVENUE BRIDGE,Coney Island Creek Shoreline,Dead end,NB
32970,Brooklyn,2021,3,13,4,45,28,191114,POINT (988207.4245194928 151130.52481856258),CROPSEY AVENUE BRIDGE,Coney Island Creek Shoreline,Dead end,NB
32970,Brooklyn,2021,3,13,5,0,30,191114,POINT (988207.4245194928 151130.52481856258),CROPSEY AVENUE BRIDGE,Coney Island Creek Shoreline,Dead end,NB
32970,Brooklyn,2021,3,13,5,15,40,191114,POINT (988207.4245194928 151130.52481856258),CROPSEY AVENUE BRIDGE,Coney Island Creek Shoreline,Dead end,NB
32970,Brooklyn,2021,3,13,5,30,40,191114,POINT (988207.4245194928 151130.52481856258),CROPSEY AVENUE BRIDGE,Coney Island Creek Shoreline,Dead end,NB
32970,Brooklyn,2021,3,13,5,45,48,191114,POINT (988207.4245194928 151130.52481856258),CROPSEY AVENUE BRIDGE,Coney Island Creek Shoreline,Dead end,NB
32970,Brooklyn,2021,3,13,6,0,56,191114,POINT (988207.4245194928 151130.52481856258),CROPSEY AVENUE BRIDGE,Coney Island Creek Shoreline,Dead end,NB
32970,Brooklyn,2021,3,13,6,15,72,191114,POINT (988207.4245194928 151130.52481856258),CROPSEY AVENUE BRIDGE,Coney Island Creek Shoreline,Dead end,NB
32970,Brooklyn,2021,3,13,6,30,99,191114,POINT (988207.4245194928 151130.52481856258),CROPSEY AVENUE BRIDGE,Coney Island Creek Shoreline,Dead end,NB
32970,Brooklyn,2021,3,13,6,45,72,191114,POINT (988207.4245194928 151130.52481856258),CROPSEY AVENUE BRIDGE,Coney Island Creek Shoreline,Dead end,NB
32970,Brooklyn,2021,3,13,7,0,104,191114,POINT (988207.4245194928 151130.52481856258),CROPSEY AVENUE BRIDGE,Coney Island Creek Shoreline,Dead end,NB
32970,Brooklyn,2021,3,13,7,15,134,191114,POINT (988207.4245194928 151130.52481856258),CROPSEY AVENUE BRIDGE,Coney Island Creek Shoreline,Dead end,NB
32970,Brooklyn,2021,3,13,7,30,128,191114,POINT (988207.4245194928 151130.52481856258),CROPSEY AVENUE BRIDGE,Coney Island Creek Shoreline,Dead end,NB
32970,Brooklyn,2021,3,13,7,45,141,191114,POINT (988207.4245194928 151130.52481856258),CROPSEY AVENUE BRIDGE,Coney Island Creek Shoreline,Dead end,NB
32970,Brooklyn,2021,3,13,8,0,175,191114,POINT (988207.4245194928 151130.52481856258),CROPSEY AVENUE BRIDGE,Coney Island Creek Shoreline,Dead end,NB
32970,Brooklyn,2021,3,13,8,15,171,191114,POINT (988207.4245194928 151130.52481856258),CROPSEY AVENUE BRIDGE,Coney Island Creek Shoreline,Dead end,NB
32970,Brooklyn,2021,3,13,8,30,148,191114,POINT (988207.4245194928 151130.52481856258),CROPSEY AVENUE BRIDGE,Coney Island Creek Shoreline,Dead end,NB
32970,Brooklyn,2021,3,13,8,45,159,191114,POINT (988207.4245194928 151130.52481856258),CROPSEY AVENUE BRIDGE,Coney Island Creek Shoreline,Dead end,NB
32970,Brooklyn,2021,3,13,9,0,194,191114,POINT (988207.4245194928 151130.52481856258),CROPSEY AVENUE BRIDGE,Coney Island Creek Shoreline,Dead end,NB
32970,Brooklyn,2021,3,13,9,15,198,191114,POINT (988207.4245194928 151130.52481856258),CROPSEY AVENUE BRIDGE,Coney Island Creek Shoreline,Dead end,NB
32970,Brooklyn,2021,3,13,9,30,224,191114,POINT (988207.4245194928 151130.52481856258),CROPSEY AVENUE BRIDGE,Coney Island Creek Shoreline,Dead end,NB
32970,Brooklyn,2021,3,13,9,45,232,191114,POINT (988207.4245194928 151130.52481856258),CROPSEY AVENUE BRIDGE,Coney Island Creek Shoreline,Dead end,NB
32970,Brooklyn,2021,3,13,10,0,223,191114,POINT (988207.4245194928 151130.52481856258),CROPSEY AVENUE BRIDGE,Coney Island Creek Shoreline,Dead end,NB
32970,Brooklyn,2021,3,13,10,15,246,191114,POINT (988207.4245194928 151130.52481856258),CROPSEY AVENUE BRIDGE,Coney Island Creek Shoreline,Dead end,NB
32970,Brooklyn,2021,3,13,10,30,239,191114,POINT (988207.4245194928 151130.52481856258),CROPSEY AVENUE BRIDGE,Coney Island Creek Shoreline,Dead end,NB
32970,Brooklyn,2021,3,13,10,45,209,191114,POINT (988207.4245194928 151130.52481856258),CROPSEY AVENUE BRIDGE,Coney Island Creek Shoreline,Dead end,NB
32970,Brooklyn,2021,3,13,11,0,235,191114,POINT (988207.4245194928 151130.52481856258),CROPSEY AVENUE BRIDGE,Coney Island Creek Shoreline,Dead end,NB
32970,Brooklyn,2021,3,13,11,15,227,191114,POINT (988207.4245194928 151130.52481856258),CROPSEY AVENUE BRIDGE,Coney Island Creek Shoreline,Dead end,NB
32970,Brooklyn,2021,3,13,11,30,249,191114,POINT (988207.4245194928 151130.52481856258),CROPSEY AVENUE BRIDGE,Coney Island Creek Shoreline,Dead end,NB
32970,Brooklyn,2021,3,13,11,45,236,191114,POINT (988207.4245194928 151130.52481856258),CROPSEY AVENUE BRIDGE,Coney Island Creek Shoreline,Dead end,NB
32970,Brooklyn,2021,3,13,12,0,251,191114,POINT (988207.4245194928 151130.52481856258),CROPSEY AVENUE BRIDGE,Coney Island Creek Shoreline,Dead end,NB
32970,Brooklyn,2021,3,13,12,15,250,191114,POINT (988207.4245194928 151130.52481856258),CROPSEY AVENUE BRIDGE,Coney Island Creek Shoreline,Dead end,NB
32970,Brooklyn,2021,3,13,12,30,225,191114,POINT (988207.4245194928 151130.52481856258),CROPSEY AVENUE BRIDGE,Coney Island Creek Shoreline,Dead end,NB
32970,Brooklyn,2021,3,13,12,45,249,191114,POINT (988207.4245194928 151130.52481856258),CROPSEY AVENUE BRIDGE,Coney Island Creek Shoreline,Dead end,NB
32970,Brooklyn,2021,3,13,13,0,265,191114,POINT (988207.4245194928 151130.52481856258),CROPSEY AVENUE BRIDGE,Coney Island Creek Shoreline,Dead end,NB
32970,Brooklyn,2021,3,13,13,15,266,191114,POINT (988207.4245194928 151130.52481856258),CROPSEY AVENUE BRIDGE,Coney Island Creek Shoreline,Dead end,NB
32970,Brooklyn,2021,3,13,13,30,267,191114,POINT (988207.4245194928 151130.52481856258),CROPSEY AVENUE BRIDGE,Coney Island Creek Shoreline,Dead end,NB
32970,Brooklyn,2021,3,13,13,45,303,191114,POINT (988207.4245194928 151130.52481856258),CROPSEY AVENUE BRIDGE,Coney Island Creek Shoreline,Dead end,NB
32970,Brooklyn,2021,3,13,14,0,284,191114,POINT (988207.4245194928 151130.52481856258),CROPSEY AVENUE BRIDGE,Coney Island Creek Shoreline,Dead end,NB
32970,Brooklyn,2021,3,13,14,15,259,191114,POINT (988207.4245194928 151130.52481856258),CROPSEY AVENUE BRIDGE,Coney Island Creek Shoreline,Dead end,NB
32970,Brooklyn,2021,3,13,14,30,230,191114,POINT (988207.4245194928 151130.52481856258),CROPSEY AVENUE BRIDGE,Coney Island Creek Shoreline,Dead end,NB
32970,Brooklyn,2021,3,13,14,45,252,191114,POINT (988207.4245194928 151130.52481856258),CROPSEY AVENUE BRIDGE,Coney Island Creek Shoreline,Dead end,NB
32970,Brooklyn,2021,3,13,15,0,252,191114,POINT (988207.4245194928 151130.52481856258),CROPSEY AVENUE BRIDGE,Coney Island Creek Shoreline,Dead end,NB
32970,Brooklyn,2021,3,13,15,15,253,191114,POINT (988207.4245194928 151130.52481856258),CROPSEY AVENUE BRIDGE,Coney Island Creek Shoreline,Dead end,NB
32970,Brooklyn,2021,3,13,15,30,254,191114,POINT (988207.4245194928 151130.52481856258),CROPSEY AVENUE BRIDGE,Coney Island Creek Shoreline,Dead end,NB
32970,Brooklyn,2021,3,13,15,45,255,191114,POINT (988207.4245194928 151130.52481856258),CROPSEY AVENUE BRIDGE,Coney Island Creek Shoreline,Dead end,NB
32970,Brooklyn,2021,3,13,16,0,258,191114,POINT (988207.4245194928 151130.52481856258),CROPSEY AVENUE BRIDGE,Coney Island Creek Shoreline,Dead end,NB
32970,Brooklyn,2021,3,13,16,15,251,191114,POINT (988207.4245194928 151130.52481856258),CROPSEY AVENUE BRIDGE,Coney Island Creek Shoreline,Dead end,NB
32970,Brooklyn,2021,3,13,16,30,252,191114,POINT (988207.4245194928 151130.52481856258),CROPSEY AVENUE BRIDGE,Coney Island Creek Shoreline,Dead end,NB
32970,Brooklyn,2021,3,13,16,45,207,191114,POINT (988207.4245194928 151130.52481856258),CROPSEY AVENUE BRIDGE,Coney Island Creek Shoreline,Dead end,NB
32970,Brooklyn,2021,3,13,17,0,222,191114,POINT (988207.4245194928 151130.52481856258),CROPSEY AVENUE BRIDGE,Coney Island Creek Shoreline,Dead end,NB
32970,Brooklyn,2021,3,13,17,15,257,191114,POINT (988207.4245194928 151130.52481856258),CROPSEY AVENUE BRIDGE,Coney Island Creek Shoreline,Dead end,NB
32970,Brooklyn,2021,3,13,17,30,208,191114,POINT (988207.4245194928 151130.52481856258),CROPSEY AVENUE BRIDGE,Coney Island Creek Shoreline,Dead end,NB
32970,Brooklyn,2021,3,13,17,45,188,191114,POINT (988207.4245194928 151130.52481856258),CROPSEY AVENUE BRIDGE,Coney Island Creek Shoreline,Dead end,NB
32970,Brooklyn,2021,3,13,18,0,233,191114,POINT (988207.4245194928 151130.52481856258),CROPSEY AVENUE BRIDGE,Coney Island Creek Shoreline,Dead end,NB
32970,Brooklyn,2021,3,13,18,15,207,191114,POINT (988207.4245194928 151130.52481856258),CROPSEY AVENUE BRIDGE,Coney Island Creek Shoreline,Dead end,NB
32970,Brooklyn,2021,3,13,18,30,219,191114,POINT (988207.4245194928 151130.52481856258),CROPSEY AVENUE BRIDGE,Coney Island Creek Shoreline,Dead end,NB
32970,Brooklyn,2021,3,13,18,45,211,191114,POINT (988207.4245194928 151130.52481856258),CROPSEY AVENUE BRIDGE,Coney Island Creek Shoreline,Dead end,NB
32970,Brooklyn,2021,3,13,19,0,197,191114,POINT (988207.4245194928 151130.52481856258),CROPSEY AVENUE BRIDGE,Coney Island Creek Shoreline,Dead end,NB
32970,Brooklyn,2021,3,13,19,15,188,191114,POINT (988207.4245194928 151130.52481856258),CROPSEY AVENUE BRIDGE,Coney Island Creek Shoreline,Dead end,NB
32970,Brooklyn,2021,3,13,19,30,172,191114,POINT (988207.4245194928 151130.52481856258),CROPSEY AVENUE BRIDGE,Coney Island Creek Shoreline,Dead end,NB
32970,Brooklyn,2021,3,13,19,45,204,191114,POINT (988207.4245194928 151130.52481856258),CROPSEY AVENUE BRIDGE,Coney Island Creek Shoreline,Dead end,NB
32970,Brooklyn,2021,3,13,20,0,180,191114,POINT (988207.4245194928 151130.52481856258),CROPSEY AVENUE BRIDGE,Coney Island Creek Shoreline,Dead end,NB
32970,Brooklyn,2021,3,13,20,15,170,191114,POINT (988207.4245194928 151130.52481856258),CROPSEY AVENUE BRIDGE,Coney Island Creek Shoreline,Dead end,NB
32970,Brooklyn,2021,3,13,20,30,139,191114,POINT (988207.4245194928 151130.52481856258),CROPSEY AVENUE BRIDGE,Coney Island Creek Shoreline,Dead end,NB
32970,Brooklyn,2021,3,13,20,45,169,191114,POINT (988207.4245194928 151130.52481856258),CROPSEY AVENUE BRIDGE,Coney Island Creek Shoreline,Dead end,NB
32970,Brooklyn,2021,3,13,21,0,146,191114,POINT (988207.4245194928 151130.52481856258),CROPSEY AVENUE BRIDGE,Coney Island Creek Shoreline,Dead end,NB
32970,Brooklyn,2021,3,13,21,15,138,191114,POINT (988207.4245194928 151130.52481856258),CROPSEY AVENUE BRIDGE,Coney Island Creek Shoreline,Dead end,NB
32970,Brooklyn,2021,3,13,21,30,124,191114,POINT (988207.4245194928 151130.52481856258),CROPSEY AVENUE BRIDGE,Coney Island Creek Shoreline,Dead end,NB
32970,Brooklyn,2021,3,13,21,45,104,191114,POINT (988207.4245194928 151130.52481856258),CROPSEY AVENUE BRIDGE,Coney Island Creek Shoreline,Dead end,NB
32970,Brooklyn,2021,3,13,22,0,139,191114,POINT (988207.4245194928 151130.52481856258),CROPSEY AVENUE BRIDGE,Coney Island Creek Shoreline,Dead end,NB
32970,Brooklyn,2021,3,13,22,15,116,191114,POINT (988207.4245194928 151130.52481856258),CROPSEY AVENUE BRIDGE,Coney Island Creek Shoreline,Dead end,NB
32970,Brooklyn,2021,3,13,22,30,116,191114,POINT (988207.4245194928 151130.52481856258),CROPSEY AVENUE BRIDGE,Coney Island Creek Shoreline,Dead end,NB
32970,Brooklyn,2021,3,13,22,45,104,191114,POINT (988207.4245194928 151130.52481856258),CROPSEY AVENUE BRIDGE,Coney Island Creek Shoreline,Dead end,NB
32970,Brooklyn,2021,3,13,23,0,105,191114,POINT (988207.4245194928 151130.52481856258),CROPSEY AVENUE BRIDGE,Coney Island Creek Shoreline,Dead end,NB
32970,Brooklyn,2021,3,13,23,15,102,191114,POINT (988207.4245194928 151130.52481856258),CROPSEY AVENUE BRIDGE,Coney Island Creek Shoreline,Dead end,NB
32970,Brooklyn,2021,3,13,23,30,90,191114,POINT (988207.4245194928 151130.52481856258),CROPSEY AVENUE BRIDGE,Coney Island Creek Shoreline,Dead end,NB
32970,Brooklyn,2021,3,13,23,45,93,191114,POINT (988207.4245194928 151130.52481856258),CROPSEY AVENUE BRIDGE,Coney Island Creek Shoreline,Dead end,NB
32970,Brooklyn,2021,3,14,0,0,78,191114,POINT (988207.4245194928 151130.52481856258),CROPSEY AVENUE BRIDGE,Coney Island Creek Shoreline,Dead end,NB
32970,Brooklyn,2021,3,14,0,15,73,191114,POINT (988207.4245194928 151130.52481856258),CROPSEY AVENUE BRIDGE,Coney Island Creek Shoreline,Dead end,NB
32970,Brooklyn,2021,3,14,0,30,76,191114,POINT (988207.4245194928 151130.52481856258),CROPSEY AVENUE BRIDGE,Coney Island Creek Shoreline,Dead end,NB
32970,Brooklyn,2021,3,14,0,45,63,191114,POINT (988207.4245194928 151130.52481856258),CROPSEY AVENUE BRIDGE,Coney Island Creek Shoreline,Dead end,NB
32970,Brooklyn,2021,3,14,1,0,55,191114,POINT (988207.4245194928 151130.52481856258),CROPSEY AVENUE BRIDGE,Coney Island Creek Shoreline,Dead end,NB
32970,Brooklyn,2021,3,14,1,15,30,191114,POINT (988207.4245194928 151130.52481856258),CROPSEY AVENUE BRIDGE,Coney Island Creek Shoreline,Dead end,NB
32970,Brooklyn,2021,3,14,1,30,52,191114,POINT (988207.4245194928 151130.52481856258),CROPSEY AVENUE BRIDGE,Coney Island Creek Shoreline,Dead end,NB
32970,Brooklyn,2021,3,14,1,45,32,191114,POINT (988207.4245194928 151130.52481856258),CROPSEY AVENUE BRIDGE,Coney Island Creek Shoreline,Dead end,NB
32970,Brooklyn,2021,3,14,2,0,54,191114,POINT (988207.4245194928 151130.52481856258),CROPSEY AVENUE BRIDGE,Coney Island Creek Shoreline,Dead end,NB
32970,Brooklyn,2021,3,14,2,15,40,191114,POINT (988207.4245194928 151130.52481856258),CROPSEY AVENUE BRIDGE,Coney Island Creek Shoreline,Dead end,NB
32970,Brooklyn,2021,3,14,2,30,40,191114,POINT (988207.4245194928 151130.52481856258),CROPSEY AVENUE BRIDGE,Coney Island Creek Shoreline,Dead end,NB
32970,Brooklyn,2021,3,14,2,45,29,191114,POINT (988207.4245194928 151130.52481856258),CROPSEY AVENUE BRIDGE,Coney Island Creek Shoreline,Dead end,NB
32970,Brooklyn,2021,3,14,3,0,43,191114,POINT (988207.4245194928 151130.52481856258),CROPSEY AVENUE BRIDGE,Coney Island Creek Shoreline,Dead end,NB
32970,Brooklyn,2021,3,14,3,15,27,191114,POINT (988207.4245194928 151130.52481856258),CROPSEY AVENUE BRIDGE,Coney Island Creek Shoreline,Dead end,NB
32970,Brooklyn,2021,3,14,3,30,31,191114,POINT (988207.4245194928 151130.52481856258),CROPSEY AVENUE BRIDGE,Coney Island Creek Shoreline,Dead end,NB
32970,Brooklyn,2021,3,14,3,45,23,191114,POINT (988207.4245194928 151130.52481856258),CROPSEY AVENUE BRIDGE,Coney Island Creek Shoreline,Dead end,NB
32970,Brooklyn,2021,3,14,4,0,27,191114,POINT (988207.4245194928 151130.52481856258),CROPSEY AVENUE BRIDGE,Coney Island Creek Shoreline,Dead end,NB
32970,Brooklyn,2021,3,14,4,15,32,191114,POINT (988207.4245194928 151130.52481856258),CROPSEY AVENUE BRIDGE,Coney Island Creek Shoreline,Dead end,NB
32970,Brooklyn,2021,3,14,4,30,30,191114,POINT (988207.4245194928 151130.52481856258),CROPSEY AVENUE BRIDGE,Coney Island Creek Shoreline,Dead end,NB
32970,Brooklyn,2021,3,14,4,45,34,191114,POINT (988207.4245194928 151130.52481856258),CROPSEY AVENUE BRIDGE,Coney Island Creek Shoreline,Dead end,NB
32970,Brooklyn,2021,3,14,5,0,49,191114,POINT (988207.4245194928 151130.52481856258),CROPSEY AVENUE BRIDGE,Coney Island Creek Shoreline,Dead end,NB
32970,Brooklyn,2021,3,14,5,15,53,191114,POINT (988207.4245194928 151130.52481856258),CROPSEY AVENUE BRIDGE,Coney Island Creek Shoreline,Dead end,NB
32970,Brooklyn,2021,3,14,5,30,60,191114,POINT (988207.4245194928 151130.52481856258),CROPSEY AVENUE BRIDGE,Coney Island Creek Shoreline,Dead end,NB
32970,Brooklyn,2021,3,14,5,45,54,191114,POINT (988207.4245194928 151130.52481856258),CROPSEY AVENUE BRIDGE,Coney Island Creek Shoreline,Dead end,NB
32970,Brooklyn,2021,3,14,6,0,62,191114,POINT (988207.4245194928 151130.52481856258),CROPSEY AVENUE BRIDGE,Coney Island Creek Shoreline,Dead end,NB
32970,Brooklyn,2021,3,14,6,15,72,191114,POINT (988207.4245194928 151130.52481856258),CROPSEY AVENUE BRIDGE,Coney Island Creek Shoreline,Dead end,NB
32970,Brooklyn,2021,3,14,6,30,69,191114,POINT (988207.4245194928 151130.52481856258),CROPSEY AVENUE BRIDGE,Coney Island Creek Shoreline,Dead end,NB
32970,Brooklyn,2021,3,14,6,45,98,191114,POINT (988207.4245194928 151130.52481856258),CROPSEY AVENUE BRIDGE,Coney Island Creek Shoreline,Dead end,NB
32970,Brooklyn,2021,3,14,7,0,105,191114,POINT (988207.4245194928 151130.52481856258),CROPSEY AVENUE BRIDGE,Coney Island Creek Shoreline,Dead end,NB
32970,Brooklyn,2021,3,14,7,15,106,191114,POINT (988207.4245194928 151130.52481856258),CROPSEY AVENUE BRIDGE,Coney Island Creek Shoreline,Dead end,NB
32970,Brooklyn,2021,3,14,7,30,107,191114,POINT (988207.4245194928 151130.52481856258),CROPSEY AVENUE BRIDGE,Coney Island Creek Shoreline,Dead end,NB
32970,Brooklyn,2021,3,14,7,45,123,191114,POINT (988207.4245194928 151130.52481856258),CROPSEY AVENUE BRIDGE,Coney Island Creek Shoreline,Dead end,NB
32970,Brooklyn,2021,3,14,8,0,131,191114,POINT (988207.4245194928 151130.52481856258),CROPSEY AVENUE BRIDGE,Coney Island Creek Shoreline,Dead end,NB
32970,Brooklyn,2021,3,14,8,15,148,191114,POINT (988207.4245194928 151130.52481856258),CROPSEY AVENUE BRIDGE,Coney Island Creek Shoreline,Dead end,NB
32970,Brooklyn,2021,3,14,8,30,165,191114,POINT (988207.4245194928 151130.52481856258),CROPSEY AVENUE BRIDGE,Coney Island Creek Shoreline,Dead end,NB
32970,Brooklyn,2021,3,14,8,45,149,191114,POINT (988207.4245194928 151130.52481856258),CROPSEY AVENUE BRIDGE,Coney Island Creek Shoreline,Dead end,NB
32970,Brooklyn,2021,3,14,9,0,150,191114,POINT (988207.4245194928 151130.52481856258),CROPSEY AVENUE BRIDGE,Coney Island Creek Shoreline,Dead end,NB
32970,Brooklyn,2021,3,14,9,15,188,191114,POINT (988207.4245194928 151130.52481856258),CROPSEY AVENUE BRIDGE,Coney Island Creek Shoreline,Dead end,NB
32970,Brooklyn,2021,3,14,9,30,187,191114,POINT (988207.4245194928 151130.52481856258),CROPSEY AVENUE BRIDGE,Coney Island Creek Shoreline,Dead end,NB
32970,Brooklyn,2021,3,14,9,45,191,191114,POINT (988207.4245194928 151130.52481856258),CROPSEY AVENUE BRIDGE,Coney Island Creek Shoreline,Dead end,NB
32970,Brooklyn,2021,3,14,10,0,174,191114,POINT (988207.4245194928 151130.52481856258),CROPSEY AVENUE BRIDGE,Coney Island Creek Shoreline,Dead end,NB
32970,Brooklyn,2021,3,14,10,15,204,191114,POINT (988207.4245194928 151130.52481856258),CROPSEY AVENUE BRIDGE,Coney Island Creek Shoreline,Dead end,NB
32970,Brooklyn,2021,3,14,10,30,211,191114,POINT (988207.4245194928 151130.52481856258),CROPSEY AVENUE BRIDGE,Coney Island Creek Shoreline,Dead end,NB
32970,Brooklyn,2021,3,14,10,45,210,191114,POINT (988207.4245194928 151130.52481856258),CROPSEY AVENUE BRIDGE,Coney Island Creek Shoreline,Dead end,NB
32970,Brooklyn,2021,3,14,11,0,192,191114,POINT (988207.4245194928 151130.52481856258),CROPSEY AVENUE BRIDGE,Coney Island Creek Shoreline,Dead end,NB
32970,Brooklyn,2021,3,14,11,15,229,191114,POINT (988207.4245194928 151130.52481856258),CROPSEY AVENUE BRIDGE,Coney Island Creek Shoreline,Dead end,NB
32970,Brooklyn,2021,3,14,11,30,207,191114,POINT (988207.4245194928 151130.52481856258),CROPSEY AVENUE BRIDGE,Coney Island Creek Shoreline,Dead end,NB
32970,Brooklyn,2021,3,14,11,45,251,191114,POINT (988207.4245194928 151130.52481856258),CROPSEY AVENUE BRIDGE,Coney Island Creek Shoreline,Dead end,NB
32970,Brooklyn,2021,3,14,12,0,245,191114,POINT (988207.4245194928 151130.52481856258),CROPSEY AVENUE BRIDGE,Coney Island Creek Shoreline,Dead end,NB
32970,Brooklyn,2021,3,14,12,15,261,191114,POINT (988207.4245194928 151130.52481856258),CROPSEY AVENUE BRIDGE,Coney Island Creek Shoreline,Dead end,NB
32970,Brooklyn,2021,3,14,12,30,251,191114,POINT (988207.4245194928 151130.52481856258),CROPSEY AVENUE BRIDGE,Coney Island Creek Shoreline,Dead end,NB
32970,Brooklyn,2021,3,14,12,45,249,191114,POINT (988207.4245194928 151130.52481856258),CROPSEY AVENUE BRIDGE,Coney Island Creek Shoreline,Dead end,NB
32970,Brooklyn,2021,3,14,13,0,263,191114,POINT (988207.4245194928 151130.52481856258),CROPSEY AVENUE BRIDGE,Coney Island Creek Shoreline,Dead end,NB
32970,Brooklyn,2021,3,14,13,15,250,191114,POINT (988207.4245194928 151130.52481856258),CROPSEY AVENUE BRIDGE,Coney Island Creek Shoreline,Dead end,NB
32970,Brooklyn,2021,3,14,13,30,261,191114,POINT (988207.4245194928 151130.52481856258),CROPSEY AVENUE BRIDGE,Coney Island Creek Shoreline,Dead end,NB
32970,Brooklyn,2021,3,14,13,45,240,191114,POINT (988207.4245194928 151130.52481856258),CROPSEY AVENUE BRIDGE,Coney Island Creek Shoreline,Dead end,NB
32970,Brooklyn,2021,3,14,14,0,273,191114,POINT (988207.4245194928 151130.52481856258),CROPSEY AVENUE BRIDGE,Coney Island Creek Shoreline,Dead end,NB
32970,Brooklyn,2021,3,14,14,15,269,191114,POINT (988207.4245194928 151130.52481856258),CROPSEY AVENUE BRIDGE,Coney Island Creek Shoreline,Dead end,NB
32970,Brooklyn,2021,3,14,14,30,269,191114,POINT (988207.4245194928 151130.52481856258),CROPSEY AVENUE BRIDGE,Coney Island Creek Shoreline,Dead end,NB
32970,Brooklyn,2021,3,14,14,45,245,191114,POINT (988207.4245194928 151130.52481856258),CROPSEY AVENUE BRIDGE,Coney Island Creek Shoreline,Dead end,NB
32970,Brooklyn,2021,3,14,15,0,224,191114,POINT (988207.4245194928 151130.52481856258),CROPSEY AVENUE BRIDGE,Coney Island Creek Shoreline,Dead end,NB
32970,Brooklyn,2021,3,14,15,15,242,191114,POINT (988207.4245194928 151130.52481856258),CROPSEY AVENUE BRIDGE,Coney Island Creek Shoreline,Dead end,NB
32970,Brooklyn,2021,3,14,15,30,224,191114,POINT (988207.4245194928 151130.52481856258),CROPSEY AVENUE BRIDGE,Coney Island Creek Shoreline,Dead end,NB
32970,Brooklyn,2021,3,14,15,45,235,191114,POINT (988207.4245194928 151130.52481856258),CROPSEY AVENUE BRIDGE,Coney Island Creek Shoreline,Dead end,NB
32970,Brooklyn,2021,3,14,16,0,202,191114,POINT (988207.4245194928 151130.52481856258),CROPSEY AVENUE BRIDGE,Coney Island Creek Shoreline,Dead end,NB
32970,Brooklyn,2021,3,14,16,15,243,191114,POINT (988207.4245194928 151130.52481856258),CROPSEY AVENUE BRIDGE,Coney Island Creek Shoreline,Dead end,NB
32970,Brooklyn,2021,3,14,16,30,185,191114,POINT (988207.4245194928 151130.52481856258),CROPSEY AVENUE BRIDGE,Coney Island Creek Shoreline,Dead end,NB
32970,Brooklyn,2021,3,14,16,45,225,191114,POINT (988207.4245194928 151130.52481856258),CROPSEY AVENUE BRIDGE,Coney Island Creek Shoreline,Dead end,NB
32970,Brooklyn,2021,3,14,17,0,210,191114,POINT (988207.4245194928 151130.52481856258),CROPSEY AVENUE BRIDGE,Coney Island Creek Shoreline,Dead end,NB
32970,Brooklyn,2021,3,14,17,15,197,191114,POINT (988207.4245194928 151130.52481856258),CROPSEY AVENUE BRIDGE,Coney Island Creek Shoreline,Dead end,NB
32970,Brooklyn,2021,3,14,17,30,192,191114,POINT (988207.4245194928 151130.52481856258),CROPSEY AVENUE BRIDGE,Coney Island Creek Shoreline,Dead end,NB
32970,Brooklyn,2021,3,14,17,45,181,191114,POINT (988207.4245194928 151130.52481856258),CROPSEY AVENUE BRIDGE,Coney Island Creek Shoreline,Dead end,NB
32970,Brooklyn,2021,3,14,18,0,181,191114,POINT (988207.4245194928 151130.52481856258),CROPSEY AVENUE BRIDGE,Coney Island Creek Shoreline,Dead end,NB
32970,Brooklyn,2021,3,14,18,15,165,191114,POINT (988207.4245194928 151130.52481856258),CROPSEY AVENUE BRIDGE,Coney Island Creek Shoreline,Dead end,NB
32970,Brooklyn,2021,3,14,18,30,158,191114,POINT (988207.4245194928 151130.52481856258),CROPSEY AVENUE BRIDGE,Coney Island Creek Shoreline,Dead end,NB
32970,Brooklyn,2021,3,14,18,45,147,191114,POINT (988207.4245194928 151130.52481856258),CROPSEY AVENUE BRIDGE,Coney Island Creek Shoreline,Dead end,NB
32970,Brooklyn,2021,3,14,19,0,153,191114,POINT (988207.4245194928 151130.52481856258),CROPSEY AVENUE BRIDGE,Coney Island Creek Shoreline,Dead end,NB
32970,Brooklyn,2021,3,14,19,15,153,191114,POINT (988207.4245194928 151130.52481856258),CROPSEY AVENUE BRIDGE,Coney Island Creek Shoreline,Dead end,NB
32970,Brooklyn,2021,3,14,19,30,152,191114,POINT (988207.4245194928 151130.52481856258),CROPSEY AVENUE BRIDGE,Coney Island Creek Shoreline,Dead end,NB
32970,Brooklyn,2021,3,14,19,45,137,191114,POINT (988207.4245194928 151130.52481856258),CROPSEY AVENUE BRIDGE,Coney Island Creek Shoreline,Dead end,NB
32970,Brooklyn,2021,3,14,20,0,115,191114,POINT (988207.4245194928 151130.52481856258),CROPSEY AVENUE BRIDGE,Coney Island Creek Shoreline,Dead end,NB
32970,Brooklyn,2021,3,14,20,15,109,191114,POINT (988207.4245194928 151130.52481856258),CROPSEY AVENUE BRIDGE,Coney Island Creek Shoreline,Dead end,NB
32970,Brooklyn,2021,3,14,20,30,112,191114,POINT (988207.4245194928 151130.52481856258),CROPSEY AVENUE BRIDGE,Coney Island Creek Shoreline,Dead end,NB
32970,Brooklyn,2021,3,14,20,45,105,191114,POINT (988207.4245194928 151130.52481856258),CROPSEY AVENUE BRIDGE,Coney Island Creek Shoreline,Dead end,NB
32970,Brooklyn,2021,3,14,21,0,109,191114,POINT (988207.4245194928 151130.52481856258),CROPSEY AVENUE BRIDGE,Coney Island Creek Shoreline,Dead end,NB
32970,Brooklyn,2021,3,14,21,15,94,191114,POINT (988207.4245194928 151130.52481856258),CROPSEY AVENUE BRIDGE,Coney Island Creek Shoreline,Dead end,NB
32970,Brooklyn,2021,3,14,21,30,86,191114,POINT (988207.4245194928 151130.52481856258),CROPSEY AVENUE BRIDGE,Coney Island Creek Shoreline,Dead end,NB
32970,Brooklyn,2021,3,14,21,45,75,191114,POINT (988207.4245194928 151130.52481856258),CROPSEY AVENUE BRIDGE,Coney Island Creek Shoreline,Dead end,NB
32970,Brooklyn,2021,3,14,22,0,85,191114,POINT (988207.4245194928 151130.52481856258),CROPSEY AVENUE BRIDGE,Coney Island Creek Shoreline,Dead end,NB
32970,Brooklyn,2021,3,14,22,15,86,191114,POINT (988207.4245194928 151130.52481856258),CROPSEY AVENUE BRIDGE,Coney Island Creek Shoreline,Dead end,NB
32970,Brooklyn,2021,3,14,22,30,60,191114,POINT (988207.4245194928 151130.52481856258),CROPSEY AVENUE BRIDGE,Coney Island Creek Shoreline,Dead end,NB
32970,Brooklyn,2021,3,14,22,45,79,191114,POINT (988207.4245194928 151130.52481856258),CROPSEY AVENUE BRIDGE,Coney Island Creek Shoreline,Dead end,NB
32970,Brooklyn,2021,3,14,23,0,59,191114,POINT (988207.4245194928 151130.52481856258),CROPSEY AVENUE BRIDGE,Coney Island Creek Shoreline,Dead end,NB
32970,Brooklyn,2021,3,14,23,15,54,191114,POINT (988207.4245194928 151130.52481856258),CROPSEY AVENUE BRIDGE,Coney Island Creek Shoreline,Dead end,NB
32970,Brooklyn,2021,3,14,23,30,47,191114,POINT (988207.4245194928 151130.52481856258),CROPSEY AVENUE BRIDGE,Coney Island Creek Shoreline,Dead end,NB
32970,Brooklyn,2021,3,14,23,45,47,191114,POINT (988207.4245194928 151130.52481856258),CROPSEY AVENUE BRIDGE,Coney Island Creek Shoreline,Dead end,NB
32970,Brooklyn,2021,3,15,0,0,28,191114,POINT (988207.4245194928 151130.52481856258),CROPSEY AVENUE BRIDGE,Coney Island Creek Shoreline,Dead end,NB
32970,Brooklyn,2021,3,15,0,15,24,191114,POINT (988207.4245194928 151130.52481856258),CROPSEY AVENUE BRIDGE,Coney Island Creek Shoreline,Dead end,NB
32970,Brooklyn,2021,3,15,0,30,31,191114,POINT (988207.4245194928 151130.52481856258),CROPSEY AVENUE BRIDGE,Coney Island Creek Shoreline,Dead end,NB
32970,Brooklyn,2021,3,15,0,45,19,191114,POINT (988207.4245194928 151130.52481856258),CROPSEY AVENUE BRIDGE,Coney Island Creek Shoreline,Dead end,NB
32970,Brooklyn,2021,3,15,1,0,26,191114,POINT (988207.4245194928 151130.52481856258),CROPSEY AVENUE BRIDGE,Coney Island Creek Shoreline,Dead end,NB
32970,Brooklyn,2021,3,15,1,15,27,191114,POINT (988207.4245194928 151130.52481856258),CROPSEY AVENUE BRIDGE,Coney Island Creek Shoreline,Dead end,NB
32970,Brooklyn,2021,3,15,1,30,18,191114,POINT (988207.4245194928 151130.52481856258),CROPSEY AVENUE BRIDGE,Coney Island Creek Shoreline,Dead end,NB
32970,Brooklyn,2021,3,15,1,45,20,191114,POINT (988207.4245194928 151130.52481856258),CROPSEY AVENUE BRIDGE,Coney Island Creek Shoreline,Dead end,NB
32970,Brooklyn,2021,3,15,2,0,18,191114,POINT (988207.4245194928 151130.52481856258),CROPSEY AVENUE BRIDGE,Coney Island Creek Shoreline,Dead end,NB
32970,Brooklyn,2021,3,15,2,15,20,191114,POINT (988207.4245194928 151130.52481856258),CROPSEY AVENUE BRIDGE,Coney Island Creek Shoreline,Dead end,NB
32970,Brooklyn,2021,3,15,2,30,23,191114,POINT (988207.4245194928 151130.52481856258),CROPSEY AVENUE BRIDGE,Coney Island Creek Shoreline,Dead end,NB
32970,Brooklyn,2021,3,15,2,45,20,191114,POINT (988207.4245194928 151130.52481856258),CROPSEY AVENUE BRIDGE,Coney Island Creek Shoreline,Dead end,NB
32970,Brooklyn,2021,3,15,3,0,27,191114,POINT (988207.4245194928 151130.52481856258),CROPSEY AVENUE BRIDGE,Coney Island Creek Shoreline,Dead end,NB
32970,Brooklyn,2021,3,15,3,15,25,191114,POINT (988207.4245194928 151130.52481856258),CROPSEY AVENUE BRIDGE,Coney Island Creek Shoreline,Dead end,NB
32970,Brooklyn,2021,3,15,3,30,32,191114,POINT (988207.4245194928 151130.52481856258),CROPSEY AVENUE BRIDGE,Coney Island Creek Shoreline,Dead end,NB
32970,Brooklyn,2021,3,15,3,45,42,191114,POINT (988207.4245194928 151130.52481856258),CROPSEY AVENUE BRIDGE,Coney Island Creek Shoreline,Dead end,NB
32970,Brooklyn,2021,3,15,4,0,58,191114,POINT (988207.4245194928 151130.52481856258),CROPSEY AVENUE BRIDGE,Coney Island Creek Shoreline,Dead end,NB
32970,Brooklyn,2021,3,15,4,15,50,191114,POINT (988207.4245194928 151130.52481856258),CROPSEY AVENUE BRIDGE,Coney Island Creek Shoreline,Dead end,NB
32970,Brooklyn,2021,3,15,4,30,71,191114,POINT (988207.4245194928 151130.52481856258),CROPSEY AVENUE BRIDGE,Coney Island Creek Shoreline,Dead end,NB
32970,Brooklyn,2021,3,15,4,45,107,191114,POINT (988207.4245194928 151130.52481856258),CROPSEY AVENUE BRIDGE,Coney Island Creek Shoreline,Dead end,NB
32970,Brooklyn,2021,3,15,5,0,87,191114,POINT (988207.4245194928 151130.52481856258),CROPSEY AVENUE BRIDGE,Coney Island Creek Shoreline,Dead end,NB
32970,Brooklyn,2021,3,15,5,15,140,191114,POINT (988207.4245194928 151130.52481856258),CROPSEY AVENUE BRIDGE,Coney Island Creek Shoreline,Dead end,NB
32970,Brooklyn,2021,3,15,5,30,161,191114,POINT (988207.4245194928 151130.52481856258),CROPSEY AVENUE BRIDGE,Coney Island Creek Shoreline,Dead end,NB
32970,Brooklyn,2021,3,15,5,45,162,191114,POINT (988207.4245194928 151130.52481856258),CROPSEY AVENUE BRIDGE,Coney Island Creek Shoreline,Dead end,NB
32970,Brooklyn,2021,3,15,6,0,175,191114,POINT (988207.4245194928 151130.52481856258),CROPSEY AVENUE BRIDGE,Coney Island Creek Shoreline,Dead end,NB
32970,Brooklyn,2021,3,15,6,15,211,191114,POINT (988207.4245194928 151130.52481856258),CROPSEY AVENUE BRIDGE,Coney Island Creek Shoreline,Dead end,NB
32970,Brooklyn,2021,3,15,6,30,221,191114,POINT (988207.4245194928 151130.52481856258),CROPSEY AVENUE BRIDGE,Coney Island Creek Shoreline,Dead end,NB
32970,Brooklyn,2021,3,15,6,45,211,191114,POINT (988207.4245194928 151130.52481856258),CROPSEY AVENUE BRIDGE,Coney Island Creek Shoreline,Dead end,NB
32970,Brooklyn,2021,3,15,7,0,237,191114,POINT (988207.4245194928 151130.52481856258),CROPSEY AVENUE BRIDGE,Coney Island Creek Shoreline,Dead end,NB
32970,Brooklyn,2021,3,15,7,15,247,191114,POINT (988207.4245194928 151130.52481856258),CROPSEY AVENUE BRIDGE,Coney Island Creek Shoreline,Dead end,NB
32970,Brooklyn,2021,3,15,7,30,273,191114,POINT (988207.4245194928 151130.52481856258),CROPSEY AVENUE BRIDGE,Coney Island Creek Shoreline,Dead end,NB
32970,Brooklyn,2021,3,15,7,45,226,191114,POINT (988207.4245194928 151130.52481856258),CROPSEY AVENUE BRIDGE,Coney Island Creek Shoreline,Dead end,NB
32970,Brooklyn,2021,3,15,8,0,201,191114,POINT (988207.4245194928 151130.52481856258),CROPSEY AVENUE BRIDGE,Coney Island Creek Shoreline,Dead end,NB
32970,Brooklyn,2021,3,15,8,15,205,191114,POINT (988207.4245194928 151130.52481856258),CROPSEY AVENUE BRIDGE,Coney Island Creek Shoreline,Dead end,NB
32970,Brooklyn,2021,3,15,8,30,232,191114,POINT (988207.4245194928 151130.52481856258),CROPSEY AVENUE BRIDGE,Coney Island Creek Shoreline,Dead end,NB
32970,Brooklyn,2021,3,15,8,45,195,191114,POINT (988207.4245194928 151130.52481856258),CROPSEY AVENUE BRIDGE,Coney Island Creek Shoreline,Dead end,NB
32970,Brooklyn,2021,3,15,9,0,195,191114,POINT (988207.4245194928 151130.52481856258),CROPSEY AVENUE BRIDGE,Coney Island Creek Shoreline,Dead end,NB
32970,Brooklyn,2021,3,15,9,15,190,191114,POINT (988207.4245194928 151130.52481856258),CROPSEY AVENUE BRIDGE,Coney Island Creek Shoreline,Dead end,NB
32970,Brooklyn,2021,3,15,9,30,201,191114,POINT (988207.4245194928 151130.52481856258),CROPSEY AVENUE BRIDGE,Coney Island Creek Shoreline,Dead end,NB
32970,Brooklyn,2021,3,15,9,45,220,191114,POINT (988207.4245194928 151130.52481856258),CROPSEY AVENUE BRIDGE,Coney Island Creek Shoreline,Dead end,NB
32970,Brooklyn,2021,3,15,10,0,208,191114,POINT (988207.4245194928 151130.52481856258),CROPSEY AVENUE BRIDGE,Coney Island Creek Shoreline,Dead end,NB
32970,Brooklyn,2021,3,15,10,15,228,191114,POINT (988207.4245194928 151130.52481856258),CROPSEY AVENUE BRIDGE,Coney Island Creek Shoreline,Dead end,NB
32970,Brooklyn,2021,3,15,10,30,230,191114,POINT (988207.4245194928 151130.52481856258),CROPSEY AVENUE BRIDGE,Coney Island Creek Shoreline,Dead end,NB
32970,Brooklyn,2021,3,15,10,45,230,191114,POINT (988207.4245194928 151130.52481856258),CROPSEY AVENUE BRIDGE,Coney Island Creek Shoreline,Dead end,NB
32970,Brooklyn,2021,3,15,11,0,228,191114,POINT (988207.4245194928 151130.52481856258),CROPSEY AVENUE BRIDGE,Coney Island Creek Shoreline,Dead end,NB
32970,Brooklyn,2021,3,15,11,15,233,191114,POINT (988207.4245194928 151130.52481856258),CROPSEY AVENUE BRIDGE,Coney Island Creek Shoreline,Dead end,NB
32970,Brooklyn,2021,3,15,11,30,256,191114,POINT (988207.4245194928 151130.52481856258),CROPSEY AVENUE BRIDGE,Coney Island Creek Shoreline,Dead end,NB
32970,Brooklyn,2021,3,15,11,45,236,191114,POINT (988207.4245194928 151130.52481856258),CROPSEY AVENUE BRIDGE,Coney Island Creek Shoreline,Dead end,NB
32970,Brooklyn,2021,3,15,12,0,240,191114,POINT (988207.4245194928 151130.52481856258),CROPSEY AVENUE BRIDGE,Coney Island Creek Shoreline,Dead end,NB
32970,Brooklyn,2021,3,15,12,15,254,191114,POINT (988207.4245194928 151130.52481856258),CROPSEY AVENUE BRIDGE,Coney Island Creek Shoreline,Dead end,NB
32970,Brooklyn,2021,3,15,12,30,267,191114,POINT (988207.4245194928 151130.52481856258),CROPSEY AVENUE BRIDGE,Coney Island Creek Shoreline,Dead end,NB
32970,Brooklyn,2021,3,15,12,45,275,191114,POINT (988207.4245194928 151130.52481856258),CROPSEY AVENUE BRIDGE,Coney Island Creek Shoreline,Dead end,NB
32970,Brooklyn,2021,3,15,13,0,269,191114,POINT (988207.4245194928 151130.52481856258),CROPSEY AVENUE BRIDGE,Coney Island Creek Shoreline,Dead end,NB
32970,Brooklyn,2021,3,15,13,15,327,191114,POINT (988207.4245194928 151130.52481856258),CROPSEY AVENUE BRIDGE,Coney Island Creek Shoreline,Dead end,NB
32970,Brooklyn,2021,3,15,13,30,294,191114,POINT (988207.4245194928 151130.52481856258),CROPSEY AVENUE BRIDGE,Coney Island Creek Shoreline,Dead end,NB
32970,Brooklyn,2021,3,15,13,45,252,191114,POINT (988207.4245194928 151130.52481856258),CROPSEY AVENUE BRIDGE,Coney Island Creek Shoreline,Dead end,NB
32970,Brooklyn,2021,3,15,14,0,286,191114,POINT (988207.4245194928 151130.52481856258),CROPSEY AVENUE BRIDGE,Coney Island Creek Shoreline,Dead end,NB
32970,Brooklyn,2021,3,15,14,15,280,191114,POINT (988207.4245194928 151130.52481856258),CROPSEY AVENUE BRIDGE,Coney Island Creek Shoreline,Dead end,NB
32970,Brooklyn,2021,3,15,14,30,296,191114,POINT (988207.4245194928 151130.52481856258),CROPSEY AVENUE BRIDGE,Coney Island Creek Shoreline,Dead end,NB
32970,Brooklyn,2021,3,15,14,45,301,191114,POINT (988207.4245194928 151130.52481856258),CROPSEY AVENUE BRIDGE,Coney Island Creek Shoreline,Dead end,NB
32970,Brooklyn,2021,3,15,15,0,303,191114,POINT (988207.4245194928 151130.52481856258),CROPSEY AVENUE BRIDGE,Coney Island Creek Shoreline,Dead end,NB
32970,Brooklyn,2021,3,15,15,15,274,191114,POINT (988207.4245194928 151130.52481856258),CROPSEY AVENUE BRIDGE,Coney Island Creek Shoreline,Dead end,NB
32970,Brooklyn,2021,3,15,15,30,251,191114,POINT (988207.4245194928 151130.52481856258),CROPSEY AVENUE BRIDGE,Coney Island Creek Shoreline,Dead end,NB
32970,Brooklyn,2021,3,15,15,45,269,191114,POINT (988207.4245194928 151130.52481856258),CROPSEY AVENUE BRIDGE,Coney Island Creek Shoreline,Dead end,NB
32970,Brooklyn,2021,3,15,16,0,262,191114,POINT (988207.4245194928 151130.52481856258),CROPSEY AVENUE BRIDGE,Coney Island Creek Shoreline,Dead end,NB
32970,Brooklyn,2021,3,15,16,15,282,191114,POINT (988207.4245194928 151130.52481856258),CROPSEY AVENUE BRIDGE,Coney Island Creek Shoreline,Dead end,NB
32970,Brooklyn,2021,3,15,16,30,235,191114,POINT (988207.4245194928 151130.52481856258),CROPSEY AVENUE BRIDGE,Coney Island Creek Shoreline,Dead end,NB
32970,Brooklyn,2021,3,15,16,45,228,191114,POINT (988207.4245194928 151130.52481856258),CROPSEY AVENUE BRIDGE,Coney Island Creek Shoreline,Dead end,NB
32970,Brooklyn,2021,3,15,17,0,208,191114,POINT (988207.4245194928 151130.52481856258),CROPSEY AVENUE BRIDGE,Coney Island Creek Shoreline,Dead end,NB
32970,Brooklyn,2021,3,15,17,15,223,191114,POINT (988207.4245194928 151130.52481856258),CROPSEY AVENUE BRIDGE,Coney Island Creek Shoreline,Dead end,NB
32970,Brooklyn,2021,3,15,17,30,214,191114,POINT (988207.4245194928 151130.52481856258),CROPSEY AVENUE BRIDGE,Coney Island Creek Shoreline,Dead end,NB
32970,Brooklyn,2021,3,15,17,45,183,191114,POINT (988207.4245194928 151130.52481856258),CROPSEY AVENUE BRIDGE,Coney Island Creek Shoreline,Dead end,NB
32970,Brooklyn,2021,3,15,18,0,197,191114,POINT (988207.4245194928 151130.52481856258),CROPSEY AVENUE BRIDGE,Coney Island Creek Shoreline,Dead end,NB
32970,Brooklyn,2021,3,15,18,15,207,191114,POINT (988207.4245194928 151130.52481856258),CROPSEY AVENUE BRIDGE,Coney Island Creek Shoreline,Dead end,NB
32970,Brooklyn,2021,3,15,18,30,182,191114,POINT (988207.4245194928 151130.52481856258),CROPSEY AVENUE BRIDGE,Coney Island Creek Shoreline,Dead end,NB
32970,Brooklyn,2021,3,15,18,45,203,191114,POINT (988207.4245194928 151130.52481856258),CROPSEY AVENUE BRIDGE,Coney Island Creek Shoreline,Dead end,NB
32970,Brooklyn,2021,3,15,19,0,169,191114,POINT (988207.4245194928 151130.52481856258),CROPSEY AVENUE BRIDGE,Coney Island Creek Shoreline,Dead end,NB
32970,Brooklyn,2021,3,15,19,15,176,191114,POINT (988207.4245194928 151130.52481856258),CROPSEY AVENUE BRIDGE,Coney Island Creek Shoreline,Dead end,NB
32970,Brooklyn,2021,3,15,19,30,162,191114,POINT (988207.4245194928 151130.52481856258),CROPSEY AVENUE BRIDGE,Coney Island Creek Shoreline,Dead end,NB
32970,Brooklyn,2021,3,15,19,45,136,191114,POINT (988207.4245194928 151130.52481856258),CROPSEY AVENUE BRIDGE,Coney Island Creek Shoreline,Dead end,NB
32970,Brooklyn,2021,3,15,20,0,119,191114,POINT (988207.4245194928 151130.52481856258),CROPSEY AVENUE BRIDGE,Coney Island Creek Shoreline,Dead end,NB
32970,Brooklyn,2021,3,15,20,15,123,191114,POINT (988207.4245194928 151130.52481856258),CROPSEY AVENUE BRIDGE,Coney Island Creek Shoreline,Dead end,NB
32970,Brooklyn,2021,3,15,20,30,116,191114,POINT (988207.4245194928 151130.52481856258),CROPSEY AVENUE BRIDGE,Coney Island Creek Shoreline,Dead end,NB
32970,Brooklyn,2021,3,15,20,45,105,191114,POINT (988207.4245194928 151130.52481856258),CROPSEY AVENUE BRIDGE,Coney Island Creek Shoreline,Dead end,NB
32970,Brooklyn,2021,3,15,21,0,109,191114,POINT (988207.4245194928 151130.52481856258),CROPSEY AVENUE BRIDGE,Coney Island Creek Shoreline,Dead end,NB
32970,Brooklyn,2021,3,15,21,15,95,191114,POINT (988207.4245194928 151130.52481856258),CROPSEY AVENUE BRIDGE,Coney Island Creek Shoreline,Dead end,NB
32970,Brooklyn,2021,3,15,21,30,79,191114,POINT (988207.4245194928 151130.52481856258),CROPSEY AVENUE BRIDGE,Coney Island Creek Shoreline,Dead end,NB
32970,Brooklyn,2021,3,15,21,45,75,191114,POINT (988207.4245194928 151130.52481856258),CROPSEY AVENUE BRIDGE,Coney Island Creek Shoreline,Dead end,NB
32970,Brooklyn,2021,3,15,22,0,84,191114,POINT (988207.4245194928 151130.52481856258),CROPSEY AVENUE BRIDGE,Coney Island Creek Shoreline,Dead end,NB
32970,Brooklyn,2021,3,15,22,15,58,191114,POINT (988207.4245194928 151130.52481856258),CROPSEY AVENUE BRIDGE,Coney Island Creek Shoreline,Dead end,NB
32970,Brooklyn,2021,3,15,22,30,67,191114,POINT (988207.4245194928 151130.52481856258),CROPSEY AVENUE BRIDGE,Coney Island Creek Shoreline,Dead end,NB
32970,Brooklyn,2021,3,15,22,45,82,191114,POINT (988207.4245194928 151130.52481856258),CROPSEY AVENUE BRIDGE,Coney Island Creek Shoreline,Dead end,NB
32970,Brooklyn,2021,3,15,23,0,59,191114,POINT (988207.4245194928 151130.52481856258),CROPSEY AVENUE BRIDGE,Coney Island Creek Shoreline,Dead end,NB
32970,Brooklyn,2021,3,15,23,15,47,191114,POINT (988207.4245194928 151130.52481856258),CROPSEY AVENUE BRIDGE,Coney Island Creek Shoreline,Dead end,NB
32970,Brooklyn,2021,3,15,23,30,38,191114,POINT (988207.4245194928 151130.52481856258),CROPSEY AVENUE BRIDGE,Coney Island Creek Shoreline,Dead end,NB
32970,Brooklyn,2021,3,15,23,45,38,191114,POINT (988207.4245194928 151130.52481856258),CROPSEY AVENUE BRIDGE,Coney Island Creek Shoreline,Dead end,NB
32970,Brooklyn,2021,3,16,0,0,32,191114,POINT (988207.4245194928 151130.52481856258),CROPSEY AVENUE BRIDGE,Coney Island Creek Shoreline,Dead end,NB
32970,Brooklyn,2021,3,16,0,15,24,191114,POINT (988207.4245194928 151130.52481856258),CROPSEY AVENUE BRIDGE,Coney Island Creek Shoreline,Dead end,NB
32970,Brooklyn,2021,3,16,0,30,37,191114,POINT (988207.4245194928 151130.52481856258),CROPSEY AVENUE BRIDGE,Coney Island Creek Shoreline,Dead end,NB
32970,Brooklyn,2021,3,16,0,45,22,191114,POINT (988207.4245194928 151130.52481856258),CROPSEY AVENUE BRIDGE,Coney Island Creek Shoreline,Dead end,NB
32970,Brooklyn,2021,3,16,1,0,29,191114,POINT (988207.4245194928 151130.52481856258),CROPSEY AVENUE BRIDGE,Coney Island Creek Shoreline,Dead end,NB
32970,Brooklyn,2021,3,16,1,15,12,191114,POINT (988207.4245194928 151130.52481856258),CROPSEY AVENUE BRIDGE,Coney Island Creek Shoreline,Dead end,NB
32970,Brooklyn,2021,3,16,1,30,18,191114,POINT (988207.4245194928 151130.52481856258),CROPSEY AVENUE BRIDGE,Coney Island Creek Shoreline,Dead end,NB
32970,Brooklyn,2021,3,16,1,45,23,191114,POINT (988207.4245194928 151130.52481856258),CROPSEY AVENUE BRIDGE,Coney Island Creek Shoreline,Dead end,NB
32970,Brooklyn,2021,3,16,2,0,16,191114,POINT (988207.4245194928 151130.52481856258),CROPSEY AVENUE BRIDGE,Coney Island Creek Shoreline,Dead end,NB
32970,Brooklyn,2021,3,16,2,15,18,191114,POINT (988207.4245194928 151130.52481856258),CROPSEY AVENUE BRIDGE,Coney Island Creek Shoreline,Dead end,NB
32970,Brooklyn,2021,3,16,2,30,20,191114,POINT (988207.4245194928 151130.52481856258),CROPSEY AVENUE BRIDGE,Coney Island Creek Shoreline,Dead end,NB
32970,Brooklyn,2021,3,16,2,45,16,191114,POINT (988207.4245194928 151130.52481856258),CROPSEY AVENUE BRIDGE,Coney Island Creek Shoreline,Dead end,NB
32970,Brooklyn,2021,3,16,3,0,31,191114,POINT (988207.4245194928 151130.52481856258),CROPSEY AVENUE BRIDGE,Coney Island Creek Shoreline,Dead end,NB
32970,Brooklyn,2021,3,16,3,15,25,191114,POINT (988207.4245194928 151130.52481856258),CROPSEY AVENUE BRIDGE,Coney Island Creek Shoreline,Dead end,NB
32970,Brooklyn,2021,3,16,3,30,46,191114,POINT (988207.4245194928 151130.52481856258),CROPSEY AVENUE BRIDGE,Coney Island Creek Shoreline,Dead end,NB
32970,Brooklyn,2021,3,16,3,45,37,191114,POINT (988207.4245194928 151130.52481856258),CROPSEY AVENUE BRIDGE,Coney Island Creek Shoreline,Dead end,NB
32970,Brooklyn,2021,3,16,4,0,43,191114,POINT (988207.4245194928 151130.52481856258),CROPSEY AVENUE BRIDGE,Coney Island Creek Shoreline,Dead end,NB
32970,Brooklyn,2021,3,16,4,15,70,191114,POINT (988207.4245194928 151130.52481856258),CROPSEY AVENUE BRIDGE,Coney Island Creek Shoreline,Dead end,NB
32970,Brooklyn,2021,3,16,4,30,71,191114,POINT (988207.4245194928 151130.52481856258),CROPSEY AVENUE BRIDGE,Coney Island Creek Shoreline,Dead end,NB
32970,Brooklyn,2021,3,16,4,45,93,191114,POINT (988207.4245194928 151130.52481856258),CROPSEY AVENUE BRIDGE,Coney Island Creek Shoreline,Dead end,NB
32970,Brooklyn,2021,3,16,5,0,120,191114,POINT (988207.4245194928 151130.52481856258),CROPSEY AVENUE BRIDGE,Coney Island Creek Shoreline,Dead end,NB
32970,Brooklyn,2021,3,16,5,15,135,191114,POINT (988207.4245194928 151130.52481856258),CROPSEY AVENUE BRIDGE,Coney Island Creek Shoreline,Dead end,NB
32970,Brooklyn,2021,3,16,5,30,144,191114,POINT (988207.4245194928 151130.52481856258),CROPSEY AVENUE BRIDGE,Coney Island Creek Shoreline,Dead end,NB
32970,Brooklyn,2021,3,16,5,45,155,191114,POINT (988207.4245194928 151130.52481856258),CROPSEY AVENUE BRIDGE,Coney Island Creek Shoreline,Dead end,NB
32970,Brooklyn,2021,3,16,6,0,198,191114,POINT (988207.4245194928 151130.52481856258),CROPSEY AVENUE BRIDGE,Coney Island Creek Shoreline,Dead end,NB
32970,Brooklyn,2021,3,16,6,15,197,191114,POINT (988207.4245194928 151130.52481856258),CROPSEY AVENUE BRIDGE,Coney Island Creek Shoreline,Dead end,NB
32970,Brooklyn,2021,3,16,6,30,230,191114,POINT (988207.4245194928 151130.52481856258),CROPSEY AVENUE BRIDGE,Coney Island Creek Shoreline,Dead end,NB
32970,Brooklyn,2021,3,16,6,45,229,191114,POINT (988207.4245194928 151130.52481856258),CROPSEY AVENUE BRIDGE,Coney Island Creek Shoreline,Dead end,NB
32970,Brooklyn,2021,3,16,7,0,257,191114,POINT (988207.4245194928 151130.52481856258),CROPSEY AVENUE BRIDGE,Coney Island Creek Shoreline,Dead end,NB
32970,Brooklyn,2021,3,16,7,15,269,191114,POINT (988207.4245194928 151130.52481856258),CROPSEY AVENUE BRIDGE,Coney Island Creek Shoreline,Dead end,NB
32970,Brooklyn,2021,3,16,7,30,266,191114,POINT (988207.4245194928 151130.52481856258),CROPSEY AVENUE BRIDGE,Coney Island Creek Shoreline,Dead end,NB
32970,Brooklyn,2021,3,16,7,45,256,191114,POINT (988207.4245194928 151130.52481856258),CROPSEY AVENUE BRIDGE,Coney Island Creek Shoreline,Dead end,NB
32970,Brooklyn,2021,3,16,8,0,211,191114,POINT (988207.4245194928 151130.52481856258),CROPSEY AVENUE BRIDGE,Coney Island Creek Shoreline,Dead end,NB
32970,Brooklyn,2021,3,16,8,15,215,191114,POINT (988207.4245194928 151130.52481856258),CROPSEY AVENUE BRIDGE,Coney Island Creek Shoreline,Dead end,NB
32970,Brooklyn,2021,3,16,8,30,199,191114,POINT (988207.4245194928 151130.52481856258),CROPSEY AVENUE BRIDGE,Coney Island Creek Shoreline,Dead end,NB
32970,Brooklyn,2021,3,16,8,45,196,191114,POINT (988207.4245194928 151130.52481856258),CROPSEY AVENUE BRIDGE,Coney Island Creek Shoreline,Dead end,NB
32970,Brooklyn,2021,3,16,9,0,199,191114,POINT (988207.4245194928 151130.52481856258),CROPSEY AVENUE BRIDGE,Coney Island Creek Shoreline,Dead end,NB
32970,Brooklyn,2021,3,16,9,15,221,191114,POINT (988207.4245194928 151130.52481856258),CROPSEY AVENUE BRIDGE,Coney Island Creek Shoreline,Dead end,NB
32970,Brooklyn,2021,3,16,9,30,206,191114,POINT (988207.4245194928 151130.52481856258),CROPSEY AVENUE BRIDGE,Coney Island Creek Shoreline,Dead end,NB
32970,Brooklyn,2021,3,16,9,45,217,191114,POINT (988207.4245194928 151130.52481856258),CROPSEY AVENUE BRIDGE,Coney Island Creek Shoreline,Dead end,NB
32970,Brooklyn,2021,3,16,10,0,198,191114,POINT (988207.4245194928 151130.52481856258),CROPSEY AVENUE BRIDGE,Coney Island Creek Shoreline,Dead end,NB
32970,Brooklyn,2021,3,16,10,15,226,191114,POINT (988207.4245194928 151130.52481856258),CROPSEY AVENUE BRIDGE,Coney Island Creek Shoreline,Dead end,NB
32970,Brooklyn,2021,3,16,10,30,219,191114,POINT (988207.4245194928 151130.52481856258),CROPSEY AVENUE BRIDGE,Coney Island Creek Shoreline,Dead end,NB
32970,Brooklyn,2021,3,16,10,45,220,191114,POINT (988207.4245194928 151130.52481856258),CROPSEY AVENUE BRIDGE,Coney Island Creek Shoreline,Dead end,NB
32970,Brooklyn,2021,3,16,11,0,231,191114,POINT (988207.4245194928 151130.52481856258),CROPSEY AVENUE BRIDGE,Coney Island Creek Shoreline,Dead end,NB
32970,Brooklyn,2021,3,16,11,15,229,191114,POINT (988207.4245194928 151130.52481856258),CROPSEY AVENUE BRIDGE,Coney Island Creek Shoreline,Dead end,NB
32970,Brooklyn,2021,3,16,11,30,216,191114,POINT (988207.4245194928 151130.52481856258),CROPSEY AVENUE BRIDGE,Coney Island Creek Shoreline,Dead end,NB
32970,Brooklyn,2021,3,16,11,45,244,191114,POINT (988207.4245194928 151130.52481856258),CROPSEY AVENUE BRIDGE,Coney Island Creek Shoreline,Dead end,NB
32970,Brooklyn,2021,3,16,12,0,243,191114,POINT (988207.4245194928 151130.52481856258),CROPSEY AVENUE BRIDGE,Coney Island Creek Shoreline,Dead end,NB
32970,Brooklyn,2021,3,16,12,15,254,191114,POINT (988207.4245194928 151130.52481856258),CROPSEY AVENUE BRIDGE,Coney Island Creek Shoreline,Dead end,NB
32970,Brooklyn,2021,3,16,12,30,248,191114,POINT (988207.4245194928 151130.52481856258),CROPSEY AVENUE BRIDGE,Coney Island Creek Shoreline,Dead end,NB
32970,Brooklyn,2021,3,16,12,45,235,191114,POINT (988207.4245194928 151130.52481856258),CROPSEY AVENUE BRIDGE,Coney Island Creek Shoreline,Dead end,NB
32970,Brooklyn,2021,3,16,13,0,284,191114,POINT (988207.4245194928 151130.52481856258),CROPSEY AVENUE BRIDGE,Coney Island Creek Shoreline,Dead end,NB
32970,Brooklyn,2021,3,16,13,15,309,191114,POINT (988207.4245194928 151130.52481856258),CROPSEY AVENUE BRIDGE,Coney Island Creek Shoreline,Dead end,NB
32970,Brooklyn,2021,3,16,13,30,288,191114,POINT (988207.4245194928 151130.52481856258),CROPSEY AVENUE BRIDGE,Coney Island Creek Shoreline,Dead end,NB
32970,Brooklyn,2021,3,16,13,45,254,191114,POINT (988207.4245194928 151130.52481856258),CROPSEY AVENUE BRIDGE,Coney Island Creek Shoreline,Dead end,NB
32970,Brooklyn,2021,3,16,14,0,297,191114,POINT (988207.4245194928 151130.52481856258),CROPSEY AVENUE BRIDGE,Coney Island Creek Shoreline,Dead end,NB
32970,Brooklyn,2021,3,16,14,15,295,191114,POINT (988207.4245194928 151130.52481856258),CROPSEY AVENUE BRIDGE,Coney Island Creek Shoreline,Dead end,NB
32970,Brooklyn,2021,3,16,14,30,302,191114,POINT (988207.4245194928 151130.52481856258),CROPSEY AVENUE BRIDGE,Coney Island Creek Shoreline,Dead end,NB
32970,Brooklyn,2021,3,16,14,45,278,191114,POINT (988207.4245194928 151130.52481856258),CROPSEY AVENUE BRIDGE,Coney Island Creek Shoreline,Dead end,NB
32970,Brooklyn,2021,3,16,15,0,277,191114,POINT (988207.4245194928 151130.52481856258),CROPSEY AVENUE BRIDGE,Coney Island Creek Shoreline,Dead end,NB
32970,Brooklyn,2021,3,16,15,15,272,191114,POINT (988207.4245194928 151130.52481856258),CROPSEY AVENUE BRIDGE,Coney Island Creek Shoreline,Dead end,NB
32970,Brooklyn,2021,3,16,15,30,266,191114,POINT (988207.4245194928 151130.52481856258),CROPSEY AVENUE BRIDGE,Coney Island Creek Shoreline,Dead end,NB
32970,Brooklyn,2021,3,16,15,45,267,191114,POINT (988207.4245194928 151130.52481856258),CROPSEY AVENUE BRIDGE,Coney Island Creek Shoreline,Dead end,NB
32970,Brooklyn,2021,3,16,16,0,269,191114,POINT (988207.4245194928 151130.52481856258),CROPSEY AVENUE BRIDGE,Coney Island Creek Shoreline,Dead end,NB
32970,Brooklyn,2021,3,16,16,15,247,191114,POINT (988207.4245194928 151130.52481856258),CROPSEY AVENUE BRIDGE,Coney Island Creek Shoreline,Dead end,NB
32970,Brooklyn,2021,3,16,16,30,259,191114,POINT (988207.4245194928 151130.52481856258),CROPSEY AVENUE BRIDGE,Coney Island Creek Shoreline,Dead end,NB
32970,Brooklyn,2021,3,16,16,45,258,191114,POINT (988207.4245194928 151130.52481856258),CROPSEY AVENUE BRIDGE,Coney Island Creek Shoreline,Dead end,NB
32970,Brooklyn,2021,3,16,17,0,237,191114,POINT (988207.4245194928 151130.52481856258),CROPSEY AVENUE BRIDGE,Coney Island Creek Shoreline,Dead end,NB
32970,Brooklyn,2021,3,16,17,15,200,191114,POINT (988207.4245194928 151130.52481856258),CROPSEY AVENUE BRIDGE,Coney Island Creek Shoreline,Dead end,NB
32970,Brooklyn,2021,3,16,17,30,217,191114,POINT (988207.4245194928 151130.52481856258),CROPSEY AVENUE BRIDGE,Coney Island Creek Shoreline,Dead end,NB
32970,Brooklyn,2021,3,16,17,45,216,191114,POINT (988207.4245194928 151130.52481856258),CROPSEY AVENUE BRIDGE,Coney Island Creek Shoreline,Dead end,NB
32970,Brooklyn,2021,3,16,18,0,184,191114,POINT (988207.4245194928 151130.52481856258),CROPSEY AVENUE BRIDGE,Coney Island Creek Shoreline,Dead end,NB
32970,Brooklyn,2021,3,16,18,15,226,191114,POINT (988207.4245194928 151130.52481856258),CROPSEY AVENUE BRIDGE,Coney Island Creek Shoreline,Dead end,NB
32970,Brooklyn,2021,3,16,18,30,197,191114,POINT (988207.4245194928 151130.52481856258),CROPSEY AVENUE BRIDGE,Coney Island Creek Shoreline,Dead end,NB
32970,Brooklyn,2021,3,16,18,45,194,191114,POINT (988207.4245194928 151130.52481856258),CROPSEY AVENUE BRIDGE,Coney Island Creek Shoreline,Dead end,NB
32970,Brooklyn,2021,3,16,19,0,162,191114,POINT (988207.4245194928 151130.52481856258),CROPSEY AVENUE BRIDGE,Coney Island Creek Shoreline,Dead end,NB
32970,Brooklyn,2021,3,16,19,15,187,191114,POINT (988207.4245194928 151130.52481856258),CROPSEY AVENUE BRIDGE,Coney Island Creek Shoreline,Dead end,NB
32970,Brooklyn,2021,3,16,19,30,150,191114,POINT (988207.4245194928 151130.52481856258),CROPSEY AVENUE BRIDGE,Coney Island Creek Shoreline,Dead end,NB
32970,Brooklyn,2021,3,16,19,45,155,191114,POINT (988207.4245194928 151130.52481856258),CROPSEY AVENUE BRIDGE,Coney Island Creek Shoreline,Dead end,NB
32970,Brooklyn,2021,3,16,20,0,111,191114,POINT (988207.4245194928 151130.52481856258),CROPSEY AVENUE BRIDGE,Coney Island Creek Shoreline,Dead end,NB
32970,Brooklyn,2021,3,16,20,15,135,191114,POINT (988207.4245194928 151130.52481856258),CROPSEY AVENUE BRIDGE,Coney Island Creek Shoreline,Dead end,NB
32970,Brooklyn,2021,3,16,20,30,117,191114,POINT (988207.4245194928 151130.52481856258),CROPSEY AVENUE BRIDGE,Coney Island Creek Shoreline,Dead end,NB
32970,Brooklyn,2021,3,16,20,45,95,191114,POINT (988207.4245194928 151130.52481856258),CROPSEY AVENUE BRIDGE,Coney Island Creek Shoreline,Dead end,NB
32970,Brooklyn,2021,3,16,21,0,120,191114,POINT (988207.4245194928 151130.52481856258),CROPSEY AVENUE BRIDGE,Coney Island Creek Shoreline,Dead end,NB
32970,Brooklyn,2021,3,16,21,15,76,191114,POINT (988207.4245194928 151130.52481856258),CROPSEY AVENUE BRIDGE,Coney Island Creek Shoreline,Dead end,NB
32970,Brooklyn,2021,3,16,21,30,74,191114,POINT (988207.4245194928 151130.52481856258),CROPSEY AVENUE BRIDGE,Coney Island Creek Shoreline,Dead end,NB
32970,Brooklyn,2021,3,16,21,45,75,191114,POINT (988207.4245194928 151130.52481856258),CROPSEY AVENUE BRIDGE,Coney Island Creek Shoreline,Dead end,NB
32970,Brooklyn,2021,3,16,22,0,81,191114,POINT (988207.4245194928 151130.52481856258),CROPSEY AVENUE BRIDGE,Coney Island Creek Shoreline,Dead end,NB
32970,Brooklyn,2021,3,16,22,15,75,191114,POINT (988207.4245194928 151130.52481856258),CROPSEY AVENUE BRIDGE,Coney Island Creek Shoreline,Dead end,NB
32970,Brooklyn,2021,3,16,22,30,74,191114,POINT (988207.4245194928 151130.52481856258),CROPSEY AVENUE BRIDGE,Coney Island Creek Shoreline,Dead end,NB
32970,Brooklyn,2021,3,16,22,45,62,191114,POINT (988207.4245194928 151130.52481856258),CROPSEY AVENUE BRIDGE,Coney Island Creek Shoreline,Dead end,NB
32970,Brooklyn,2021,3,16,23,0,53,191114,POINT (988207.4245194928 151130.52481856258),CROPSEY AVENUE BRIDGE,Coney Island Creek Shoreline,Dead end,NB
32970,Brooklyn,2021,3,16,23,15,34,191114,POINT (988207.4245194928 151130.52481856258),CROPSEY AVENUE BRIDGE,Coney Island Creek Shoreline,Dead end,NB
32970,Brooklyn,2021,3,16,23,30,49,191114,POINT (988207.4245194928 151130.52481856258),CROPSEY AVENUE BRIDGE,Coney Island Creek Shoreline,Dead end,NB
32970,Brooklyn,2021,3,16,23,45,34,191114,POINT (988207.4245194928 151130.52481856258),CROPSEY AVENUE BRIDGE,Coney Island Creek Shoreline,Dead end,NB
32970,Brooklyn,2021,3,17,0,0,39,191114,POINT (988207.4245194928 151130.52481856258),CROPSEY AVENUE BRIDGE,Coney Island Creek Shoreline,Dead end,NB
32970,Brooklyn,2021,3,17,0,15,24,191114,POINT (988207.4245194928 151130.52481856258),CROPSEY AVENUE BRIDGE,Coney Island Creek Shoreline,Dead end,NB
32970,Brooklyn,2021,3,17,0,30,29,191114,POINT (988207.4245194928 151130.52481856258),CROPSEY AVENUE BRIDGE,Coney Island Creek Shoreline,Dead end,NB
32970,Brooklyn,2021,3,17,0,45,34,191114,POINT (988207.4245194928 151130.52481856258),CROPSEY AVENUE BRIDGE,Coney Island Creek Shoreline,Dead end,NB
32970,Brooklyn,2021,3,17,1,0,25,191114,POINT (988207.4245194928 151130.52481856258),CROPSEY AVENUE BRIDGE,Coney Island Creek Shoreline,Dead end,NB
32970,Brooklyn,2021,3,17,1,15,17,191114,POINT (988207.4245194928 151130.52481856258),CROPSEY AVENUE BRIDGE,Coney Island Creek Shoreline,Dead end,NB
32970,Brooklyn,2021,3,17,1,30,18,191114,POINT (988207.4245194928 151130.52481856258),CROPSEY AVENUE BRIDGE,Coney Island Creek Shoreline,Dead end,NB
32970,Brooklyn,2021,3,17,1,45,17,191114,POINT (988207.4245194928 151130.52481856258),CROPSEY AVENUE BRIDGE,Coney Island Creek Shoreline,Dead end,NB
32970,Brooklyn,2021,3,17,2,0,20,191114,POINT (988207.4245194928 151130.52481856258),CROPSEY AVENUE BRIDGE,Coney Island Creek Shoreline,Dead end,NB
32970,Brooklyn,2021,3,17,2,15,29,191114,POINT (988207.4245194928 151130.52481856258),CROPSEY AVENUE BRIDGE,Coney Island Creek Shoreline,Dead end,NB
32970,Brooklyn,2021,3,17,2,30,20,191114,POINT (988207.4245194928 151130.52481856258),CROPSEY AVENUE BRIDGE,Coney Island Creek Shoreline,Dead end,NB
32970,Brooklyn,2021,3,17,2,45,27,191114,POINT (988207.4245194928 151130.52481856258),CROPSEY AVENUE BRIDGE,Coney Island Creek Shoreline,Dead end,NB
32970,Brooklyn,2021,3,17,3,0,29,191114,POINT (988207.4245194928 151130.52481856258),CROPSEY AVENUE BRIDGE,Coney Island Creek Shoreline,Dead end,NB
32970,Brooklyn,2021,3,17,3,15,39,191114,POINT (988207.4245194928 151130.52481856258),CROPSEY AVENUE BRIDGE,Coney Island Creek Shoreline,Dead end,NB
32970,Brooklyn,2021,3,17,3,30,25,191114,POINT (988207.4245194928 151130.52481856258),CROPSEY AVENUE BRIDGE,Coney Island Creek Shoreline,Dead end,NB
32970,Brooklyn,2021,3,17,3,45,42,191114,POINT (988207.4245194928 151130.52481856258),CROPSEY AVENUE BRIDGE,Coney Island Creek Shoreline,Dead end,NB
32970,Brooklyn,2021,3,17,4,0,48,191114,POINT (988207.4245194928 151130.52481856258),CROPSEY AVENUE BRIDGE,Coney Island Creek Shoreline,Dead end,NB
32970,Brooklyn,2021,3,17,4,15,74,191114,POINT (988207.4245194928 151130.52481856258),CROPSEY AVENUE BRIDGE,Coney Island Creek Shoreline,Dead end,NB
32970,Brooklyn,2021,3,17,4,30,73,191114,POINT (988207.4245194928 151130.52481856258),CROPSEY AVENUE BRIDGE,Coney Island Creek Shoreline,Dead end,NB
32970,Brooklyn,2021,3,17,4,45,86,191114,POINT (988207.4245194928 151130.52481856258),CROPSEY AVENUE BRIDGE,Coney Island Creek Shoreline,Dead end,NB
32970,Brooklyn,2021,3,17,5,0,112,191114,POINT (988207.4245194928 151130.52481856258),CROPSEY AVENUE BRIDGE,Coney Island Creek Shoreline,Dead end,NB
32970,Brooklyn,2021,3,17,5,15,139,191114,POINT (988207.4245194928 151130.52481856258),CROPSEY AVENUE BRIDGE,Coney Island Creek Shoreline,Dead end,NB
32970,Brooklyn,2021,3,17,5,30,152,191114,POINT (988207.4245194928 151130.52481856258),CROPSEY AVENUE BRIDGE,Coney Island Creek Shoreline,Dead end,NB
32970,Brooklyn,2021,3,17,5,45,146,191114,POINT (988207.4245194928 151130.52481856258),CROPSEY AVENUE BRIDGE,Coney Island Creek Shoreline,Dead end,NB
32970,Brooklyn,2021,3,17,6,0,182,191114,POINT (988207.4245194928 151130.52481856258),CROPSEY AVENUE BRIDGE,Coney Island Creek Shoreline,Dead end,NB
32970,Brooklyn,2021,3,17,6,15,209,191114,POINT (988207.4245194928 151130.52481856258),CROPSEY AVENUE BRIDGE,Coney Island Creek Shoreline,Dead end,NB
32970,Brooklyn,2021,3,17,6,30,212,191114,POINT (988207.4245194928 151130.52481856258),CROPSEY AVENUE BRIDGE,Coney Island Creek Shoreline,Dead end,NB
32970,Brooklyn,2021,3,17,6,45,239,191114,POINT (988207.4245194928 151130.52481856258),CROPSEY AVENUE BRIDGE,Coney Island Creek Shoreline,Dead end,NB
32970,Brooklyn,2021,3,17,7,0,246,191114,POINT (988207.4245194928 151130.52481856258),CROPSEY AVENUE BRIDGE,Coney Island Creek Shoreline,Dead end,NB
32970,Brooklyn,2021,3,17,7,15,261,191114,POINT (988207.4245194928 151130.52481856258),CROPSEY AVENUE BRIDGE,Coney Island Creek Shoreline,Dead end,NB
32970,Brooklyn,2021,3,17,7,30,250,191114,POINT (988207.4245194928 151130.52481856258),CROPSEY AVENUE BRIDGE,Coney Island Creek Shoreline,Dead end,NB
32970,Brooklyn,2021,3,17,7,45,223,191114,POINT (988207.4245194928 151130.52481856258),CROPSEY AVENUE BRIDGE,Coney Island Creek Shoreline,Dead end,NB
32970,Brooklyn,2021,3,17,8,0,217,191114,POINT (988207.4245194928 151130.52481856258),CROPSEY AVENUE BRIDGE,Coney Island Creek Shoreline,Dead end,NB
32970,Brooklyn,2021,3,17,8,15,200,191114,POINT (988207.4245194928 151130.52481856258),CROPSEY AVENUE BRIDGE,Coney Island Creek Shoreline,Dead end,NB
32970,Brooklyn,2021,3,17,8,30,212,191114,POINT (988207.4245194928 151130.52481856258),CROPSEY AVENUE BRIDGE,Coney Island Creek Shoreline,Dead end,NB
32970,Brooklyn,2021,3,17,8,45,212,191114,POINT (988207.4245194928 151130.52481856258),CROPSEY AVENUE BRIDGE,Coney Island Creek Shoreline,Dead end,NB
32970,Brooklyn,2021,3,17,9,0,198,191114,POINT (988207.4245194928 151130.52481856258),CROPSEY AVENUE BRIDGE,Coney Island Creek Shoreline,Dead end,NB
32970,Brooklyn,2021,3,17,9,15,205,191114,POINT (988207.4245194928 151130.52481856258),CROPSEY AVENUE BRIDGE,Coney Island Creek Shoreline,Dead end,NB
32970,Brooklyn,2021,3,17,9,30,207,191114,POINT (988207.4245194928 151130.52481856258),CROPSEY AVENUE BRIDGE,Coney Island Creek Shoreline,Dead end,NB
32970,Brooklyn,2021,3,17,9,45,232,191114,POINT (988207.4245194928 151130.52481856258),CROPSEY AVENUE BRIDGE,Coney Island Creek Shoreline,Dead end,NB
32970,Brooklyn,2021,3,17,10,0,198,191114,POINT (988207.4245194928 151130.52481856258),CROPSEY AVENUE BRIDGE,Coney Island Creek Shoreline,Dead end,NB
32970,Brooklyn,2021,3,17,10,15,194,191114,POINT (988207.4245194928 151130.52481856258),CROPSEY AVENUE BRIDGE,Coney Island Creek Shoreline,Dead end,NB
32970,Brooklyn,2021,3,17,10,30,209,191114,POINT (988207.4245194928 151130.52481856258),CROPSEY AVENUE BRIDGE,Coney Island Creek Shoreline,Dead end,NB
32970,Brooklyn,2021,3,17,10,45,219,191114,POINT (988207.4245194928 151130.52481856258),CROPSEY AVENUE BRIDGE,Coney Island Creek Shoreline,Dead end,NB
32970,Brooklyn,2021,3,17,11,0,228,191114,POINT (988207.4245194928 151130.52481856258),CROPSEY AVENUE BRIDGE,Coney Island Creek Shoreline,Dead end,NB
32970,Brooklyn,2021,3,17,11,15,242,191114,POINT (988207.4245194928 151130.52481856258),CROPSEY AVENUE BRIDGE,Coney Island Creek Shoreline,Dead end,NB
32970,Brooklyn,2021,3,17,11,30,264,191114,POINT (988207.4245194928 151130.52481856258),CROPSEY AVENUE BRIDGE,Coney Island Creek Shoreline,Dead end,NB
32970,Brooklyn,2021,3,17,11,45,231,191114,POINT (988207.4245194928 151130.52481856258),CROPSEY AVENUE BRIDGE,Coney Island Creek Shoreline,Dead end,NB
32970,Brooklyn,2021,3,17,12,0,262,191114,POINT (988207.4245194928 151130.52481856258),CROPSEY AVENUE BRIDGE,Coney Island Creek Shoreline,Dead end,NB
32970,Brooklyn,2021,3,17,12,15,255,191114,POINT (988207.4245194928 151130.52481856258),CROPSEY AVENUE BRIDGE,Coney Island Creek Shoreline,Dead end,NB
32970,Brooklyn,2021,3,17,12,30,229,191114,POINT (988207.4245194928 151130.52481856258),CROPSEY AVENUE BRIDGE,Coney Island Creek Shoreline,Dead end,NB
32970,Brooklyn,2021,3,17,12,45,259,191114,POINT (988207.4245194928 151130.52481856258),CROPSEY AVENUE BRIDGE,Coney Island Creek Shoreline,Dead end,NB
32970,Brooklyn,2021,3,17,13,0,265,191114,POINT (988207.4245194928 151130.52481856258),CROPSEY AVENUE BRIDGE,Coney Island Creek Shoreline,Dead end,NB
32970,Brooklyn,2021,3,17,13,15,314,191114,POINT (988207.4245194928 151130.52481856258),CROPSEY AVENUE BRIDGE,Coney Island Creek Shoreline,Dead end,NB
32970,Brooklyn,2021,3,17,13,30,313,191114,POINT (988207.4245194928 151130.52481856258),CROPSEY AVENUE BRIDGE,Coney Island Creek Shoreline,Dead end,NB
32970,Brooklyn,2021,3,17,13,45,278,191114,POINT (988207.4245194928 151130.52481856258),CROPSEY AVENUE BRIDGE,Coney Island Creek Shoreline,Dead end,NB
32970,Brooklyn,2021,3,17,14,0,257,191114,POINT (988207.4245194928 151130.52481856258),CROPSEY AVENUE BRIDGE,Coney Island Creek Shoreline,Dead end,NB
32970,Brooklyn,2021,3,17,14,15,300,191114,POINT (988207.4245194928 151130.52481856258),CROPSEY AVENUE BRIDGE,Coney Island Creek Shoreline,Dead end,NB
32970,Brooklyn,2021,3,17,14,30,315,191114,POINT (988207.4245194928 151130.52481856258),CROPSEY AVENUE BRIDGE,Coney Island Creek Shoreline,Dead end,NB
32970,Brooklyn,2021,3,17,14,45,318,191114,POINT (988207.4245194928 151130.52481856258),CROPSEY AVENUE BRIDGE,Coney Island Creek Shoreline,Dead end,NB
32970,Brooklyn,2021,3,17,15,0,300,191114,POINT (988207.4245194928 151130.52481856258),CROPSEY AVENUE BRIDGE,Coney Island Creek Shoreline,Dead end,NB
32970,Brooklyn,2021,3,17,15,15,286,191114,POINT (988207.4245194928 151130.52481856258),CROPSEY AVENUE BRIDGE,Coney Island Creek Shoreline,Dead end,NB
32970,Brooklyn,2021,3,17,15,30,268,191114,POINT (988207.4245194928 151130.52481856258),CROPSEY AVENUE BRIDGE,Coney Island Creek Shoreline,Dead end,NB
32970,Brooklyn,2021,3,17,15,45,271,191114,POINT (988207.4245194928 151130.52481856258),CROPSEY AVENUE BRIDGE,Coney Island Creek Shoreline,Dead end,NB
32970,Brooklyn,2021,3,17,16,0,277,191114,POINT (988207.4245194928 151130.52481856258),CROPSEY AVENUE BRIDGE,Coney Island Creek Shoreline,Dead end,NB
32970,Brooklyn,2021,3,17,16,15,294,191114,POINT (988207.4245194928 151130.52481856258),CROPSEY AVENUE BRIDGE,Coney Island Creek Shoreline,Dead end,NB
32970,Brooklyn,2021,3,17,16,30,243,191114,POINT (988207.4245194928 151130.52481856258),CROPSEY AVENUE BRIDGE,Coney Island Creek Shoreline,Dead end,NB
32970,Brooklyn,2021,3,17,16,45,270,191114,POINT (988207.4245194928 151130.52481856258),CROPSEY AVENUE BRIDGE,Coney Island Creek Shoreline,Dead end,NB
32970,Brooklyn,2021,3,17,17,0,262,191114,POINT (988207.4245194928 151130.52481856258),CROPSEY AVENUE BRIDGE,Coney Island Creek Shoreline,Dead end,NB
32970,Brooklyn,2021,3,17,17,15,230,191114,POINT (988207.4245194928 151130.52481856258),CROPSEY AVENUE BRIDGE,Coney Island Creek Shoreline,Dead end,NB
32970,Brooklyn,2021,3,17,17,30,213,191114,POINT (988207.4245194928 151130.52481856258),CROPSEY AVENUE BRIDGE,Coney Island Creek Shoreline,Dead end,NB
32970,Brooklyn,2021,3,17,17,45,242,191114,POINT (988207.4245194928 151130.52481856258),CROPSEY AVENUE BRIDGE,Coney Island Creek Shoreline,Dead end,NB
32970,Brooklyn,2021,3,17,18,0,203,191114,POINT (988207.4245194928 151130.52481856258),CROPSEY AVENUE BRIDGE,Coney Island Creek Shoreline,Dead end,NB
32970,Brooklyn,2021,3,17,18,15,212,191114,POINT (988207.4245194928 151130.52481856258),CROPSEY AVENUE BRIDGE,Coney Island Creek Shoreline,Dead end,NB
32970,Brooklyn,2021,3,17,18,30,209,191114,POINT (988207.4245194928 151130.52481856258),CROPSEY AVENUE BRIDGE,Coney Island Creek Shoreline,Dead end,NB
32970,Brooklyn,2021,3,17,18,45,180,191114,POINT (988207.4245194928 151130.52481856258),CROPSEY AVENUE BRIDGE,Coney Island Creek Shoreline,Dead end,NB
32970,Brooklyn,2021,3,17,19,0,165,191114,POINT (988207.4245194928 151130.52481856258),CROPSEY AVENUE BRIDGE,Coney Island Creek Shoreline,Dead end,NB
32970,Brooklyn,2021,3,17,19,15,176,191114,POINT (988207.4245194928 151130.52481856258),CROPSEY AVENUE BRIDGE,Coney Island Creek Shoreline,Dead end,NB
32970,Brooklyn,2021,3,17,19,30,142,191114,POINT (988207.4245194928 151130.52481856258),CROPSEY AVENUE BRIDGE,Coney Island Creek Shoreline,Dead end,NB
32970,Brooklyn,2021,3,17,19,45,133,191114,POINT (988207.4245194928 151130.52481856258),CROPSEY AVENUE BRIDGE,Coney Island Creek Shoreline,Dead end,NB
32970,Brooklyn,2021,3,17,20,0,139,191114,POINT (988207.4245194928 151130.52481856258),CROPSEY AVENUE BRIDGE,Coney Island Creek Shoreline,Dead end,NB
32970,Brooklyn,2021,3,17,20,15,129,191114,POINT (988207.4245194928 151130.52481856258),CROPSEY AVENUE BRIDGE,Coney Island Creek Shoreline,Dead end,NB
32970,Brooklyn,2021,3,17,20,30,112,191114,POINT (988207.4245194928 151130.52481856258),CROPSEY AVENUE BRIDGE,Coney Island Creek Shoreline,Dead end,NB
32970,Brooklyn,2021,3,17,20,45,110,191114,POINT (988207.4245194928 151130.52481856258),CROPSEY AVENUE BRIDGE,Coney Island Creek Shoreline,Dead end,NB
32970,Brooklyn,2021,3,17,21,0,144,191114,POINT (988207.4245194928 151130.52481856258),CROPSEY AVENUE BRIDGE,Coney Island Creek Shoreline,Dead end,NB
32970,Brooklyn,2021,3,17,21,15,113,191114,POINT (988207.4245194928 151130.52481856258),CROPSEY AVENUE BRIDGE,Coney Island Creek Shoreline,Dead end,NB
32970,Brooklyn,2021,3,17,21,30,93,191114,POINT (988207.4245194928 151130.52481856258),CROPSEY AVENUE BRIDGE,Coney Island Creek Shoreline,Dead end,NB
32970,Brooklyn,2021,3,17,21,45,77,191114,POINT (988207.4245194928 151130.52481856258),CROPSEY AVENUE BRIDGE,Coney Island Creek Shoreline,Dead end,NB
32970,Brooklyn,2021,3,17,22,0,87,191114,POINT (988207.4245194928 151130.52481856258),CROPSEY AVENUE BRIDGE,Coney Island Creek Shoreline,Dead end,NB
32970,Brooklyn,2021,3,17,22,15,79,191114,POINT (988207.4245194928 151130.52481856258),CROPSEY AVENUE BRIDGE,Coney Island Creek Shoreline,Dead end,NB
32970,Brooklyn,2021,3,17,22,30,79,191114,POINT (988207.4245194928 151130.52481856258),CROPSEY AVENUE BRIDGE,Coney Island Creek Shoreline,Dead end,NB
32970,Brooklyn,2021,3,17,22,45,54,191114,POINT (988207.4245194928 151130.52481856258),CROPSEY AVENUE BRIDGE,Coney Island Creek Shoreline,Dead end,NB
32970,Brooklyn,2021,3,17,23,0,62,191114,POINT (988207.4245194928 151130.52481856258),CROPSEY AVENUE BRIDGE,Coney Island Creek Shoreline,Dead end,NB
32970,Brooklyn,2021,3,17,23,15,45,191114,POINT (988207.4245194928 151130.52481856258),CROPSEY AVENUE BRIDGE,Coney Island Creek Shoreline,Dead end,NB
32970,Brooklyn,2021,3,17,23,30,60,191114,POINT (988207.4245194928 151130.52481856258),CROPSEY AVENUE BRIDGE,Coney Island Creek Shoreline,Dead end,NB
32970,Brooklyn,2021,3,17,23,45,41,191114,POINT (988207.4245194928 151130.52481856258),CROPSEY AVENUE BRIDGE,Coney Island Creek Shoreline,Dead end,NB
32970,Brooklyn,2021,3,18,0,0,43,191114,POINT (988207.4245194928 151130.52481856258),CROPSEY AVENUE BRIDGE,Coney Island Creek Shoreline,Dead end,NB
32970,Brooklyn,2021,3,18,0,15,33,191114,POINT (988207.4245194928 151130.52481856258),CROPSEY AVENUE BRIDGE,Coney Island Creek Shoreline,Dead end,NB
32970,Brooklyn,2021,3,18,0,30,30,191114,POINT (988207.4245194928 151130.52481856258),CROPSEY AVENUE BRIDGE,Coney Island Creek Shoreline,Dead end,NB
32970,Brooklyn,2021,3,18,0,45,28,191114,POINT (988207.4245194928 151130.52481856258),CROPSEY AVENUE BRIDGE,Coney Island Creek Shoreline,Dead end,NB
32970,Brooklyn,2021,3,18,1,0,37,191114,POINT (988207.4245194928 151130.52481856258),CROPSEY AVENUE BRIDGE,Coney Island Creek Shoreline,Dead end,NB
32970,Brooklyn,2021,3,18,1,15,18,191114,POINT (988207.4245194928 151130.52481856258),CROPSEY AVENUE BRIDGE,Coney Island Creek Shoreline,Dead end,NB
32970,Brooklyn,2021,3,18,1,30,28,191114,POINT (988207.4245194928 151130.52481856258),CROPSEY AVENUE BRIDGE,Coney Island Creek Shoreline,Dead end,NB
32970,Brooklyn,2021,3,18,1,45,26,191114,POINT (988207.4245194928 151130.52481856258),CROPSEY AVENUE BRIDGE,Coney Island Creek Shoreline,Dead end,NB
32970,Brooklyn,2021,3,18,2,0,29,191114,POINT (988207.4245194928 151130.52481856258),CROPSEY AVENUE BRIDGE,Coney Island Creek Shoreline,Dead end,NB
32970,Brooklyn,2021,3,18,2,15,17,191114,POINT (988207.4245194928 151130.52481856258),CROPSEY AVENUE BRIDGE,Coney Island Creek Shoreline,Dead end,NB
32970,Brooklyn,2021,3,18,2,30,27,191114,POINT (988207.4245194928 151130.52481856258),CROPSEY AVENUE BRIDGE,Coney Island Creek Shoreline,Dead end,NB
32970,Brooklyn,2021,3,18,2,45,18,191114,POINT (988207.4245194928 151130.52481856258),CROPSEY AVENUE BRIDGE,Coney Island Creek Shoreline,Dead end,NB
32970,Brooklyn,2021,3,18,3,0,22,191114,POINT (988207.4245194928 151130.52481856258),CROPSEY AVENUE BRIDGE,Coney Island Creek Shoreline,Dead end,NB
32970,Brooklyn,2021,3,18,3,15,32,191114,POINT (988207.4245194928 151130.52481856258),CROPSEY AVENUE BRIDGE,Coney Island Creek Shoreline,Dead end,NB
32970,Brooklyn,2021,3,18,3,30,43,191114,POINT (988207.4245194928 151130.52481856258),CROPSEY AVENUE BRIDGE,Coney Island Creek Shoreline,Dead end,NB
32970,Brooklyn,2021,3,18,3,45,37,191114,POINT (988207.4245194928 151130.52481856258),CROPSEY AVENUE BRIDGE,Coney Island Creek Shoreline,Dead end,NB
32970,Brooklyn,2021,3,18,4,0,50,191114,POINT (988207.4245194928 151130.52481856258),CROPSEY AVENUE BRIDGE,Coney Island Creek Shoreline,Dead end,NB
32970,Brooklyn,2021,3,18,4,15,61,191114,POINT (988207.4245194928 151130.52481856258),CROPSEY AVENUE BRIDGE,Coney Island Creek Shoreline,Dead end,NB
32970,Brooklyn,2021,3,18,4,30,80,191114,POINT (988207.4245194928 151130.52481856258),CROPSEY AVENUE BRIDGE,Coney Island Creek Shoreline,Dead end,NB
32970,Brooklyn,2021,3,18,4,45,81,191114,POINT (988207.4245194928 151130.52481856258),CROPSEY AVENUE BRIDGE,Coney Island Creek Shoreline,Dead end,NB
32970,Brooklyn,2021,3,18,5,0,121,191114,POINT (988207.4245194928 151130.52481856258),CROPSEY AVENUE BRIDGE,Coney Island Creek Shoreline,Dead end,NB
32970,Brooklyn,2021,3,18,5,15,122,191114,POINT (988207.4245194928 151130.52481856258),CROPSEY AVENUE BRIDGE,Coney Island Creek Shoreline,Dead end,NB
32970,Brooklyn,2021,3,18,5,30,144,191114,POINT (988207.4245194928 151130.52481856258),CROPSEY AVENUE BRIDGE,Coney Island Creek Shoreline,Dead end,NB
32970,Brooklyn,2021,3,18,5,45,160,191114,POINT (988207.4245194928 151130.52481856258),CROPSEY AVENUE BRIDGE,Coney Island Creek Shoreline,Dead end,NB
32970,Brooklyn,2021,3,18,6,0,185,191114,POINT (988207.4245194928 151130.52481856258),CROPSEY AVENUE BRIDGE,Coney Island Creek Shoreline,Dead end,NB
32970,Brooklyn,2021,3,18,6,15,212,191114,POINT (988207.4245194928 151130.52481856258),CROPSEY AVENUE BRIDGE,Coney Island Creek Shoreline,Dead end,NB
32970,Brooklyn,2021,3,18,6,30,241,191114,POINT (988207.4245194928 151130.52481856258),CROPSEY AVENUE BRIDGE,Coney Island Creek Shoreline,Dead end,NB
32970,Brooklyn,2021,3,18,6,45,210,191114,POINT (988207.4245194928 151130.52481856258),CROPSEY AVENUE BRIDGE,Coney Island Creek Shoreline,Dead end,NB
32970,Brooklyn,2021,3,18,7,0,250,191114,POINT (988207.4245194928 151130.52481856258),CROPSEY AVENUE BRIDGE,Coney Island Creek Shoreline,Dead end,NB
32970,Brooklyn,2021,3,18,7,15,264,191114,POINT (988207.4245194928 151130.52481856258),CROPSEY AVENUE BRIDGE,Coney Island Creek Shoreline,Dead end,NB
32970,Brooklyn,2021,3,18,7,30,246,191114,POINT (988207.4245194928 151130.52481856258),CROPSEY AVENUE BRIDGE,Coney Island Creek Shoreline,Dead end,NB
32970,Brooklyn,2021,3,18,7,45,225,191114,POINT (988207.4245194928 151130.52481856258),CROPSEY AVENUE BRIDGE,Coney Island Creek Shoreline,Dead end,NB
32970,Brooklyn,2021,3,18,8,0,201,191114,POINT (988207.4245194928 151130.52481856258),CROPSEY AVENUE BRIDGE,Coney Island Creek Shoreline,Dead end,NB
32970,Brooklyn,2021,3,18,8,15,226,191114,POINT (988207.4245194928 151130.52481856258),CROPSEY AVENUE BRIDGE,Coney Island Creek Shoreline,Dead end,NB
32970,Brooklyn,2021,3,18,8,30,223,191114,POINT (988207.4245194928 151130.52481856258),CROPSEY AVENUE BRIDGE,Coney Island Creek Shoreline,Dead end,NB
32970,Brooklyn,2021,3,18,8,45,210,191114,POINT (988207.4245194928 151130.52481856258),CROPSEY AVENUE BRIDGE,Coney Island Creek Shoreline,Dead end,NB
32970,Brooklyn,2021,3,18,9,0,219,191114,POINT (988207.4245194928 151130.52481856258),CROPSEY AVENUE BRIDGE,Coney Island Creek Shoreline,Dead end,NB
32970,Brooklyn,2021,3,18,9,15,197,191114,POINT (988207.4245194928 151130.52481856258),CROPSEY AVENUE BRIDGE,Coney Island Creek Shoreline,Dead end,NB
32970,Brooklyn,2021,3,18,9,30,204,191114,POINT (988207.4245194928 151130.52481856258),CROPSEY AVENUE BRIDGE,Coney Island Creek Shoreline,Dead end,NB
32970,Brooklyn,2021,3,18,9,45,223,191114,POINT (988207.4245194928 151130.52481856258),CROPSEY AVENUE BRIDGE,Coney Island Creek Shoreline,Dead end,NB
32970,Brooklyn,2021,3,18,10,0,207,191114,POINT (988207.4245194928 151130.52481856258),CROPSEY AVENUE BRIDGE,Coney Island Creek Shoreline,Dead end,NB
32970,Brooklyn,2021,3,18,10,15,227,191114,POINT (988207.4245194928 151130.52481856258),CROPSEY AVENUE BRIDGE,Coney Island Creek Shoreline,Dead end,NB
32970,Brooklyn,2021,3,18,10,30,225,191114,POINT (988207.4245194928 151130.52481856258),CROPSEY AVENUE BRIDGE,Coney Island Creek Shoreline,Dead end,NB
32970,Brooklyn,2021,3,18,10,45,217,191114,POINT (988207.4245194928 151130.52481856258),CROPSEY AVENUE BRIDGE,Coney Island Creek Shoreline,Dead end,NB
32970,Brooklyn,2021,3,18,11,0,242,191114,POINT (988207.4245194928 151130.52481856258),CROPSEY AVENUE BRIDGE,Coney Island Creek Shoreline,Dead end,NB
32970,Brooklyn,2021,3,18,11,15,226,191114,POINT (988207.4245194928 151130.52481856258),CROPSEY AVENUE BRIDGE,Coney Island Creek Shoreline,Dead end,NB
32970,Brooklyn,2021,3,18,11,30,230,191114,POINT (988207.4245194928 151130.52481856258),CROPSEY AVENUE BRIDGE,Coney Island Creek Shoreline,Dead end,NB
32970,Brooklyn,2021,3,18,11,45,211,191114,POINT (988207.4245194928 151130.52481856258),CROPSEY AVENUE BRIDGE,Coney Island Creek Shoreline,Dead end,NB
32970,Brooklyn,2021,3,18,12,0,239,191114,POINT (988207.4245194928 151130.52481856258),CROPSEY AVENUE BRIDGE,Coney Island Creek Shoreline,Dead end,NB
32970,Brooklyn,2021,3,18,12,15,244,191114,POINT (988207.4245194928 151130.52481856258),CROPSEY AVENUE BRIDGE,Coney Island Creek Shoreline,Dead end,NB
32970,Brooklyn,2021,3,18,12,30,226,191114,POINT (988207.4245194928 151130.52481856258),CROPSEY AVENUE BRIDGE,Coney Island Creek Shoreline,Dead end,NB
32970,Brooklyn,2021,3,18,12,45,228,191114,POINT (988207.4245194928 151130.52481856258),CROPSEY AVENUE BRIDGE,Coney Island Creek Shoreline,Dead end,NB
32970,Brooklyn,2021,3,18,13,0,251,191114,POINT (988207.4245194928 151130.52481856258),CROPSEY AVENUE BRIDGE,Coney Island Creek Shoreline,Dead end,NB
32970,Brooklyn,2021,3,18,13,15,280,191114,POINT (988207.4245194928 151130.52481856258),CROPSEY AVENUE BRIDGE,Coney Island Creek Shoreline,Dead end,NB
32970,Brooklyn,2021,3,18,13,30,279,191114,POINT (988207.4245194928 151130.52481856258),CROPSEY AVENUE BRIDGE,Coney Island Creek Shoreline,Dead end,NB
32970,Brooklyn,2021,3,18,13,45,251,191114,POINT (988207.4245194928 151130.52481856258),CROPSEY AVENUE BRIDGE,Coney Island Creek Shoreline,Dead end,NB
32970,Brooklyn,2021,3,18,14,0,231,191114,POINT (988207.4245194928 151130.52481856258),CROPSEY AVENUE BRIDGE,Coney Island Creek Shoreline,Dead end,NB
32970,Brooklyn,2021,3,18,14,15,276,191114,POINT (988207.4245194928 151130.52481856258),CROPSEY AVENUE BRIDGE,Coney Island Creek Shoreline,Dead end,NB
32970,Brooklyn,2021,3,18,14,30,263,191114,POINT (988207.4245194928 151130.52481856258),CROPSEY AVENUE BRIDGE,Coney Island Creek Shoreline,Dead end,NB
32970,Brooklyn,2021,3,18,14,45,216,191114,POINT (988207.4245194928 151130.52481856258),CROPSEY AVENUE BRIDGE,Coney Island Creek Shoreline,Dead end,NB
32970,Brooklyn,2021,3,18,15,0,236,191114,POINT (988207.4245194928 151130.52481856258),CROPSEY AVENUE BRIDGE,Coney Island Creek Shoreline,Dead end,NB
32970,Brooklyn,2021,3,18,15,15,231,191114,POINT (988207.4245194928 151130.52481856258),CROPSEY AVENUE BRIDGE,Coney Island Creek Shoreline,Dead end,NB
32970,Brooklyn,2021,3,18,15,30,226,191114,POINT (988207.4245194928 151130.52481856258),CROPSEY AVENUE BRIDGE,Coney Island Creek Shoreline,Dead end,NB
32970,Brooklyn,2021,3,18,15,45,221,191114,POINT (988207.4245194928 151130.52481856258),CROPSEY AVENUE BRIDGE,Coney Island Creek Shoreline,Dead end,NB
32970,Brooklyn,2021,3,18,16,0,218,191114,POINT (988207.4245194928 151130.52481856258),CROPSEY AVENUE BRIDGE,Coney Island Creek Shoreline,Dead end,NB
32970,Brooklyn,2021,3,18,16,15,267,191114,POINT (988207.4245194928 151130.52481856258),CROPSEY AVENUE BRIDGE,Coney Island Creek Shoreline,Dead end,NB
32970,Brooklyn,2021,3,18,16,30,216,191114,POINT (988207.4245194928 151130.52481856258),CROPSEY AVENUE BRIDGE,Coney Island Creek Shoreline,Dead end,NB
32970,Brooklyn,2021,3,18,16,45,198,191114,POINT (988207.4245194928 151130.52481856258),CROPSEY AVENUE BRIDGE,Coney Island Creek Shoreline,Dead end,NB
32970,Brooklyn,2021,3,18,17,0,198,191114,POINT (988207.4245194928 151130.52481856258),CROPSEY AVENUE BRIDGE,Coney Island Creek Shoreline,Dead end,NB
32970,Brooklyn,2021,3,18,17,15,212,191114,POINT (988207.4245194928 151130.52481856258),CROPSEY AVENUE BRIDGE,Coney Island Creek Shoreline,Dead end,NB
32970,Brooklyn,2021,3,18,17,30,205,191114,POINT (988207.4245194928 151130.52481856258),CROPSEY AVENUE BRIDGE,Coney Island Creek Shoreline,Dead end,NB
32970,Brooklyn,2021,3,18,17,45,170,191114,POINT (988207.4245194928 151130.52481856258),CROPSEY AVENUE BRIDGE,Coney Island Creek Shoreline,Dead end,NB
32970,Brooklyn,2021,3,18,18,0,183,191114,POINT (988207.4245194928 151130.52481856258),CROPSEY AVENUE BRIDGE,Coney Island Creek Shoreline,Dead end,NB
32970,Brooklyn,2021,3,18,18,15,182,191114,POINT (988207.4245194928 151130.52481856258),CROPSEY AVENUE BRIDGE,Coney Island Creek Shoreline,Dead end,NB
32970,Brooklyn,2021,3,18,18,30,151,191114,POINT (988207.4245194928 151130.52481856258),CROPSEY AVENUE BRIDGE,Coney Island Creek Shoreline,Dead end,NB
32970,Brooklyn,2021,3,18,18,45,156,191114,POINT (988207.4245194928 151130.52481856258),CROPSEY AVENUE BRIDGE,Coney Island Creek Shoreline,Dead end,NB
32970,Brooklyn,2021,3,18,19,0,156,191114,POINT (988207.4245194928 151130.52481856258),CROPSEY AVENUE BRIDGE,Coney Island Creek Shoreline,Dead end,NB
32970,Brooklyn,2021,3,18,19,15,186,191114,POINT (988207.4245194928 151130.52481856258),CROPSEY AVENUE BRIDGE,Coney Island Creek Shoreline,Dead end,NB
32970,Brooklyn,2021,3,18,19,30,146,191114,POINT (988207.4245194928 151130.52481856258),CROPSEY AVENUE BRIDGE,Coney Island Creek Shoreline,Dead end,NB
32970,Brooklyn,2021,3,18,19,45,139,191114,POINT (988207.4245194928 151130.52481856258),CROPSEY AVENUE BRIDGE,Coney Island Creek Shoreline,Dead end,NB
32970,Brooklyn,2021,3,18,20,0,135,191114,POINT (988207.4245194928 151130.52481856258),CROPSEY AVENUE BRIDGE,Coney Island Creek Shoreline,Dead end,NB
32970,Brooklyn,2021,3,18,20,15,107,191114,POINT (988207.4245194928 151130.52481856258),CROPSEY AVENUE BRIDGE,Coney Island Creek Shoreline,Dead end,NB
32970,Brooklyn,2021,3,18,20,30,102,191114,POINT (988207.4245194928 151130.52481856258),CROPSEY AVENUE BRIDGE,Coney Island Creek Shoreline,Dead end,NB
32970,Brooklyn,2021,3,18,20,45,96,191114,POINT (988207.4245194928 151130.52481856258),CROPSEY AVENUE BRIDGE,Coney Island Creek Shoreline,Dead end,NB
32970,Brooklyn,2021,3,18,21,0,97,191114,POINT (988207.4245194928 151130.52481856258),CROPSEY AVENUE BRIDGE,Coney Island Creek Shoreline,Dead end,NB
32970,Brooklyn,2021,3,18,21,15,91,191114,POINT (988207.4245194928 151130.52481856258),CROPSEY AVENUE BRIDGE,Coney Island Creek Shoreline,Dead end,NB
32970,Brooklyn,2021,3,18,21,30,76,191114,POINT (988207.4245194928 151130.52481856258),CROPSEY AVENUE BRIDGE,Coney Island Creek Shoreline,Dead end,NB
32970,Brooklyn,2021,3,18,21,45,74,191114,POINT (988207.4245194928 151130.52481856258),CROPSEY AVENUE BRIDGE,Coney Island Creek Shoreline,Dead end,NB
32970,Brooklyn,2021,3,18,22,0,101,191114,POINT (988207.4245194928 151130.52481856258),CROPSEY AVENUE BRIDGE,Coney Island Creek Shoreline,Dead end,NB
32970,Brooklyn,2021,3,18,22,15,73,191114,POINT (988207.4245194928 151130.52481856258),CROPSEY AVENUE BRIDGE,Coney Island Creek Shoreline,Dead end,NB
32970,Brooklyn,2021,3,18,22,30,74,191114,POINT (988207.4245194928 151130.52481856258),CROPSEY AVENUE BRIDGE,Coney Island Creek Shoreline,Dead end,NB
32970,Brooklyn,2021,3,18,22,45,57,191114,POINT (988207.4245194928 151130.52481856258),CROPSEY AVENUE BRIDGE,Coney Island Creek Shoreline,Dead end,NB
32970,Brooklyn,2021,3,18,23,0,64,191114,POINT (988207.4245194928 151130.52481856258),CROPSEY AVENUE BRIDGE,Coney Island Creek Shoreline,Dead end,NB
32970,Brooklyn,2021,3,18,23,15,45,191114,POINT (988207.4245194928 151130.52481856258),CROPSEY AVENUE BRIDGE,Coney Island Creek Shoreline,Dead end,NB
32970,Brooklyn,2021,3,18,23,30,35,191114,POINT (988207.4245194928 151130.52481856258),CROPSEY AVENUE BRIDGE,Coney Island Creek Shoreline,Dead end,NB
32970,Brooklyn,2021,3,18,23,45,35,191114,POINT (988207.4245194928 151130.52481856258),CROPSEY AVENUE BRIDGE,Coney Island Creek Shoreline,Dead end,NB
32970,Brooklyn,2021,3,19,0,0,33,191114,POINT (988207.4245194928 151130.52481856258),CROPSEY AVENUE BRIDGE,Coney Island Creek Shoreline,Dead end,NB
32970,Brooklyn,2021,3,19,0,15,27,191114,POINT (988207.4245194928 151130.52481856258),CROPSEY AVENUE BRIDGE,Coney Island Creek Shoreline,Dead end,NB
32970,Brooklyn,2021,3,19,0,30,22,191114,POINT (988207.4245194928 151130.52481856258),CROPSEY AVENUE BRIDGE,Coney Island Creek Shoreline,Dead end,NB
32970,Brooklyn,2021,3,19,0,45,19,191114,POINT (988207.4245194928 151130.52481856258),CROPSEY AVENUE BRIDGE,Coney Island Creek Shoreline,Dead end,NB
32970,Brooklyn,2021,3,19,1,0,26,191114,POINT (988207.4245194928 151130.52481856258),CROPSEY AVENUE BRIDGE,Coney Island Creek Shoreline,Dead end,NB
32970,Brooklyn,2021,3,19,1,15,22,191114,POINT (988207.4245194928 151130.52481856258),CROPSEY AVENUE BRIDGE,Coney Island Creek Shoreline,Dead end,NB
32970,Brooklyn,2021,3,19,1,30,11,191114,POINT (988207.4245194928 151130.52481856258),CROPSEY AVENUE BRIDGE,Coney Island Creek Shoreline,Dead end,NB
32970,Brooklyn,2021,3,19,1,45,17,191114,POINT (988207.4245194928 151130.52481856258),CROPSEY AVENUE BRIDGE,Coney Island Creek Shoreline,Dead end,NB
32970,Brooklyn,2021,3,19,2,0,20,191114,POINT (988207.4245194928 151130.52481856258),CROPSEY AVENUE BRIDGE,Coney Island Creek Shoreline,Dead end,NB
32970,Brooklyn,2021,3,19,2,15,21,191114,POINT (988207.4245194928 151130.52481856258),CROPSEY AVENUE BRIDGE,Coney Island Creek Shoreline,Dead end,NB
32970,Brooklyn,2021,3,19,2,30,19,191114,POINT (988207.4245194928 151130.52481856258),CROPSEY AVENUE BRIDGE,Coney Island Creek Shoreline,Dead end,NB
32970,Brooklyn,2021,3,19,2,45,18,191114,POINT (988207.4245194928 151130.52481856258),CROPSEY AVENUE BRIDGE,Coney Island Creek Shoreline,Dead end,NB
32970,Brooklyn,2021,3,19,3,0,19,191114,POINT (988207.4245194928 151130.52481856258),CROPSEY AVENUE BRIDGE,Coney Island Creek Shoreline,Dead end,NB
32970,Brooklyn,2021,3,19,3,15,28,191114,POINT (988207.4245194928 151130.52481856258),CROPSEY AVENUE BRIDGE,Coney Island Creek Shoreline,Dead end,NB
32970,Brooklyn,2021,3,19,3,30,32,191114,POINT (988207.4245194928 151130.52481856258),CROPSEY AVENUE BRIDGE,Coney Island Creek Shoreline,Dead end,NB
32970,Brooklyn,2021,3,19,3,45,43,191114,POINT (988207.4245194928 151130.52481856258),CROPSEY AVENUE BRIDGE,Coney Island Creek Shoreline,Dead end,NB
32970,Brooklyn,2021,3,19,4,0,43,191114,POINT (988207.4245194928 151130.52481856258),CROPSEY AVENUE BRIDGE,Coney Island Creek Shoreline,Dead end,NB
32970,Brooklyn,2021,3,19,4,15,38,191114,POINT (988207.4245194928 151130.52481856258),CROPSEY AVENUE BRIDGE,Coney Island Creek Shoreline,Dead end,NB
32970,Brooklyn,2021,3,19,4,30,62,191114,POINT (988207.4245194928 151130.52481856258),CROPSEY AVENUE BRIDGE,Coney Island Creek Shoreline,Dead end,NB
32970,Brooklyn,2021,3,19,4,45,79,191114,POINT (988207.4245194928 151130.52481856258),CROPSEY AVENUE BRIDGE,Coney Island Creek Shoreline,Dead end,NB
32970,Brooklyn,2021,3,19,5,0,103,191114,POINT (988207.4245194928 151130.52481856258),CROPSEY AVENUE BRIDGE,Coney Island Creek Shoreline,Dead end,NB
32970,Brooklyn,2021,3,19,5,15,126,191114,POINT (988207.4245194928 151130.52481856258),CROPSEY AVENUE BRIDGE,Coney Island Creek Shoreline,Dead end,NB
32970,Brooklyn,2021,3,19,5,30,114,191114,POINT (988207.4245194928 151130.52481856258),CROPSEY AVENUE BRIDGE,Coney Island Creek Shoreline,Dead end,NB
32970,Brooklyn,2021,3,19,5,45,120,191114,POINT (988207.4245194928 151130.52481856258),CROPSEY AVENUE BRIDGE,Coney Island Creek Shoreline,Dead end,NB
32970,Brooklyn,2021,3,19,6,0,146,191114,POINT (988207.4245194928 151130.52481856258),CROPSEY AVENUE BRIDGE,Coney Island Creek Shoreline,Dead end,NB
32970,Brooklyn,2021,3,19,6,15,178,191114,POINT (988207.4245194928 151130.52481856258),CROPSEY AVENUE BRIDGE,Coney Island Creek Shoreline,Dead end,NB
32970,Brooklyn,2021,3,19,6,30,223,191114,POINT (988207.4245194928 151130.52481856258),CROPSEY AVENUE BRIDGE,Coney Island Creek Shoreline,Dead end,NB
32970,Brooklyn,2021,3,19,6,45,236,191114,POINT (988207.4245194928 151130.52481856258),CROPSEY AVENUE BRIDGE,Coney Island Creek Shoreline,Dead end,NB
32970,Brooklyn,2021,3,19,7,0,247,191114,POINT (988207.4245194928 151130.52481856258),CROPSEY AVENUE BRIDGE,Coney Island Creek Shoreline,Dead end,NB
32970,Brooklyn,2021,3,19,7,15,246,191114,POINT (988207.4245194928 151130.52481856258),CROPSEY AVENUE BRIDGE,Coney Island Creek Shoreline,Dead end,NB
32970,Brooklyn,2021,3,19,7,30,248,191114,POINT (988207.4245194928 151130.52481856258),CROPSEY AVENUE BRIDGE,Coney Island Creek Shoreline,Dead end,NB
32970,Brooklyn,2021,3,19,7,45,227,191114,POINT (988207.4245194928 151130.52481856258),CROPSEY AVENUE BRIDGE,Coney Island Creek Shoreline,Dead end,NB
32970,Brooklyn,2021,3,19,8,0,246,191114,POINT (988207.4245194928 151130.52481856258),CROPSEY AVENUE BRIDGE,Coney Island Creek Shoreline,Dead end,NB
32970,Brooklyn,2021,3,19,8,15,232,191114,POINT (988207.4245194928 151130.52481856258),CROPSEY AVENUE BRIDGE,Coney Island Creek Shoreline,Dead end,NB
32970,Brooklyn,2021,3,19,8,30,222,191114,POINT (988207.4245194928 151130.52481856258),CROPSEY AVENUE BRIDGE,Coney Island Creek Shoreline,Dead end,NB
32970,Brooklyn,2021,3,19,8,45,229,191114,POINT (988207.4245194928 151130.52481856258),CROPSEY AVENUE BRIDGE,Coney Island Creek Shoreline,Dead end,NB
32970,Brooklyn,2021,3,19,9,0,197,191114,POINT (988207.4245194928 151130.52481856258),CROPSEY AVENUE BRIDGE,Coney Island Creek Shoreline,Dead end,NB
32970,Brooklyn,2021,3,19,9,15,217,191114,POINT (988207.4245194928 151130.52481856258),CROPSEY AVENUE BRIDGE,Coney Island Creek Shoreline,Dead end,NB
32970,Brooklyn,2021,3,19,9,30,205,191114,POINT (988207.4245194928 151130.52481856258),CROPSEY AVENUE BRIDGE,Coney Island Creek Shoreline,Dead end,NB
32970,Brooklyn,2021,3,19,9,45,209,191114,POINT (988207.4245194928 151130.52481856258),CROPSEY AVENUE BRIDGE,Coney Island Creek Shoreline,Dead end,NB
32970,Brooklyn,2021,3,19,10,0,225,191114,POINT (988207.4245194928 151130.52481856258),CROPSEY AVENUE BRIDGE,Coney Island Creek Shoreline,Dead end,NB
32970,Brooklyn,2021,3,19,10,15,208,191114,POINT (988207.4245194928 151130.52481856258),CROPSEY AVENUE BRIDGE,Coney Island Creek Shoreline,Dead end,NB
32970,Brooklyn,2021,3,19,10,30,241,191114,POINT (988207.4245194928 151130.52481856258),CROPSEY AVENUE BRIDGE,Coney Island Creek Shoreline,Dead end,NB
32970,Brooklyn,2021,3,19,10,45,236,191114,POINT (988207.4245194928 151130.52481856258),CROPSEY AVENUE BRIDGE,Coney Island Creek Shoreline,Dead end,NB
32970,Brooklyn,2021,3,19,11,0,263,191114,POINT (988207.4245194928 151130.52481856258),CROPSEY AVENUE BRIDGE,Coney Island Creek Shoreline,Dead end,NB
32970,Brooklyn,2021,3,19,11,15,238,191114,POINT (988207.4245194928 151130.52481856258),CROPSEY AVENUE BRIDGE,Coney Island Creek Shoreline,Dead end,NB
32970,Brooklyn,2021,3,19,11,30,247,191114,POINT (988207.4245194928 151130.52481856258),CROPSEY AVENUE BRIDGE,Coney Island Creek Shoreline,Dead end,NB
32970,Brooklyn,2021,3,19,11,45,267,191114,POINT (988207.4245194928 151130.52481856258),CROPSEY AVENUE BRIDGE,Coney Island Creek Shoreline,Dead end,NB
32970,Brooklyn,2021,3,19,12,0,258,191114,POINT (988207.4245194928 151130.52481856258),CROPSEY AVENUE BRIDGE,Coney Island Creek Shoreline,Dead end,NB
32970,Brooklyn,2021,3,19,12,15,261,191114,POINT (988207.4245194928 151130.52481856258),CROPSEY AVENUE BRIDGE,Coney Island Creek Shoreline,Dead end,NB
32970,Brooklyn,2021,3,19,12,30,259,191114,POINT (988207.4245194928 151130.52481856258),CROPSEY AVENUE BRIDGE,Coney Island Creek Shoreline,Dead end,NB
32970,Brooklyn,2021,3,19,12,45,277,191114,POINT (988207.4245194928 151130.52481856258),CROPSEY AVENUE BRIDGE,Coney Island Creek Shoreline,Dead end,NB
32970,Brooklyn,2021,3,19,13,0,277,191114,POINT (988207.4245194928 151130.52481856258),CROPSEY AVENUE BRIDGE,Coney Island Creek Shoreline,Dead end,NB
32970,Brooklyn,2021,3,19,13,15,340,191114,POINT (988207.4245194928 151130.52481856258),CROPSEY AVENUE BRIDGE,Coney Island Creek Shoreline,Dead end,NB
32970,Brooklyn,2021,3,19,13,30,316,191114,POINT (988207.4245194928 151130.52481856258),CROPSEY AVENUE BRIDGE,Coney Island Creek Shoreline,Dead end,NB
32970,Brooklyn,2021,3,19,13,45,264,191114,POINT (988207.4245194928 151130.52481856258),CROPSEY AVENUE BRIDGE,Coney Island Creek Shoreline,Dead end,NB
32970,Brooklyn,2021,3,19,14,0,292,191114,POINT (988207.4245194928 151130.52481856258),CROPSEY AVENUE BRIDGE,Coney Island Creek Shoreline,Dead end,NB
32970,Brooklyn,2021,3,19,14,15,311,191114,POINT (988207.4245194928 151130.52481856258),CROPSEY AVENUE BRIDGE,Coney Island Creek Shoreline,Dead end,NB
32970,Brooklyn,2021,3,19,14,30,341,191114,POINT (988207.4245194928 151130.52481856258),CROPSEY AVENUE BRIDGE,Coney Island Creek Shoreline,Dead end,NB
32970,Brooklyn,2021,3,19,14,45,306,191114,POINT (988207.4245194928 151130.52481856258),CROPSEY AVENUE BRIDGE,Coney Island Creek Shoreline,Dead end,NB
32970,Brooklyn,2021,3,19,15,0,277,191114,POINT (988207.4245194928 151130.52481856258),CROPSEY AVENUE BRIDGE,Coney Island Creek Shoreline,Dead end,NB
32970,Brooklyn,2021,3,19,15,15,282,191114,POINT (988207.4245194928 151130.52481856258),CROPSEY AVENUE BRIDGE,Coney Island Creek Shoreline,Dead end,NB
32970,Brooklyn,2021,3,19,15,30,298,191114,POINT (988207.4245194928 151130.52481856258),CROPSEY AVENUE BRIDGE,Coney Island Creek Shoreline,Dead end,NB
32970,Brooklyn,2021,3,19,15,45,269,191114,POINT (988207.4245194928 151130.52481856258),CROPSEY AVENUE BRIDGE,Coney Island Creek Shoreline,Dead end,NB
32970,Brooklyn,2021,3,19,16,0,282,191114,POINT (988207.4245194928 151130.52481856258),CROPSEY AVENUE BRIDGE,Coney Island Creek Shoreline,Dead end,NB
32970,Brooklyn,2021,3,19,16,15,278,191114,POINT (988207.4245194928 151130.52481856258),CROPSEY AVENUE BRIDGE,Coney Island Creek Shoreline,Dead end,NB
32970,Brooklyn,2021,3,19,16,30,265,191114,POINT (988207.4245194928 151130.52481856258),CROPSEY AVENUE BRIDGE,Coney Island Creek Shoreline,Dead end,NB
32970,Brooklyn,2021,3,19,16,45,245,191114,POINT (988207.4245194928 151130.52481856258),CROPSEY AVENUE BRIDGE,Coney Island Creek Shoreline,Dead end,NB
32970,Brooklyn,2021,3,19,17,0,228,191114,POINT (988207.4245194928 151130.52481856258),CROPSEY AVENUE BRIDGE,Coney Island Creek Shoreline,Dead end,NB
32970,Brooklyn,2021,3,19,17,15,246,191114,POINT (988207.4245194928 151130.52481856258),CROPSEY AVENUE BRIDGE,Coney Island Creek Shoreline,Dead end,NB
32970,Brooklyn,2021,3,19,17,30,255,191114,POINT (988207.4245194928 151130.52481856258),CROPSEY AVENUE BRIDGE,Coney Island Creek Shoreline,Dead end,NB
32970,Brooklyn,2021,3,19,17,45,205,191114,POINT (988207.4245194928 151130.52481856258),CROPSEY AVENUE BRIDGE,Coney Island Creek Shoreline,Dead end,NB
32970,Brooklyn,2021,3,19,18,0,232,191114,POINT (988207.4245194928 151130.52481856258),CROPSEY AVENUE BRIDGE,Coney Island Creek Shoreline,Dead end,NB
32970,Brooklyn,2021,3,19,18,15,223,191114,POINT (988207.4245194928 151130.52481856258),CROPSEY AVENUE BRIDGE,Coney Island Creek Shoreline,Dead end,NB
32970,Brooklyn,2021,3,19,18,30,210,191114,POINT (988207.4245194928 151130.52481856258),CROPSEY AVENUE BRIDGE,Coney Island Creek Shoreline,Dead end,NB
32970,Brooklyn,2021,3,19,18,45,181,191114,POINT (988207.4245194928 151130.52481856258),CROPSEY AVENUE BRIDGE,Coney Island Creek Shoreline,Dead end,NB
32970,Brooklyn,2021,3,19,19,0,220,191114,POINT (988207.4245194928 151130.52481856258),CROPSEY AVENUE BRIDGE,Coney Island Creek Shoreline,Dead end,NB
32970,Brooklyn,2021,3,19,19,15,187,191114,POINT (988207.4245194928 151130.52481856258),CROPSEY AVENUE BRIDGE,Coney Island Creek Shoreline,Dead end,NB
32970,Brooklyn,2021,3,19,19,30,172,191114,POINT (988207.4245194928 151130.52481856258),CROPSEY AVENUE BRIDGE,Coney Island Creek Shoreline,Dead end,NB
32970,Brooklyn,2021,3,19,19,45,159,191114,POINT (988207.4245194928 151130.52481856258),CROPSEY AVENUE BRIDGE,Coney Island Creek Shoreline,Dead end,NB
32970,Brooklyn,2021,3,19,20,0,140,191114,POINT (988207.4245194928 151130.52481856258),CROPSEY AVENUE BRIDGE,Coney Island Creek Shoreline,Dead end,NB
32970,Brooklyn,2021,3,19,20,15,144,191114,POINT (988207.4245194928 151130.52481856258),CROPSEY AVENUE BRIDGE,Coney Island Creek Shoreline,Dead end,NB
32970,Brooklyn,2021,3,19,20,30,136,191114,POINT (988207.4245194928 151130.52481856258),CROPSEY AVENUE BRIDGE,Coney Island Creek Shoreline,Dead end,NB
32970,Brooklyn,2021,3,19,20,45,127,191114,POINT (988207.4245194928 151130.52481856258),CROPSEY AVENUE BRIDGE,Coney Island Creek Shoreline,Dead end,NB
32970,Brooklyn,2021,3,19,21,0,112,191114,POINT (988207.4245194928 151130.52481856258),CROPSEY AVENUE BRIDGE,Coney Island Creek Shoreline,Dead end,NB
32970,Brooklyn,2021,3,19,21,15,124,191114,POINT (988207.4245194928 151130.52481856258),CROPSEY AVENUE BRIDGE,Coney Island Creek Shoreline,Dead end,NB
32970,Brooklyn,2021,3,19,21,30,106,191114,POINT (988207.4245194928 151130.52481856258),CROPSEY AVENUE BRIDGE,Coney Island Creek Shoreline,Dead end,NB
32970,Brooklyn,2021,3,19,21,45,117,191114,POINT (988207.4245194928 151130.52481856258),CROPSEY AVENUE BRIDGE,Coney Island Creek Shoreline,Dead end,NB
32970,Brooklyn,2021,3,19,22,0,100,191114,POINT (988207.4245194928 151130.52481856258),CROPSEY AVENUE BRIDGE,Coney Island Creek Shoreline,Dead end,NB
32970,Brooklyn,2021,3,19,22,15,78,191114,POINT (988207.4245194928 151130.52481856258),CROPSEY AVENUE BRIDGE,Coney Island Creek Shoreline,Dead end,NB
32970,Brooklyn,2021,3,19,22,30,105,191114,POINT (988207.4245194928 151130.52481856258),CROPSEY AVENUE BRIDGE,Coney Island Creek Shoreline,Dead end,NB
32970,Brooklyn,2021,3,19,22,45,89,191114,POINT (988207.4245194928 151130.52481856258),CROPSEY AVENUE BRIDGE,Coney Island Creek Shoreline,Dead end,NB
32970,Brooklyn,2021,3,19,23,0,84,191114,POINT (988207.4245194928 151130.52481856258),CROPSEY AVENUE BRIDGE,Coney Island Creek Shoreline,Dead end,NB
32970,Brooklyn,2021,3,19,23,15,73,191114,POINT (988207.4245194928 151130.52481856258),CROPSEY AVENUE BRIDGE,Coney Island Creek Shoreline,Dead end,NB
32970,Brooklyn,2021,3,19,23,30,64,191114,POINT (988207.4245194928 151130.52481856258),CROPSEY AVENUE BRIDGE,Coney Island Creek Shoreline,Dead end,NB
32970,Brooklyn,2021,3,19,23,45,52,191114,POINT (988207.4245194928 151130.52481856258),CROPSEY AVENUE BRIDGE,Coney Island Creek Shoreline,Dead end,NB
32970,Brooklyn,2021,3,20,0,0,43,191114,POINT (988207.4245194928 151130.52481856258),CROPSEY AVENUE BRIDGE,Coney Island Creek Shoreline,Dead end,NB
32970,Brooklyn,2021,3,20,0,15,38,191114,POINT (988207.4245194928 151130.52481856258),CROPSEY AVENUE BRIDGE,Coney Island Creek Shoreline,Dead end,NB
32970,Brooklyn,2021,3,20,0,30,50,191114,POINT (988207.4245194928 151130.52481856258),CROPSEY AVENUE BRIDGE,Coney Island Creek Shoreline,Dead end,NB
32970,Brooklyn,2021,3,20,0,45,58,191114,POINT (988207.4245194928 151130.52481856258),CROPSEY AVENUE BRIDGE,Coney Island Creek Shoreline,Dead end,NB
32970,Brooklyn,2021,3,20,1,0,36,191114,POINT (988207.4245194928 151130.52481856258),CROPSEY AVENUE BRIDGE,Coney Island Creek Shoreline,Dead end,NB
32970,Brooklyn,2021,3,20,1,15,33,191114,POINT (988207.4245194928 151130.52481856258),CROPSEY AVENUE BRIDGE,Coney Island Creek Shoreline,Dead end,NB
32970,Brooklyn,2021,3,20,1,30,29,191114,POINT (988207.4245194928 151130.52481856258),CROPSEY AVENUE BRIDGE,Coney Island Creek Shoreline,Dead end,NB
32970,Brooklyn,2021,3,20,1,45,26,191114,POINT (988207.4245194928 151130.52481856258),CROPSEY AVENUE BRIDGE,Coney Island Creek Shoreline,Dead end,NB
32970,Brooklyn,2021,3,20,2,0,29,191114,POINT (988207.4245194928 151130.52481856258),CROPSEY AVENUE BRIDGE,Coney Island Creek Shoreline,Dead end,NB
32970,Brooklyn,2021,3,20,2,15,34,191114,POINT (988207.4245194928 151130.52481856258),CROPSEY AVENUE BRIDGE,Coney Island Creek Shoreline,Dead end,NB
32970,Brooklyn,2021,3,20,2,30,29,191114,POINT (988207.4245194928 151130.52481856258),CROPSEY AVENUE BRIDGE,Coney Island Creek Shoreline,Dead end,NB
32970,Brooklyn,2021,3,20,2,45,19,191114,POINT (988207.4245194928 151130.52481856258),CROPSEY AVENUE BRIDGE,Coney Island Creek Shoreline,Dead end,NB
32970,Brooklyn,2021,3,20,3,0,34,191114,POINT (988207.4245194928 151130.52481856258),CROPSEY AVENUE BRIDGE,Coney Island Creek Shoreline,Dead end,NB
32970,Brooklyn,2021,3,20,3,15,33,191114,POINT (988207.4245194928 151130.52481856258),CROPSEY AVENUE BRIDGE,Coney Island Creek Shoreline,Dead end,NB
32970,Brooklyn,2021,3,20,3,30,26,191114,POINT (988207.4245194928 151130.52481856258),CROPSEY AVENUE BRIDGE,Coney Island Creek Shoreline,Dead end,NB
32970,Brooklyn,2021,3,20,3,45,26,191114,POINT (988207.4245194928 151130.52481856258),CROPSEY AVENUE BRIDGE,Coney Island Creek Shoreline,Dead end,NB
32970,Brooklyn,2021,3,20,4,0,26,191114,POINT (988207.4245194928 151130.52481856258),CROPSEY AVENUE BRIDGE,Coney Island Creek Shoreline,Dead end,NB
32970,Brooklyn,2021,3,20,4,15,33,191114,POINT (988207.4245194928 151130.52481856258),CROPSEY AVENUE BRIDGE,Coney Island Creek Shoreline,Dead end,NB
32970,Brooklyn,2021,3,20,4,30,37,191114,POINT (988207.4245194928 151130.52481856258),CROPSEY AVENUE BRIDGE,Coney Island Creek Shoreline,Dead end,NB
32970,Brooklyn,2021,3,20,4,45,44,191114,POINT (988207.4245194928 151130.52481856258),CROPSEY AVENUE BRIDGE,Coney Island Creek Shoreline,Dead end,NB
32970,Brooklyn,2021,3,20,5,0,62,191114,POINT (988207.4245194928 151130.52481856258),CROPSEY AVENUE BRIDGE,Coney Island Creek Shoreline,Dead end,NB
32970,Brooklyn,2021,3,20,5,15,68,191114,POINT (988207.4245194928 151130.52481856258),CROPSEY AVENUE BRIDGE,Coney Island Creek Shoreline,Dead end,NB
32970,Brooklyn,2021,3,20,5,30,84,191114,POINT (988207.4245194928 151130.52481856258),CROPSEY AVENUE BRIDGE,Coney Island Creek Shoreline,Dead end,NB
32970,Brooklyn,2021,3,20,5,45,70,191114,POINT (988207.4245194928 151130.52481856258),CROPSEY AVENUE BRIDGE,Coney Island Creek Shoreline,Dead end,NB
32970,Brooklyn,2021,3,20,6,0,98,191114,POINT (988207.4245194928 151130.52481856258),CROPSEY AVENUE BRIDGE,Coney Island Creek Shoreline,Dead end,NB
32970,Brooklyn,2021,3,20,6,15,115,191114,POINT (988207.4245194928 151130.52481856258),CROPSEY AVENUE BRIDGE,Coney Island Creek Shoreline,Dead end,NB
32970,Brooklyn,2021,3,20,6,30,113,191114,POINT (988207.4245194928 151130.52481856258),CROPSEY AVENUE BRIDGE,Coney Island Creek Shoreline,Dead end,NB
32970,Brooklyn,2021,3,20,6,45,122,191114,POINT (988207.4245194928 151130.52481856258),CROPSEY AVENUE BRIDGE,Coney Island Creek Shoreline,Dead end,NB
32970,Brooklyn,2021,3,20,7,0,172,191114,POINT (988207.4245194928 151130.52481856258),CROPSEY AVENUE BRIDGE,Coney Island Creek Shoreline,Dead end,NB
32970,Brooklyn,2021,3,20,7,15,158,191114,POINT (988207.4245194928 151130.52481856258),CROPSEY AVENUE BRIDGE,Coney Island Creek Shoreline,Dead end,NB
32970,Brooklyn,2021,3,20,7,30,158,191114,POINT (988207.4245194928 151130.52481856258),CROPSEY AVENUE BRIDGE,Coney Island Creek Shoreline,Dead end,NB
32970,Brooklyn,2021,3,20,7,45,178,191114,POINT (988207.4245194928 151130.52481856258),CROPSEY AVENUE BRIDGE,Coney Island Creek Shoreline,Dead end,NB
32970,Brooklyn,2021,3,20,8,0,195,191114,POINT (988207.4245194928 151130.52481856258),CROPSEY AVENUE BRIDGE,Coney Island Creek Shoreline,Dead end,NB
32970,Brooklyn,2021,3,20,8,15,183,191114,POINT (988207.4245194928 151130.52481856258),CROPSEY AVENUE BRIDGE,Coney Island Creek Shoreline,Dead end,NB
32970,Brooklyn,2021,3,20,8,30,193,191114,POINT (988207.4245194928 151130.52481856258),CROPSEY AVENUE BRIDGE,Coney Island Creek Shoreline,Dead end,NB
32970,Brooklyn,2021,3,20,8,45,219,191114,POINT (988207.4245194928 151130.52481856258),CROPSEY AVENUE BRIDGE,Coney Island Creek Shoreline,Dead end,NB
32970,Brooklyn,2021,3,20,9,0,188,191114,POINT (988207.4245194928 151130.52481856258),CROPSEY AVENUE BRIDGE,Coney Island Creek Shoreline,Dead end,NB
32970,Brooklyn,2021,3,20,9,15,240,191114,POINT (988207.4245194928 151130.52481856258),CROPSEY AVENUE BRIDGE,Coney Island Creek Shoreline,Dead end,NB
32970,Brooklyn,2021,3,20,9,30,223,191114,POINT (988207.4245194928 151130.52481856258),CROPSEY AVENUE BRIDGE,Coney Island Creek Shoreline,Dead end,NB
32970,Brooklyn,2021,3,20,9,45,226,191114,POINT (988207.4245194928 151130.52481856258),CROPSEY AVENUE BRIDGE,Coney Island Creek Shoreline,Dead end,NB
32970,Brooklyn,2021,3,20,10,0,204,191114,POINT (988207.4245194928 151130.52481856258),CROPSEY AVENUE BRIDGE,Coney Island Creek Shoreline,Dead end,NB
32970,Brooklyn,2021,3,20,10,15,244,191114,POINT (988207.4245194928 151130.52481856258),CROPSEY AVENUE BRIDGE,Coney Island Creek Shoreline,Dead end,NB
32970,Brooklyn,2021,3,20,10,30,251,191114,POINT (988207.4245194928 151130.52481856258),CROPSEY AVENUE BRIDGE,Coney Island Creek Shoreline,Dead end,NB
32970,Brooklyn,2021,3,20,10,45,245,191114,POINT (988207.4245194928 151130.52481856258),CROPSEY AVENUE BRIDGE,Coney Island Creek Shoreline,Dead end,NB
32970,Brooklyn,2021,3,20,11,0,262,191114,POINT (988207.4245194928 151130.52481856258),CROPSEY AVENUE BRIDGE,Coney Island Creek Shoreline,Dead end,NB
32970,Brooklyn,2021,3,20,11,15,235,191114,POINT (988207.4245194928 151130.52481856258),CROPSEY AVENUE BRIDGE,Coney Island Creek Shoreline,Dead end,NB
32970,Brooklyn,2021,3,20,11,30,260,191114,POINT (988207.4245194928 151130.52481856258),CROPSEY AVENUE BRIDGE,Coney Island Creek Shoreline,Dead end,NB
32970,Brooklyn,2021,3,20,11,45,267,191114,POINT (988207.4245194928 151130.52481856258),CROPSEY AVENUE BRIDGE,Coney Island Creek Shoreline,Dead end,NB
32970,Brooklyn,2021,3,20,12,0,257,191114,POINT (988207.4245194928 151130.52481856258),CROPSEY AVENUE BRIDGE,Coney Island Creek Shoreline,Dead end,NB
32970,Brooklyn,2021,3,20,12,15,256,191114,POINT (988207.4245194928 151130.52481856258),CROPSEY AVENUE BRIDGE,Coney Island Creek Shoreline,Dead end,NB
32970,Brooklyn,2021,3,20,12,30,264,191114,POINT (988207.4245194928 151130.52481856258),CROPSEY AVENUE BRIDGE,Coney Island Creek Shoreline,Dead end,NB
32970,Brooklyn,2021,3,20,12,45,262,191114,POINT (988207.4245194928 151130.52481856258),CROPSEY AVENUE BRIDGE,Coney Island Creek Shoreline,Dead end,NB
32970,Brooklyn,2021,3,20,13,0,263,191114,POINT (988207.4245194928 151130.52481856258),CROPSEY AVENUE BRIDGE,Coney Island Creek Shoreline,Dead end,NB
32970,Brooklyn,2021,3,20,13,15,264,191114,POINT (988207.4245194928 151130.52481856258),CROPSEY AVENUE BRIDGE,Coney Island Creek Shoreline,Dead end,NB
32970,Brooklyn,2021,3,20,13,30,259,191114,POINT (988207.4245194928 151130.52481856258),CROPSEY AVENUE BRIDGE,Coney Island Creek Shoreline,Dead end,NB
32970,Brooklyn,2021,3,20,13,45,255,191114,POINT (988207.4245194928 151130.52481856258),CROPSEY AVENUE BRIDGE,Coney Island Creek Shoreline,Dead end,NB
32970,Brooklyn,2021,3,20,14,0,276,191114,POINT (988207.4245194928 151130.52481856258),CROPSEY AVENUE BRIDGE,Coney Island Creek Shoreline,Dead end,NB
32970,Brooklyn,2021,3,20,14,15,282,191114,POINT (988207.4245194928 151130.52481856258),CROPSEY AVENUE BRIDGE,Coney Island Creek Shoreline,Dead end,NB
32970,Brooklyn,2021,3,20,14,30,265,191114,POINT (988207.4245194928 151130.52481856258),CROPSEY AVENUE BRIDGE,Coney Island Creek Shoreline,Dead end,NB
32970,Brooklyn,2021,3,20,14,45,282,191114,POINT (988207.4245194928 151130.52481856258),CROPSEY AVENUE BRIDGE,Coney Island Creek Shoreline,Dead end,NB
32970,Brooklyn,2021,3,20,15,0,265,191114,POINT (988207.4245194928 151130.52481856258),CROPSEY AVENUE BRIDGE,Coney Island Creek Shoreline,Dead end,NB
32970,Brooklyn,2021,3,20,15,15,271,191114,POINT (988207.4245194928 151130.52481856258),CROPSEY AVENUE BRIDGE,Coney Island Creek Shoreline,Dead end,NB
32970,Brooklyn,2021,3,20,15,30,263,191114,POINT (988207.4245194928 151130.52481856258),CROPSEY AVENUE BRIDGE,Coney Island Creek Shoreline,Dead end,NB
32970,Brooklyn,2021,3,20,15,45,248,191114,POINT (988207.4245194928 151130.52481856258),CROPSEY AVENUE BRIDGE,Coney Island Creek Shoreline,Dead end,NB
32970,Brooklyn,2021,3,20,16,0,277,191114,POINT (988207.4245194928 151130.52481856258),CROPSEY AVENUE BRIDGE,Coney Island Creek Shoreline,Dead end,NB
32970,Brooklyn,2021,3,20,16,15,246,191114,POINT (988207.4245194928 151130.52481856258),CROPSEY AVENUE BRIDGE,Coney Island Creek Shoreline,Dead end,NB
32970,Brooklyn,2021,3,20,16,30,244,191114,POINT (988207.4245194928 151130.52481856258),CROPSEY AVENUE BRIDGE,Coney Island Creek Shoreline,Dead end,NB
32970,Brooklyn,2021,3,20,16,45,239,191114,POINT (988207.4245194928 151130.52481856258),CROPSEY AVENUE BRIDGE,Coney Island Creek Shoreline,Dead end,NB
32970,Brooklyn,2021,3,20,17,0,211,191114,POINT (988207.4245194928 151130.52481856258),CROPSEY AVENUE BRIDGE,Coney Island Creek Shoreline,Dead end,NB
32970,Brooklyn,2021,3,20,17,15,222,191114,POINT (988207.4245194928 151130.52481856258),CROPSEY AVENUE BRIDGE,Coney Island Creek Shoreline,Dead end,NB
32970,Brooklyn,2021,3,20,17,30,186,191114,POINT (988207.4245194928 151130.52481856258),CROPSEY AVENUE BRIDGE,Coney Island Creek Shoreline,Dead end,NB
32970,Brooklyn,2021,3,20,17,45,237,191114,POINT (988207.4245194928 151130.52481856258),CROPSEY AVENUE BRIDGE,Coney Island Creek Shoreline,Dead end,NB
32970,Brooklyn,2021,3,20,18,0,222,191114,POINT (988207.4245194928 151130.52481856258),CROPSEY AVENUE BRIDGE,Coney Island Creek Shoreline,Dead end,NB
32970,Brooklyn,2021,3,20,18,15,226,191114,POINT (988207.4245194928 151130.52481856258),CROPSEY AVENUE BRIDGE,Coney Island Creek Shoreline,Dead end,NB
32970,Brooklyn,2021,3,20,18,30,219,191114,POINT (988207.4245194928 151130.52481856258),CROPSEY AVENUE BRIDGE,Coney Island Creek Shoreline,Dead end,NB
32970,Brooklyn,2021,3,20,18,45,166,191114,POINT (988207.4245194928 151130.52481856258),CROPSEY AVENUE BRIDGE,Coney Island Creek Shoreline,Dead end,NB
32970,Brooklyn,2021,3,20,19,0,183,191114,POINT (988207.4245194928 151130.52481856258),CROPSEY AVENUE BRIDGE,Coney Island Creek Shoreline,Dead end,NB
32970,Brooklyn,2021,3,20,19,15,198,191114,POINT (988207.4245194928 151130.52481856258),CROPSEY AVENUE BRIDGE,Coney Island Creek Shoreline,Dead end,NB
32970,Brooklyn,2021,3,20,19,30,154,191114,POINT (988207.4245194928 151130.52481856258),CROPSEY AVENUE BRIDGE,Coney Island Creek Shoreline,Dead end,NB
32970,Brooklyn,2021,3,20,19,45,144,191114,POINT (988207.4245194928 151130.52481856258),CROPSEY AVENUE BRIDGE,Coney Island Creek Shoreline,Dead end,NB
32970,Brooklyn,2021,3,20,20,0,144,191114,POINT (988207.4245194928 151130.52481856258),CROPSEY AVENUE BRIDGE,Coney Island Creek Shoreline,Dead end,NB
32970,Brooklyn,2021,3,20,20,15,143,191114,POINT (988207.4245194928 151130.52481856258),CROPSEY AVENUE BRIDGE,Coney Island Creek Shoreline,Dead end,NB
32970,Brooklyn,2021,3,20,20,30,131,191114,POINT (988207.4245194928 151130.52481856258),CROPSEY AVENUE BRIDGE,Coney Island Creek Shoreline,Dead end,NB
32970,Brooklyn,2021,3,20,20,45,127,191114,POINT (988207.4245194928 151130.52481856258),CROPSEY AVENUE BRIDGE,Coney Island Creek Shoreline,Dead end,NB
32970,Brooklyn,2021,3,20,21,0,140,191114,POINT (988207.4245194928 151130.52481856258),CROPSEY AVENUE BRIDGE,Coney Island Creek Shoreline,Dead end,NB
32970,Brooklyn,2021,3,20,21,15,130,191114,POINT (988207.4245194928 151130.52481856258),CROPSEY AVENUE BRIDGE,Coney Island Creek Shoreline,Dead end,NB
32970,Brooklyn,2021,3,20,21,30,107,191114,POINT (988207.4245194928 151130.52481856258),CROPSEY AVENUE BRIDGE,Coney Island Creek Shoreline,Dead end,NB
32970,Brooklyn,2021,3,20,21,45,99,191114,POINT (988207.4245194928 151130.52481856258),CROPSEY AVENUE BRIDGE,Coney Island Creek Shoreline,Dead end,NB
32970,Brooklyn,2021,3,20,22,0,111,191114,POINT (988207.4245194928 151130.52481856258),CROPSEY AVENUE BRIDGE,Coney Island Creek Shoreline,Dead end,NB
32970,Brooklyn,2021,3,20,22,15,100,191114,POINT (988207.4245194928 151130.52481856258),CROPSEY AVENUE BRIDGE,Coney Island Creek Shoreline,Dead end,NB
32970,Brooklyn,2021,3,20,22,30,109,191114,POINT (988207.4245194928 151130.52481856258),CROPSEY AVENUE BRIDGE,Coney Island Creek Shoreline,Dead end,NB
32970,Brooklyn,2021,3,20,22,45,75,191114,POINT (988207.4245194928 151130.52481856258),CROPSEY AVENUE BRIDGE,Coney Island Creek Shoreline,Dead end,NB
32970,Brooklyn,2021,3,20,23,0,83,191114,POINT (988207.4245194928 151130.52481856258),CROPSEY AVENUE BRIDGE,Coney Island Creek Shoreline,Dead end,NB
32970,Brooklyn,2021,3,20,23,15,70,191114,POINT (988207.4245194928 151130.52481856258),CROPSEY AVENUE BRIDGE,Coney Island Creek Shoreline,Dead end,NB
32970,Brooklyn,2021,3,20,23,30,81,191114,POINT (988207.4245194928 151130.52481856258),CROPSEY AVENUE BRIDGE,Coney Island Creek Shoreline,Dead end,NB
32970,Brooklyn,2021,3,20,23,45,78,191114,POINT (988207.4245194928 151130.52481856258),CROPSEY AVENUE BRIDGE,Coney Island Creek Shoreline,Dead end,NB
32970,Brooklyn,2021,3,21,0,0,75,191114,POINT (988207.4245194928 151130.52481856258),CROPSEY AVENUE BRIDGE,Coney Island Creek Shoreline,Dead end,NB
32970,Brooklyn,2021,3,21,0,15,61,191114,POINT (988207.4245194928 151130.52481856258),CROPSEY AVENUE BRIDGE,Coney Island Creek Shoreline,Dead end,NB
32970,Brooklyn,2021,3,21,0,30,54,191114,POINT (988207.4245194928 151130.52481856258),CROPSEY AVENUE BRIDGE,Coney Island Creek Shoreline,Dead end,NB
32970,Brooklyn,2021,3,21,0,45,55,191114,POINT (988207.4245194928 151130.52481856258),CROPSEY AVENUE BRIDGE,Coney Island Creek Shoreline,Dead end,NB
32970,Brooklyn,2021,3,21,1,0,59,191114,POINT (988207.4245194928 151130.52481856258),CROPSEY AVENUE BRIDGE,Coney Island Creek Shoreline,Dead end,NB
32970,Brooklyn,2021,3,21,1,15,30,191114,POINT (988207.4245194928 151130.52481856258),CROPSEY AVENUE BRIDGE,Coney Island Creek Shoreline,Dead end,NB
32970,Brooklyn,2021,3,21,1,30,45,191114,POINT (988207.4245194928 151130.52481856258),CROPSEY AVENUE BRIDGE,Coney Island Creek Shoreline,Dead end,NB
32970,Brooklyn,2021,3,21,1,45,38,191114,POINT (988207.4245194928 151130.52481856258),CROPSEY AVENUE BRIDGE,Coney Island Creek Shoreline,Dead end,NB
32970,Brooklyn,2021,3,21,2,0,43,191114,POINT (988207.4245194928 151130.52481856258),CROPSEY AVENUE BRIDGE,Coney Island Creek Shoreline,Dead end,NB
32970,Brooklyn,2021,3,21,2,15,30,191114,POINT (988207.4245194928 151130.52481856258),CROPSEY AVENUE BRIDGE,Coney Island Creek Shoreline,Dead end,NB
32970,Brooklyn,2021,3,21,2,30,23,191114,POINT (988207.4245194928 151130.52481856258),CROPSEY AVENUE BRIDGE,Coney Island Creek Shoreline,Dead end,NB
32970,Brooklyn,2021,3,21,2,45,20,191114,POINT (988207.4245194928 151130.52481856258),CROPSEY AVENUE BRIDGE,Coney Island Creek Shoreline,Dead end,NB
32970,Brooklyn,2021,3,21,3,0,20,191114,POINT (988207.4245194928 151130.52481856258),CROPSEY AVENUE BRIDGE,Coney Island Creek Shoreline,Dead end,NB
32970,Brooklyn,2021,3,21,3,15,26,191114,POINT (988207.4245194928 151130.52481856258),CROPSEY AVENUE BRIDGE,Coney Island Creek Shoreline,Dead end,NB
32970,Brooklyn,2021,3,21,3,30,26,191114,POINT (988207.4245194928 151130.52481856258),CROPSEY AVENUE BRIDGE,Coney Island Creek Shoreline,Dead end,NB
32970,Brooklyn,2021,3,21,3,45,27,191114,POINT (988207.4245194928 151130.52481856258),CROPSEY AVENUE BRIDGE,Coney Island Creek Shoreline,Dead end,NB
32970,Brooklyn,2021,3,21,4,0,29,191114,POINT (988207.4245194928 151130.52481856258),CROPSEY AVENUE BRIDGE,Coney Island Creek Shoreline,Dead end,NB
32970,Brooklyn,2021,3,21,4,15,24,191114,POINT (988207.4245194928 151130.52481856258),CROPSEY AVENUE BRIDGE,Coney Island Creek Shoreline,Dead end,NB
32970,Brooklyn,2021,3,21,4,30,39,191114,POINT (988207.4245194928 151130.52481856258),CROPSEY AVENUE BRIDGE,Coney Island Creek Shoreline,Dead end,NB
32970,Brooklyn,2021,3,21,4,45,41,191114,POINT (988207.4245194928 151130.52481856258),CROPSEY AVENUE BRIDGE,Coney Island Creek Shoreline,Dead end,NB
32970,Brooklyn,2021,3,21,5,0,49,191114,POINT (988207.4245194928 151130.52481856258),CROPSEY AVENUE BRIDGE,Coney Island Creek Shoreline,Dead end,NB
32970,Brooklyn,2021,3,21,5,15,45,191114,POINT (988207.4245194928 151130.52481856258),CROPSEY AVENUE BRIDGE,Coney Island Creek Shoreline,Dead end,NB
32970,Brooklyn,2021,3,21,5,30,55,191114,POINT (988207.4245194928 151130.52481856258),CROPSEY AVENUE BRIDGE,Coney Island Creek Shoreline,Dead end,NB
32970,Brooklyn,2021,3,21,5,45,57,191114,POINT (988207.4245194928 151130.52481856258),CROPSEY AVENUE BRIDGE,Coney Island Creek Shoreline,Dead end,NB
32970,Brooklyn,2021,3,21,6,0,73,191114,POINT (988207.4245194928 151130.52481856258),CROPSEY AVENUE BRIDGE,Coney Island Creek Shoreline,Dead end,NB
32970,Brooklyn,2021,3,21,6,15,68,191114,POINT (988207.4245194928 151130.52481856258),CROPSEY AVENUE BRIDGE,Coney Island Creek Shoreline,Dead end,NB
32970,Brooklyn,2021,3,21,6,30,81,191114,POINT (988207.4245194928 151130.52481856258),CROPSEY AVENUE BRIDGE,Coney Island Creek Shoreline,Dead end,NB
32970,Brooklyn,2021,3,21,6,45,99,191114,POINT (988207.4245194928 151130.52481856258),CROPSEY AVENUE BRIDGE,Coney Island Creek Shoreline,Dead end,NB
32970,Brooklyn,2021,3,21,7,0,109,191114,POINT (988207.4245194928 151130.52481856258),CROPSEY AVENUE BRIDGE,Coney Island Creek Shoreline,Dead end,NB
32970,Brooklyn,2021,3,21,7,15,114,191114,POINT (988207.4245194928 151130.52481856258),CROPSEY AVENUE BRIDGE,Coney Island Creek Shoreline,Dead end,NB
32970,Brooklyn,2021,3,21,7,30,133,191114,POINT (988207.4245194928 151130.52481856258),CROPSEY AVENUE BRIDGE,Coney Island Creek Shoreline,Dead end,NB
32970,Brooklyn,2021,3,21,7,45,142,191114,POINT (988207.4245194928 151130.52481856258),CROPSEY AVENUE BRIDGE,Coney Island Creek Shoreline,Dead end,NB
32970,Brooklyn,2021,3,21,8,0,131,191114,POINT (988207.4245194928 151130.52481856258),CROPSEY AVENUE BRIDGE,Coney Island Creek Shoreline,Dead end,NB
32970,Brooklyn,2021,3,21,8,15,163,191114,POINT (988207.4245194928 151130.52481856258),CROPSEY AVENUE BRIDGE,Coney Island Creek Shoreline,Dead end,NB
32970,Brooklyn,2021,3,21,8,30,161,191114,POINT (988207.4245194928 151130.52481856258),CROPSEY AVENUE BRIDGE,Coney Island Creek Shoreline,Dead end,NB
32970,Brooklyn,2021,3,21,8,45,161,191114,POINT (988207.4245194928 151130.52481856258),CROPSEY AVENUE BRIDGE,Coney Island Creek Shoreline,Dead end,NB
32970,Brooklyn,2021,3,21,9,0,160,191114,POINT (988207.4245194928 151130.52481856258),CROPSEY AVENUE BRIDGE,Coney Island Creek Shoreline,Dead end,NB
32970,Brooklyn,2021,3,21,9,15,176,191114,POINT (988207.4245194928 151130.52481856258),CROPSEY AVENUE BRIDGE,Coney Island Creek Shoreline,Dead end,NB
32970,Brooklyn,2021,3,21,9,30,189,191114,POINT (988207.4245194928 151130.52481856258),CROPSEY AVENUE BRIDGE,Coney Island Creek Shoreline,Dead end,NB
32970,Brooklyn,2021,3,21,9,45,196,191114,POINT (988207.4245194928 151130.52481856258),CROPSEY AVENUE BRIDGE,Coney Island Creek Shoreline,Dead end,NB
32970,Brooklyn,2021,3,21,10,0,224,191114,POINT (988207.4245194928 151130.52481856258),CROPSEY AVENUE BRIDGE,Coney Island Creek Shoreline,Dead end,NB
32970,Brooklyn,2021,3,21,10,15,194,191114,POINT (988207.4245194928 151130.52481856258),CROPSEY AVENUE BRIDGE,Coney Island Creek Shoreline,Dead end,NB
32970,Brooklyn,2021,3,21,10,30,239,191114,POINT (988207.4245194928 151130.52481856258),CROPSEY AVENUE BRIDGE,Coney Island Creek Shoreline,Dead end,NB
32970,Brooklyn,2021,3,21,10,45,228,191114,POINT (988207.4245194928 151130.52481856258),CROPSEY AVENUE BRIDGE,Coney Island Creek Shoreline,Dead end,NB
32970,Brooklyn,2021,3,21,11,0,223,191114,POINT (988207.4245194928 151130.52481856258),CROPSEY AVENUE BRIDGE,Coney Island Creek Shoreline,Dead end,NB
32970,Brooklyn,2021,3,21,11,15,235,191114,POINT (988207.4245194928 151130.52481856258),CROPSEY AVENUE BRIDGE,Coney Island Creek Shoreline,Dead end,NB
32970,Brooklyn,2021,3,21,11,30,230,191114,POINT (988207.4245194928 151130.52481856258),CROPSEY AVENUE BRIDGE,Coney Island Creek Shoreline,Dead end,NB
32970,Brooklyn,2021,3,21,11,45,246,191114,POINT (988207.4245194928 151130.52481856258),CROPSEY AVENUE BRIDGE,Coney Island Creek Shoreline,Dead end,NB
32970,Brooklyn,2021,3,21,12,0,223,191114,POINT (988207.4245194928 151130.52481856258),CROPSEY AVENUE BRIDGE,Coney Island Creek Shoreline,Dead end,NB
32970,Brooklyn,2021,3,21,12,15,259,191114,POINT (988207.4245194928 151130.52481856258),CROPSEY AVENUE BRIDGE,Coney Island Creek Shoreline,Dead end,NB
32970,Brooklyn,2021,3,21,12,30,267,191114,POINT (988207.4245194928 151130.52481856258),CROPSEY AVENUE BRIDGE,Coney Island Creek Shoreline,Dead end,NB
32970,Brooklyn,2021,3,21,12,45,266,191114,POINT (988207.4245194928 151130.52481856258),CROPSEY AVENUE BRIDGE,Coney Island Creek Shoreline,Dead end,NB
32970,Brooklyn,2021,3,21,13,0,250,191114,POINT (988207.4245194928 151130.52481856258),CROPSEY AVENUE BRIDGE,Coney Island Creek Shoreline,Dead end,NB
32970,Brooklyn,2021,3,21,13,15,274,191114,POINT (988207.4245194928 151130.52481856258),CROPSEY AVENUE BRIDGE,Coney Island Creek Shoreline,Dead end,NB
32970,Brooklyn,2021,3,21,13,30,249,191114,POINT (988207.4245194928 151130.52481856258),CROPSEY AVENUE BRIDGE,Coney Island Creek Shoreline,Dead end,NB
32970,Brooklyn,2021,3,21,13,45,284,191114,POINT (988207.4245194928 151130.52481856258),CROPSEY AVENUE BRIDGE,Coney Island Creek Shoreline,Dead end,NB
32970,Brooklyn,2021,3,21,14,0,272,191114,POINT (988207.4245194928 151130.52481856258),CROPSEY AVENUE BRIDGE,Coney Island Creek Shoreline,Dead end,NB
32970,Brooklyn,2021,3,21,14,15,275,191114,POINT (988207.4245194928 151130.52481856258),CROPSEY AVENUE BRIDGE,Coney Island Creek Shoreline,Dead end,NB
32970,Brooklyn,2021,3,21,14,30,267,191114,POINT (988207.4245194928 151130.52481856258),CROPSEY AVENUE BRIDGE,Coney Island Creek Shoreline,Dead end,NB
32970,Brooklyn,2021,3,21,14,45,284,191114,POINT (988207.4245194928 151130.52481856258),CROPSEY AVENUE BRIDGE,Coney Island Creek Shoreline,Dead end,NB
32970,Brooklyn,2021,3,21,15,0,267,191114,POINT (988207.4245194928 151130.52481856258),CROPSEY AVENUE BRIDGE,Coney Island Creek Shoreline,Dead end,NB
32970,Brooklyn,2021,3,21,15,15,276,191114,POINT (988207.4245194928 151130.52481856258),CROPSEY AVENUE BRIDGE,Coney Island Creek Shoreline,Dead end,NB
32970,Brooklyn,2021,3,21,15,30,252,191114,POINT (988207.4245194928 151130.52481856258),CROPSEY AVENUE BRIDGE,Coney Island Creek Shoreline,Dead end,NB
32970,Brooklyn,2021,3,21,15,45,241,191114,POINT (988207.4245194928 151130.52481856258),CROPSEY AVENUE BRIDGE,Coney Island Creek Shoreline,Dead end,NB
32970,Brooklyn,2021,3,21,16,0,222,191114,POINT (988207.4245194928 151130.52481856258),CROPSEY AVENUE BRIDGE,Coney Island Creek Shoreline,Dead end,NB
32970,Brooklyn,2021,3,21,16,15,245,191114,POINT (988207.4245194928 151130.52481856258),CROPSEY AVENUE BRIDGE,Coney Island Creek Shoreline,Dead end,NB
32970,Brooklyn,2021,3,21,16,30,234,191114,POINT (988207.4245194928 151130.52481856258),CROPSEY AVENUE BRIDGE,Coney Island Creek Shoreline,Dead end,NB
32970,Brooklyn,2021,3,21,16,45,245,191114,POINT (988207.4245194928 151130.52481856258),CROPSEY AVENUE BRIDGE,Coney Island Creek Shoreline,Dead end,NB
32970,Brooklyn,2021,3,21,17,0,210,191114,POINT (988207.4245194928 151130.52481856258),CROPSEY AVENUE BRIDGE,Coney Island Creek Shoreline,Dead end,NB
32970,Brooklyn,2021,3,21,17,15,208,191114,POINT (988207.4245194928 151130.52481856258),CROPSEY AVENUE BRIDGE,Coney Island Creek Shoreline,Dead end,NB
32970,Brooklyn,2021,3,21,17,30,226,191114,POINT (988207.4245194928 151130.52481856258),CROPSEY AVENUE BRIDGE,Coney Island Creek Shoreline,Dead end,NB
32970,Brooklyn,2021,3,21,17,45,190,191114,POINT (988207.4245194928 151130.52481856258),CROPSEY AVENUE BRIDGE,Coney Island Creek Shoreline,Dead end,NB
32970,Brooklyn,2021,3,21,18,0,202,191114,POINT (988207.4245194928 151130.52481856258),CROPSEY AVENUE BRIDGE,Coney Island Creek Shoreline,Dead end,NB
32970,Brooklyn,2021,3,21,18,15,206,191114,POINT (988207.4245194928 151130.52481856258),CROPSEY AVENUE BRIDGE,Coney Island Creek Shoreline,Dead end,NB
32970,Brooklyn,2021,3,21,18,30,186,191114,POINT (988207.4245194928 151130.52481856258),CROPSEY AVENUE BRIDGE,Coney Island Creek Shoreline,Dead end,NB
32970,Brooklyn,2021,3,21,18,45,169,191114,POINT (988207.4245194928 151130.52481856258),CROPSEY AVENUE BRIDGE,Coney Island Creek Shoreline,Dead end,NB
32970,Brooklyn,2021,3,21,19,0,166,191114,POINT (988207.4245194928 151130.52481856258),CROPSEY AVENUE BRIDGE,Coney Island Creek Shoreline,Dead end,NB
32970,Brooklyn,2021,3,21,19,15,179,191114,POINT (988207.4245194928 151130.52481856258),CROPSEY AVENUE BRIDGE,Coney Island Creek Shoreline,Dead end,NB
32970,Brooklyn,2021,3,21,19,30,165,191114,POINT (988207.4245194928 151130.52481856258),CROPSEY AVENUE BRIDGE,Coney Island Creek Shoreline,Dead end,NB
32970,Brooklyn,2021,3,21,19,45,110,191114,POINT (988207.4245194928 151130.52481856258),CROPSEY AVENUE BRIDGE,Coney Island Creek Shoreline,Dead end,NB
32970,Brooklyn,2021,3,21,20,0,142,191114,POINT (988207.4245194928 151130.52481856258),CROPSEY AVENUE BRIDGE,Coney Island Creek Shoreline,Dead end,NB
32970,Brooklyn,2021,3,21,20,15,112,191114,POINT (988207.4245194928 151130.52481856258),CROPSEY AVENUE BRIDGE,Coney Island Creek Shoreline,Dead end,NB
32970,Brooklyn,2021,3,21,20,30,102,191114,POINT (988207.4245194928 151130.52481856258),CROPSEY AVENUE BRIDGE,Coney Island Creek Shoreline,Dead end,NB
32970,Brooklyn,2021,3,21,20,45,108,191114,POINT (988207.4245194928 151130.52481856258),CROPSEY AVENUE BRIDGE,Coney Island Creek Shoreline,Dead end,NB
32970,Brooklyn,2021,3,21,21,0,121,191114,POINT (988207.4245194928 151130.52481856258),CROPSEY AVENUE BRIDGE,Coney Island Creek Shoreline,Dead end,NB
32970,Brooklyn,2021,3,21,21,15,122,191114,POINT (988207.4245194928 151130.52481856258),CROPSEY AVENUE BRIDGE,Coney Island Creek Shoreline,Dead end,NB
32970,Brooklyn,2021,3,21,21,30,79,191114,POINT (988207.4245194928 151130.52481856258),CROPSEY AVENUE BRIDGE,Coney Island Creek Shoreline,Dead end,NB
32970,Brooklyn,2021,3,21,21,45,59,191114,POINT (988207.4245194928 151130.52481856258),CROPSEY AVENUE BRIDGE,Coney Island Creek Shoreline,Dead end,NB
32970,Brooklyn,2021,3,21,22,0,82,191114,POINT (988207.4245194928 151130.52481856258),CROPSEY AVENUE BRIDGE,Coney Island Creek Shoreline,Dead end,NB
32970,Brooklyn,2021,3,21,22,15,78,191114,POINT (988207.4245194928 151130.52481856258),CROPSEY AVENUE BRIDGE,Coney Island Creek Shoreline,Dead end,NB
32970,Brooklyn,2021,3,21,22,30,80,191114,POINT (988207.4245194928 151130.52481856258),CROPSEY AVENUE BRIDGE,Coney Island Creek Shoreline,Dead end,NB
32970,Brooklyn,2021,3,21,22,45,87,191114,POINT (988207.4245194928 151130.52481856258),CROPSEY AVENUE BRIDGE,Coney Island Creek Shoreline,Dead end,NB
32970,Brooklyn,2021,3,21,23,0,48,191114,POINT (988207.4245194928 151130.52481856258),CROPSEY AVENUE BRIDGE,Coney Island Creek Shoreline,Dead end,NB
32970,Brooklyn,2021,3,21,23,15,48,191114,POINT (988207.4245194928 151130.52481856258),CROPSEY AVENUE BRIDGE,Coney Island Creek Shoreline,Dead end,NB
32970,Brooklyn,2021,3,21,23,30,48,191114,POINT (988207.4245194928 151130.52481856258),CROPSEY AVENUE BRIDGE,Coney Island Creek Shoreline,Dead end,NB
32970,Brooklyn,2021,3,21,23,45,46,191114,POINT (988207.4245194928 151130.52481856258),CROPSEY AVENUE BRIDGE,Coney Island Creek Shoreline,Dead end,NB
32970,Brooklyn,2021,3,22,0,0,35,191114,POINT (988207.4245194928 151130.52481856258),CROPSEY AVENUE BRIDGE,Coney Island Creek Shoreline,Dead end,NB
32970,Brooklyn,2021,3,22,0,15,36,191114,POINT (988207.4245194928 151130.52481856258),CROPSEY AVENUE BRIDGE,Coney Island Creek Shoreline,Dead end,NB
32970,Brooklyn,2021,3,22,0,30,25,191114,POINT (988207.4245194928 151130.52481856258),CROPSEY AVENUE BRIDGE,Coney Island Creek Shoreline,Dead end,NB
32970,Brooklyn,2021,3,22,0,45,28,191114,POINT (988207.4245194928 151130.52481856258),CROPSEY AVENUE BRIDGE,Coney Island Creek Shoreline,Dead end,NB
32970,Brooklyn,2021,3,22,1,0,20,191114,POINT (988207.4245194928 151130.52481856258),CROPSEY AVENUE BRIDGE,Coney Island Creek Shoreline,Dead end,NB
32970,Brooklyn,2021,3,22,1,15,29,191114,POINT (988207.4245194928 151130.52481856258),CROPSEY AVENUE BRIDGE,Coney Island Creek Shoreline,Dead end,NB
32970,Brooklyn,2021,3,22,1,30,31,191114,POINT (988207.4245194928 151130.52481856258),CROPSEY AVENUE BRIDGE,Coney Island Creek Shoreline,Dead end,NB
32970,Brooklyn,2021,3,22,1,45,30,191114,POINT (988207.4245194928 151130.52481856258),CROPSEY AVENUE BRIDGE,Coney Island Creek Shoreline,Dead end,NB
32970,Brooklyn,2021,3,22,2,0,42,191114,POINT (988207.4245194928 151130.52481856258),CROPSEY AVENUE BRIDGE,Coney Island Creek Shoreline,Dead end,NB
32970,Brooklyn,2021,3,22,2,15,33,191114,POINT (988207.4245194928 151130.52481856258),CROPSEY AVENUE BRIDGE,Coney Island Creek Shoreline,Dead end,NB
32970,Brooklyn,2021,3,22,2,30,52,191114,POINT (988207.4245194928 151130.52481856258),CROPSEY AVENUE BRIDGE,Coney Island Creek Shoreline,Dead end,NB
32970,Brooklyn,2021,3,22,2,45,30,191114,POINT (988207.4245194928 151130.52481856258),CROPSEY AVENUE BRIDGE,Coney Island Creek Shoreline,Dead end,NB
32970,Brooklyn,2021,3,22,3,0,26,191114,POINT (988207.4245194928 151130.52481856258),CROPSEY AVENUE BRIDGE,Coney Island Creek Shoreline,Dead end,NB
32970,Brooklyn,2021,3,22,3,15,38,191114,POINT (988207.4245194928 151130.52481856258),CROPSEY AVENUE BRIDGE,Coney Island Creek Shoreline,Dead end,NB
32970,Brooklyn,2021,3,22,3,30,35,191114,POINT (988207.4245194928 151130.52481856258),CROPSEY AVENUE BRIDGE,Coney Island Creek Shoreline,Dead end,NB
32970,Brooklyn,2021,3,22,3,45,40,191114,POINT (988207.4245194928 151130.52481856258),CROPSEY AVENUE BRIDGE,Coney Island Creek Shoreline,Dead end,NB
32970,Brooklyn,2021,3,22,4,0,50,191114,POINT (988207.4245194928 151130.52481856258),CROPSEY AVENUE BRIDGE,Coney Island Creek Shoreline,Dead end,NB
32970,Brooklyn,2021,3,22,4,15,73,191114,POINT (988207.4245194928 151130.52481856258),CROPSEY AVENUE BRIDGE,Coney Island Creek Shoreline,Dead end,NB
32970,Brooklyn,2021,3,22,4,30,85,191114,POINT (988207.4245194928 151130.52481856258),CROPSEY AVENUE BRIDGE,Coney Island Creek Shoreline,Dead end,NB
32970,Brooklyn,2021,3,22,4,45,91,191114,POINT (988207.4245194928 151130.52481856258),CROPSEY AVENUE BRIDGE,Coney Island Creek Shoreline,Dead end,NB
32970,Brooklyn,2021,3,22,5,0,133,191114,POINT (988207.4245194928 151130.52481856258),CROPSEY AVENUE BRIDGE,Coney Island Creek Shoreline,Dead end,NB
32970,Brooklyn,2021,3,22,5,15,117,191114,POINT (988207.4245194928 151130.52481856258),CROPSEY AVENUE BRIDGE,Coney Island Creek Shoreline,Dead end,NB
32970,Brooklyn,2021,3,22,5,30,149,191114,POINT (988207.4245194928 151130.52481856258),CROPSEY AVENUE BRIDGE,Coney Island Creek Shoreline,Dead end,NB
32970,Brooklyn,2021,3,22,5,45,149,191114,POINT (988207.4245194928 151130.52481856258),CROPSEY AVENUE BRIDGE,Coney Island Creek Shoreline,Dead end,NB
32970,Brooklyn,2021,3,22,6,0,184,191114,POINT (988207.4245194928 151130.52481856258),CROPSEY AVENUE BRIDGE,Coney Island Creek Shoreline,Dead end,NB
32970,Brooklyn,2021,3,22,6,15,221,191114,POINT (988207.4245194928 151130.52481856258),CROPSEY AVENUE BRIDGE,Coney Island Creek Shoreline,Dead end,NB
32970,Brooklyn,2021,3,22,6,30,237,191114,POINT (988207.4245194928 151130.52481856258),CROPSEY AVENUE BRIDGE,Coney Island Creek Shoreline,Dead end,NB
32970,Brooklyn,2021,3,22,6,45,217,191114,POINT (988207.4245194928 151130.52481856258),CROPSEY AVENUE BRIDGE,Coney Island Creek Shoreline,Dead end,NB
32970,Brooklyn,2021,3,22,7,0,254,191114,POINT (988207.4245194928 151130.52481856258),CROPSEY AVENUE BRIDGE,Coney Island Creek Shoreline,Dead end,NB
