RequestID,Boro,Yr,M,D,HH,MM,Vol,SegmentID,WktGeom,street,fromSt,toSt,Direction,timestamp,lag_15,lag_30,lag_60,lag_120,target_15min,hour,day_of_week,lag_1day
32970,Brooklyn,2021,3,5,7,0,216,157501,POINT (988148.6889210109 151103.24158873298),CROPSEY AVENUE BRIDGE,Cropsey Avenue,Dead end,SB,2021-03-05 07:00:00,248.0,220.0,156.0,53.0,260.0,7,4,105.0
32970,Brooklyn,2021,3,5,7,15,260,157501,POINT (988148.6889210109 151103.24158873298),CROPSEY AVENUE BRIDGE,Cropsey Avenue,Dead end,SB,2021-03-05 07:15:00,216.0,248.0,193.0,60.0,264.0,7,4,260.0
32970,Brooklyn,2021,3,5,7,30,264,157501,POINT (988148.6889210109 151103.24158873298),CROPSEY AVENUE BRIDGE,Cropsey Avenue,Dead end,SB,2021-03-05 07:30:00,260.0,216.0,220.0,84.0,307.0,7,4,303.0
32970,Queens,2021,3,5,7,30,69,177615,POINT (1028931.8143046284 215115.26618027306),ROOSEVELT AVENUE BRIDGE,Flushing Line,Flushing Line,EB,2021-03-05 07:30:00,68.0,67.0,43.0,31.0,79.0,7,4,9.0
32970,Brooklyn,2021,3,5,7,30,221,191114,POINT (988207.4245194928 151130.52481856258),CROPSEY AVENUE BRIDGE,Coney Island Creek Shoreline,Dead end,NB,2021-03-05 07:30:00,201.0,176.0,148.0,75.0,236.0,7,4,81.0
32970,Brooklyn,2021,3,5,7,45,307,157501,POINT (988148.6889210109 151103.24158873298),CROPSEY AVENUE BRIDGE,Cropsey Avenue,Dead end,SB,2021-03-05 07:45:00,264.0,260.0,248.0,132.0,317.0,7,4,321.0
32970,Queens,2021,3,5,7,45,79,177615,POINT (1028931.8143046284 215115.26618027306),ROOSEVELT AVENUE BRIDGE,Flushing Line,Flushing Line,EB,2021-03-05 07:45:00,69.0,68.0,62.0,37.0,75.0,7,4,111.0
32970,Queens,2021,3,5,7,45,86,177615,POINT (1028931.8143046284 215115.26618027306),ROOSEVELT AVENUE BRIDGE,Flushing Line,Flushing Line,WB,2021-03-05 07:45:00,83.0,103.0,68.0,43.0,86.0,7,4,27.0
32970,Brooklyn,2021,3,5,7,45,236,191114,POINT (988207.4245194928 151130.52481856258),CROPSEY AVENUE BRIDGE,Coney Island Creek Shoreline,Dead end,NB,2021-03-05 07:45:00,221.0,201.0,176.0,93.0,245.0,7,4,232.0
32970,Brooklyn,2021,3,5,8,0,317,157501,POINT (988148.6889210109 151103.24158873298),CROPSEY AVENUE BRIDGE,Cropsey Avenue,Dead end,SB,2021-03-05 08:00:00,307.0,264.0,216.0,156.0,291.0,8,4,309.0
32970,Queens,2021,3,5,8,0,75,177615,POINT (1028931.8143046284 215115.26618027306),ROOSEVELT AVENUE BRIDGE,Flushing Line,Flushing Line,EB,2021-03-05 08:00:00,79.0,69.0,67.0,44.0,87.0,8,4,77.0
32970,Queens,2021,3,5,8,0,86,177615,POINT (1028931.8143046284 215115.26618027306),ROOSEVELT AVENUE BRIDGE,Flushing Line,Flushing Line,WB,2021-03-05 08:00:00,86.0,83.0,85.0,42.0,99.0,8,4,78.0
32970,Brooklyn,2021,3,5,8,0,245,191114,POINT (988207.4245194928 151130.52481856258),CROPSEY AVENUE BRIDGE,Coney Island Creek Shoreline,Dead end,NB,2021-03-05 08:00:00,236.0,221.0,176.0,104.0,260.0,8,4,277.0
32970,Brooklyn,2021,3,5,8,15,260,191114,POINT (988207.4245194928 151130.52481856258),CROPSEY AVENUE BRIDGE,Coney Island Creek Shoreline,Dead end,NB,2021-03-05 08:15:00,245.0,236.0,201.0,130.0,225.0,8,4,278.0
32970,Queens,2021,3,5,8,15,99,177615,POINT (1028931.8143046284 215115.26618027306),ROOSEVELT AVENUE BRIDGE,Flushing Line,Flushing Line,WB,2021-03-05 08:15:00,86.0,86.0,103.0,39.0,98.0,8,4,83.0
32970,Brooklyn,2021,3,5,8,15,291,157501,POINT (988148.6889210109 151103.24158873298),CROPSEY AVENUE BRIDGE,Cropsey Avenue,Dead end,SB,2021-03-05 08:15:00,317.0,307.0,260.0,193.0,256.0,8,4,279.0
32970,Queens,2021,3,5,8,15,87,177615,POINT (1028931.8143046284 215115.26618027306),ROOSEVELT AVENUE BRIDGE,Flushing Line,Flushing Line,EB,2021-03-05 08:15:00,75.0,79.0,68.0,36.0,83.0,8,4,77.0
32970,Brooklyn,2021,3,5,8,30,256,157501,POINT (988148.6889210109 151103.24158873298),CROPSEY AVENUE BRIDGE,Cropsey Avenue,Dead end,SB,2021-03-05 08:30:00,291.0,317.0,264.0,220.0,271.0,8,4,258.0
32970,Queens,2021,3,5,8,30,83,177615,POINT (1028931.8143046284 215115.26618027306),ROOSEVELT AVENUE BRIDGE,Flushing Line,Flushing Line,EB,2021-03-05 08:30:00,87.0,75.0,69.0,43.0,106.0,8,4,92.0
32970,Queens,2021,3,5,8,30,98,177615,POINT (1028931.8143046284 215115.26618027306),ROOSEVELT AVENUE BRIDGE,Flushing Line,Flushing Line,WB,2021-03-05 08:30:00,99.0,86.0,83.0,54.0,99.0,8,4,82.0
32970,Brooklyn,2021,3,5,8,30,225,191114,POINT (988207.4245194928 151130.52481856258),CROPSEY AVENUE BRIDGE,Coney Island Creek Shoreline,Dead end,NB,2021-03-05 08:30:00,260.0,245.0,221.0,148.0,254.0,8,4,253.0
32970,Brooklyn,2021,3,5,8,45,271,157501,POINT (988148.6889210109 151103.24158873298),CROPSEY AVENUE BRIDGE,Cropsey Avenue,Dead end,SB,2021-03-05 08:45:00,256.0,291.0,307.0,248.0,242.0,8,4,258.0
32970,Queens,2021,3,5,8,45,106,177615,POINT (1028931.8143046284 215115.26618027306),ROOSEVELT AVENUE BRIDGE,Flushing Line,Flushing Line,EB,2021-03-05 08:45:00,83.0,87.0,79.0,62.0,100.0,8,4,99.0
32970,Queens,2021,3,5,8,45,99,177615,POINT (1028931.8143046284 215115.26618027306),ROOSEVELT AVENUE BRIDGE,Flushing Line,Flushing Line,WB,2021-03-05 08:45:00,98.0,99.0,86.0,68.0,88.0,8,4,84.0
32970,Brooklyn,2021,3,5,8,45,254,191114,POINT (988207.4245194928 151130.52481856258),CROPSEY AVENUE BRIDGE,Coney Island Creek Shoreline,Dead end,NB,2021-03-05 08:45:00,225.0,260.0,236.0,176.0,224.0,8,4,230.0
32970,Brooklyn,2021,3,5,9,0,224,191114,POINT (988207.4245194928 151130.52481856258),CROPSEY AVENUE BRIDGE,Coney Island Creek Shoreline,Dead end,NB,2021-03-05 09:00:00,254.0,225.0,245.0,176.0,202.0,9,4,211.0
32970,Queens,2021,3,5,9,0,88,177615,POINT (1028931.8143046284 215115.26618027306),ROOSEVELT AVENUE BRIDGE,Flushing Line,Flushing Line,WB,2021-03-05 09:00:00,99.0,98.0,86.0,85.0,82.0,9,4,94.0
32970,Brooklyn,2021,3,5,9,0,242,157501,POINT (988148.6889210109 151103.24158873298),CROPSEY AVENUE BRIDGE,Cropsey Avenue,Dead end,SB,2021-03-05 09:00:00,271.0,256.0,317.0,216.0,199.0,9,4,266.0
32970,Queens,2021,3,5,9,0,100,177615,POINT (1028931.8143046284 215115.26618027306),ROOSEVELT AVENUE BRIDGE,Flushing Line,Flushing Line,EB,2021-03-05 09:00:00,106.0,83.0,75.0,67.0,93.0,9,4,75.0
32970,Brooklyn,2021,3,5,9,15,199,157501,POINT (988148.6889210109 151103.24158873298),CROPSEY AVENUE BRIDGE,Cropsey Avenue,Dead end,SB,2021-03-05 09:15:00,242.0,271.0,291.0,260.0,186.0,9,4,190.0
32970,Queens,2021,3,5,9,15,93,177615,POINT (1028931.8143046284 215115.26618027306),ROOSEVELT AVENUE BRIDGE,Flushing Line,Flushing Line,EB,2021-03-05 09:15:00,100.0,106.0,87.0,68.0,118.0,9,4,103.0
32970,Queens,2021,3,5,9,15,82,177615,POINT (1028931.8143046284 215115.26618027306),ROOSEVELT AVENUE BRIDGE,Flushing Line,Flushing Line,WB,2021-03-05 09:15:00,88.0,99.0,99.0,103.0,96.0,9,4,95.0
32970,Brooklyn,2021,3,5,9,15,202,191114,POINT (988207.4245194928 151130.52481856258),CROPSEY AVENUE BRIDGE,Coney Island Creek Shoreline,Dead end,NB,2021-03-05 09:15:00,224.0,254.0,260.0,201.0,232.0,9,4,216.0
32970,Brooklyn,2021,3,5,9,30,186,157501,POINT (988148.6889210109 151103.24158873298),CROPSEY AVENUE BRIDGE,Cropsey Avenue,Dead end,SB,2021-03-05 09:30:00,199.0,242.0,256.0,264.0,179.0,9,4,163.0
32970,Queens,2021,3,5,9,30,118,177615,POINT (1028931.8143046284 215115.26618027306),ROOSEVELT AVENUE BRIDGE,Flushing Line,Flushing Line,EB,2021-03-05 09:30:00,93.0,100.0,83.0,69.0,112.0,9,4,111.0
32970,Queens,2021,3,5,9,30,96,177615,POINT (1028931.8143046284 215115.26618027306),ROOSEVELT AVENUE BRIDGE,Flushing Line,Flushing Line,WB,2021-03-05 09:30:00,82.0,88.0,98.0,83.0,111.0,9,4,90.0
32970,Brooklyn,2021,3,5,9,30,232,191114,POINT (988207.4245194928 151130.52481856258),CROPSEY AVENUE BRIDGE,Coney Island Creek Shoreline,Dead end,NB,2021-03-05 09:30:00,202.0,224.0,225.0,221.0,216.0,9,4,212.0
32970,Queens,2021,3,5,9,45,111,177615,POINT (1028931.8143046284 215115.26618027306),ROOSEVELT AVENUE BRIDGE,Flushing Line,Flushing Line,WB,2021-03-05 09:45:00,96.0,82.0,99.0,86.0,96.0,9,4,75.0
32970,Brooklyn,2021,3,5,9,45,216,191114,POINT (988207.4245194928 151130.52481856258),CROPSEY AVENUE BRIDGE,Coney Island Creek Shoreline,Dead end,NB,2021-03-05 09:45:00,232.0,202.0,254.0,236.0,228.0,9,4,215.0
32970,Queens,2021,3,5,9,45,112,177615,POINT (1028931.8143046284 215115.26618027306),ROOSEVELT AVENUE BRIDGE,Flushing Line,Flushing Line,EB,2021-03-05 09:45:00,118.0,93.0,106.0,79.0,92.0,9,4,93.0
32970,Brooklyn,2021,3,5,9,45,179,157501,POINT (988148.6889210109 151103.24158873298),CROPSEY AVENUE BRIDGE,Cropsey Avenue,Dead end,SB,2021-03-05 09:45:00,186.0,199.0,271.0,307.0,170.0,9,4,202.0
32970,Brooklyn,2021,3,5,10,0,170,157501,POINT (988148.6889210109 151103.24158873298),CROPSEY AVENUE BRIDGE,Cropsey Avenue,Dead end,SB,2021-03-05 10:00:00,179.0,186.0,242.0,317.0,209.0,10,4,199.0
32970,Queens,2021,3,5,10,0,92,177615,POINT (1028931.8143046284 215115.26618027306),ROOSEVELT AVENUE BRIDGE,Flushing Line,Flushing Line,EB,2021-03-05 10:00:00,112.0,118.0,100.0,75.0,106.0,10,4,94.0
32970,Queens,2021,3,5,10,0,96,177615,POINT (1028931.8143046284 215115.26618027306),ROOSEVELT AVENUE BRIDGE,Flushing Line,Flushing Line,WB,2021-03-05 10:00:00,111.0,96.0,88.0,86.0,86.0,10,4,94.0
32970,Brooklyn,2021,3,5,10,0,228,191114,POINT (988207.4245194928 151130.52481856258),CROPSEY AVENUE BRIDGE,Coney Island Creek Shoreline,Dead end,NB,2021-03-05 10:00:00,216.0,232.0,224.0,245.0,239.0,10,4,226.0
32970,Brooklyn,2021,3,5,10,15,209,157501,POINT (988148.6889210109 151103.24158873298),CROPSEY AVENUE BRIDGE,Cropsey Avenue,Dead end,SB,2021-03-05 10:15:00,170.0,179.0,199.0,291.0,173.0,10,4,210.0
32970,Queens,2021,3,5,10,15,106,177615,POINT (1028931.8143046284 215115.26618027306),ROOSEVELT AVENUE BRIDGE,Flushing Line,Flushing Line,EB,2021-03-05 10:15:00,92.0,112.0,93.0,87.0,91.0,10,4,88.0
32970,Queens,2021,3,5,10,15,86,177615,POINT (1028931.8143046284 215115.26618027306),ROOSEVELT AVENUE BRIDGE,Flushing Line,Flushing Line,WB,2021-03-05 10:15:00,96.0,111.0,82.0,99.0,106.0,10,4,91.0
32970,Brooklyn,2021,3,5,10,15,239,191114,POINT (988207.4245194928 151130.52481856258),CROPSEY AVENUE BRIDGE,Coney Island Creek Shoreline,Dead end,NB,2021-03-05 10:15:00,228.0,216.0,202.0,260.0,249.0,10,4,229.0
32970,Brooklyn,2021,3,5,10,30,249,191114,POINT (988207.4245194928 151130.52481856258),CROPSEY AVENUE BRIDGE,Coney Island Creek Shoreline,Dead end,NB,2021-03-05 10:30:00,239.0,228.0,232.0,225.0,259.0,10,4,224.0
32970,Queens,2021,3,5,10,30,106,177615,POINT (1028931.8143046284 215115.26618027306),ROOSEVELT AVENUE BRIDGE,Flushing Line,Flushing Line,WB,2021-03-05 10:30:00,86.0,96.0,96.0,98.0,84.0,10,4,102.0
32970,Brooklyn,2021,3,5,10,30,173,157501,POINT (988148.6889210109 151103.24158873298),CROPSEY AVENUE BRIDGE,Cropsey Avenue,Dead end,SB,2021-03-05 10:30:00,209.0,170.0,186.0,256.0,191.0,10,4,179.0
32970,Queens,2021,3,5,10,30,91,177615,POINT (1028931.8143046284 215115.26618027306),ROOSEVELT AVENUE BRIDGE,Flushing Line,Flushing Line,EB,2021-03-05 10:30:00,106.0,92.0,118.0,83.0,106.0,10,4,107.0
32970,Brooklyn,2021,3,5,10,45,191,157501,POINT (988148.6889210109 151103.24158873298),CROPSEY AVENUE BRIDGE,Cropsey Avenue,Dead end,SB,2021-03-05 10:45:00,173.0,209.0,179.0,271.0,184.0,10,4,187.0
32970,Queens,2021,3,5,10,45,106,177615,POINT (1028931.8143046284 215115.26618027306),ROOSEVELT AVENUE BRIDGE,Flushing Line,Flushing Line,EB,2021-03-05 10:45:00,91.0,106.0,112.0,106.0,115.0,10,4,94.0
32970,Queens,2021,3,5,10,45,84,177615,POINT (1028931.8143046284 215115.26618027306),ROOSEVELT AVENUE BRIDGE,Flushing Line,Flushing Line,WB,2021-03-05 10:45:00,106.0,86.0,111.0,99.0,79.0,10,4,95.0
32970,Brooklyn,2021,3,5,10,45,259,191114,POINT (988207.4245194928 151130.52481856258),CROPSEY AVENUE BRIDGE,Coney Island Creek Shoreline,Dead end,NB,2021-03-05 10:45:00,249.0,239.0,216.0,254.0,227.0,10,4,234.0
32970,Brooklyn,2021,3,5,11,0,184,157501,POINT (988148.6889210109 151103.24158873298),CROPSEY AVENUE BRIDGE,Cropsey Avenue,Dead end,SB,2021-03-05 11:00:00,191.0,173.0,170.0,242.0,174.0,11,4,202.0
32970,Queens,2021,3,5,11,0,115,177615,POINT (1028931.8143046284 215115.26618027306),ROOSEVELT AVENUE BRIDGE,Flushing Line,Flushing Line,EB,2021-03-05 11:00:00,106.0,91.0,92.0,100.0,122.0,11,4,102.0
32970,Queens,2021,3,5,11,0,79,177615,POINT (1028931.8143046284 215115.26618027306),ROOSEVELT AVENUE BRIDGE,Flushing Line,Flushing Line,WB,2021-03-05 11:00:00,84.0,106.0,96.0,88.0,90.0,11,4,75.0
32970,Brooklyn,2021,3,5,11,0,227,191114,POINT (988207.4245194928 151130.52481856258),CROPSEY AVENUE BRIDGE,Coney Island Creek Shoreline,Dead end,NB,2021-03-05 11:00:00,259.0,249.0,228.0,224.0,249.0,11,4,238.0
32970,Brooklyn,2021,3,5,11,15,249,191114,POINT (988207.4245194928 151130.52481856258),CROPSEY AVENUE BRIDGE,Coney Island Creek Shoreline,Dead end,NB,2021-03-05 11:15:00,227.0,259.0,239.0,202.0,252.0,11,4,240.0
32970,Queens,2021,3,5,11,15,90,177615,POINT (1028931.8143046284 215115.26618027306),ROOSEVELT AVENUE BRIDGE,Flushing Line,Flushing Line,WB,2021-03-05 11:15:00,79.0,84.0,86.0,82.0,86.0,11,4,86.0
32970,Brooklyn,2021,3,5,11,15,174,157501,POINT (988148.6889210109 151103.24158873298),CROPSEY AVENUE BRIDGE,Cropsey Avenue,Dead end,SB,2021-03-05 11:15:00,184.0,191.0,209.0,199.0,214.0,11,4,171.0
32970,Queens,2021,3,5,11,15,122,177615,POINT (1028931.8143046284 215115.26618027306),ROOSEVELT AVENUE BRIDGE,Flushing Line,Flushing Line,EB,2021-03-05 11:15:00,115.0,106.0,106.0,93.0,86.0,11,4,112.0
32970,Brooklyn,2021,3,5,11,30,214,157501,POINT (988148.6889210109 151103.24158873298),CROPSEY AVENUE BRIDGE,Cropsey Avenue,Dead end,SB,2021-03-05 11:30:00,174.0,184.0,173.0,186.0,185.0,11,4,204.0
32970,Queens,2021,3,5,11,30,86,177615,POINT (1028931.8143046284 215115.26618027306),ROOSEVELT AVENUE BRIDGE,Flushing Line,Flushing Line,EB,2021-03-05 11:30:00,122.0,115.0,91.0,118.0,121.0,11,4,70.0
32970,Queens,2021,3,5,11,30,86,177615,POINT (1028931.8143046284 215115.26618027306),ROOSEVELT AVENUE BRIDGE,Flushing Line,Flushing Line,WB,2021-03-05 11:30:00,90.0,79.0,106.0,96.0,113.0,11,4,86.0
32970,Brooklyn,2021,3,5,11,30,252,191114,POINT (988207.4245194928 151130.52481856258),CROPSEY AVENUE BRIDGE,Coney Island Creek Shoreline,Dead end,NB,2021-03-05 11:30:00,249.0,227.0,249.0,232.0,269.0,11,4,263.0
32970,Brooklyn,2021,3,5,11,45,185,157501,POINT (988148.6889210109 151103.24158873298),CROPSEY AVENUE BRIDGE,Cropsey Avenue,Dead end,SB,2021-03-05 11:45:00,214.0,174.0,191.0,179.0,215.0,11,4,212.0
32970,Queens,2021,3,5,11,45,121,177615,POINT (1028931.8143046284 215115.26618027306),ROOSEVELT AVENUE BRIDGE,Flushing Line,Flushing Line,EB,2021-03-05 11:45:00,86.0,122.0,106.0,112.0,114.0,11,4,83.0
32970,Queens,2021,3,5,11,45,113,177615,POINT (1028931.8143046284 215115.26618027306),ROOSEVELT AVENUE BRIDGE,Flushing Line,Flushing Line,WB,2021-03-05 11:45:00,86.0,90.0,84.0,111.0,106.0,11,4,103.0
32970,Brooklyn,2021,3,5,11,45,269,191114,POINT (988207.4245194928 151130.52481856258),CROPSEY AVENUE BRIDGE,Coney Island Creek Shoreline,Dead end,NB,2021-03-05 11:45:00,252.0,249.0,259.0,216.0,233.0,11,4,254.0
32970,Brooklyn,2021,3,5,12,0,233,191114,POINT (988207.4245194928 151130.52481856258),CROPSEY AVENUE BRIDGE,Coney Island Creek Shoreline,Dead end,NB,2021-03-05 12:00:00,269.0,252.0,227.0,228.0,241.0,12,4,265.0
32970,Queens,2021,3,5,12,0,106,177615,POINT (1028931.8143046284 215115.26618027306),ROOSEVELT AVENUE BRIDGE,Flushing Line,Flushing Line,WB,2021-03-05 12:00:00,113.0,86.0,79.0,96.0,102.0,12,4,100.0
32970,Queens,2021,3,5,12,0,114,177615,POINT (1028931.8143046284 215115.26618027306),ROOSEVELT AVENUE BRIDGE,Flushing Line,Flushing Line,EB,2021-03-05 12:00:00,121.0,86.0,115.0,92.0,112.0,12,4,125.0
32970,Brooklyn,2021,3,5,12,0,215,157501,POINT (988148.6889210109 151103.24158873298),CROPSEY AVENUE BRIDGE,Cropsey Avenue,Dead end,SB,2021-03-05 12:00:00,185.0,214.0,184.0,170.0,197.0,12,4,217.0
32970,Brooklyn,2021,3,5,12,15,197,157501,POINT (988148.6889210109 151103.24158873298),CROPSEY AVENUE BRIDGE,Cropsey Avenue,Dead end,SB,2021-03-05 12:15:00,215.0,185.0,174.0,209.0,195.0,12,4,227.0
32970,Queens,2021,3,5,12,15,112,177615,POINT (1028931.8143046284 215115.26618027306),ROOSEVELT AVENUE BRIDGE,Flushing Line,Flushing Line,EB,2021-03-05 12:15:00,114.0,121.0,122.0,106.0,103.0,12,4,125.0
32970,Queens,2021,3,5,12,15,102,177615,POINT (1028931.8143046284 215115.26618027306),ROOSEVELT AVENUE BRIDGE,Flushing Line,Flushing Line,WB,2021-03-05 12:15:00,106.0,113.0,90.0,86.0,92.0,12,4,87.0
32970,Brooklyn,2021,3,5,12,15,241,191114,POINT (988207.4245194928 151130.52481856258),CROPSEY AVENUE BRIDGE,Coney Island Creek Shoreline,Dead end,NB,2021-03-05 12:15:00,233.0,269.0,249.0,239.0,270.0,12,4,242.0
32970,Brooklyn,2021,3,5,12,30,195,157501,POINT (988148.6889210109 151103.24158873298),CROPSEY AVENUE BRIDGE,Cropsey Avenue,Dead end,SB,2021-03-05 12:30:00,197.0,215.0,214.0,173.0,197.0,12,4,199.0
32970,Queens,2021,3,5,12,30,103,177615,POINT (1028931.8143046284 215115.26618027306),ROOSEVELT AVENUE BRIDGE,Flushing Line,Flushing Line,EB,2021-03-05 12:30:00,112.0,114.0,86.0,91.0,95.0,12,4,124.0
32970,Queens,2021,3,5,12,30,92,177615,POINT (1028931.8143046284 215115.26618027306),ROOSEVELT AVENUE BRIDGE,Flushing Line,Flushing Line,WB,2021-03-05 12:30:00,102.0,106.0,86.0,106.0,112.0,12,4,82.0
32970,Brooklyn,2021,3,5,12,30,270,191114,POINT (988207.4245194928 151130.52481856258),CROPSEY AVENUE BRIDGE,Coney Island Creek Shoreline,Dead end,NB,2021-03-05 12:30:00,241.0,233.0,252.0,249.0,305.0,12,4,245.0
32970,Brooklyn,2021,3,5,12,45,305,191114,POINT (988207.4245194928 151130.52481856258),CROPSEY AVENUE BRIDGE,Coney Island Creek Shoreline,Dead end,NB,2021-03-05 12:45:00,270.0,241.0,269.0,259.0,250.0,12,4,260.0
32970,Queens,2021,3,5,12,45,112,177615,POINT (1028931.8143046284 215115.26618027306),ROOSEVELT AVENUE BRIDGE,Flushing Line,Flushing Line,WB,2021-03-05 12:45:00,92.0,102.0,113.0,84.0,115.0,12,4,82.0
32970,Queens,2021,3,5,12,45,95,177615,POINT (1028931.8143046284 215115.26618027306),ROOSEVELT AVENUE BRIDGE,Flushing Line,Flushing Line,EB,2021-03-05 12:45:00,103.0,112.0,121.0,106.0,91.0,12,4,103.0
32970,Brooklyn,2021,3,5,12,45,197,157501,POINT (988148.6889210109 151103.24158873298),CROPSEY AVENUE BRIDGE,Cropsey Avenue,Dead end,SB,2021-03-05 12:45:00,195.0,197.0,185.0,191.0,211.0,12,4,211.0
32970,Brooklyn,2021,3,5,13,0,211,157501,POINT (988148.6889210109 151103.24158873298),CROPSEY AVENUE BRIDGE,Cropsey Avenue,Dead end,SB,2021-03-05 13:00:00,197.0,195.0,215.0,184.0,230.0,13,4,208.0
32970,Queens,2021,3,5,13,0,91,177615,POINT (1028931.8143046284 215115.26618027306),ROOSEVELT AVENUE BRIDGE,Flushing Line,Flushing Line,EB,2021-03-05 13:00:00,95.0,103.0,114.0,115.0,109.0,13,4,94.0
32970,Queens,2021,3,5,13,0,115,177615,POINT (1028931.8143046284 215115.26618027306),ROOSEVELT AVENUE BRIDGE,Flushing Line,Flushing Line,WB,2021-03-05 13:00:00,112.0,92.0,106.0,79.0,108.0,13,4,88.0
32970,Brooklyn,2021,3,5,13,0,250,191114,POINT (988207.4245194928 151130.52481856258),CROPSEY AVENUE BRIDGE,Coney Island Creek Shoreline,Dead end,NB,2021-03-05 13:00:00,305.0,270.0,233.0,227.0,238.0,13,4,241.0
32970,Brooklyn,2021,3,5,13,15,230,157501,POINT (988148.6889210109 151103.24158873298),CROPSEY AVENUE BRIDGE,Cropsey Avenue,Dead end,SB,2021-03-05 13:15:00,211.0,197.0,197.0,174.0,208.0,13,4,233.0
32970,Queens,2021,3,5,13,15,109,177615,POINT (1028931.8143046284 215115.26618027306),ROOSEVELT AVENUE BRIDGE,Flushing Line,Flushing Line,EB,2021-03-05 13:15:00,91.0,95.0,112.0,122.0,102.0,13,4,91.0
32970,Queens,2021,3,5,13,15,108,177615,POINT (1028931.8143046284 215115.26618027306),ROOSEVELT AVENUE BRIDGE,Flushing Line,Flushing Line,WB,2021-03-05 13:15:00,115.0,112.0,102.0,90.0,98.0,13,4,99.0
32970,Brooklyn,2021,3,5,13,15,238,191114,POINT (988207.4245194928 151130.52481856258),CROPSEY AVENUE BRIDGE,Coney Island Creek Shoreline,Dead end,NB,2021-03-05 13:15:00,250.0,305.0,241.0,249.0,269.0,13,4,262.0
32970,Brooklyn,2021,3,5,13,30,269,191114,POINT (988207.4245194928 151130.52481856258),CROPSEY AVENUE BRIDGE,Coney Island Creek Shoreline,Dead end,NB,2021-03-05 13:30:00,238.0,250.0,270.0,252.0,248.0,13,4,267.0
32970,Queens,2021,3,5,13,30,98,177615,POINT (1028931.8143046284 215115.26618027306),ROOSEVELT AVENUE BRIDGE,Flushing Line,Flushing Line,WB,2021-03-05 13:30:00,108.0,115.0,92.0,86.0,90.0,13,4,98.0
32970,Queens,2021,3,5,13,30,102,177615,POINT (1028931.8143046284 215115.26618027306),ROOSEVELT AVENUE BRIDGE,Flushing Line,Flushing Line,EB,2021-03-05 13:30:00,109.0,91.0,103.0,86.0,110.0,13,4,106.0
32970,Brooklyn,2021,3,5,13,30,208,157501,POINT (988148.6889210109 151103.24158873298),CROPSEY AVENUE BRIDGE,Cropsey Avenue,Dead end,SB,2021-03-05 13:30:00,230.0,211.0,195.0,214.0,267.0,13,4,263.0
32970,Brooklyn,2021,3,5,13,45,267,157501,POINT (988148.6889210109 151103.24158873298),CROPSEY AVENUE BRIDGE,Cropsey Avenue,Dead end,SB,2021-03-05 13:45:00,208.0,230.0,197.0,185.0,281.0,13,4,254.0
32970,Queens,2021,3,5,13,45,110,177615,POINT (1028931.8143046284 215115.26618027306),ROOSEVELT AVENUE BRIDGE,Flushing Line,Flushing Line,EB,2021-03-05 13:45:00,102.0,109.0,95.0,121.0,110.0,13,4,124.0
32970,Queens,2021,3,5,13,45,90,177615,POINT (1028931.8143046284 215115.26618027306),ROOSEVELT AVENUE BRIDGE,Flushing Line,Flushing Line,WB,2021-03-05 13:45:00,98.0,108.0,112.0,113.0,100.0,13,4,76.0
32970,Brooklyn,2021,3,5,13,45,248,191114,POINT (988207.4245194928 151130.52481856258),CROPSEY AVENUE BRIDGE,Coney Island Creek Shoreline,Dead end,NB,2021-03-05 13:45:00,269.0,238.0,305.0,269.0,295.0,13,4,309.0
32970,Brooklyn,2021,3,5,14,0,281,157501,POINT (988148.6889210109 151103.24158873298),CROPSEY AVENUE BRIDGE,Cropsey Avenue,Dead end,SB,2021-03-05 14:00:00,267.0,208.0,211.0,215.0,258.0,14,4,242.0
32970,Queens,2021,3,5,14,0,110,177615,POINT (1028931.8143046284 215115.26618027306),ROOSEVELT AVENUE BRIDGE,Flushing Line,Flushing Line,EB,2021-03-05 14:00:00,110.0,102.0,91.0,114.0,134.0,14,4,108.0
32970,Queens,2021,3,5,14,0,100,177615,POINT (1028931.8143046284 215115.26618027306),ROOSEVELT AVENUE BRIDGE,Flushing Line,Flushing Line,WB,2021-03-05 14:00:00,90.0,98.0,115.0,106.0,96.0,14,4,96.0
32970,Brooklyn,2021,3,5,14,0,295,191114,POINT (988207.4245194928 151130.52481856258),CROPSEY AVENUE BRIDGE,Coney Island Creek Shoreline,Dead end,NB,2021-03-05 14:00:00,248.0,269.0,250.0,233.0,323.0,14,4,283.0
32970,Brooklyn,2021,3,5,14,15,323,191114,POINT (988207.4245194928 151130.52481856258),CROPSEY AVENUE BRIDGE,Coney Island Creek Shoreline,Dead end,NB,2021-03-05 14:15:00,295.0,248.0,238.0,241.0,322.0,14,4,324.0
32970,Queens,2021,3,5,14,15,96,177615,POINT (1028931.8143046284 215115.26618027306),ROOSEVELT AVENUE BRIDGE,Flushing Line,Flushing Line,WB,2021-03-05 14:15:00,100.0,90.0,108.0,102.0,82.0,14,4,106.0
32970,Brooklyn,2021,3,5,14,15,258,157501,POINT (988148.6889210109 151103.24158873298),CROPSEY AVENUE BRIDGE,Cropsey Avenue,Dead end,SB,2021-03-05 14:15:00,281.0,267.0,230.0,197.0,251.0,14,4,266.0
32970,Queens,2021,3,5,14,15,134,177615,POINT (1028931.8143046284 215115.26618027306),ROOSEVELT AVENUE BRIDGE,Flushing Line,Flushing Line,EB,2021-03-05 14:15:00,110.0,110.0,109.0,112.0,143.0,14,4,112.0
32970,Brooklyn,2021,3,5,14,30,251,157501,POINT (988148.6889210109 151103.24158873298),CROPSEY AVENUE BRIDGE,Cropsey Avenue,Dead end,SB,2021-03-05 14:30:00,258.0,281.0,208.0,195.0,250.0,14,4,254.0
32970,Queens,2021,3,5,14,30,143,177615,POINT (1028931.8143046284 215115.26618027306),ROOSEVELT AVENUE BRIDGE,Flushing Line,Flushing Line,EB,2021-03-05 14:30:00,134.0,110.0,102.0,103.0,133.0,14,4,118.0
32970,Queens,2021,3,5,14,30,82,177615,POINT (1028931.8143046284 215115.26618027306),ROOSEVELT AVENUE BRIDGE,Flushing Line,Flushing Line,WB,2021-03-05 14:30:00,96.0,100.0,98.0,92.0,117.0,14,4,98.0
32970,Brooklyn,2021,3,5,14,30,322,191114,POINT (988207.4245194928 151130.52481856258),CROPSEY AVENUE BRIDGE,Coney Island Creek Shoreline,Dead end,NB,2021-03-05 14:30:00,323.0,295.0,269.0,270.0,298.0,14,4,318.0
32970,Brooklyn,2021,3,5,14,45,250,157501,POINT (988148.6889210109 151103.24158873298),CROPSEY AVENUE BRIDGE,Cropsey Avenue,Dead end,SB,2021-03-05 14:45:00,251.0,258.0,267.0,197.0,274.0,14,4,284.0
32970,Queens,2021,3,5,14,45,133,177615,POINT (1028931.8143046284 215115.26618027306),ROOSEVELT AVENUE BRIDGE,Flushing Line,Flushing Line,EB,2021-03-05 14:45:00,143.0,134.0,110.0,95.0,131.0,14,4,120.0
32970,Queens,2021,3,5,14,45,117,177615,POINT (1028931.8143046284 215115.26618027306),ROOSEVELT AVENUE BRIDGE,Flushing Line,Flushing Line,WB,2021-03-05 14:45:00,82.0,96.0,90.0,112.0,110.0,14,4,79.0
32970,Brooklyn,2021,3,5,14,45,298,191114,POINT (988207.4245194928 151130.52481856258),CROPSEY AVENUE BRIDGE,Coney Island Creek Shoreline,Dead end,NB,2021-03-05 14:45:00,322.0,323.0,248.0,305.0,290.0,14,4,258.0
32970,Brooklyn,2021,3,5,15,0,290,191114,POINT (988207.4245194928 151130.52481856258),CROPSEY AVENUE BRIDGE,Coney Island Creek Shoreline,Dead end,NB,2021-03-05 15:00:00,298.0,322.0,295.0,250.0,289.0,15,4,234.0
32970,Queens,2021,3,5,15,0,110,177615,POINT (1028931.8143046284 215115.26618027306),ROOSEVELT AVENUE BRIDGE,Flushing Line,Flushing Line,WB,2021-03-05 15:00:00,117.0,82.0,100.0,115.0,93.0,15,4,109.0
32970,Queens,2021,3,5,15,0,131,177615,POINT (1028931.8143046284 215115.26618027306),ROOSEVELT AVENUE BRIDGE,Flushing Line,Flushing Line,EB,2021-03-05 15:00:00,133.0,143.0,110.0,91.0,110.0,15,4,119.0
32970,Brooklyn,2021,3,5,15,0,274,157501,POINT (988148.6889210109 151103.24158873298),CROPSEY AVENUE BRIDGE,Cropsey Avenue,Dead end,SB,2021-03-05 15:00:00,250.0,251.0,281.0,211.0,265.0,15,4,286.0
32970,Brooklyn,2021,3,5,15,15,265,157501,POINT (988148.6889210109 151103.24158873298),CROPSEY AVENUE BRIDGE,Cropsey Avenue,Dead end,SB,2021-03-05 15:15:00,274.0,250.0,258.0,230.0,239.0,15,4,267.0
32970,Queens,2021,3,5,15,15,110,177615,POINT (1028931.8143046284 215115.26618027306),ROOSEVELT AVENUE BRIDGE,Flushing Line,Flushing Line,EB,2021-03-05 15:15:00,131.0,133.0,134.0,109.0,136.0,15,4,113.0
32970,Queens,2021,3,5,15,15,93,177615,POINT (1028931.8143046284 215115.26618027306),ROOSEVELT AVENUE BRIDGE,Flushing Line,Flushing Line,WB,2021-03-05 15:15:00,110.0,117.0,96.0,108.0,90.0,15,4,102.0
32970,Brooklyn,2021,3,5,15,15,289,191114,POINT (988207.4245194928 151130.52481856258),CROPSEY AVENUE BRIDGE,Coney Island Creek Shoreline,Dead end,NB,2021-03-05 15:15:00,290.0,298.0,323.0,238.0,292.0,15,4,281.0
32970,Brooklyn,2021,3,5,15,30,239,157501,POINT (988148.6889210109 151103.24158873298),CROPSEY AVENUE BRIDGE,Cropsey Avenue,Dead end,SB,2021-03-05 15:30:00,265.0,274.0,251.0,208.0,214.0,15,4,258.0
32970,Queens,2021,3,5,15,30,136,177615,POINT (1028931.8143046284 215115.26618027306),ROOSEVELT AVENUE BRIDGE,Flushing Line,Flushing Line,EB,2021-03-05 15:30:00,110.0,131.0,143.0,102.0,152.0,15,4,104.0
32970,Queens,2021,3,5,15,30,90,177615,POINT (1028931.8143046284 215115.26618027306),ROOSEVELT AVENUE BRIDGE,Flushing Line,Flushing Line,WB,2021-03-05 15:30:00,93.0,110.0,82.0,98.0,117.0,15,4,92.0
32970,Brooklyn,2021,3,5,15,30,292,191114,POINT (988207.4245194928 151130.52481856258),CROPSEY AVENUE BRIDGE,Coney Island Creek Shoreline,Dead end,NB,2021-03-05 15:30:00,289.0,290.0,322.0,269.0,273.0,15,4,305.0
32970,Brooklyn,2021,3,5,15,45,273,191114,POINT (988207.4245194928 151130.52481856258),CROPSEY AVENUE BRIDGE,Coney Island Creek Shoreline,Dead end,NB,2021-03-05 15:45:00,292.0,289.0,298.0,248.0,256.0,15,4,290.0
32970,Queens,2021,3,5,15,45,117,177615,POINT (1028931.8143046284 215115.26618027306),ROOSEVELT AVENUE BRIDGE,Flushing Line,Flushing Line,WB,2021-03-05 15:45:00,90.0,93.0,117.0,90.0,77.0,15,4,90.0
32970,Queens,2021,3,5,15,45,152,177615,POINT (1028931.8143046284 215115.26618027306),ROOSEVELT AVENUE BRIDGE,Flushing Line,Flushing Line,EB,2021-03-05 15:45:00,136.0,110.0,133.0,110.0,143.0,15,4,140.0
32970,Brooklyn,2021,3,5,15,45,214,157501,POINT (988148.6889210109 151103.24158873298),CROPSEY AVENUE BRIDGE,Cropsey Avenue,Dead end,SB,2021-03-05 15:45:00,239.0,265.0,250.0,267.0,310.0,15,4,269.0
32970,Brooklyn,2021,3,5,16,0,310,157501,POINT (988148.6889210109 151103.24158873298),CROPSEY AVENUE BRIDGE,Cropsey Avenue,Dead end,SB,2021-03-05 16:00:00,214.0,239.0,274.0,281.0,264.0,16,4,265.0
32970,Queens,2021,3,5,16,0,143,177615,POINT (1028931.8143046284 215115.26618027306),ROOSEVELT AVENUE BRIDGE,Flushing Line,Flushing Line,EB,2021-03-05 16:00:00,152.0,136.0,131.0,110.0,129.0,16,4,147.0
32970,Queens,2021,3,5,16,0,77,177615,POINT (1028931.8143046284 215115.26618027306),ROOSEVELT AVENUE BRIDGE,Flushing Line,Flushing Line,WB,2021-03-05 16:00:00,117.0,90.0,110.0,100.0,103.0,16,4,99.0
32970,Brooklyn,2021,3,5,16,0,256,191114,POINT (988207.4245194928 151130.52481856258),CROPSEY AVENUE BRIDGE,Coney Island Creek Shoreline,Dead end,NB,2021-03-05 16:00:00,273.0,292.0,290.0,295.0,292.0,16,4,287.0
32970,Brooklyn,2021,3,5,16,15,264,157501,POINT (988148.6889210109 151103.24158873298),CROPSEY AVENUE BRIDGE,Cropsey Avenue,Dead end,SB,2021-03-05 16:15:00,310.0,214.0,265.0,258.0,282.0,16,4,252.0
32970,Queens,2021,3,5,16,15,129,177615,POINT (1028931.8143046284 215115.26618027306),ROOSEVELT AVENUE BRIDGE,Flushing Line,Flushing Line,EB,2021-03-05 16:15:00,143.0,152.0,110.0,134.0,136.0,16,4,125.0
32970,Queens,2021,3,5,16,15,103,177615,POINT (1028931.8143046284 215115.26618027306),ROOSEVELT AVENUE BRIDGE,Flushing Line,Flushing Line,WB,2021-03-05 16:15:00,77.0,117.0,93.0,96.0,101.0,16,4,123.0
32970,Brooklyn,2021,3,5,16,15,292,191114,POINT (988207.4245194928 151130.52481856258),CROPSEY AVENUE BRIDGE,Coney Island Creek Shoreline,Dead end,NB,2021-03-05 16:15:00,256.0,273.0,289.0,323.0,249.0,16,4,244.0
32970,Queens,2021,3,5,16,30,101,177615,POINT (1028931.8143046284 215115.26618027306),ROOSEVELT AVENUE BRIDGE,Flushing Line,Flushing Line,WB,2021-03-05 16:30:00,103.0,77.0,90.0,82.0,98.0,16,4,105.0
32970,Brooklyn,2021,3,5,16,30,249,191114,POINT (988207.4245194928 151130.52481856258),CROPSEY AVENUE BRIDGE,Coney Island Creek Shoreline,Dead end,NB,2021-03-05 16:30:00,292.0,256.0,292.0,322.0,280.0,16,4,266.0
32970,Brooklyn,2021,3,5,16,30,282,157501,POINT (988148.6889210109 151103.24158873298),CROPSEY AVENUE BRIDGE,Cropsey Avenue,Dead end,SB,2021-03-05 16:30:00,264.0,310.0,239.0,251.0,271.0,16,4,292.0
32970,Queens,2021,3,5,16,30,136,177615,POINT (1028931.8143046284 215115.26618027306),ROOSEVELT AVENUE BRIDGE,Flushing Line,Flushing Line,EB,2021-03-05 16:30:00,129.0,143.0,136.0,143.0,146.0,16,4,128.0
32970,Brooklyn,2021,3,5,16,45,271,157501,POINT (988148.6889210109 151103.24158873298),CROPSEY AVENUE BRIDGE,Cropsey Avenue,Dead end,SB,2021-03-05 16:45:00,282.0,264.0,214.0,250.0,270.0,16,4,266.0
32970,Queens,2021,3,5,16,45,146,177615,POINT (1028931.8143046284 215115.26618027306),ROOSEVELT AVENUE BRIDGE,Flushing Line,Flushing Line,EB,2021-03-05 16:45:00,136.0,129.0,152.0,133.0,150.0,16,4,118.0
32970,Queens,2021,3,5,16,45,98,177615,POINT (1028931.8143046284 215115.26618027306),ROOSEVELT AVENUE BRIDGE,Flushing Line,Flushing Line,WB,2021-03-05 16:45:00,101.0,103.0,117.0,117.0,108.0,16,4,102.0
32970,Brooklyn,2021,3,5,16,45,280,191114,POINT (988207.4245194928 151130.52481856258),CROPSEY AVENUE BRIDGE,Coney Island Creek Shoreline,Dead end,NB,2021-03-05 16:45:00,249.0,292.0,273.0,298.0,269.0,16,4,248.0
32970,Brooklyn,2021,3,5,17,0,270,157501,POINT (988148.6889210109 151103.24158873298),CROPSEY AVENUE BRIDGE,Cropsey Avenue,Dead end,SB,2021-03-05 17:00:00,271.0,282.0,310.0,274.0,254.0,17,4,262.0
32970,Queens,2021,3,5,17,0,150,177615,POINT (1028931.8143046284 215115.26618027306),ROOSEVELT AVENUE BRIDGE,Flushing Line,Flushing Line,EB,2021-03-05 17:00:00,146.0,136.0,143.0,131.0,155.0,17,4,158.0
32970,Queens,2021,3,5,17,0,108,177615,POINT (1028931.8143046284 215115.26618027306),ROOSEVELT AVENUE BRIDGE,Flushing Line,Flushing Line,WB,2021-03-05 17:00:00,98.0,101.0,77.0,110.0,113.0,17,4,98.0
32970,Brooklyn,2021,3,5,17,0,269,191114,POINT (988207.4245194928 151130.52481856258),CROPSEY AVENUE BRIDGE,Coney Island Creek Shoreline,Dead end,NB,2021-03-05 17:00:00,280.0,249.0,256.0,290.0,259.0,17,4,249.0
32970,Brooklyn,2021,3,5,17,15,259,191114,POINT (988207.4245194928 151130.52481856258),CROPSEY AVENUE BRIDGE,Coney Island Creek Shoreline,Dead end,NB,2021-03-05 17:15:00,269.0,280.0,292.0,289.0,264.0,17,4,247.0
32970,Queens,2021,3,5,17,15,113,177615,POINT (1028931.8143046284 215115.26618027306),ROOSEVELT AVENUE BRIDGE,Flushing Line,Flushing Line,WB,2021-03-05 17:15:00,108.0,98.0,103.0,93.0,138.0,17,4,108.0
32970,Queens,2021,3,5,17,15,155,177615,POINT (1028931.8143046284 215115.26618027306),ROOSEVELT AVENUE BRIDGE,Flushing Line,Flushing Line,EB,2021-03-05 17:15:00,150.0,146.0,129.0,110.0,134.0,17,4,130.0
32970,Brooklyn,2021,3,5,17,15,254,157501,POINT (988148.6889210109 151103.24158873298),CROPSEY AVENUE BRIDGE,Cropsey Avenue,Dead end,SB,2021-03-05 17:15:00,270.0,271.0,264.0,265.0,269.0,17,4,250.0
32970,Brooklyn,2021,3,5,17,30,269,157501,POINT (988148.6889210109 151103.24158873298),CROPSEY AVENUE BRIDGE,Cropsey Avenue,Dead end,SB,2021-03-05 17:30:00,254.0,270.0,282.0,239.0,243.0,17,4,254.0
32970,Queens,2021,3,5,17,30,134,177615,POINT (1028931.8143046284 215115.26618027306),ROOSEVELT AVENUE BRIDGE,Flushing Line,Flushing Line,EB,2021-03-05 17:30:00,155.0,150.0,136.0,136.0,163.0,17,4,157.0
32970,Queens,2021,3,5,17,30,138,177615,POINT (1028931.8143046284 215115.26618027306),ROOSEVELT AVENUE BRIDGE,Flushing Line,Flushing Line,WB,2021-03-05 17:30:00,113.0,108.0,101.0,90.0,110.0,17,4,111.0
32970,Brooklyn,2021,3,5,17,30,264,191114,POINT (988207.4245194928 151130.52481856258),CROPSEY AVENUE BRIDGE,Coney Island Creek Shoreline,Dead end,NB,2021-03-05 17:30:00,259.0,269.0,249.0,292.0,282.0,17,4,250.0
32970,Brooklyn,2021,3,5,17,45,243,157501,POINT (988148.6889210109 151103.24158873298),CROPSEY AVENUE BRIDGE,Cropsey Avenue,Dead end,SB,2021-03-05 17:45:00,269.0,254.0,271.0,214.0,267.0,17,4,266.0
32970,Queens,2021,3,5,17,45,163,177615,POINT (1028931.8143046284 215115.26618027306),ROOSEVELT AVENUE BRIDGE,Flushing Line,Flushing Line,EB,2021-03-05 17:45:00,134.0,155.0,146.0,152.0,178.0,17,4,151.0
32970,Queens,2021,3,5,17,45,110,177615,POINT (1028931.8143046284 215115.26618027306),ROOSEVELT AVENUE BRIDGE,Flushing Line,Flushing Line,WB,2021-03-05 17:45:00,138.0,113.0,98.0,117.0,115.0,17,4,109.0
32970,Brooklyn,2021,3,5,17,45,282,191114,POINT (988207.4245194928 151130.52481856258),CROPSEY AVENUE BRIDGE,Coney Island Creek Shoreline,Dead end,NB,2021-03-05 17:45:00,264.0,259.0,280.0,273.0,232.0,17,4,241.0
32970,Queens,2021,3,5,18,0,115,177615,POINT (1028931.8143046284 215115.26618027306),ROOSEVELT AVENUE BRIDGE,Flushing Line,Flushing Line,WB,2021-03-05 18:00:00,110.0,138.0,108.0,77.0,100.0,18,4,110.0
32970,Brooklyn,2021,3,5,18,0,232,191114,POINT (988207.4245194928 151130.52481856258),CROPSEY AVENUE BRIDGE,Coney Island Creek Shoreline,Dead end,NB,2021-03-05 18:00:00,282.0,264.0,269.0,256.0,236.0,18,4,247.0
32970,Brooklyn,2021,3,5,18,0,267,157501,POINT (988148.6889210109 151103.24158873298),CROPSEY AVENUE BRIDGE,Cropsey Avenue,Dead end,SB,2021-03-05 18:00:00,243.0,269.0,270.0,310.0,215.0,18,4,246.0
32970,Queens,2021,3,5,18,0,178,177615,POINT (1028931.8143046284 215115.26618027306),ROOSEVELT AVENUE BRIDGE,Flushing Line,Flushing Line,EB,2021-03-05 18:00:00,163.0,134.0,150.0,143.0,147.0,18,4,148.0
32970,Brooklyn,2021,3,5,18,15,215,157501,POINT (988148.6889210109 151103.24158873298),CROPSEY AVENUE BRIDGE,Cropsey Avenue,Dead end,SB,2021-03-05 18:15:00,267.0,243.0,254.0,264.0,222.0,18,4,250.0
32970,Queens,2021,3,5,18,15,147,177615,POINT (1028931.8143046284 215115.26618027306),ROOSEVELT AVENUE BRIDGE,Flushing Line,Flushing Line,EB,2021-03-05 18:15:00,178.0,163.0,155.0,129.0,146.0,18,4,126.0
32970,Queens,2021,3,5,18,15,100,177615,POINT (1028931.8143046284 215115.26618027306),ROOSEVELT AVENUE BRIDGE,Flushing Line,Flushing Line,WB,2021-03-05 18:15:00,115.0,110.0,113.0,103.0,102.0,18,4,89.0
32970,Brooklyn,2021,3,5,18,15,236,191114,POINT (988207.4245194928 151130.52481856258),CROPSEY AVENUE BRIDGE,Coney Island Creek Shoreline,Dead end,NB,2021-03-05 18:15:00,232.0,282.0,259.0,292.0,247.0,18,4,229.0
32970,Brooklyn,2021,3,5,18,30,222,157501,POINT (988148.6889210109 151103.24158873298),CROPSEY AVENUE BRIDGE,Cropsey Avenue,Dead end,SB,2021-03-05 18:30:00,215.0,267.0,269.0,282.0,237.0,18,4,254.0
32970,Queens,2021,3,5,18,30,146,177615,POINT (1028931.8143046284 215115.26618027306),ROOSEVELT AVENUE BRIDGE,Flushing Line,Flushing Line,EB,2021-03-05 18:30:00,147.0,178.0,134.0,136.0,141.0,18,4,110.0
32970,Queens,2021,3,5,18,30,102,177615,POINT (1028931.8143046284 215115.26618027306),ROOSEVELT AVENUE BRIDGE,Flushing Line,Flushing Line,WB,2021-03-05 18:30:00,100.0,115.0,138.0,101.0,91.0,18,4,88.0
32970,Brooklyn,2021,3,5,18,30,247,191114,POINT (988207.4245194928 151130.52481856258),CROPSEY AVENUE BRIDGE,Coney Island Creek Shoreline,Dead end,NB,2021-03-05 18:30:00,236.0,232.0,264.0,249.0,227.0,18,4,235.0
32970,Queens,2021,3,5,18,45,91,177615,POINT (1028931.8143046284 215115.26618027306),ROOSEVELT AVENUE BRIDGE,Flushing Line,Flushing Line,WB,2021-03-05 18:45:00,102.0,100.0,110.0,98.0,100.0,18,4,89.0
32970,Brooklyn,2021,3,5,18,45,227,191114,POINT (988207.4245194928 151130.52481856258),CROPSEY AVENUE BRIDGE,Coney Island Creek Shoreline,Dead end,NB,2021-03-05 18:45:00,247.0,236.0,282.0,280.0,224.0,18,4,199.0
32970,Brooklyn,2021,3,5,18,45,237,157501,POINT (988148.6889210109 151103.24158873298),CROPSEY AVENUE BRIDGE,Cropsey Avenue,Dead end,SB,2021-03-05 18:45:00,222.0,215.0,243.0,271.0,234.0,18,4,229.0
32970,Queens,2021,3,5,18,45,141,177615,POINT (1028931.8143046284 215115.26618027306),ROOSEVELT AVENUE BRIDGE,Flushing Line,Flushing Line,EB,2021-03-05 18:45:00,146.0,147.0,163.0,146.0,133.0,18,4,99.0
32970,Brooklyn,2021,3,5,19,0,234,157501,POINT (988148.6889210109 151103.24158873298),CROPSEY AVENUE BRIDGE,Cropsey Avenue,Dead end,SB,2021-03-05 19:00:00,237.0,222.0,267.0,270.0,234.0,19,4,238.0
32970,Queens,2021,3,5,19,0,133,177615,POINT (1028931.8143046284 215115.26618027306),ROOSEVELT AVENUE BRIDGE,Flushing Line,Flushing Line,EB,2021-03-05 19:00:00,141.0,146.0,178.0,150.0,116.0,19,4,104.0
32970,Queens,2021,3,5,19,0,100,177615,POINT (1028931.8143046284 215115.26618027306),ROOSEVELT AVENUE BRIDGE,Flushing Line,Flushing Line,WB,2021-03-05 19:00:00,91.0,102.0,115.0,108.0,89.0,19,4,74.0
32970,Brooklyn,2021,3,5,19,0,224,191114,POINT (988207.4245194928 151130.52481856258),CROPSEY AVENUE BRIDGE,Coney Island Creek Shoreline,Dead end,NB,2021-03-05 19:00:00,227.0,247.0,232.0,269.0,183.0,19,4,209.0
32970,Brooklyn,2021,3,5,19,15,234,157501,POINT (988148.6889210109 151103.24158873298),CROPSEY AVENUE BRIDGE,Cropsey Avenue,Dead end,SB,2021-03-05 19:15:00,234.0,237.0,215.0,254.0,230.0,19,4,260.0
32970,Queens,2021,3,5,19,15,116,177615,POINT (1028931.8143046284 215115.26618027306),ROOSEVELT AVENUE BRIDGE,Flushing Line,Flushing Line,EB,2021-03-05 19:15:00,133.0,141.0,147.0,155.0,91.0,19,4,84.0
32970,Queens,2021,3,5,19,15,89,177615,POINT (1028931.8143046284 215115.26618027306),ROOSEVELT AVENUE BRIDGE,Flushing Line,Flushing Line,WB,2021-03-05 19:15:00,100.0,91.0,100.0,113.0,71.0,19,4,80.0
32970,Brooklyn,2021,3,5,19,15,183,191114,POINT (988207.4245194928 151130.52481856258),CROPSEY AVENUE BRIDGE,Coney Island Creek Shoreline,Dead end,NB,2021-03-05 19:15:00,224.0,227.0,236.0,259.0,197.0,19,4,207.0
32970,Brooklyn,2021,3,5,19,30,197,191114,POINT (988207.4245194928 151130.52481856258),CROPSEY AVENUE BRIDGE,Coney Island Creek Shoreline,Dead end,NB,2021-03-05 19:30:00,183.0,224.0,247.0,264.0,184.0,19,4,179.0
32970,Brooklyn,2021,3,5,19,30,230,157501,POINT (988148.6889210109 151103.24158873298),CROPSEY AVENUE BRIDGE,Cropsey Avenue,Dead end,SB,2021-03-05 19:30:00,234.0,234.0,222.0,269.0,211.0,19,4,227.0
32970,Queens,2021,3,5,19,30,91,177615,POINT (1028931.8143046284 215115.26618027306),ROOSEVELT AVENUE BRIDGE,Flushing Line,Flushing Line,EB,2021-03-05 19:30:00,116.0,133.0,146.0,134.0,90.0,19,4,94.0
32970,Queens,2021,3,5,19,30,71,177615,POINT (1028931.8143046284 215115.26618027306),ROOSEVELT AVENUE BRIDGE,Flushing Line,Flushing Line,WB,2021-03-05 19:30:00,89.0,100.0,102.0,138.0,91.0,19,4,68.0
32970,Queens,2021,3,5,19,45,91,177615,POINT (1028931.8143046284 215115.26618027306),ROOSEVELT AVENUE BRIDGE,Flushing Line,Flushing Line,WB,2021-03-05 19:45:00,71.0,89.0,91.0,110.0,76.0,19,4,75.0
32970,Brooklyn,2021,3,5,19,45,184,191114,POINT (988207.4245194928 151130.52481856258),CROPSEY AVENUE BRIDGE,Coney Island Creek Shoreline,Dead end,NB,2021-03-05 19:45:00,197.0,183.0,227.0,282.0,198.0,19,4,162.0
32970,Brooklyn,2021,3,5,19,45,211,157501,POINT (988148.6889210109 151103.24158873298),CROPSEY AVENUE BRIDGE,Cropsey Avenue,Dead end,SB,2021-03-05 19:45:00,230.0,234.0,237.0,243.0,207.0,19,4,240.0
32970,Queens,2021,3,5,19,45,90,177615,POINT (1028931.8143046284 215115.26618027306),ROOSEVELT AVENUE BRIDGE,Flushing Line,Flushing Line,EB,2021-03-05 19:45:00,91.0,116.0,141.0,163.0,94.0,19,4,81.0
32970,Brooklyn,2021,3,5,20,0,207,157501,POINT (988148.6889210109 151103.24158873298),CROPSEY AVENUE BRIDGE,Cropsey Avenue,Dead end,SB,2021-03-05 20:00:00,211.0,230.0,234.0,267.0,219.0,20,4,199.0
32970,Queens,2021,3,5,20,0,94,177615,POINT (1028931.8143046284 215115.26618027306),ROOSEVELT AVENUE BRIDGE,Flushing Line,Flushing Line,EB,2021-03-05 20:00:00,90.0,91.0,133.0,178.0,91.0,20,4,74.0
32970,Queens,2021,3,5,20,0,76,177615,POINT (1028931.8143046284 215115.26618027306),ROOSEVELT AVENUE BRIDGE,Flushing Line,Flushing Line,WB,2021-03-05 20:00:00,91.0,71.0,100.0,115.0,91.0,20,4,71.0
32970,Brooklyn,2021,3,5,20,0,198,191114,POINT (988207.4245194928 151130.52481856258),CROPSEY AVENUE BRIDGE,Coney Island Creek Shoreline,Dead end,NB,2021-03-05 20:00:00,184.0,197.0,224.0,232.0,167.0,20,4,188.0
32970,Brooklyn,2021,3,5,20,15,219,157501,POINT (988148.6889210109 151103.24158873298),CROPSEY AVENUE BRIDGE,Cropsey Avenue,Dead end,SB,2021-03-05 20:15:00,207.0,211.0,234.0,215.0,183.0,20,4,182.0
32970,Queens,2021,3,5,20,15,91,177615,POINT (1028931.8143046284 215115.26618027306),ROOSEVELT AVENUE BRIDGE,Flushing Line,Flushing Line,EB,2021-03-05 20:15:00,94.0,90.0,116.0,147.0,71.0,20,4,71.0
32970,Queens,2021,3,5,20,15,91,177615,POINT (1028931.8143046284 215115.26618027306),ROOSEVELT AVENUE BRIDGE,Flushing Line,Flushing Line,WB,2021-03-05 20:15:00,76.0,91.0,89.0,100.0,72.0,20,4,46.0
32970,Brooklyn,2021,3,5,20,15,167,191114,POINT (988207.4245194928 151130.52481856258),CROPSEY AVENUE BRIDGE,Coney Island Creek Shoreline,Dead end,NB,2021-03-05 20:15:00,198.0,184.0,183.0,236.0,159.0,20,4,153.0
32970,Brooklyn,2021,3,5,20,30,159,191114,POINT (988207.4245194928 151130.52481856258),CROPSEY AVENUE BRIDGE,Coney Island Creek Shoreline,Dead end,NB,2021-03-05 20:30:00,167.0,198.0,197.0,247.0,132.0,20,4,151.0
32970,Queens,2021,3,5,20,30,72,177615,POINT (1028931.8143046284 215115.26618027306),ROOSEVELT AVENUE BRIDGE,Flushing Line,Flushing Line,WB,2021-03-05 20:30:00,91.0,76.0,71.0,102.0,59.0,20,4,52.0
32970,Queens,2021,3,5,20,30,71,177615,POINT (1028931.8143046284 215115.26618027306),ROOSEVELT AVENUE BRIDGE,Flushing Line,Flushing Line,EB,2021-03-05 20:30:00,91.0,94.0,91.0,146.0,75.0,20,4,55.0
32970,Brooklyn,2021,3,5,20,30,183,157501,POINT (988148.6889210109 151103.24158873298),CROPSEY AVENUE BRIDGE,Cropsey Avenue,Dead end,SB,2021-03-05 20:30:00,219.0,207.0,230.0,222.0,195.0,20,4,158.0
32970,Brooklyn,2021,3,5,20,45,195,157501,POINT (988148.6889210109 151103.24158873298),CROPSEY AVENUE BRIDGE,Cropsey Avenue,Dead end,SB,2021-03-05 20:45:00,183.0,219.0,211.0,237.0,151.0,20,4,155.0
32970,Queens,2021,3,5,20,45,75,177615,POINT (1028931.8143046284 215115.26618027306),ROOSEVELT AVENUE BRIDGE,Flushing Line,Flushing Line,EB,2021-03-05 20:45:00,71.0,91.0,90.0,141.0,57.0,20,4,67.0
32970,Queens,2021,3,5,20,45,59,177615,POINT (1028931.8143046284 215115.26618027306),ROOSEVELT AVENUE BRIDGE,Flushing Line,Flushing Line,WB,2021-03-05 20:45:00,72.0,91.0,91.0,91.0,53.0,20,4,38.0
32970,Brooklyn,2021,3,5,20,45,132,191114,POINT (988207.4245194928 151130.52481856258),CROPSEY AVENUE BRIDGE,Coney Island Creek Shoreline,Dead end,NB,2021-03-05 20:45:00,159.0,167.0,184.0,227.0,139.0,20,4,117.0
32970,Brooklyn,2021,3,5,21,0,151,157501,POINT (988148.6889210109 151103.24158873298),CROPSEY AVENUE BRIDGE,Cropsey Avenue,Dead end,SB,2021-03-05 21:00:00,195.0,183.0,207.0,234.0,138.0,21,4,137.0
32970,Queens,2021,3,5,21,0,57,177615,POINT (1028931.8143046284 215115.26618027306),ROOSEVELT AVENUE BRIDGE,Flushing Line,Flushing Line,EB,2021-03-05 21:00:00,75.0,71.0,94.0,133.0,58.0,21,4,38.0
32970,Queens,2021,3,5,21,0,53,177615,POINT (1028931.8143046284 215115.26618027306),ROOSEVELT AVENUE BRIDGE,Flushing Line,Flushing Line,WB,2021-03-05 21:00:00,59.0,72.0,76.0,100.0,68.0,21,4,41.0
32970,Brooklyn,2021,3,5,21,0,139,191114,POINT (988207.4245194928 151130.52481856258),CROPSEY AVENUE BRIDGE,Coney Island Creek Shoreline,Dead end,NB,2021-03-05 21:00:00,132.0,159.0,198.0,224.0,126.0,21,4,101.0
32970,Brooklyn,2021,3,5,21,15,126,191114,POINT (988207.4245194928 151130.52481856258),CROPSEY AVENUE BRIDGE,Coney Island Creek Shoreline,Dead end,NB,2021-03-05 21:15:00,139.0,132.0,167.0,183.0,114.0,21,4,101.0
32970,Queens,2021,3,5,21,15,68,177615,POINT (1028931.8143046284 215115.26618027306),ROOSEVELT AVENUE BRIDGE,Flushing Line,Flushing Line,WB,2021-03-05 21:15:00,53.0,59.0,91.0,89.0,48.0,21,4,41.0
32970,Queens,2021,3,5,21,15,58,177615,POINT (1028931.8143046284 215115.26618027306),ROOSEVELT AVENUE BRIDGE,Flushing Line,Flushing Line,EB,2021-03-05 21:15:00,57.0,75.0,91.0,116.0,61.0,21,4,61.0
32970,Brooklyn,2021,3,5,21,15,138,157501,POINT (988148.6889210109 151103.24158873298),CROPSEY AVENUE BRIDGE,Cropsey Avenue,Dead end,SB,2021-03-05 21:15:00,151.0,195.0,219.0,234.0,152.0,21,4,153.0
32970,Brooklyn,2021,3,5,21,30,152,157501,POINT (988148.6889210109 151103.24158873298),CROPSEY AVENUE BRIDGE,Cropsey Avenue,Dead end,SB,2021-03-05 21:30:00,138.0,151.0,183.0,230.0,147.0,21,4,156.0
32970,Queens,2021,3,5,21,30,61,177615,POINT (1028931.8143046284 215115.26618027306),ROOSEVELT AVENUE BRIDGE,Flushing Line,Flushing Line,EB,2021-03-05 21:30:00,58.0,57.0,71.0,91.0,45.0,21,4,57.0
32970,Queens,2021,3,5,21,30,48,177615,POINT (1028931.8143046284 215115.26618027306),ROOSEVELT AVENUE BRIDGE,Flushing Line,Flushing Line,WB,2021-03-05 21:30:00,68.0,53.0,72.0,71.0,58.0,21,4,34.0
32970,Brooklyn,2021,3,5,21,30,114,191114,POINT (988207.4245194928 151130.52481856258),CROPSEY AVENUE BRIDGE,Coney Island Creek Shoreline,Dead end,NB,2021-03-05 21:30:00,126.0,139.0,159.0,197.0,103.0,21,4,93.0
32970,Brooklyn,2021,3,5,21,45,147,157501,POINT (988148.6889210109 151103.24158873298),CROPSEY AVENUE BRIDGE,Cropsey Avenue,Dead end,SB,2021-03-05 21:45:00,152.0,138.0,195.0,211.0,118.0,21,4,134.0
32970,Queens,2021,3,5,21,45,45,177615,POINT (1028931.8143046284 215115.26618027306),ROOSEVELT AVENUE BRIDGE,Flushing Line,Flushing Line,EB,2021-03-05 21:45:00,61.0,58.0,75.0,90.0,69.0,21,4,62.0
32970,Queens,2021,3,5,21,45,58,177615,POINT (1028931.8143046284 215115.26618027306),ROOSEVELT AVENUE BRIDGE,Flushing Line,Flushing Line,WB,2021-03-05 21:45:00,48.0,68.0,59.0,91.0,35.0,21,4,38.0
32970,Brooklyn,2021,3,5,21,45,103,191114,POINT (988207.4245194928 151130.52481856258),CROPSEY AVENUE BRIDGE,Coney Island Creek Shoreline,Dead end,NB,2021-03-05 21:45:00,114.0,126.0,132.0,184.0,118.0,21,4,107.0
32970,Brooklyn,2021,3,5,22,0,118,191114,POINT (988207.4245194928 151130.52481856258),CROPSEY AVENUE BRIDGE,Coney Island Creek Shoreline,Dead end,NB,2021-03-05 22:00:00,103.0,114.0,139.0,198.0,121.0,22,4,106.0
32970,Queens,2021,3,5,22,0,35,177615,POINT (1028931.8143046284 215115.26618027306),ROOSEVELT AVENUE BRIDGE,Flushing Line,Flushing Line,WB,2021-03-05 22:00:00,58.0,48.0,53.0,76.0,52.0,22,4,43.0
32970,Queens,2021,3,5,22,0,69,177615,POINT (1028931.8143046284 215115.26618027306),ROOSEVELT AVENUE BRIDGE,Flushing Line,Flushing Line,EB,2021-03-05 22:00:00,45.0,61.0,57.0,94.0,67.0,22,4,35.0
32970,Brooklyn,2021,3,5,22,0,118,157501,POINT (988148.6889210109 151103.24158873298),CROPSEY AVENUE BRIDGE,Cropsey Avenue,Dead end,SB,2021-03-05 22:00:00,147.0,152.0,151.0,207.0,130.0,22,4,136.0
32970,Brooklyn,2021,3,5,22,15,130,157501,POINT (988148.6889210109 151103.24158873298),CROPSEY AVENUE BRIDGE,Cropsey Avenue,Dead end,SB,2021-03-05 22:15:00,118.0,147.0,138.0,219.0,139.0,22,4,104.0
32970,Queens,2021,3,5,22,15,67,177615,POINT (1028931.8143046284 215115.26618027306),ROOSEVELT AVENUE BRIDGE,Flushing Line,Flushing Line,EB,2021-03-05 22:15:00,69.0,45.0,58.0,91.0,47.0,22,4,44.0
32970,Queens,2021,3,5,22,15,52,177615,POINT (1028931.8143046284 215115.26618027306),ROOSEVELT AVENUE BRIDGE,Flushing Line,Flushing Line,WB,2021-03-05 22:15:00,35.0,58.0,68.0,91.0,35.0,22,4,36.0
32970,Brooklyn,2021,3,5,22,15,121,191114,POINT (988207.4245194928 151130.52481856258),CROPSEY AVENUE BRIDGE,Coney Island Creek Shoreline,Dead end,NB,2021-03-05 22:15:00,118.0,103.0,126.0,167.0,100.0,22,4,95.0
32970,Brooklyn,2021,3,5,22,30,139,157501,POINT (988148.6889210109 151103.24158873298),CROPSEY AVENUE BRIDGE,Cropsey Avenue,Dead end,SB,2021-03-05 22:30:00,130.0,118.0,152.0,183.0,149.0,22,4,111.0
32970,Queens,2021,3,5,22,30,47,177615,POINT (1028931.8143046284 215115.26618027306),ROOSEVELT AVENUE BRIDGE,Flushing Line,Flushing Line,EB,2021-03-05 22:30:00,67.0,69.0,61.0,71.0,46.0,22,4,38.0
32970,Queens,2021,3,5,22,30,35,177615,POINT (1028931.8143046284 215115.26618027306),ROOSEVELT AVENUE BRIDGE,Flushing Line,Flushing Line,WB,2021-03-05 22:30:00,52.0,35.0,48.0,72.0,39.0,22,4,33.0
32970,Brooklyn,2021,3,5,22,30,100,191114,POINT (988207.4245194928 151130.52481856258),CROPSEY AVENUE BRIDGE,Coney Island Creek Shoreline,Dead end,NB,2021-03-05 22:30:00,121.0,118.0,114.0,159.0,100.0,22,4,77.0
32970,Queens,2021,3,5,22,45,39,177615,POINT (1028931.8143046284 215115.26618027306),ROOSEVELT AVENUE BRIDGE,Flushing Line,Flushing Line,WB,2021-03-05 22:45:00,35.0,52.0,58.0,59.0,29.0,22,4,25.0
32970,Brooklyn,2021,3,5,22,45,100,191114,POINT (988207.4245194928 151130.52481856258),CROPSEY AVENUE BRIDGE,Coney Island Creek Shoreline,Dead end,NB,2021-03-05 22:45:00,100.0,121.0,103.0,132.0,109.0,22,4,77.0
32970,Brooklyn,2021,3,5,22,45,149,157501,POINT (988148.6889210109 151103.24158873298),CROPSEY AVENUE BRIDGE,Cropsey Avenue,Dead end,SB,2021-03-05 22:45:00,139.0,130.0,147.0,195.0,124.0,22,4,112.0
32970,Queens,2021,3,5,22,45,46,177615,POINT (1028931.8143046284 215115.26618027306),ROOSEVELT AVENUE BRIDGE,Flushing Line,Flushing Line,EB,2021-03-05 22:45:00,47.0,67.0,45.0,75.0,34.0,22,4,31.0
32970,Brooklyn,2021,3,5,23,0,124,157501,POINT (988148.6889210109 151103.24158873298),CROPSEY AVENUE BRIDGE,Cropsey Avenue,Dead end,SB,2021-03-05 23:00:00,149.0,139.0,118.0,151.0,112.0,23,4,107.0
32970,Queens,2021,3,5,23,0,34,177615,POINT (1028931.8143046284 215115.26618027306),ROOSEVELT AVENUE BRIDGE,Flushing Line,Flushing Line,EB,2021-03-05 23:00:00,46.0,47.0,69.0,57.0,40.0,23,4,32.0
32970,Queens,2021,3,5,23,0,29,177615,POINT (1028931.8143046284 215115.26618027306),ROOSEVELT AVENUE BRIDGE,Flushing Line,Flushing Line,WB,2021-03-05 23:00:00,39.0,35.0,35.0,53.0,36.0,23,4,20.0
32970,Brooklyn,2021,3,5,23,0,109,191114,POINT (988207.4245194928 151130.52481856258),CROPSEY AVENUE BRIDGE,Coney Island Creek Shoreline,Dead end,NB,2021-03-05 23:00:00,100.0,100.0,118.0,139.0,97.0,23,4,77.0
32970,Brooklyn,2021,3,5,23,15,112,157501,POINT (988148.6889210109 151103.24158873298),CROPSEY AVENUE BRIDGE,Cropsey Avenue,Dead end,SB,2021-03-05 23:15:00,124.0,149.0,130.0,138.0,116.0,23,4,113.0
32970,Queens,2021,3,5,23,15,40,177615,POINT (1028931.8143046284 215115.26618027306),ROOSEVELT AVENUE BRIDGE,Flushing Line,Flushing Line,EB,2021-03-05 23:15:00,34.0,46.0,67.0,58.0,41.0,23,4,37.0
32970,Queens,2021,3,5,23,15,36,177615,POINT (1028931.8143046284 215115.26618027306),ROOSEVELT AVENUE BRIDGE,Flushing Line,Flushing Line,WB,2021-03-05 23:15:00,29.0,39.0,52.0,68.0,24.0,23,4,25.0
32970,Brooklyn,2021,3,5,23,15,97,191114,POINT (988207.4245194928 151130.52481856258),CROPSEY AVENUE BRIDGE,Coney Island Creek Shoreline,Dead end,NB,2021-03-05 23:15:00,109.0,100.0,121.0,126.0,91.0,23,4,79.0
32970,Brooklyn,2021,3,5,23,30,91,191114,POINT (988207.4245194928 151130.52481856258),CROPSEY AVENUE BRIDGE,Coney Island Creek Shoreline,Dead end,NB,2021-03-05 23:30:00,97.0,109.0,100.0,114.0,73.0,23,4,83.0
32970,Queens,2021,3,5,23,30,24,177615,POINT (1028931.8143046284 215115.26618027306),ROOSEVELT AVENUE BRIDGE,Flushing Line,Flushing Line,WB,2021-03-05 23:30:00,36.0,29.0,35.0,48.0,36.0,23,4,32.0
32970,Queens,2021,3,5,23,30,41,177615,POINT (1028931.8143046284 215115.26618027306),ROOSEVELT AVENUE BRIDGE,Flushing Line,Flushing Line,EB,2021-03-05 23:30:00,40.0,34.0,47.0,61.0,42.0,23,4,36.0
32970,Brooklyn,2021,3,5,23,30,116,157501,POINT (988148.6889210109 151103.24158873298),CROPSEY AVENUE BRIDGE,Cropsey Avenue,Dead end,SB,2021-03-05 23:30:00,112.0,124.0,139.0,152.0,87.0,23,4,103.0
32970,Brooklyn,2021,3,5,23,45,87,157501,POINT (988148.6889210109 151103.24158873298),CROPSEY AVENUE BRIDGE,Cropsey Avenue,Dead end,SB,2021-03-05 23:45:00,116.0,112.0,149.0,147.0,81.0,23,4,83.0
32970,Queens,2021,3,5,23,45,42,177615,POINT (1028931.8143046284 215115.26618027306),ROOSEVELT AVENUE BRIDGE,Flushing Line,Flushing Line,EB,2021-03-05 23:45:00,41.0,40.0,46.0,45.0,29.0,23,4,23.0
32970,Queens,2021,3,5,23,45,36,177615,POINT (1028931.8143046284 215115.26618027306),ROOSEVELT AVENUE BRIDGE,Flushing Line,Flushing Line,WB,2021-03-05 23:45:00,24.0,36.0,39.0,58.0,38.0,23,4,22.0
32970,Brooklyn,2021,3,5,23,45,73,191114,POINT (988207.4245194928 151130.52481856258),CROPSEY AVENUE BRIDGE,Coney Island Creek Shoreline,Dead end,NB,2021-03-05 23:45:00,91.0,97.0,100.0,103.0,71.0,23,4,53.0
32970,Brooklyn,2021,3,6,0,0,81,157501,POINT (988148.6889210109 151103.24158873298),CROPSEY AVENUE BRIDGE,Cropsey Avenue,Dead end,SB,2021-03-06 00:00:00,87.0,116.0,124.0,118.0,60.0,0,5,57.0
32970,Queens,2021,3,6,0,0,29,177615,POINT (1028931.8143046284 215115.26618027306),ROOSEVELT AVENUE BRIDGE,Flushing Line,Flushing Line,EB,2021-03-06 00:00:00,42.0,41.0,34.0,69.0,33.0,0,5,20.0
32970,Queens,2021,3,6,0,0,38,177615,POINT (1028931.8143046284 215115.26618027306),ROOSEVELT AVENUE BRIDGE,Flushing Line,Flushing Line,WB,2021-03-06 00:00:00,36.0,24.0,29.0,35.0,16.0,0,5,21.0
32970,Brooklyn,2021,3,6,0,0,71,191114,POINT (988207.4245194928 151130.52481856258),CROPSEY AVENUE BRIDGE,Coney Island Creek Shoreline,Dead end,NB,2021-03-06 00:00:00,73.0,91.0,109.0,118.0,58.0,0,5,72.0
32970,Queens,2021,3,6,0,15,16,177615,POINT (1028931.8143046284 215115.26618027306),ROOSEVELT AVENUE BRIDGE,Flushing Line,Flushing Line,WB,2021-03-06 00:15:00,38.0,36.0,36.0,52.0,16.0,0,5,23.0
32970,Brooklyn,2021,3,6,0,15,58,191114,POINT (988207.4245194928 151130.52481856258),CROPSEY AVENUE BRIDGE,Coney Island Creek Shoreline,Dead end,NB,2021-03-06 00:15:00,71.0,73.0,97.0,121.0,51.0,0,5,65.0
32970,Brooklyn,2021,3,6,0,15,60,157501,POINT (988148.6889210109 151103.24158873298),CROPSEY AVENUE BRIDGE,Cropsey Avenue,Dead end,SB,2021-03-06 00:15:00,81.0,87.0,112.0,130.0,64.0,0,5,56.0
32970,Queens,2021,3,6,0,15,33,177615,POINT (1028931.8143046284 215115.26618027306),ROOSEVELT AVENUE BRIDGE,Flushing Line,Flushing Line,EB,2021-03-06 00:15:00,29.0,42.0,40.0,67.0,23.0,0,5,24.0
32970,Brooklyn,2021,3,6,0,30,64,157501,POINT (988148.6889210109 151103.24158873298),CROPSEY AVENUE BRIDGE,Cropsey Avenue,Dead end,SB,2021-03-06 00:30:00,60.0,81.0,116.0,139.0,77.0,0,5,62.0
32970,Queens,2021,3,6,0,30,23,177615,POINT (1028931.8143046284 215115.26618027306),ROOSEVELT AVENUE BRIDGE,Flushing Line,Flushing Line,EB,2021-03-06 00:30:00,33.0,29.0,41.0,47.0,21.0,0,5,20.0
32970,Queens,2021,3,6,0,30,16,177615,POINT (1028931.8143046284 215115.26618027306),ROOSEVELT AVENUE BRIDGE,Flushing Line,Flushing Line,WB,2021-03-06 00:30:00,16.0,38.0,24.0,35.0,14.0,0,5,8.0
32970,Brooklyn,2021,3,6,0,30,51,191114,POINT (988207.4245194928 151130.52481856258),CROPSEY AVENUE BRIDGE,Coney Island Creek Shoreline,Dead end,NB,2021-03-06 00:30:00,58.0,71.0,91.0,100.0,53.0,0,5,44.0
32970,Brooklyn,2021,3,6,0,45,77,157501,POINT (988148.6889210109 151103.24158873298),CROPSEY AVENUE BRIDGE,Cropsey Avenue,Dead end,SB,2021-03-06 00:45:00,64.0,60.0,87.0,149.0,56.0,0,5,45.0
32970,Queens,2021,3,6,0,45,21,177615,POINT (1028931.8143046284 215115.26618027306),ROOSEVELT AVENUE BRIDGE,Flushing Line,Flushing Line,EB,2021-03-06 00:45:00,23.0,33.0,42.0,46.0,20.0,0,5,16.0
32970,Queens,2021,3,6,0,45,14,177615,POINT (1028931.8143046284 215115.26618027306),ROOSEVELT AVENUE BRIDGE,Flushing Line,Flushing Line,WB,2021-03-06 00:45:00,16.0,16.0,36.0,39.0,18.0,0,5,16.0
32970,Brooklyn,2021,3,6,0,45,53,191114,POINT (988207.4245194928 151130.52481856258),CROPSEY AVENUE BRIDGE,Coney Island Creek Shoreline,Dead end,NB,2021-03-06 00:45:00,51.0,58.0,73.0,100.0,46.0,0,5,39.0
32970,Queens,2021,3,6,1,0,18,177615,POINT (1028931.8143046284 215115.26618027306),ROOSEVELT AVENUE BRIDGE,Flushing Line,Flushing Line,WB,2021-03-06 01:00:00,14.0,16.0,38.0,29.0,15.0,1,5,8.0
32970,Brooklyn,2021,3,6,1,0,46,191114,POINT (988207.4245194928 151130.52481856258),CROPSEY AVENUE BRIDGE,Coney Island Creek Shoreline,Dead end,NB,2021-03-06 01:00:00,53.0,51.0,71.0,109.0,39.0,1,5,39.0
32970,Brooklyn,2021,3,6,1,0,56,157501,POINT (988148.6889210109 151103.24158873298),CROPSEY AVENUE BRIDGE,Cropsey Avenue,Dead end,SB,2021-03-06 01:00:00,77.0,64.0,81.0,124.0,52.0,1,5,37.0
32970,Queens,2021,3,6,1,0,20,177615,POINT (1028931.8143046284 215115.26618027306),ROOSEVELT AVENUE BRIDGE,Flushing Line,Flushing Line,EB,2021-03-06 01:00:00,21.0,23.0,29.0,34.0,25.0,1,5,19.0
32970,Brooklyn,2021,3,6,1,15,52,157501,POINT (988148.6889210109 151103.24158873298),CROPSEY AVENUE BRIDGE,Cropsey Avenue,Dead end,SB,2021-03-06 01:15:00,56.0,77.0,60.0,112.0,64.0,1,5,35.0
32970,Queens,2021,3,6,1,15,25,177615,POINT (1028931.8143046284 215115.26618027306),ROOSEVELT AVENUE BRIDGE,Flushing Line,Flushing Line,EB,2021-03-06 01:15:00,20.0,21.0,33.0,40.0,25.0,1,5,14.0
32970,Queens,2021,3,6,1,15,15,177615,POINT (1028931.8143046284 215115.26618027306),ROOSEVELT AVENUE BRIDGE,Flushing Line,Flushing Line,WB,2021-03-06 01:15:00,18.0,14.0,16.0,36.0,19.0,1,5,12.0
32970,Brooklyn,2021,3,6,1,15,39,191114,POINT (988207.4245194928 151130.52481856258),CROPSEY AVENUE BRIDGE,Coney Island Creek Shoreline,Dead end,NB,2021-03-06 01:15:00,46.0,53.0,58.0,97.0,40.0,1,5,24.0
32970,Brooklyn,2021,3,6,1,30,64,157501,POINT (988148.6889210109 151103.24158873298),CROPSEY AVENUE BRIDGE,Cropsey Avenue,Dead end,SB,2021-03-06 01:30:00,52.0,56.0,64.0,116.0,42.0,1,5,38.0
32970,Queens,2021,3,6,1,30,25,177615,POINT (1028931.8143046284 215115.26618027306),ROOSEVELT AVENUE BRIDGE,Flushing Line,Flushing Line,EB,2021-03-06 01:30:00,25.0,20.0,23.0,41.0,20.0,1,5,13.0
32970,Queens,2021,3,6,1,30,19,177615,POINT (1028931.8143046284 215115.26618027306),ROOSEVELT AVENUE BRIDGE,Flushing Line,Flushing Line,WB,2021-03-06 01:30:00,15.0,18.0,16.0,24.0,11.0,1,5,11.0
32970,Brooklyn,2021,3,6,1,30,40,191114,POINT (988207.4245194928 151130.52481856258),CROPSEY AVENUE BRIDGE,Coney Island Creek Shoreline,Dead end,NB,2021-03-06 01:30:00,39.0,46.0,51.0,91.0,36.0,1,5,23.0
32970,Brooklyn,2021,3,6,1,45,36,191114,POINT (988207.4245194928 151130.52481856258),CROPSEY AVENUE BRIDGE,Coney Island Creek Shoreline,Dead end,NB,2021-03-06 01:45:00,40.0,39.0,53.0,73.0,43.0,1,5,32.0
32970,Brooklyn,2021,3,6,1,45,42,157501,POINT (988148.6889210109 151103.24158873298),CROPSEY AVENUE BRIDGE,Cropsey Avenue,Dead end,SB,2021-03-06 01:45:00,64.0,52.0,77.0,87.0,45.0,1,5,33.0
32970,Queens,2021,3,6,1,45,20,177615,POINT (1028931.8143046284 215115.26618027306),ROOSEVELT AVENUE BRIDGE,Flushing Line,Flushing Line,EB,2021-03-06 01:45:00,25.0,25.0,21.0,42.0,14.0,1,5,11.0
32970,Queens,2021,3,6,1,45,11,177615,POINT (1028931.8143046284 215115.26618027306),ROOSEVELT AVENUE BRIDGE,Flushing Line,Flushing Line,WB,2021-03-06 01:45:00,19.0,15.0,14.0,36.0,9.0,1,5,5.0
32970,Queens,2021,3,6,2,0,9,177615,POINT (1028931.8143046284 215115.26618027306),ROOSEVELT AVENUE BRIDGE,Flushing Line,Flushing Line,WB,2021-03-06 02:00:00,11.0,19.0,18.0,38.0,11.0,2,5,9.0
32970,Brooklyn,2021,3,6,2,0,43,191114,POINT (988207.4245194928 151130.52481856258),CROPSEY AVENUE BRIDGE,Coney Island Creek Shoreline,Dead end,NB,2021-03-06 02:00:00,36.0,40.0,46.0,71.0,33.0,2,5,26.0
32970,Brooklyn,2021,3,6,2,0,45,157501,POINT (988148.6889210109 151103.24158873298),CROPSEY AVENUE BRIDGE,Cropsey Avenue,Dead end,SB,2021-03-06 02:00:00,42.0,64.0,56.0,81.0,39.0,2,5,21.0
32970,Queens,2021,3,6,2,0,14,177615,POINT (1028931.8143046284 215115.26618027306),ROOSEVELT AVENUE BRIDGE,Flushing Line,Flushing Line,EB,2021-03-06 02:00:00,20.0,25.0,20.0,29.0,13.0,2,5,9.0
32970,Brooklyn,2021,3,6,2,15,39,157501,POINT (988148.6889210109 151103.24158873298),CROPSEY AVENUE BRIDGE,Cropsey Avenue,Dead end,SB,2021-03-06 02:15:00,45.0,42.0,52.0,60.0,34.0,2,5,23.0
32970,Queens,2021,3,6,2,15,13,177615,POINT (1028931.8143046284 215115.26618027306),ROOSEVELT AVENUE BRIDGE,Flushing Line,Flushing Line,EB,2021-03-06 02:15:00,14.0,20.0,25.0,33.0,7.0,2,5,11.0
32970,Queens,2021,3,6,2,15,11,177615,POINT (1028931.8143046284 215115.26618027306),ROOSEVELT AVENUE BRIDGE,Flushing Line,Flushing Line,WB,2021-03-06 02:15:00,9.0,11.0,15.0,16.0,7.0,2,5,9.0
32970,Brooklyn,2021,3,6,2,15,33,191114,POINT (988207.4245194928 151130.52481856258),CROPSEY AVENUE BRIDGE,Coney Island Creek Shoreline,Dead end,NB,2021-03-06 02:15:00,43.0,36.0,39.0,58.0,26.0,2,5,31.0
32970,Brooklyn,2021,3,6,2,30,34,157501,POINT (988148.6889210109 151103.24158873298),CROPSEY AVENUE BRIDGE,Cropsey Avenue,Dead end,SB,2021-03-06 02:30:00,39.0,45.0,64.0,64.0,22.0,2,5,45.0
32970,Queens,2021,3,6,2,30,7,177615,POINT (1028931.8143046284 215115.26618027306),ROOSEVELT AVENUE BRIDGE,Flushing Line,Flushing Line,EB,2021-03-06 02:30:00,13.0,14.0,25.0,23.0,14.0,2,5,13.0
32970,Queens,2021,3,6,2,30,7,177615,POINT (1028931.8143046284 215115.26618027306),ROOSEVELT AVENUE BRIDGE,Flushing Line,Flushing Line,WB,2021-03-06 02:30:00,11.0,9.0,19.0,16.0,9.0,2,5,8.0
32970,Brooklyn,2021,3,6,2,30,26,191114,POINT (988207.4245194928 151130.52481856258),CROPSEY AVENUE BRIDGE,Coney Island Creek Shoreline,Dead end,NB,2021-03-06 02:30:00,33.0,43.0,40.0,51.0,22.0,2,5,26.0
32970,Brooklyn,2021,3,6,2,45,22,191114,POINT (988207.4245194928 151130.52481856258),CROPSEY AVENUE BRIDGE,Coney Island Creek Shoreline,Dead end,NB,2021-03-06 02:45:00,26.0,33.0,36.0,53.0,32.0,2,5,23.0
32970,Queens,2021,3,6,2,45,9,177615,POINT (1028931.8143046284 215115.26618027306),ROOSEVELT AVENUE BRIDGE,Flushing Line,Flushing Line,WB,2021-03-06 02:45:00,7.0,11.0,11.0,14.0,9.0,2,5,5.0
32970,Brooklyn,2021,3,6,2,45,22,157501,POINT (988148.6889210109 151103.24158873298),CROPSEY AVENUE BRIDGE,Cropsey Avenue,Dead end,SB,2021-03-06 02:45:00,34.0,39.0,42.0,77.0,29.0,2,5,20.0
32970,Queens,2021,3,6,2,45,14,177615,POINT (1028931.8143046284 215115.26618027306),ROOSEVELT AVENUE BRIDGE,Flushing Line,Flushing Line,EB,2021-03-06 02:45:00,7.0,13.0,20.0,21.0,13.0,2,5,5.0
32970,Brooklyn,2021,3,6,3,0,29,157501,POINT (988148.6889210109 151103.24158873298),CROPSEY AVENUE BRIDGE,Cropsey Avenue,Dead end,SB,2021-03-06 03:00:00,22.0,34.0,45.0,56.0,25.0,3,5,21.0
32970,Queens,2021,3,6,3,0,13,177615,POINT (1028931.8143046284 215115.26618027306),ROOSEVELT AVENUE BRIDGE,Flushing Line,Flushing Line,EB,2021-03-06 03:00:00,14.0,7.0,14.0,20.0,9.0,3,5,15.0
32970,Queens,2021,3,6,3,0,9,177615,POINT (1028931.8143046284 215115.26618027306),ROOSEVELT AVENUE BRIDGE,Flushing Line,Flushing Line,WB,2021-03-06 03:00:00,9.0,7.0,9.0,18.0,7.0,3,5,8.0
32970,Brooklyn,2021,3,6,3,0,32,191114,POINT (988207.4245194928 151130.52481856258),CROPSEY AVENUE BRIDGE,Coney Island Creek Shoreline,Dead end,NB,2021-03-06 03:00:00,22.0,26.0,43.0,46.0,24.0,3,5,20.0
32970,Brooklyn,2021,3,6,3,15,24,191114,POINT (988207.4245194928 151130.52481856258),CROPSEY AVENUE BRIDGE,Coney Island Creek Shoreline,Dead end,NB,2021-03-06 03:15:00,32.0,22.0,33.0,39.0,26.0,3,5,29.0
32970,Brooklyn,2021,3,6,3,15,25,157501,POINT (988148.6889210109 151103.24158873298),CROPSEY AVENUE BRIDGE,Cropsey Avenue,Dead end,SB,2021-03-06 03:15:00,29.0,22.0,39.0,52.0,24.0,3,5,15.0
32970,Queens,2021,3,6,3,15,9,177615,POINT (1028931.8143046284 215115.26618027306),ROOSEVELT AVENUE BRIDGE,Flushing Line,Flushing Line,EB,2021-03-06 03:15:00,13.0,14.0,13.0,25.0,10.0,3,5,8.0
32970,Queens,2021,3,6,3,15,7,177615,POINT (1028931.8143046284 215115.26618027306),ROOSEVELT AVENUE BRIDGE,Flushing Line,Flushing Line,WB,2021-03-06 03:15:00,9.0,9.0,11.0,15.0,10.0,3,5,10.0
32970,Queens,2021,3,6,3,30,10,177615,POINT (1028931.8143046284 215115.26618027306),ROOSEVELT AVENUE BRIDGE,Flushing Line,Flushing Line,WB,2021-03-06 03:30:00,7.0,9.0,7.0,19.0,9.0,3,5,6.0
32970,Brooklyn,2021,3,6,3,30,26,191114,POINT (988207.4245194928 151130.52481856258),CROPSEY AVENUE BRIDGE,Coney Island Creek Shoreline,Dead end,NB,2021-03-06 03:30:00,24.0,32.0,26.0,40.0,23.0,3,5,21.0
32970,Brooklyn,2021,3,6,3,30,24,157501,POINT (988148.6889210109 151103.24158873298),CROPSEY AVENUE BRIDGE,Cropsey Avenue,Dead end,SB,2021-03-06 03:30:00,25.0,29.0,34.0,64.0,43.0,3,5,23.0
32970,Queens,2021,3,6,3,30,10,177615,POINT (1028931.8143046284 215115.26618027306),ROOSEVELT AVENUE BRIDGE,Flushing Line,Flushing Line,EB,2021-03-06 03:30:00,9.0,13.0,7.0,25.0,21.0,3,5,8.0
32970,Brooklyn,2021,3,6,3,45,23,191114,POINT (988207.4245194928 151130.52481856258),CROPSEY AVENUE BRIDGE,Coney Island Creek Shoreline,Dead end,NB,2021-03-06 03:45:00,26.0,24.0,22.0,36.0,25.0,3,5,22.0
32970,Queens,2021,3,6,3,45,9,177615,POINT (1028931.8143046284 215115.26618027306),ROOSEVELT AVENUE BRIDGE,Flushing Line,Flushing Line,WB,2021-03-06 03:45:00,10.0,7.0,9.0,11.0,9.0,3,5,7.0
32970,Brooklyn,2021,3,6,3,45,43,157501,POINT (988148.6889210109 151103.24158873298),CROPSEY AVENUE BRIDGE,Cropsey Avenue,Dead end,SB,2021-03-06 03:45:00,24.0,25.0,22.0,42.0,27.0,3,5,16.0
32970,Queens,2021,3,6,3,45,21,177615,POINT (1028931.8143046284 215115.26618027306),ROOSEVELT AVENUE BRIDGE,Flushing Line,Flushing Line,EB,2021-03-06 03:45:00,10.0,9.0,14.0,20.0,10.0,3,5,17.0
32970,Brooklyn,2021,3,6,4,0,27,157501,POINT (988148.6889210109 151103.24158873298),CROPSEY AVENUE BRIDGE,Cropsey Avenue,Dead end,SB,2021-03-06 04:00:00,43.0,24.0,29.0,45.0,27.0,4,5,34.0
32970,Queens,2021,3,6,4,0,10,177615,POINT (1028931.8143046284 215115.26618027306),ROOSEVELT AVENUE BRIDGE,Flushing Line,Flushing Line,EB,2021-03-06 04:00:00,21.0,10.0,13.0,14.0,19.0,4,5,12.0
32970,Queens,2021,3,6,4,0,9,177615,POINT (1028931.8143046284 215115.26618027306),ROOSEVELT AVENUE BRIDGE,Flushing Line,Flushing Line,WB,2021-03-06 04:00:00,9.0,10.0,9.0,9.0,10.0,4,5,9.0
32970,Brooklyn,2021,3,6,4,0,25,191114,POINT (988207.4245194928 151130.52481856258),CROPSEY AVENUE BRIDGE,Coney Island Creek Shoreline,Dead end,NB,2021-03-06 04:00:00,23.0,26.0,32.0,43.0,33.0,4,5,25.0
32970,Brooklyn,2021,3,6,4,15,33,191114,POINT (988207.4245194928 151130.52481856258),CROPSEY AVENUE BRIDGE,Coney Island Creek Shoreline,Dead end,NB,2021-03-06 04:15:00,25.0,23.0,24.0,33.0,33.0,4,5,31.0
32970,Brooklyn,2021,3,6,4,15,27,157501,POINT (988148.6889210109 151103.24158873298),CROPSEY AVENUE BRIDGE,Cropsey Avenue,Dead end,SB,2021-03-06 04:15:00,27.0,43.0,25.0,39.0,26.0,4,5,32.0
32970,Queens,2021,3,6,4,15,19,177615,POINT (1028931.8143046284 215115.26618027306),ROOSEVELT AVENUE BRIDGE,Flushing Line,Flushing Line,EB,2021-03-06 04:15:00,10.0,21.0,9.0,13.0,14.0,4,5,14.0
32970,Queens,2021,3,6,4,15,10,177615,POINT (1028931.8143046284 215115.26618027306),ROOSEVELT AVENUE BRIDGE,Flushing Line,Flushing Line,WB,2021-03-06 04:15:00,9.0,9.0,7.0,11.0,11.0,4,5,8.0
32970,Brooklyn,2021,3,6,4,30,33,191114,POINT (988207.4245194928 151130.52481856258),CROPSEY AVENUE BRIDGE,Coney Island Creek Shoreline,Dead end,NB,2021-03-06 04:30:00,33.0,25.0,26.0,26.0,29.0,4,5,33.0
32970,Queens,2021,3,6,4,30,11,177615,POINT (1028931.8143046284 215115.26618027306),ROOSEVELT AVENUE BRIDGE,Flushing Line,Flushing Line,WB,2021-03-06 04:30:00,10.0,9.0,10.0,7.0,11.0,4,5,11.0
32970,Brooklyn,2021,3,6,4,30,26,157501,POINT (988148.6889210109 151103.24158873298),CROPSEY AVENUE BRIDGE,Cropsey Avenue,Dead end,SB,2021-03-06 04:30:00,27.0,27.0,24.0,34.0,53.0,4,5,41.0
32970,Queens,2021,3,6,4,30,14,177615,POINT (1028931.8143046284 215115.26618027306),ROOSEVELT AVENUE BRIDGE,Flushing Line,Flushing Line,EB,2021-03-06 04:30:00,19.0,10.0,10.0,7.0,18.0,4,5,17.0
32970,Brooklyn,2021,3,6,4,45,53,157501,POINT (988148.6889210109 151103.24158873298),CROPSEY AVENUE BRIDGE,Cropsey Avenue,Dead end,SB,2021-03-06 04:45:00,26.0,27.0,43.0,22.0,31.0,4,5,39.0
32970,Queens,2021,3,6,4,45,18,177615,POINT (1028931.8143046284 215115.26618027306),ROOSEVELT AVENUE BRIDGE,Flushing Line,Flushing Line,EB,2021-03-06 04:45:00,14.0,19.0,21.0,14.0,17.0,4,5,15.0
32970,Queens,2021,3,6,4,45,11,177615,POINT (1028931.8143046284 215115.26618027306),ROOSEVELT AVENUE BRIDGE,Flushing Line,Flushing Line,WB,2021-03-06 04:45:00,11.0,10.0,9.0,9.0,13.0,4,5,14.0
32970,Brooklyn,2021,3,6,4,45,29,191114,POINT (988207.4245194928 151130.52481856258),CROPSEY AVENUE BRIDGE,Coney Island Creek Shoreline,Dead end,NB,2021-03-06 04:45:00,33.0,33.0,23.0,22.0,30.0,4,5,36.0
32970,Brooklyn,2021,3,6,5,0,31,157501,POINT (988148.6889210109 151103.24158873298),CROPSEY AVENUE BRIDGE,Cropsey Avenue,Dead end,SB,2021-03-06 05:00:00,53.0,26.0,27.0,29.0,31.0,5,5,53.0
32970,Queens,2021,3,6,5,0,17,177615,POINT (1028931.8143046284 215115.26618027306),ROOSEVELT AVENUE BRIDGE,Flushing Line,Flushing Line,EB,2021-03-06 05:00:00,18.0,14.0,10.0,13.0,25.0,5,5,12.0
32970,Queens,2021,3,6,5,0,13,177615,POINT (1028931.8143046284 215115.26618027306),ROOSEVELT AVENUE BRIDGE,Flushing Line,Flushing Line,WB,2021-03-06 05:00:00,11.0,11.0,9.0,9.0,18.0,5,5,18.0
32970,Brooklyn,2021,3,6,5,0,30,191114,POINT (988207.4245194928 151130.52481856258),CROPSEY AVENUE BRIDGE,Coney Island Creek Shoreline,Dead end,NB,2021-03-06 05:00:00,29.0,33.0,25.0,32.0,35.0,5,5,54.0
32970,Queens,2021,3,6,5,15,18,177615,POINT (1028931.8143046284 215115.26618027306),ROOSEVELT AVENUE BRIDGE,Flushing Line,Flushing Line,WB,2021-03-06 05:15:00,13.0,11.0,10.0,7.0,22.0,5,5,26.0
32970,Brooklyn,2021,3,6,5,15,35,191114,POINT (988207.4245194928 151130.52481856258),CROPSEY AVENUE BRIDGE,Coney Island Creek Shoreline,Dead end,NB,2021-03-06 05:15:00,30.0,29.0,33.0,24.0,40.0,5,5,63.0
32970,Queens,2021,3,6,5,15,25,177615,POINT (1028931.8143046284 215115.26618027306),ROOSEVELT AVENUE BRIDGE,Flushing Line,Flushing Line,EB,2021-03-06 05:15:00,17.0,18.0,19.0,9.0,24.0,5,5,23.0
32970,Brooklyn,2021,3,6,5,15,31,157501,POINT (988148.6889210109 151103.24158873298),CROPSEY AVENUE BRIDGE,Cropsey Avenue,Dead end,SB,2021-03-06 05:15:00,31.0,53.0,27.0,25.0,40.0,5,5,60.0
32970,Brooklyn,2021,3,6,5,30,40,157501,POINT (988148.6889210109 151103.24158873298),CROPSEY AVENUE BRIDGE,Cropsey Avenue,Dead end,SB,2021-03-06 05:30:00,31.0,31.0,26.0,24.0,58.0,5,5,84.0
32970,Queens,2021,3,6,5,30,24,177615,POINT (1028931.8143046284 215115.26618027306),ROOSEVELT AVENUE BRIDGE,Flushing Line,Flushing Line,EB,2021-03-06 05:30:00,25.0,17.0,14.0,10.0,29.0,5,5,31.0
32970,Queens,2021,3,6,5,30,22,177615,POINT (1028931.8143046284 215115.26618027306),ROOSEVELT AVENUE BRIDGE,Flushing Line,Flushing Line,WB,2021-03-06 05:30:00,18.0,13.0,11.0,10.0,12.0,5,5,34.0
32970,Brooklyn,2021,3,6,5,30,40,191114,POINT (988207.4245194928 151130.52481856258),CROPSEY AVENUE BRIDGE,Coney Island Creek Shoreline,Dead end,NB,2021-03-06 05:30:00,35.0,30.0,33.0,26.0,45.0,5,5,75.0
32970,Brooklyn,2021,3,6,5,45,58,157501,POINT (988148.6889210109 151103.24158873298),CROPSEY AVENUE BRIDGE,Cropsey Avenue,Dead end,SB,2021-03-06 05:45:00,40.0,31.0,53.0,43.0,64.0,5,5,132.0
32970,Queens,2021,3,6,5,45,29,177615,POINT (1028931.8143046284 215115.26618027306),ROOSEVELT AVENUE BRIDGE,Flushing Line,Flushing Line,EB,2021-03-06 05:45:00,24.0,25.0,18.0,21.0,30.0,5,5,37.0
32970,Queens,2021,3,6,5,45,12,177615,POINT (1028931.8143046284 215115.26618027306),ROOSEVELT AVENUE BRIDGE,Flushing Line,Flushing Line,WB,2021-03-06 05:45:00,22.0,18.0,11.0,9.0,15.0,5,5,43.0
32970,Brooklyn,2021,3,6,5,45,45,191114,POINT (988207.4245194928 151130.52481856258),CROPSEY AVENUE BRIDGE,Coney Island Creek Shoreline,Dead end,NB,2021-03-06 05:45:00,40.0,35.0,29.0,23.0,60.0,5,5,93.0
32970,Queens,2021,3,6,6,0,15,177615,POINT (1028931.8143046284 215115.26618027306),ROOSEVELT AVENUE BRIDGE,Flushing Line,Flushing Line,WB,2021-03-06 06:00:00,12.0,22.0,13.0,9.0,27.0,6,5,42.0
32970,Brooklyn,2021,3,6,6,0,60,191114,POINT (988207.4245194928 151130.52481856258),CROPSEY AVENUE BRIDGE,Coney Island Creek Shoreline,Dead end,NB,2021-03-06 06:00:00,45.0,40.0,30.0,25.0,81.0,6,5,104.0
32970,Queens,2021,3,6,6,0,30,177615,POINT (1028931.8143046284 215115.26618027306),ROOSEVELT AVENUE BRIDGE,Flushing Line,Flushing Line,EB,2021-03-06 06:00:00,29.0,24.0,17.0,10.0,25.0,6,5,44.0
32970,Brooklyn,2021,3,6,6,0,64,157501,POINT (988148.6889210109 151103.24158873298),CROPSEY AVENUE BRIDGE,Cropsey Avenue,Dead end,SB,2021-03-06 06:00:00,58.0,40.0,31.0,27.0,56.0,6,5,156.0
32970,Brooklyn,2021,3,6,6,15,56,157501,POINT (988148.6889210109 151103.24158873298),CROPSEY AVENUE BRIDGE,Cropsey Avenue,Dead end,SB,2021-03-06 06:15:00,64.0,58.0,31.0,27.0,89.0,6,5,193.0
32970,Queens,2021,3,6,6,15,25,177615,POINT (1028931.8143046284 215115.26618027306),ROOSEVELT AVENUE BRIDGE,Flushing Line,Flushing Line,EB,2021-03-06 06:15:00,30.0,29.0,25.0,19.0,40.0,6,5,36.0
32970,Queens,2021,3,6,6,15,27,177615,POINT (1028931.8143046284 215115.26618027306),ROOSEVELT AVENUE BRIDGE,Flushing Line,Flushing Line,WB,2021-03-06 06:15:00,15.0,12.0,18.0,10.0,31.0,6,5,39.0
32970,Brooklyn,2021,3,6,6,15,81,191114,POINT (988207.4245194928 151130.52481856258),CROPSEY AVENUE BRIDGE,Coney Island Creek Shoreline,Dead end,NB,2021-03-06 06:15:00,60.0,45.0,35.0,33.0,77.0,6,5,130.0
32970,Brooklyn,2021,3,6,6,30,89,157501,POINT (988148.6889210109 151103.24158873298),CROPSEY AVENUE BRIDGE,Cropsey Avenue,Dead end,SB,2021-03-06 06:30:00,56.0,64.0,40.0,26.0,119.0,6,5,220.0
32970,Queens,2021,3,6,6,30,40,177615,POINT (1028931.8143046284 215115.26618027306),ROOSEVELT AVENUE BRIDGE,Flushing Line,Flushing Line,EB,2021-03-06 06:30:00,25.0,30.0,24.0,14.0,53.0,6,5,43.0
32970,Queens,2021,3,6,6,30,31,177615,POINT (1028931.8143046284 215115.26618027306),ROOSEVELT AVENUE BRIDGE,Flushing Line,Flushing Line,WB,2021-03-06 06:30:00,27.0,15.0,22.0,11.0,41.0,6,5,54.0
32970,Brooklyn,2021,3,6,6,30,77,191114,POINT (988207.4245194928 151130.52481856258),CROPSEY AVENUE BRIDGE,Coney Island Creek Shoreline,Dead end,NB,2021-03-06 06:30:00,81.0,60.0,40.0,33.0,89.0,6,5,148.0
32970,Brooklyn,2021,3,6,6,45,89,191114,POINT (988207.4245194928 151130.52481856258),CROPSEY AVENUE BRIDGE,Coney Island Creek Shoreline,Dead end,NB,2021-03-06 06:45:00,77.0,81.0,45.0,29.0,109.0,6,5,176.0
32970,Queens,2021,3,6,6,45,41,177615,POINT (1028931.8143046284 215115.26618027306),ROOSEVELT AVENUE BRIDGE,Flushing Line,Flushing Line,WB,2021-03-06 06:45:00,31.0,27.0,12.0,11.0,41.0,6,5,68.0
32970,Queens,2021,3,6,6,45,53,177615,POINT (1028931.8143046284 215115.26618027306),ROOSEVELT AVENUE BRIDGE,Flushing Line,Flushing Line,EB,2021-03-06 06:45:00,40.0,25.0,29.0,18.0,46.0,6,5,62.0
32970,Brooklyn,2021,3,6,6,45,119,157501,POINT (988148.6889210109 151103.24158873298),CROPSEY AVENUE BRIDGE,Cropsey Avenue,Dead end,SB,2021-03-06 06:45:00,89.0,56.0,58.0,53.0,107.0,6,5,248.0
32970,Brooklyn,2021,3,6,7,0,107,157501,POINT (988148.6889210109 151103.24158873298),CROPSEY AVENUE BRIDGE,Cropsey Avenue,Dead end,SB,2021-03-06 07:00:00,119.0,89.0,64.0,31.0,115.0,7,5,216.0
32970,Queens,2021,3,6,7,0,46,177615,POINT (1028931.8143046284 215115.26618027306),ROOSEVELT AVENUE BRIDGE,Flushing Line,Flushing Line,EB,2021-03-06 07:00:00,53.0,40.0,30.0,17.0,49.0,7,5,67.0
32970,Queens,2021,3,6,7,0,41,177615,POINT (1028931.8143046284 215115.26618027306),ROOSEVELT AVENUE BRIDGE,Flushing Line,Flushing Line,WB,2021-03-06 07:00:00,41.0,31.0,15.0,13.0,66.0,7,5,85.0
32970,Brooklyn,2021,3,6,7,0,109,191114,POINT (988207.4245194928 151130.52481856258),CROPSEY AVENUE BRIDGE,Coney Island Creek Shoreline,Dead end,NB,2021-03-06 07:00:00,89.0,77.0,60.0,30.0,138.0,7,5,176.0
32970,Brooklyn,2021,3,6,7,15,115,157501,POINT (988148.6889210109 151103.24158873298),CROPSEY AVENUE BRIDGE,Cropsey Avenue,Dead end,SB,2021-03-06 07:15:00,107.0,119.0,56.0,31.0,127.0,7,5,260.0
32970,Queens,2021,3,6,7,15,49,177615,POINT (1028931.8143046284 215115.26618027306),ROOSEVELT AVENUE BRIDGE,Flushing Line,Flushing Line,EB,2021-03-06 07:15:00,46.0,53.0,25.0,25.0,63.0,7,5,68.0
32970,Queens,2021,3,6,7,15,66,177615,POINT (1028931.8143046284 215115.26618027306),ROOSEVELT AVENUE BRIDGE,Flushing Line,Flushing Line,WB,2021-03-06 07:15:00,41.0,41.0,27.0,18.0,59.0,7,5,103.0
32970,Brooklyn,2021,3,6,7,15,138,191114,POINT (988207.4245194928 151130.52481856258),CROPSEY AVENUE BRIDGE,Coney Island Creek Shoreline,Dead end,NB,2021-03-06 07:15:00,109.0,89.0,81.0,35.0,125.0,7,5,201.0
32970,Brooklyn,2021,3,6,7,30,125,191114,POINT (988207.4245194928 151130.52481856258),CROPSEY AVENUE BRIDGE,Coney Island Creek Shoreline,Dead end,NB,2021-03-06 07:30:00,138.0,109.0,77.0,40.0,125.0,7,5,221.0
32970,Queens,2021,3,6,7,30,59,177615,POINT (1028931.8143046284 215115.26618027306),ROOSEVELT AVENUE BRIDGE,Flushing Line,Flushing Line,WB,2021-03-06 07:30:00,66.0,41.0,31.0,22.0,69.0,7,5,83.0
32970,Queens,2021,3,6,7,30,63,177615,POINT (1028931.8143046284 215115.26618027306),ROOSEVELT AVENUE BRIDGE,Flushing Line,Flushing Line,EB,2021-03-06 07:30:00,49.0,46.0,40.0,24.0,72.0,7,5,69.0
32970,Brooklyn,2021,3,6,7,30,127,157501,POINT (988148.6889210109 151103.24158873298),CROPSEY AVENUE BRIDGE,Cropsey Avenue,Dead end,SB,2021-03-06 07:30:00,115.0,107.0,89.0,40.0,160.0,7,5,264.0
32970,Brooklyn,2021,3,6,7,45,160,157501,POINT (988148.6889210109 151103.24158873298),CROPSEY AVENUE BRIDGE,Cropsey Avenue,Dead end,SB,2021-03-06 07:45:00,127.0,115.0,119.0,58.0,162.0,7,5,307.0
32970,Queens,2021,3,6,7,45,72,177615,POINT (1028931.8143046284 215115.26618027306),ROOSEVELT AVENUE BRIDGE,Flushing Line,Flushing Line,EB,2021-03-06 07:45:00,63.0,49.0,53.0,29.0,89.0,7,5,79.0
32970,Queens,2021,3,6,7,45,69,177615,POINT (1028931.8143046284 215115.26618027306),ROOSEVELT AVENUE BRIDGE,Flushing Line,Flushing Line,WB,2021-03-06 07:45:00,59.0,66.0,41.0,12.0,63.0,7,5,86.0
32970,Brooklyn,2021,3,6,7,45,125,191114,POINT (988207.4245194928 151130.52481856258),CROPSEY AVENUE BRIDGE,Coney Island Creek Shoreline,Dead end,NB,2021-03-06 07:45:00,125.0,138.0,89.0,45.0,159.0,7,5,236.0
32970,Brooklyn,2021,3,6,8,0,162,157501,POINT (988148.6889210109 151103.24158873298),CROPSEY AVENUE BRIDGE,Cropsey Avenue,Dead end,SB,2021-03-06 08:00:00,160.0,127.0,107.0,64.0,153.0,8,5,317.0
32970,Queens,2021,3,6,8,0,89,177615,POINT (1028931.8143046284 215115.26618027306),ROOSEVELT AVENUE BRIDGE,Flushing Line,Flushing Line,EB,2021-03-06 08:00:00,72.0,63.0,46.0,30.0,67.0,8,5,75.0
32970,Queens,2021,3,6,8,0,63,177615,POINT (1028931.8143046284 215115.26618027306),ROOSEVELT AVENUE BRIDGE,Flushing Line,Flushing Line,WB,2021-03-06 08:00:00,69.0,59.0,41.0,15.0,64.0,8,5,86.0
32970,Brooklyn,2021,3,6,8,0,159,191114,POINT (988207.4245194928 151130.52481856258),CROPSEY AVENUE BRIDGE,Coney Island Creek Shoreline,Dead end,NB,2021-03-06 08:00:00,125.0,125.0,109.0,60.0,178.0,8,5,245.0
32970,Queens,2021,3,6,8,15,64,177615,POINT (1028931.8143046284 215115.26618027306),ROOSEVELT AVENUE BRIDGE,Flushing Line,Flushing Line,WB,2021-03-06 08:15:00,63.0,69.0,66.0,27.0,79.0,8,5,99.0
32970,Brooklyn,2021,3,6,8,15,178,191114,POINT (988207.4245194928 151130.52481856258),CROPSEY AVENUE BRIDGE,Coney Island Creek Shoreline,Dead end,NB,2021-03-06 08:15:00,159.0,125.0,138.0,81.0,183.0,8,5,260.0
32970,Brooklyn,2021,3,6,8,15,153,157501,POINT (988148.6889210109 151103.24158873298),CROPSEY AVENUE BRIDGE,Cropsey Avenue,Dead end,SB,2021-03-06 08:15:00,162.0,160.0,115.0,56.0,170.0,8,5,291.0
32970,Queens,2021,3,6,8,15,67,177615,POINT (1028931.8143046284 215115.26618027306),ROOSEVELT AVENUE BRIDGE,Flushing Line,Flushing Line,EB,2021-03-06 08:15:00,89.0,72.0,49.0,25.0,76.0,8,5,87.0
32970,Queens,2021,3,6,8,30,79,177615,POINT (1028931.8143046284 215115.26618027306),ROOSEVELT AVENUE BRIDGE,Flushing Line,Flushing Line,WB,2021-03-06 08:30:00,64.0,63.0,59.0,31.0,90.0,8,5,98.0
32970,Brooklyn,2021,3,6,8,30,183,191114,POINT (988207.4245194928 151130.52481856258),CROPSEY AVENUE BRIDGE,Coney Island Creek Shoreline,Dead end,NB,2021-03-06 08:30:00,178.0,159.0,125.0,77.0,194.0,8,5,225.0
32970,Brooklyn,2021,3,6,8,30,170,157501,POINT (988148.6889210109 151103.24158873298),CROPSEY AVENUE BRIDGE,Cropsey Avenue,Dead end,SB,2021-03-06 08:30:00,153.0,162.0,127.0,89.0,176.0,8,5,256.0
32970,Queens,2021,3,6,8,30,76,177615,POINT (1028931.8143046284 215115.26618027306),ROOSEVELT AVENUE BRIDGE,Flushing Line,Flushing Line,EB,2021-03-06 08:30:00,67.0,89.0,63.0,40.0,119.0,8,5,83.0
32970,Brooklyn,2021,3,6,8,45,176,157501,POINT (988148.6889210109 151103.24158873298),CROPSEY AVENUE BRIDGE,Cropsey Avenue,Dead end,SB,2021-03-06 08:45:00,170.0,153.0,160.0,119.0,155.0,8,5,271.0
32970,Queens,2021,3,6,8,45,119,177615,POINT (1028931.8143046284 215115.26618027306),ROOSEVELT AVENUE BRIDGE,Flushing Line,Flushing Line,EB,2021-03-06 08:45:00,76.0,67.0,72.0,53.0,90.0,8,5,106.0
32970,Queens,2021,3,6,8,45,90,177615,POINT (1028931.8143046284 215115.26618027306),ROOSEVELT AVENUE BRIDGE,Flushing Line,Flushing Line,WB,2021-03-06 08:45:00,79.0,64.0,69.0,41.0,73.0,8,5,99.0
32970,Brooklyn,2021,3,6,8,45,194,191114,POINT (988207.4245194928 151130.52481856258),CROPSEY AVENUE BRIDGE,Coney Island Creek Shoreline,Dead end,NB,2021-03-06 08:45:00,183.0,178.0,125.0,89.0,186.0,8,5,254.0
32970,Brooklyn,2021,3,6,9,0,155,157501,POINT (988148.6889210109 151103.24158873298),CROPSEY AVENUE BRIDGE,Cropsey Avenue,Dead end,SB,2021-03-06 09:00:00,176.0,170.0,162.0,107.0,163.0,9,5,242.0
32970,Queens,2021,3,6,9,0,90,177615,POINT (1028931.8143046284 215115.26618027306),ROOSEVELT AVENUE BRIDGE,Flushing Line,Flushing Line,EB,2021-03-06 09:00:00,119.0,76.0,89.0,46.0,112.0,9,5,100.0
32970,Queens,2021,3,6,9,0,73,177615,POINT (1028931.8143046284 215115.26618027306),ROOSEVELT AVENUE BRIDGE,Flushing Line,Flushing Line,WB,2021-03-06 09:00:00,90.0,79.0,63.0,41.0,84.0,9,5,88.0
32970,Brooklyn,2021,3,6,9,0,186,191114,POINT (988207.4245194928 151130.52481856258),CROPSEY AVENUE BRIDGE,Coney Island Creek Shoreline,Dead end,NB,2021-03-06 09:00:00,194.0,183.0,159.0,109.0,201.0,9,5,224.0
32970,Brooklyn,2021,3,6,9,15,163,157501,POINT (988148.6889210109 151103.24158873298),CROPSEY AVENUE BRIDGE,Cropsey Avenue,Dead end,SB,2021-03-06 09:15:00,155.0,176.0,153.0,115.0,175.0,9,5,199.0
32970,Queens,2021,3,6,9,15,112,177615,POINT (1028931.8143046284 215115.26618027306),ROOSEVELT AVENUE BRIDGE,Flushing Line,Flushing Line,EB,2021-03-06 09:15:00,90.0,119.0,67.0,49.0,121.0,9,5,93.0
32970,Queens,2021,3,6,9,15,84,177615,POINT (1028931.8143046284 215115.26618027306),ROOSEVELT AVENUE BRIDGE,Flushing Line,Flushing Line,WB,2021-03-06 09:15:00,73.0,90.0,64.0,66.0,72.0,9,5,82.0
32970,Brooklyn,2021,3,6,9,15,201,191114,POINT (988207.4245194928 151130.52481856258),CROPSEY AVENUE BRIDGE,Coney Island Creek Shoreline,Dead end,NB,2021-03-06 09:15:00,186.0,194.0,178.0,138.0,170.0,9,5,202.0
32970,Brooklyn,2021,3,6,9,30,170,191114,POINT (988207.4245194928 151130.52481856258),CROPSEY AVENUE BRIDGE,Coney Island Creek Shoreline,Dead end,NB,2021-03-06 09:30:00,201.0,186.0,183.0,125.0,192.0,9,5,232.0
32970,Queens,2021,3,6,9,30,72,177615,POINT (1028931.8143046284 215115.26618027306),ROOSEVELT AVENUE BRIDGE,Flushing Line,Flushing Line,WB,2021-03-06 09:30:00,84.0,73.0,79.0,59.0,100.0,9,5,96.0
32970,Brooklyn,2021,3,6,9,30,175,157501,POINT (988148.6889210109 151103.24158873298),CROPSEY AVENUE BRIDGE,Cropsey Avenue,Dead end,SB,2021-03-06 09:30:00,163.0,155.0,170.0,127.0,179.0,9,5,186.0
32970,Queens,2021,3,6,9,30,121,177615,POINT (1028931.8143046284 215115.26618027306),ROOSEVELT AVENUE BRIDGE,Flushing Line,Flushing Line,EB,2021-03-06 09:30:00,112.0,90.0,76.0,63.0,124.0,9,5,118.0
32970,Brooklyn,2021,3,6,9,45,179,157501,POINT (988148.6889210109 151103.24158873298),CROPSEY AVENUE BRIDGE,Cropsey Avenue,Dead end,SB,2021-03-06 09:45:00,175.0,163.0,176.0,160.0,194.0,9,5,179.0
32970,Queens,2021,3,6,9,45,124,177615,POINT (1028931.8143046284 215115.26618027306),ROOSEVELT AVENUE BRIDGE,Flushing Line,Flushing Line,EB,2021-03-06 09:45:00,121.0,112.0,119.0,72.0,108.0,9,5,112.0
32970,Queens,2021,3,6,9,45,100,177615,POINT (1028931.8143046284 215115.26618027306),ROOSEVELT AVENUE BRIDGE,Flushing Line,Flushing Line,WB,2021-03-06 09:45:00,72.0,84.0,90.0,69.0,81.0,9,5,111.0
32970,Brooklyn,2021,3,6,9,45,192,191114,POINT (988207.4245194928 151130.52481856258),CROPSEY AVENUE BRIDGE,Coney Island Creek Shoreline,Dead end,NB,2021-03-06 09:45:00,170.0,201.0,194.0,125.0,187.0,9,5,216.0
32970,Brooklyn,2021,3,6,10,0,194,157501,POINT (988148.6889210109 151103.24158873298),CROPSEY AVENUE BRIDGE,Cropsey Avenue,Dead end,SB,2021-03-06 10:00:00,179.0,175.0,155.0,162.0,202.0,10,5,170.0
32970,Queens,2021,3,6,10,0,108,177615,POINT (1028931.8143046284 215115.26618027306),ROOSEVELT AVENUE BRIDGE,Flushing Line,Flushing Line,EB,2021-03-06 10:00:00,124.0,121.0,90.0,89.0,132.0,10,5,92.0
32970,Queens,2021,3,6,10,0,81,177615,POINT (1028931.8143046284 215115.26618027306),ROOSEVELT AVENUE BRIDGE,Flushing Line,Flushing Line,WB,2021-03-06 10:00:00,100.0,72.0,73.0,63.0,87.0,10,5,96.0
32970,Brooklyn,2021,3,6,10,0,187,191114,POINT (988207.4245194928 151130.52481856258),CROPSEY AVENUE BRIDGE,Coney Island Creek Shoreline,Dead end,NB,2021-03-06 10:00:00,192.0,170.0,186.0,159.0,194.0,10,5,228.0
32970,Brooklyn,2021,3,6,10,15,194,191114,POINT (988207.4245194928 151130.52481856258),CROPSEY AVENUE BRIDGE,Coney Island Creek Shoreline,Dead end,NB,2021-03-06 10:15:00,187.0,192.0,201.0,178.0,208.0,10,5,239.0
32970,Queens,2021,3,6,10,15,87,177615,POINT (1028931.8143046284 215115.26618027306),ROOSEVELT AVENUE BRIDGE,Flushing Line,Flushing Line,WB,2021-03-06 10:15:00,81.0,100.0,84.0,64.0,100.0,10,5,86.0
32970,Brooklyn,2021,3,6,10,15,202,157501,POINT (988148.6889210109 151103.24158873298),CROPSEY AVENUE BRIDGE,Cropsey Avenue,Dead end,SB,2021-03-06 10:15:00,194.0,179.0,163.0,153.0,211.0,10,5,209.0
32970,Queens,2021,3,6,10,15,132,177615,POINT (1028931.8143046284 215115.26618027306),ROOSEVELT AVENUE BRIDGE,Flushing Line,Flushing Line,EB,2021-03-06 10:15:00,108.0,124.0,112.0,67.0,148.0,10,5,106.0
32970,Brooklyn,2021,3,6,10,30,211,157501,POINT (988148.6889210109 151103.24158873298),CROPSEY AVENUE BRIDGE,Cropsey Avenue,Dead end,SB,2021-03-06 10:30:00,202.0,194.0,175.0,170.0,216.0,10,5,173.0
32970,Queens,2021,3,6,10,30,148,177615,POINT (1028931.8143046284 215115.26618027306),ROOSEVELT AVENUE BRIDGE,Flushing Line,Flushing Line,EB,2021-03-06 10:30:00,132.0,108.0,121.0,76.0,119.0,10,5,91.0
32970,Queens,2021,3,6,10,30,100,177615,POINT (1028931.8143046284 215115.26618027306),ROOSEVELT AVENUE BRIDGE,Flushing Line,Flushing Line,WB,2021-03-06 10:30:00,87.0,81.0,72.0,79.0,110.0,10,5,106.0
32970,Brooklyn,2021,3,6,10,30,208,191114,POINT (988207.4245194928 151130.52481856258),CROPSEY AVENUE BRIDGE,Coney Island Creek Shoreline,Dead end,NB,2021-03-06 10:30:00,194.0,187.0,170.0,183.0,249.0,10,5,249.0
32970,Brooklyn,2021,3,6,10,45,216,157501,POINT (988148.6889210109 151103.24158873298),CROPSEY AVENUE BRIDGE,Cropsey Avenue,Dead end,SB,2021-03-06 10:45:00,211.0,202.0,179.0,176.0,199.0,10,5,191.0
32970,Queens,2021,3,6,10,45,119,177615,POINT (1028931.8143046284 215115.26618027306),ROOSEVELT AVENUE BRIDGE,Flushing Line,Flushing Line,EB,2021-03-06 10:45:00,148.0,132.0,124.0,119.0,107.0,10,5,106.0
32970,Queens,2021,3,6,10,45,110,177615,POINT (1028931.8143046284 215115.26618027306),ROOSEVELT AVENUE BRIDGE,Flushing Line,Flushing Line,WB,2021-03-06 10:45:00,100.0,87.0,100.0,90.0,102.0,10,5,84.0
32970,Brooklyn,2021,3,6,10,45,249,191114,POINT (988207.4245194928 151130.52481856258),CROPSEY AVENUE BRIDGE,Coney Island Creek Shoreline,Dead end,NB,2021-03-06 10:45:00,208.0,194.0,192.0,194.0,217.0,10,5,259.0
32970,Queens,2021,3,6,11,0,102,177615,POINT (1028931.8143046284 215115.26618027306),ROOSEVELT AVENUE BRIDGE,Flushing Line,Flushing Line,WB,2021-03-06 11:00:00,110.0,100.0,81.0,73.0,103.0,11,5,79.0
32970,Brooklyn,2021,3,6,11,0,217,191114,POINT (988207.4245194928 151130.52481856258),CROPSEY AVENUE BRIDGE,Coney Island Creek Shoreline,Dead end,NB,2021-03-06 11:00:00,249.0,208.0,187.0,186.0,245.0,11,5,227.0
32970,Queens,2021,3,6,11,0,107,177615,POINT (1028931.8143046284 215115.26618027306),ROOSEVELT AVENUE BRIDGE,Flushing Line,Flushing Line,EB,2021-03-06 11:00:00,119.0,148.0,108.0,90.0,140.0,11,5,115.0
32970,Brooklyn,2021,3,6,11,0,199,157501,POINT (988148.6889210109 151103.24158873298),CROPSEY AVENUE BRIDGE,Cropsey Avenue,Dead end,SB,2021-03-06 11:00:00,216.0,211.0,194.0,155.0,226.0,11,5,184.0
32970,Brooklyn,2021,3,6,11,15,226,157501,POINT (988148.6889210109 151103.24158873298),CROPSEY AVENUE BRIDGE,Cropsey Avenue,Dead end,SB,2021-03-06 11:15:00,199.0,216.0,202.0,163.0,212.0,11,5,174.0
32970,Queens,2021,3,6,11,15,140,177615,POINT (1028931.8143046284 215115.26618027306),ROOSEVELT AVENUE BRIDGE,Flushing Line,Flushing Line,EB,2021-03-06 11:15:00,107.0,119.0,132.0,112.0,127.0,11,5,122.0
32970,Queens,2021,3,6,11,15,103,177615,POINT (1028931.8143046284 215115.26618027306),ROOSEVELT AVENUE BRIDGE,Flushing Line,Flushing Line,WB,2021-03-06 11:15:00,102.0,110.0,87.0,84.0,115.0,11,5,90.0
32970,Brooklyn,2021,3,6,11,15,245,191114,POINT (988207.4245194928 151130.52481856258),CROPSEY AVENUE BRIDGE,Coney Island Creek Shoreline,Dead end,NB,2021-03-06 11:15:00,217.0,249.0,194.0,201.0,237.0,11,5,249.0
32970,Brooklyn,2021,3,6,11,30,212,157501,POINT (988148.6889210109 151103.24158873298),CROPSEY AVENUE BRIDGE,Cropsey Avenue,Dead end,SB,2021-03-06 11:30:00,226.0,199.0,211.0,175.0,263.0,11,5,214.0
32970,Queens,2021,3,6,11,30,127,177615,POINT (1028931.8143046284 215115.26618027306),ROOSEVELT AVENUE BRIDGE,Flushing Line,Flushing Line,EB,2021-03-06 11:30:00,140.0,107.0,148.0,121.0,162.0,11,5,86.0
32970,Queens,2021,3,6,11,30,115,177615,POINT (1028931.8143046284 215115.26618027306),ROOSEVELT AVENUE BRIDGE,Flushing Line,Flushing Line,WB,2021-03-06 11:30:00,103.0,102.0,100.0,72.0,113.0,11,5,86.0
32970,Brooklyn,2021,3,6,11,30,237,191114,POINT (988207.4245194928 151130.52481856258),CROPSEY AVENUE BRIDGE,Coney Island Creek Shoreline,Dead end,NB,2021-03-06 11:30:00,245.0,217.0,208.0,170.0,228.0,11,5,252.0
32970,Brooklyn,2021,3,6,11,45,228,191114,POINT (988207.4245194928 151130.52481856258),CROPSEY AVENUE BRIDGE,Coney Island Creek Shoreline,Dead end,NB,2021-03-06 11:45:00,237.0,245.0,249.0,192.0,245.0,11,5,269.0
32970,Queens,2021,3,6,11,45,113,177615,POINT (1028931.8143046284 215115.26618027306),ROOSEVELT AVENUE BRIDGE,Flushing Line,Flushing Line,WB,2021-03-06 11:45:00,115.0,103.0,110.0,100.0,118.0,11,5,113.0
32970,Brooklyn,2021,3,6,11,45,263,157501,POINT (988148.6889210109 151103.24158873298),CROPSEY AVENUE BRIDGE,Cropsey Avenue,Dead end,SB,2021-03-06 11:45:00,212.0,226.0,216.0,179.0,229.0,11,5,185.0
32970,Queens,2021,3,6,11,45,162,177615,POINT (1028931.8143046284 215115.26618027306),ROOSEVELT AVENUE BRIDGE,Flushing Line,Flushing Line,EB,2021-03-06 11:45:00,127.0,140.0,119.0,124.0,121.0,11,5,121.0
32970,Brooklyn,2021,3,6,12,0,229,157501,POINT (988148.6889210109 151103.24158873298),CROPSEY AVENUE BRIDGE,Cropsey Avenue,Dead end,SB,2021-03-06 12:00:00,263.0,212.0,199.0,194.0,263.0,12,5,215.0
32970,Queens,2021,3,6,12,0,121,177615,POINT (1028931.8143046284 215115.26618027306),ROOSEVELT AVENUE BRIDGE,Flushing Line,Flushing Line,EB,2021-03-06 12:00:00,162.0,127.0,107.0,108.0,136.0,12,5,114.0
32970,Queens,2021,3,6,12,0,118,177615,POINT (1028931.8143046284 215115.26618027306),ROOSEVELT AVENUE BRIDGE,Flushing Line,Flushing Line,WB,2021-03-06 12:00:00,113.0,115.0,102.0,81.0,93.0,12,5,106.0
32970,Brooklyn,2021,3,6,12,0,245,191114,POINT (988207.4245194928 151130.52481856258),CROPSEY AVENUE BRIDGE,Coney Island Creek Shoreline,Dead end,NB,2021-03-06 12:00:00,228.0,237.0,217.0,187.0,230.0,12,5,233.0
32970,Brooklyn,2021,3,6,12,15,263,157501,POINT (988148.6889210109 151103.24158873298),CROPSEY AVENUE BRIDGE,Cropsey Avenue,Dead end,SB,2021-03-06 12:15:00,229.0,263.0,226.0,202.0,249.0,12,5,197.0
32970,Queens,2021,3,6,12,15,136,177615,POINT (1028931.8143046284 215115.26618027306),ROOSEVELT AVENUE BRIDGE,Flushing Line,Flushing Line,EB,2021-03-06 12:15:00,121.0,162.0,140.0,132.0,138.0,12,5,112.0
32970,Queens,2021,3,6,12,15,93,177615,POINT (1028931.8143046284 215115.26618027306),ROOSEVELT AVENUE BRIDGE,Flushing Line,Flushing Line,WB,2021-03-06 12:15:00,118.0,113.0,103.0,87.0,118.0,12,5,102.0
32970,Brooklyn,2021,3,6,12,15,230,191114,POINT (988207.4245194928 151130.52481856258),CROPSEY AVENUE BRIDGE,Coney Island Creek Shoreline,Dead end,NB,2021-03-06 12:15:00,245.0,228.0,245.0,194.0,250.0,12,5,241.0
32970,Brooklyn,2021,3,6,12,30,250,191114,POINT (988207.4245194928 151130.52481856258),CROPSEY AVENUE BRIDGE,Coney Island Creek Shoreline,Dead end,NB,2021-03-06 12:30:00,230.0,245.0,237.0,208.0,258.0,12,5,270.0
32970,Queens,2021,3,6,12,30,118,177615,POINT (1028931.8143046284 215115.26618027306),ROOSEVELT AVENUE BRIDGE,Flushing Line,Flushing Line,WB,2021-03-06 12:30:00,93.0,118.0,115.0,100.0,96.0,12,5,92.0
32970,Brooklyn,2021,3,6,12,30,249,157501,POINT (988148.6889210109 151103.24158873298),CROPSEY AVENUE BRIDGE,Cropsey Avenue,Dead end,SB,2021-03-06 12:30:00,263.0,229.0,212.0,211.0,256.0,12,5,195.0
32970,Queens,2021,3,6,12,30,138,177615,POINT (1028931.8143046284 215115.26618027306),ROOSEVELT AVENUE BRIDGE,Flushing Line,Flushing Line,EB,2021-03-06 12:30:00,136.0,121.0,127.0,148.0,122.0,12,5,103.0
32970,Brooklyn,2021,3,6,12,45,256,157501,POINT (988148.6889210109 151103.24158873298),CROPSEY AVENUE BRIDGE,Cropsey Avenue,Dead end,SB,2021-03-06 12:45:00,249.0,263.0,263.0,216.0,285.0,12,5,197.0
32970,Queens,2021,3,6,12,45,122,177615,POINT (1028931.8143046284 215115.26618027306),ROOSEVELT AVENUE BRIDGE,Flushing Line,Flushing Line,EB,2021-03-06 12:45:00,138.0,136.0,162.0,119.0,106.0,12,5,95.0
32970,Queens,2021,3,6,12,45,96,177615,POINT (1028931.8143046284 215115.26618027306),ROOSEVELT AVENUE BRIDGE,Flushing Line,Flushing Line,WB,2021-03-06 12:45:00,118.0,93.0,113.0,110.0,123.0,12,5,112.0
32970,Brooklyn,2021,3,6,12,45,258,191114,POINT (988207.4245194928 151130.52481856258),CROPSEY AVENUE BRIDGE,Coney Island Creek Shoreline,Dead end,NB,2021-03-06 12:45:00,250.0,230.0,228.0,249.0,260.0,12,5,305.0
32970,Brooklyn,2021,3,6,13,0,285,157501,POINT (988148.6889210109 151103.24158873298),CROPSEY AVENUE BRIDGE,Cropsey Avenue,Dead end,SB,2021-03-06 13:00:00,256.0,249.0,229.0,199.0,269.0,13,5,211.0
32970,Queens,2021,3,6,13,0,106,177615,POINT (1028931.8143046284 215115.26618027306),ROOSEVELT AVENUE BRIDGE,Flushing Line,Flushing Line,EB,2021-03-06 13:00:00,122.0,138.0,121.0,107.0,150.0,13,5,91.0
32970,Queens,2021,3,6,13,0,123,177615,POINT (1028931.8143046284 215115.26618027306),ROOSEVELT AVENUE BRIDGE,Flushing Line,Flushing Line,WB,2021-03-06 13:00:00,96.0,118.0,118.0,102.0,114.0,13,5,115.0
32970,Brooklyn,2021,3,6,13,0,260,191114,POINT (988207.4245194928 151130.52481856258),CROPSEY AVENUE BRIDGE,Coney Island Creek Shoreline,Dead end,NB,2021-03-06 13:00:00,258.0,250.0,245.0,217.0,237.0,13,5,250.0
32970,Queens,2021,3,6,13,15,114,177615,POINT (1028931.8143046284 215115.26618027306),ROOSEVELT AVENUE BRIDGE,Flushing Line,Flushing Line,WB,2021-03-06 13:15:00,123.0,96.0,93.0,103.0,131.0,13,5,108.0
32970,Brooklyn,2021,3,6,13,15,237,191114,POINT (988207.4245194928 151130.52481856258),CROPSEY AVENUE BRIDGE,Coney Island Creek Shoreline,Dead end,NB,2021-03-06 13:15:00,260.0,258.0,230.0,245.0,246.0,13,5,238.0
32970,Queens,2021,3,6,13,15,150,177615,POINT (1028931.8143046284 215115.26618027306),ROOSEVELT AVENUE BRIDGE,Flushing Line,Flushing Line,EB,2021-03-06 13:15:00,106.0,122.0,136.0,140.0,120.0,13,5,109.0
32970,Brooklyn,2021,3,6,13,15,269,157501,POINT (988148.6889210109 151103.24158873298),CROPSEY AVENUE BRIDGE,Cropsey Avenue,Dead end,SB,2021-03-06 13:15:00,285.0,256.0,263.0,226.0,259.0,13,5,230.0
32970,Brooklyn,2021,3,6,13,30,259,157501,POINT (988148.6889210109 151103.24158873298),CROPSEY AVENUE BRIDGE,Cropsey Avenue,Dead end,SB,2021-03-06 13:30:00,269.0,285.0,249.0,212.0,264.0,13,5,208.0
32970,Queens,2021,3,6,13,30,120,177615,POINT (1028931.8143046284 215115.26618027306),ROOSEVELT AVENUE BRIDGE,Flushing Line,Flushing Line,EB,2021-03-06 13:30:00,150.0,106.0,138.0,127.0,138.0,13,5,102.0
32970,Queens,2021,3,6,13,30,131,177615,POINT (1028931.8143046284 215115.26618027306),ROOSEVELT AVENUE BRIDGE,Flushing Line,Flushing Line,WB,2021-03-06 13:30:00,114.0,123.0,118.0,115.0,134.0,13,5,98.0
32970,Brooklyn,2021,3,6,13,30,246,191114,POINT (988207.4245194928 151130.52481856258),CROPSEY AVENUE BRIDGE,Coney Island Creek Shoreline,Dead end,NB,2021-03-06 13:30:00,237.0,260.0,250.0,237.0,263.0,13,5,269.0
32970,Brooklyn,2021,3,6,13,45,263,191114,POINT (988207.4245194928 151130.52481856258),CROPSEY AVENUE BRIDGE,Coney Island Creek Shoreline,Dead end,NB,2021-03-06 13:45:00,246.0,237.0,258.0,228.0,231.0,13,5,248.0
32970,Brooklyn,2021,3,6,13,45,264,157501,POINT (988148.6889210109 151103.24158873298),CROPSEY AVENUE BRIDGE,Cropsey Avenue,Dead end,SB,2021-03-06 13:45:00,259.0,269.0,256.0,263.0,248.0,13,5,267.0
32970,Queens,2021,3,6,13,45,138,177615,POINT (1028931.8143046284 215115.26618027306),ROOSEVELT AVENUE BRIDGE,Flushing Line,Flushing Line,EB,2021-03-06 13:45:00,120.0,150.0,122.0,162.0,116.0,13,5,110.0
32970,Queens,2021,3,6,13,45,134,177615,POINT (1028931.8143046284 215115.26618027306),ROOSEVELT AVENUE BRIDGE,Flushing Line,Flushing Line,WB,2021-03-06 13:45:00,131.0,114.0,96.0,113.0,145.0,13,5,90.0
32970,Brooklyn,2021,3,6,14,0,248,157501,POINT (988148.6889210109 151103.24158873298),CROPSEY AVENUE BRIDGE,Cropsey Avenue,Dead end,SB,2021-03-06 14:00:00,264.0,259.0,285.0,229.0,291.0,14,5,281.0
32970,Queens,2021,3,6,14,0,116,177615,POINT (1028931.8143046284 215115.26618027306),ROOSEVELT AVENUE BRIDGE,Flushing Line,Flushing Line,EB,2021-03-06 14:00:00,138.0,120.0,106.0,121.0,146.0,14,5,110.0
32970,Queens,2021,3,6,14,0,145,177615,POINT (1028931.8143046284 215115.26618027306),ROOSEVELT AVENUE BRIDGE,Flushing Line,Flushing Line,WB,2021-03-06 14:00:00,134.0,131.0,123.0,118.0,116.0,14,5,100.0
32970,Brooklyn,2021,3,6,14,0,231,191114,POINT (988207.4245194928 151130.52481856258),CROPSEY AVENUE BRIDGE,Coney Island Creek Shoreline,Dead end,NB,2021-03-06 14:00:00,263.0,246.0,260.0,245.0,261.0,14,5,295.0
32970,Queens,2021,3,6,14,15,116,177615,POINT (1028931.8143046284 215115.26618027306),ROOSEVELT AVENUE BRIDGE,Flushing Line,Flushing Line,WB,2021-03-06 14:15:00,145.0,134.0,114.0,93.0,130.0,14,5,96.0
32970,Brooklyn,2021,3,6,14,15,261,191114,POINT (988207.4245194928 151130.52481856258),CROPSEY AVENUE BRIDGE,Coney Island Creek Shoreline,Dead end,NB,2021-03-06 14:15:00,231.0,263.0,237.0,230.0,248.0,14,5,323.0
32970,Brooklyn,2021,3,6,14,15,291,157501,POINT (988148.6889210109 151103.24158873298),CROPSEY AVENUE BRIDGE,Cropsey Avenue,Dead end,SB,2021-03-06 14:15:00,248.0,264.0,269.0,263.0,307.0,14,5,258.0
32970,Queens,2021,3,6,14,15,146,177615,POINT (1028931.8143046284 215115.26618027306),ROOSEVELT AVENUE BRIDGE,Flushing Line,Flushing Line,EB,2021-03-06 14:15:00,116.0,138.0,150.0,136.0,145.0,14,5,134.0
32970,Queens,2021,3,6,14,30,130,177615,POINT (1028931.8143046284 215115.26618027306),ROOSEVELT AVENUE BRIDGE,Flushing Line,Flushing Line,WB,2021-03-06 14:30:00,116.0,145.0,131.0,118.0,112.0,14,5,82.0
32970,Brooklyn,2021,3,6,14,30,248,191114,POINT (988207.4245194928 151130.52481856258),CROPSEY AVENUE BRIDGE,Coney Island Creek Shoreline,Dead end,NB,2021-03-06 14:30:00,261.0,231.0,246.0,250.0,228.0,14,5,322.0
32970,Brooklyn,2021,3,6,14,30,307,157501,POINT (988148.6889210109 151103.24158873298),CROPSEY AVENUE BRIDGE,Cropsey Avenue,Dead end,SB,2021-03-06 14:30:00,291.0,248.0,259.0,249.0,312.0,14,5,251.0
32970,Queens,2021,3,6,14,30,145,177615,POINT (1028931.8143046284 215115.26618027306),ROOSEVELT AVENUE BRIDGE,Flushing Line,Flushing Line,EB,2021-03-06 14:30:00,146.0,116.0,120.0,138.0,128.0,14,5,143.0
32970,Queens,2021,3,6,14,45,112,177615,POINT (1028931.8143046284 215115.26618027306),ROOSEVELT AVENUE BRIDGE,Flushing Line,Flushing Line,WB,2021-03-06 14:45:00,130.0,116.0,134.0,96.0,129.0,14,5,117.0
32970,Brooklyn,2021,3,6,14,45,228,191114,POINT (988207.4245194928 151130.52481856258),CROPSEY AVENUE BRIDGE,Coney Island Creek Shoreline,Dead end,NB,2021-03-06 14:45:00,248.0,261.0,263.0,258.0,265.0,14,5,298.0
32970,Brooklyn,2021,3,6,14,45,312,157501,POINT (988148.6889210109 151103.24158873298),CROPSEY AVENUE BRIDGE,Cropsey Avenue,Dead end,SB,2021-03-06 14:45:00,307.0,291.0,264.0,256.0,247.0,14,5,250.0
32970,Queens,2021,3,6,14,45,128,177615,POINT (1028931.8143046284 215115.26618027306),ROOSEVELT AVENUE BRIDGE,Flushing Line,Flushing Line,EB,2021-03-06 14:45:00,145.0,146.0,138.0,122.0,124.0,14,5,133.0
32970,Brooklyn,2021,3,6,15,0,265,191114,POINT (988207.4245194928 151130.52481856258),CROPSEY AVENUE BRIDGE,Coney Island Creek Shoreline,Dead end,NB,2021-03-06 15:00:00,228.0,248.0,231.0,260.0,270.0,15,5,290.0
32970,Queens,2021,3,6,15,0,129,177615,POINT (1028931.8143046284 215115.26618027306),ROOSEVELT AVENUE BRIDGE,Flushing Line,Flushing Line,WB,2021-03-06 15:00:00,112.0,130.0,145.0,123.0,129.0,15,5,110.0
32970,Brooklyn,2021,3,6,15,0,247,157501,POINT (988148.6889210109 151103.24158873298),CROPSEY AVENUE BRIDGE,Cropsey Avenue,Dead end,SB,2021-03-06 15:00:00,312.0,307.0,248.0,285.0,287.0,15,5,274.0
32970,Queens,2021,3,6,15,0,124,177615,POINT (1028931.8143046284 215115.26618027306),ROOSEVELT AVENUE BRIDGE,Flushing Line,Flushing Line,EB,2021-03-06 15:00:00,128.0,145.0,116.0,106.0,98.0,15,5,131.0
32970,Brooklyn,2021,3,6,15,15,287,157501,POINT (988148.6889210109 151103.24158873298),CROPSEY AVENUE BRIDGE,Cropsey Avenue,Dead end,SB,2021-03-06 15:15:00,247.0,312.0,291.0,269.0,320.0,15,5,265.0
32970,Queens,2021,3,6,15,15,98,177615,POINT (1028931.8143046284 215115.26618027306),ROOSEVELT AVENUE BRIDGE,Flushing Line,Flushing Line,EB,2021-03-06 15:15:00,124.0,128.0,146.0,150.0,117.0,15,5,110.0
32970,Queens,2021,3,6,15,15,129,177615,POINT (1028931.8143046284 215115.26618027306),ROOSEVELT AVENUE BRIDGE,Flushing Line,Flushing Line,WB,2021-03-06 15:15:00,129.0,112.0,116.0,114.0,143.0,15,5,93.0
32970,Brooklyn,2021,3,6,15,15,270,191114,POINT (988207.4245194928 151130.52481856258),CROPSEY AVENUE BRIDGE,Coney Island Creek Shoreline,Dead end,NB,2021-03-06 15:15:00,265.0,228.0,261.0,237.0,224.0,15,5,289.0
32970,Brooklyn,2021,3,6,15,30,320,157501,POINT (988148.6889210109 151103.24158873298),CROPSEY AVENUE BRIDGE,Cropsey Avenue,Dead end,SB,2021-03-06 15:30:00,287.0,247.0,307.0,259.0,307.0,15,5,239.0
32970,Queens,2021,3,6,15,30,117,177615,POINT (1028931.8143046284 215115.26618027306),ROOSEVELT AVENUE BRIDGE,Flushing Line,Flushing Line,EB,2021-03-06 15:30:00,98.0,124.0,145.0,120.0,131.0,15,5,136.0
32970,Queens,2021,3,6,15,30,143,177615,POINT (1028931.8143046284 215115.26618027306),ROOSEVELT AVENUE BRIDGE,Flushing Line,Flushing Line,WB,2021-03-06 15:30:00,129.0,129.0,130.0,131.0,133.0,15,5,90.0
32970,Brooklyn,2021,3,6,15,30,224,191114,POINT (988207.4245194928 151130.52481856258),CROPSEY AVENUE BRIDGE,Coney Island Creek Shoreline,Dead end,NB,2021-03-06 15:30:00,270.0,265.0,248.0,246.0,226.0,15,5,292.0
32970,Queens,2021,3,6,15,45,131,177615,POINT (1028931.8143046284 215115.26618027306),ROOSEVELT AVENUE BRIDGE,Flushing Line,Flushing Line,EB,2021-03-06 15:45:00,117.0,98.0,128.0,138.0,114.0,15,5,152.0
32970,Brooklyn,2021,3,6,15,45,307,157501,POINT (988148.6889210109 151103.24158873298),CROPSEY AVENUE BRIDGE,Cropsey Avenue,Dead end,SB,2021-03-06 15:45:00,320.0,287.0,312.0,264.0,250.0,15,5,214.0
32970,Queens,2021,3,6,15,45,133,177615,POINT (1028931.8143046284 215115.26618027306),ROOSEVELT AVENUE BRIDGE,Flushing Line,Flushing Line,WB,2021-03-06 15:45:00,143.0,129.0,112.0,134.0,123.0,15,5,117.0
32970,Brooklyn,2021,3,6,15,45,226,191114,POINT (988207.4245194928 151130.52481856258),CROPSEY AVENUE BRIDGE,Coney Island Creek Shoreline,Dead end,NB,2021-03-06 15:45:00,224.0,270.0,228.0,263.0,242.0,15,5,273.0
32970,Brooklyn,2021,3,6,16,0,242,191114,POINT (988207.4245194928 151130.52481856258),CROPSEY AVENUE BRIDGE,Coney Island Creek Shoreline,Dead end,NB,2021-03-06 16:00:00,226.0,224.0,265.0,231.0,240.0,16,5,256.0
32970,Queens,2021,3,6,16,0,123,177615,POINT (1028931.8143046284 215115.26618027306),ROOSEVELT AVENUE BRIDGE,Flushing Line,Flushing Line,WB,2021-03-06 16:00:00,133.0,143.0,129.0,145.0,124.0,16,5,77.0
32970,Brooklyn,2021,3,6,16,0,250,157501,POINT (988148.6889210109 151103.24158873298),CROPSEY AVENUE BRIDGE,Cropsey Avenue,Dead end,SB,2021-03-06 16:00:00,307.0,320.0,247.0,248.0,278.0,16,5,310.0
32970,Queens,2021,3,6,16,0,114,177615,POINT (1028931.8143046284 215115.26618027306),ROOSEVELT AVENUE BRIDGE,Flushing Line,Flushing Line,EB,2021-03-06 16:00:00,131.0,117.0,124.0,116.0,145.0,16,5,143.0
32970,Brooklyn,2021,3,6,16,15,240,191114,POINT (988207.4245194928 151130.52481856258),CROPSEY AVENUE BRIDGE,Coney Island Creek Shoreline,Dead end,NB,2021-03-06 16:15:00,242.0,226.0,270.0,261.0,244.0,16,5,292.0
32970,Brooklyn,2021,3,6,16,15,278,157501,POINT (988148.6889210109 151103.24158873298),CROPSEY AVENUE BRIDGE,Cropsey Avenue,Dead end,SB,2021-03-06 16:15:00,250.0,307.0,287.0,291.0,261.0,16,5,264.0
32970,Queens,2021,3,6,16,15,145,177615,POINT (1028931.8143046284 215115.26618027306),ROOSEVELT AVENUE BRIDGE,Flushing Line,Flushing Line,EB,2021-03-06 16:15:00,114.0,131.0,98.0,146.0,142.0,16,5,129.0
32970,Queens,2021,3,6,16,15,124,177615,POINT (1028931.8143046284 215115.26618027306),ROOSEVELT AVENUE BRIDGE,Flushing Line,Flushing Line,WB,2021-03-06 16:15:00,123.0,133.0,129.0,116.0,121.0,16,5,103.0
32970,Brooklyn,2021,3,6,16,30,244,191114,POINT (988207.4245194928 151130.52481856258),CROPSEY AVENUE BRIDGE,Coney Island Creek Shoreline,Dead end,NB,2021-03-06 16:30:00,240.0,242.0,224.0,248.0,251.0,16,5,249.0
32970,Queens,2021,3,6,16,30,121,177615,POINT (1028931.8143046284 215115.26618027306),ROOSEVELT AVENUE BRIDGE,Flushing Line,Flushing Line,WB,2021-03-06 16:30:00,124.0,123.0,143.0,130.0,125.0,16,5,101.0
32970,Brooklyn,2021,3,6,16,30,261,157501,POINT (988148.6889210109 151103.24158873298),CROPSEY AVENUE BRIDGE,Cropsey Avenue,Dead end,SB,2021-03-06 16:30:00,278.0,250.0,320.0,307.0,256.0,16,5,282.0
32970,Queens,2021,3,6,16,30,142,177615,POINT (1028931.8143046284 215115.26618027306),ROOSEVELT AVENUE BRIDGE,Flushing Line,Flushing Line,EB,2021-03-06 16:30:00,145.0,114.0,117.0,145.0,139.0,16,5,136.0
32970,Brooklyn,2021,3,6,16,45,251,191114,POINT (988207.4245194928 151130.52481856258),CROPSEY AVENUE BRIDGE,Coney Island Creek Shoreline,Dead end,NB,2021-03-06 16:45:00,244.0,240.0,226.0,228.0,222.0,16,5,280.0
32970,Queens,2021,3,6,16,45,125,177615,POINT (1028931.8143046284 215115.26618027306),ROOSEVELT AVENUE BRIDGE,Flushing Line,Flushing Line,WB,2021-03-06 16:45:00,121.0,124.0,133.0,112.0,118.0,16,5,98.0
32970,Brooklyn,2021,3,6,16,45,256,157501,POINT (988148.6889210109 151103.24158873298),CROPSEY AVENUE BRIDGE,Cropsey Avenue,Dead end,SB,2021-03-06 16:45:00,261.0,278.0,307.0,312.0,242.0,16,5,271.0
32970,Queens,2021,3,6,16,45,139,177615,POINT (1028931.8143046284 215115.26618027306),ROOSEVELT AVENUE BRIDGE,Flushing Line,Flushing Line,EB,2021-03-06 16:45:00,142.0,145.0,131.0,128.0,139.0,16,5,146.0
32970,Brooklyn,2021,3,6,17,0,242,157501,POINT (988148.6889210109 151103.24158873298),CROPSEY AVENUE BRIDGE,Cropsey Avenue,Dead end,SB,2021-03-06 17:00:00,256.0,261.0,250.0,247.0,236.0,17,5,270.0
32970,Queens,2021,3,6,17,0,139,177615,POINT (1028931.8143046284 215115.26618027306),ROOSEVELT AVENUE BRIDGE,Flushing Line,Flushing Line,EB,2021-03-06 17:00:00,139.0,142.0,114.0,124.0,135.0,17,5,150.0
32970,Queens,2021,3,6,17,0,118,177615,POINT (1028931.8143046284 215115.26618027306),ROOSEVELT AVENUE BRIDGE,Flushing Line,Flushing Line,WB,2021-03-06 17:00:00,125.0,121.0,123.0,129.0,139.0,17,5,108.0
32970,Brooklyn,2021,3,6,17,0,222,191114,POINT (988207.4245194928 151130.52481856258),CROPSEY AVENUE BRIDGE,Coney Island Creek Shoreline,Dead end,NB,2021-03-06 17:00:00,251.0,244.0,242.0,265.0,230.0,17,5,269.0
32970,Brooklyn,2021,3,6,17,15,230,191114,POINT (988207.4245194928 151130.52481856258),CROPSEY AVENUE BRIDGE,Coney Island Creek Shoreline,Dead end,NB,2021-03-06 17:15:00,222.0,251.0,240.0,270.0,198.0,17,5,259.0
32970,Brooklyn,2021,3,6,17,15,236,157501,POINT (988148.6889210109 151103.24158873298),CROPSEY AVENUE BRIDGE,Cropsey Avenue,Dead end,SB,2021-03-06 17:15:00,242.0,256.0,278.0,287.0,222.0,17,5,254.0
32970,Queens,2021,3,6,17,15,135,177615,POINT (1028931.8143046284 215115.26618027306),ROOSEVELT AVENUE BRIDGE,Flushing Line,Flushing Line,EB,2021-03-06 17:15:00,139.0,139.0,145.0,98.0,110.0,17,5,155.0
32970,Queens,2021,3,6,17,15,139,177615,POINT (1028931.8143046284 215115.26618027306),ROOSEVELT AVENUE BRIDGE,Flushing Line,Flushing Line,WB,2021-03-06 17:15:00,118.0,125.0,124.0,129.0,138.0,17,5,113.0
32970,Brooklyn,2021,3,6,17,30,198,191114,POINT (988207.4245194928 151130.52481856258),CROPSEY AVENUE BRIDGE,Coney Island Creek Shoreline,Dead end,NB,2021-03-06 17:30:00,230.0,222.0,244.0,224.0,190.0,17,5,264.0
32970,Queens,2021,3,6,17,30,138,177615,POINT (1028931.8143046284 215115.26618027306),ROOSEVELT AVENUE BRIDGE,Flushing Line,Flushing Line,WB,2021-03-06 17:30:00,139.0,118.0,121.0,143.0,105.0,17,5,138.0
32970,Brooklyn,2021,3,6,17,30,222,157501,POINT (988148.6889210109 151103.24158873298),CROPSEY AVENUE BRIDGE,Cropsey Avenue,Dead end,SB,2021-03-06 17:30:00,236.0,242.0,261.0,320.0,226.0,17,5,269.0
32970,Queens,2021,3,6,17,30,110,177615,POINT (1028931.8143046284 215115.26618027306),ROOSEVELT AVENUE BRIDGE,Flushing Line,Flushing Line,EB,2021-03-06 17:30:00,135.0,139.0,142.0,117.0,129.0,17,5,134.0
32970,Queens,2021,3,6,17,45,105,177615,POINT (1028931.8143046284 215115.26618027306),ROOSEVELT AVENUE BRIDGE,Flushing Line,Flushing Line,WB,2021-03-06 17:45:00,138.0,139.0,125.0,133.0,126.0,17,5,110.0
32970,Brooklyn,2021,3,6,17,45,226,157501,POINT (988148.6889210109 151103.24158873298),CROPSEY AVENUE BRIDGE,Cropsey Avenue,Dead end,SB,2021-03-06 17:45:00,222.0,236.0,256.0,307.0,248.0,17,5,243.0
32970,Queens,2021,3,6,17,45,129,177615,POINT (1028931.8143046284 215115.26618027306),ROOSEVELT AVENUE BRIDGE,Flushing Line,Flushing Line,EB,2021-03-06 17:45:00,110.0,135.0,139.0,131.0,110.0,17,5,163.0
32970,Brooklyn,2021,3,6,17,45,190,191114,POINT (988207.4245194928 151130.52481856258),CROPSEY AVENUE BRIDGE,Coney Island Creek Shoreline,Dead end,NB,2021-03-06 17:45:00,198.0,230.0,251.0,226.0,204.0,17,5,282.0
32970,Brooklyn,2021,3,6,18,0,204,191114,POINT (988207.4245194928 151130.52481856258),CROPSEY AVENUE BRIDGE,Coney Island Creek Shoreline,Dead end,NB,2021-03-06 18:00:00,190.0,198.0,222.0,242.0,230.0,18,5,232.0
32970,Queens,2021,3,6,18,0,126,177615,POINT (1028931.8143046284 215115.26618027306),ROOSEVELT AVENUE BRIDGE,Flushing Line,Flushing Line,WB,2021-03-06 18:00:00,105.0,138.0,118.0,123.0,106.0,18,5,115.0
32970,Queens,2021,3,6,18,0,110,177615,POINT (1028931.8143046284 215115.26618027306),ROOSEVELT AVENUE BRIDGE,Flushing Line,Flushing Line,EB,2021-03-06 18:00:00,129.0,110.0,139.0,114.0,101.0,18,5,178.0
32970,Brooklyn,2021,3,6,18,0,248,157501,POINT (988148.6889210109 151103.24158873298),CROPSEY AVENUE BRIDGE,Cropsey Avenue,Dead end,SB,2021-03-06 18:00:00,226.0,222.0,242.0,250.0,215.0,18,5,267.0
32970,Brooklyn,2021,3,6,18,15,230,191114,POINT (988207.4245194928 151130.52481856258),CROPSEY AVENUE BRIDGE,Coney Island Creek Shoreline,Dead end,NB,2021-03-06 18:15:00,204.0,190.0,230.0,240.0,179.0,18,5,236.0
32970,Queens,2021,3,6,18,15,106,177615,POINT (1028931.8143046284 215115.26618027306),ROOSEVELT AVENUE BRIDGE,Flushing Line,Flushing Line,WB,2021-03-06 18:15:00,126.0,105.0,139.0,124.0,108.0,18,5,100.0
32970,Brooklyn,2021,3,6,18,15,215,157501,POINT (988148.6889210109 151103.24158873298),CROPSEY AVENUE BRIDGE,Cropsey Avenue,Dead end,SB,2021-03-06 18:15:00,248.0,226.0,236.0,278.0,246.0,18,5,215.0
32970,Queens,2021,3,6,18,15,101,177615,POINT (1028931.8143046284 215115.26618027306),ROOSEVELT AVENUE BRIDGE,Flushing Line,Flushing Line,EB,2021-03-06 18:15:00,110.0,129.0,135.0,145.0,123.0,18,5,147.0
32970,Brooklyn,2021,3,6,18,30,246,157501,POINT (988148.6889210109 151103.24158873298),CROPSEY AVENUE BRIDGE,Cropsey Avenue,Dead end,SB,2021-03-06 18:30:00,215.0,248.0,222.0,261.0,230.0,18,5,222.0
32970,Queens,2021,3,6,18,30,123,177615,POINT (1028931.8143046284 215115.26618027306),ROOSEVELT AVENUE BRIDGE,Flushing Line,Flushing Line,EB,2021-03-06 18:30:00,101.0,110.0,110.0,142.0,116.0,18,5,146.0
32970,Queens,2021,3,6,18,30,108,177615,POINT (1028931.8143046284 215115.26618027306),ROOSEVELT AVENUE BRIDGE,Flushing Line,Flushing Line,WB,2021-03-06 18:30:00,106.0,126.0,138.0,121.0,104.0,18,5,102.0
32970,Brooklyn,2021,3,6,18,30,179,191114,POINT (988207.4245194928 151130.52481856258),CROPSEY AVENUE BRIDGE,Coney Island Creek Shoreline,Dead end,NB,2021-03-06 18:30:00,230.0,204.0,198.0,244.0,193.0,18,5,247.0
32970,Brooklyn,2021,3,6,18,45,230,157501,POINT (988148.6889210109 151103.24158873298),CROPSEY AVENUE BRIDGE,Cropsey Avenue,Dead end,SB,2021-03-06 18:45:00,246.0,215.0,226.0,256.0,228.0,18,5,237.0
32970,Queens,2021,3,6,18,45,116,177615,POINT (1028931.8143046284 215115.26618027306),ROOSEVELT AVENUE BRIDGE,Flushing Line,Flushing Line,EB,2021-03-06 18:45:00,123.0,101.0,129.0,139.0,109.0,18,5,141.0
32970,Queens,2021,3,6,18,45,104,177615,POINT (1028931.8143046284 215115.26618027306),ROOSEVELT AVENUE BRIDGE,Flushing Line,Flushing Line,WB,2021-03-06 18:45:00,108.0,106.0,105.0,125.0,99.0,18,5,91.0
32970,Brooklyn,2021,3,6,18,45,193,191114,POINT (988207.4245194928 151130.52481856258),CROPSEY AVENUE BRIDGE,Coney Island Creek Shoreline,Dead end,NB,2021-03-06 18:45:00,179.0,230.0,190.0,251.0,179.0,18,5,227.0
32970,Brooklyn,2021,3,6,19,0,179,191114,POINT (988207.4245194928 151130.52481856258),CROPSEY AVENUE BRIDGE,Coney Island Creek Shoreline,Dead end,NB,2021-03-06 19:00:00,193.0,179.0,204.0,222.0,185.0,19,5,224.0
32970,Queens,2021,3,6,19,0,99,177615,POINT (1028931.8143046284 215115.26618027306),ROOSEVELT AVENUE BRIDGE,Flushing Line,Flushing Line,WB,2021-03-06 19:00:00,104.0,108.0,126.0,118.0,101.0,19,5,100.0
32970,Brooklyn,2021,3,6,19,0,228,157501,POINT (988148.6889210109 151103.24158873298),CROPSEY AVENUE BRIDGE,Cropsey Avenue,Dead end,SB,2021-03-06 19:00:00,230.0,246.0,248.0,242.0,207.0,19,5,234.0
32970,Queens,2021,3,6,19,0,109,177615,POINT (1028931.8143046284 215115.26618027306),ROOSEVELT AVENUE BRIDGE,Flushing Line,Flushing Line,EB,2021-03-06 19:00:00,116.0,123.0,110.0,139.0,105.0,19,5,133.0
32970,Brooklyn,2021,3,6,19,15,207,157501,POINT (988148.6889210109 151103.24158873298),CROPSEY AVENUE BRIDGE,Cropsey Avenue,Dead end,SB,2021-03-06 19:15:00,228.0,230.0,215.0,236.0,230.0,19,5,234.0
32970,Queens,2021,3,6,19,15,105,177615,POINT (1028931.8143046284 215115.26618027306),ROOSEVELT AVENUE BRIDGE,Flushing Line,Flushing Line,EB,2021-03-06 19:15:00,109.0,116.0,101.0,135.0,97.0,19,5,116.0
32970,Queens,2021,3,6,19,15,101,177615,POINT (1028931.8143046284 215115.26618027306),ROOSEVELT AVENUE BRIDGE,Flushing Line,Flushing Line,WB,2021-03-06 19:15:00,99.0,104.0,106.0,139.0,104.0,19,5,89.0
32970,Brooklyn,2021,3,6,19,15,185,191114,POINT (988207.4245194928 151130.52481856258),CROPSEY AVENUE BRIDGE,Coney Island Creek Shoreline,Dead end,NB,2021-03-06 19:15:00,179.0,193.0,230.0,230.0,192.0,19,5,183.0
32970,Brooklyn,2021,3,6,19,30,230,157501,POINT (988148.6889210109 151103.24158873298),CROPSEY AVENUE BRIDGE,Cropsey Avenue,Dead end,SB,2021-03-06 19:30:00,207.0,228.0,246.0,222.0,189.0,19,5,230.0
32970,Queens,2021,3,6,19,30,97,177615,POINT (1028931.8143046284 215115.26618027306),ROOSEVELT AVENUE BRIDGE,Flushing Line,Flushing Line,EB,2021-03-06 19:30:00,105.0,109.0,123.0,110.0,80.0,19,5,91.0
32970,Queens,2021,3,6,19,30,104,177615,POINT (1028931.8143046284 215115.26618027306),ROOSEVELT AVENUE BRIDGE,Flushing Line,Flushing Line,WB,2021-03-06 19:30:00,101.0,99.0,108.0,138.0,96.0,19,5,71.0
32970,Brooklyn,2021,3,6,19,30,192,191114,POINT (988207.4245194928 151130.52481856258),CROPSEY AVENUE BRIDGE,Coney Island Creek Shoreline,Dead end,NB,2021-03-06 19:30:00,185.0,179.0,179.0,198.0,162.0,19,5,197.0
32970,Brooklyn,2021,3,6,19,45,162,191114,POINT (988207.4245194928 151130.52481856258),CROPSEY AVENUE BRIDGE,Coney Island Creek Shoreline,Dead end,NB,2021-03-06 19:45:00,192.0,185.0,193.0,190.0,151.0,19,5,184.0
32970,Queens,2021,3,6,19,45,96,177615,POINT (1028931.8143046284 215115.26618027306),ROOSEVELT AVENUE BRIDGE,Flushing Line,Flushing Line,WB,2021-03-06 19:45:00,104.0,101.0,104.0,105.0,78.0,19,5,91.0
32970,Queens,2021,3,6,19,45,80,177615,POINT (1028931.8143046284 215115.26618027306),ROOSEVELT AVENUE BRIDGE,Flushing Line,Flushing Line,EB,2021-03-06 19:45:00,97.0,105.0,116.0,129.0,78.0,19,5,90.0
32970,Brooklyn,2021,3,6,19,45,189,157501,POINT (988148.6889210109 151103.24158873298),CROPSEY AVENUE BRIDGE,Cropsey Avenue,Dead end,SB,2021-03-06 19:45:00,230.0,207.0,230.0,226.0,186.0,19,5,211.0
32970,Brooklyn,2021,3,6,20,0,186,157501,POINT (988148.6889210109 151103.24158873298),CROPSEY AVENUE BRIDGE,Cropsey Avenue,Dead end,SB,2021-03-06 20:00:00,189.0,230.0,228.0,248.0,189.0,20,5,207.0
32970,Queens,2021,3,6,20,0,78,177615,POINT (1028931.8143046284 215115.26618027306),ROOSEVELT AVENUE BRIDGE,Flushing Line,Flushing Line,EB,2021-03-06 20:00:00,80.0,97.0,109.0,110.0,89.0,20,5,94.0
32970,Queens,2021,3,6,20,0,78,177615,POINT (1028931.8143046284 215115.26618027306),ROOSEVELT AVENUE BRIDGE,Flushing Line,Flushing Line,WB,2021-03-06 20:00:00,96.0,104.0,99.0,126.0,59.0,20,5,76.0
32970,Brooklyn,2021,3,6,20,0,151,191114,POINT (988207.4245194928 151130.52481856258),CROPSEY AVENUE BRIDGE,Coney Island Creek Shoreline,Dead end,NB,2021-03-06 20:00:00,162.0,192.0,179.0,204.0,137.0,20,5,198.0
32970,Brooklyn,2021,3,6,20,15,189,157501,POINT (988148.6889210109 151103.24158873298),CROPSEY AVENUE BRIDGE,Cropsey Avenue,Dead end,SB,2021-03-06 20:15:00,186.0,189.0,207.0,215.0,171.0,20,5,219.0
32970,Queens,2021,3,6,20,15,89,177615,POINT (1028931.8143046284 215115.26618027306),ROOSEVELT AVENUE BRIDGE,Flushing Line,Flushing Line,EB,2021-03-06 20:15:00,78.0,80.0,105.0,101.0,73.0,20,5,91.0
32970,Queens,2021,3,6,20,15,59,177615,POINT (1028931.8143046284 215115.26618027306),ROOSEVELT AVENUE BRIDGE,Flushing Line,Flushing Line,WB,2021-03-06 20:15:00,78.0,96.0,101.0,106.0,57.0,20,5,91.0
32970,Brooklyn,2021,3,6,20,15,137,191114,POINT (988207.4245194928 151130.52481856258),CROPSEY AVENUE BRIDGE,Coney Island Creek Shoreline,Dead end,NB,2021-03-06 20:15:00,151.0,162.0,185.0,230.0,159.0,20,5,167.0
32970,Brooklyn,2021,3,6,20,30,159,191114,POINT (988207.4245194928 151130.52481856258),CROPSEY AVENUE BRIDGE,Coney Island Creek Shoreline,Dead end,NB,2021-03-06 20:30:00,137.0,151.0,192.0,179.0,134.0,20,5,159.0
32970,Queens,2021,3,6,20,30,57,177615,POINT (1028931.8143046284 215115.26618027306),ROOSEVELT AVENUE BRIDGE,Flushing Line,Flushing Line,WB,2021-03-06 20:30:00,59.0,78.0,104.0,108.0,52.0,20,5,72.0
32970,Queens,2021,3,6,20,30,73,177615,POINT (1028931.8143046284 215115.26618027306),ROOSEVELT AVENUE BRIDGE,Flushing Line,Flushing Line,EB,2021-03-06 20:30:00,89.0,78.0,97.0,123.0,72.0,20,5,71.0
32970,Brooklyn,2021,3,6,20,30,171,157501,POINT (988148.6889210109 151103.24158873298),CROPSEY AVENUE BRIDGE,Cropsey Avenue,Dead end,SB,2021-03-06 20:30:00,189.0,186.0,230.0,246.0,145.0,20,5,183.0
32970,Brooklyn,2021,3,6,20,45,145,157501,POINT (988148.6889210109 151103.24158873298),CROPSEY AVENUE BRIDGE,Cropsey Avenue,Dead end,SB,2021-03-06 20:45:00,171.0,189.0,189.0,230.0,162.0,20,5,195.0
32970,Queens,2021,3,6,20,45,72,177615,POINT (1028931.8143046284 215115.26618027306),ROOSEVELT AVENUE BRIDGE,Flushing Line,Flushing Line,EB,2021-03-06 20:45:00,73.0,89.0,80.0,116.0,50.0,20,5,75.0
32970,Queens,2021,3,6,20,45,52,177615,POINT (1028931.8143046284 215115.26618027306),ROOSEVELT AVENUE BRIDGE,Flushing Line,Flushing Line,WB,2021-03-06 20:45:00,57.0,59.0,96.0,104.0,50.0,20,5,59.0
32970,Brooklyn,2021,3,6,20,45,134,191114,POINT (988207.4245194928 151130.52481856258),CROPSEY AVENUE BRIDGE,Coney Island Creek Shoreline,Dead end,NB,2021-03-06 20:45:00,159.0,137.0,162.0,193.0,127.0,20,5,132.0
32970,Brooklyn,2021,3,6,21,0,162,157501,POINT (988148.6889210109 151103.24158873298),CROPSEY AVENUE BRIDGE,Cropsey Avenue,Dead end,SB,2021-03-06 21:00:00,145.0,171.0,186.0,228.0,137.0,21,5,151.0
32970,Queens,2021,3,6,21,0,50,177615,POINT (1028931.8143046284 215115.26618027306),ROOSEVELT AVENUE BRIDGE,Flushing Line,Flushing Line,EB,2021-03-06 21:00:00,72.0,73.0,78.0,109.0,52.0,21,5,57.0
32970,Queens,2021,3,6,21,0,50,177615,POINT (1028931.8143046284 215115.26618027306),ROOSEVELT AVENUE BRIDGE,Flushing Line,Flushing Line,WB,2021-03-06 21:00:00,52.0,57.0,78.0,99.0,49.0,21,5,53.0
32970,Brooklyn,2021,3,6,21,0,127,191114,POINT (988207.4245194928 151130.52481856258),CROPSEY AVENUE BRIDGE,Coney Island Creek Shoreline,Dead end,NB,2021-03-06 21:00:00,134.0,159.0,151.0,179.0,125.0,21,5,139.0
32970,Queens,2021,3,6,21,15,49,177615,POINT (1028931.8143046284 215115.26618027306),ROOSEVELT AVENUE BRIDGE,Flushing Line,Flushing Line,WB,2021-03-06 21:15:00,50.0,52.0,59.0,101.0,42.0,21,5,68.0
32970,Brooklyn,2021,3,6,21,15,125,191114,POINT (988207.4245194928 151130.52481856258),CROPSEY AVENUE BRIDGE,Coney Island Creek Shoreline,Dead end,NB,2021-03-06 21:15:00,127.0,134.0,137.0,185.0,123.0,21,5,126.0
32970,Queens,2021,3,6,21,15,52,177615,POINT (1028931.8143046284 215115.26618027306),ROOSEVELT AVENUE BRIDGE,Flushing Line,Flushing Line,EB,2021-03-06 21:15:00,50.0,72.0,89.0,105.0,40.0,21,5,58.0
32970,Brooklyn,2021,3,6,21,15,137,157501,POINT (988148.6889210109 151103.24158873298),CROPSEY AVENUE BRIDGE,Cropsey Avenue,Dead end,SB,2021-03-06 21:15:00,162.0,145.0,189.0,207.0,153.0,21,5,138.0
32970,Brooklyn,2021,3,6,21,30,153,157501,POINT (988148.6889210109 151103.24158873298),CROPSEY AVENUE BRIDGE,Cropsey Avenue,Dead end,SB,2021-03-06 21:30:00,137.0,162.0,171.0,230.0,132.0,21,5,152.0
32970,Queens,2021,3,6,21,30,40,177615,POINT (1028931.8143046284 215115.26618027306),ROOSEVELT AVENUE BRIDGE,Flushing Line,Flushing Line,EB,2021-03-06 21:30:00,52.0,50.0,73.0,97.0,46.0,21,5,61.0
32970,Queens,2021,3,6,21,30,42,177615,POINT (1028931.8143046284 215115.26618027306),ROOSEVELT AVENUE BRIDGE,Flushing Line,Flushing Line,WB,2021-03-06 21:30:00,49.0,50.0,57.0,104.0,44.0,21,5,48.0
32970,Brooklyn,2021,3,6,21,30,123,191114,POINT (988207.4245194928 151130.52481856258),CROPSEY AVENUE BRIDGE,Coney Island Creek Shoreline,Dead end,NB,2021-03-06 21:30:00,125.0,127.0,159.0,192.0,107.0,21,5,114.0
32970,Brooklyn,2021,3,6,21,45,132,157501,POINT (988148.6889210109 151103.24158873298),CROPSEY AVENUE BRIDGE,Cropsey Avenue,Dead end,SB,2021-03-06 21:45:00,153.0,137.0,145.0,189.0,141.0,21,5,147.0
32970,Queens,2021,3,6,21,45,46,177615,POINT (1028931.8143046284 215115.26618027306),ROOSEVELT AVENUE BRIDGE,Flushing Line,Flushing Line,EB,2021-03-06 21:45:00,40.0,52.0,72.0,80.0,49.0,21,5,45.0
32970,Queens,2021,3,6,21,45,44,177615,POINT (1028931.8143046284 215115.26618027306),ROOSEVELT AVENUE BRIDGE,Flushing Line,Flushing Line,WB,2021-03-06 21:45:00,42.0,49.0,52.0,96.0,43.0,21,5,58.0
32970,Brooklyn,2021,3,6,21,45,107,191114,POINT (988207.4245194928 151130.52481856258),CROPSEY AVENUE BRIDGE,Coney Island Creek Shoreline,Dead end,NB,2021-03-06 21:45:00,123.0,125.0,134.0,162.0,128.0,21,5,103.0
32970,Queens,2021,3,6,22,0,43,177615,POINT (1028931.8143046284 215115.26618027306),ROOSEVELT AVENUE BRIDGE,Flushing Line,Flushing Line,WB,2021-03-06 22:00:00,44.0,42.0,50.0,78.0,34.0,22,5,35.0
32970,Brooklyn,2021,3,6,22,0,141,157501,POINT (988148.6889210109 151103.24158873298),CROPSEY AVENUE BRIDGE,Cropsey Avenue,Dead end,SB,2021-03-06 22:00:00,132.0,153.0,162.0,186.0,129.0,22,5,118.0
32970,Queens,2021,3,6,22,0,49,177615,POINT (1028931.8143046284 215115.26618027306),ROOSEVELT AVENUE BRIDGE,Flushing Line,Flushing Line,EB,2021-03-06 22:00:00,46.0,40.0,50.0,78.0,46.0,22,5,69.0
32970,Brooklyn,2021,3,6,22,0,128,191114,POINT (988207.4245194928 151130.52481856258),CROPSEY AVENUE BRIDGE,Coney Island Creek Shoreline,Dead end,NB,2021-03-06 22:00:00,107.0,123.0,127.0,151.0,111.0,22,5,118.0
32970,Brooklyn,2021,3,6,22,15,111,191114,POINT (988207.4245194928 151130.52481856258),CROPSEY AVENUE BRIDGE,Coney Island Creek Shoreline,Dead end,NB,2021-03-06 22:15:00,128.0,107.0,125.0,137.0,76.0,22,5,121.0
32970,Queens,2021,3,6,22,15,34,177615,POINT (1028931.8143046284 215115.26618027306),ROOSEVELT AVENUE BRIDGE,Flushing Line,Flushing Line,WB,2021-03-06 22:15:00,43.0,44.0,49.0,59.0,44.0,22,5,52.0
32970,Brooklyn,2021,3,6,22,15,129,157501,POINT (988148.6889210109 151103.24158873298),CROPSEY AVENUE BRIDGE,Cropsey Avenue,Dead end,SB,2021-03-06 22:15:00,141.0,132.0,137.0,189.0,137.0,22,5,130.0
32970,Queens,2021,3,6,22,15,46,177615,POINT (1028931.8143046284 215115.26618027306),ROOSEVELT AVENUE BRIDGE,Flushing Line,Flushing Line,EB,2021-03-06 22:15:00,49.0,46.0,52.0,89.0,53.0,22,5,67.0
32970,Brooklyn,2021,3,6,22,30,137,157501,POINT (988148.6889210109 151103.24158873298),CROPSEY AVENUE BRIDGE,Cropsey Avenue,Dead end,SB,2021-03-06 22:30:00,129.0,141.0,153.0,171.0,136.0,22,5,139.0
32970,Queens,2021,3,6,22,30,53,177615,POINT (1028931.8143046284 215115.26618027306),ROOSEVELT AVENUE BRIDGE,Flushing Line,Flushing Line,EB,2021-03-06 22:30:00,46.0,49.0,40.0,73.0,44.0,22,5,47.0
32970,Queens,2021,3,6,22,30,44,177615,POINT (1028931.8143046284 215115.26618027306),ROOSEVELT AVENUE BRIDGE,Flushing Line,Flushing Line,WB,2021-03-06 22:30:00,34.0,43.0,42.0,57.0,33.0,22,5,35.0
32970,Brooklyn,2021,3,6,22,30,76,191114,POINT (988207.4245194928 151130.52481856258),CROPSEY AVENUE BRIDGE,Coney Island Creek Shoreline,Dead end,NB,2021-03-06 22:30:00,111.0,128.0,123.0,159.0,85.0,22,5,100.0
32970,Brooklyn,2021,3,6,22,45,85,191114,POINT (988207.4245194928 151130.52481856258),CROPSEY AVENUE BRIDGE,Coney Island Creek Shoreline,Dead end,NB,2021-03-06 22:45:00,76.0,111.0,107.0,134.0,106.0,22,5,100.0
32970,Queens,2021,3,6,22,45,33,177615,POINT (1028931.8143046284 215115.26618027306),ROOSEVELT AVENUE BRIDGE,Flushing Line,Flushing Line,WB,2021-03-06 22:45:00,44.0,34.0,44.0,52.0,17.0,22,5,39.0
32970,Queens,2021,3,6,22,45,44,177615,POINT (1028931.8143046284 215115.26618027306),ROOSEVELT AVENUE BRIDGE,Flushing Line,Flushing Line,EB,2021-03-06 22:45:00,53.0,46.0,46.0,72.0,37.0,22,5,46.0
32970,Brooklyn,2021,3,6,22,45,136,157501,POINT (988148.6889210109 151103.24158873298),CROPSEY AVENUE BRIDGE,Cropsey Avenue,Dead end,SB,2021-03-06 22:45:00,137.0,129.0,132.0,145.0,154.0,22,5,149.0
32970,Brooklyn,2021,3,6,23,0,106,191114,POINT (988207.4245194928 151130.52481856258),CROPSEY AVENUE BRIDGE,Coney Island Creek Shoreline,Dead end,NB,2021-03-06 23:00:00,85.0,76.0,128.0,127.0,101.0,23,5,109.0
32970,Queens,2021,3,6,23,0,17,177615,POINT (1028931.8143046284 215115.26618027306),ROOSEVELT AVENUE BRIDGE,Flushing Line,Flushing Line,WB,2021-03-06 23:00:00,33.0,44.0,43.0,50.0,40.0,23,5,29.0
32970,Brooklyn,2021,3,6,23,0,154,157501,POINT (988148.6889210109 151103.24158873298),CROPSEY AVENUE BRIDGE,Cropsey Avenue,Dead end,SB,2021-03-06 23:00:00,136.0,137.0,141.0,162.0,101.0,23,5,124.0
32970,Queens,2021,3,6,23,0,37,177615,POINT (1028931.8143046284 215115.26618027306),ROOSEVELT AVENUE BRIDGE,Flushing Line,Flushing Line,EB,2021-03-06 23:00:00,44.0,53.0,49.0,50.0,40.0,23,5,34.0
32970,Brooklyn,2021,3,6,23,15,101,157501,POINT (988148.6889210109 151103.24158873298),CROPSEY AVENUE BRIDGE,Cropsey Avenue,Dead end,SB,2021-03-06 23:15:00,154.0,136.0,129.0,137.0,106.0,23,5,112.0
32970,Queens,2021,3,6,23,15,40,177615,POINT (1028931.8143046284 215115.26618027306),ROOSEVELT AVENUE BRIDGE,Flushing Line,Flushing Line,EB,2021-03-06 23:15:00,37.0,44.0,46.0,52.0,37.0,23,5,40.0
32970,Queens,2021,3,6,23,15,40,177615,POINT (1028931.8143046284 215115.26618027306),ROOSEVELT AVENUE BRIDGE,Flushing Line,Flushing Line,WB,2021-03-06 23:15:00,17.0,33.0,34.0,49.0,19.0,23,5,36.0
32970,Brooklyn,2021,3,6,23,15,101,191114,POINT (988207.4245194928 151130.52481856258),CROPSEY AVENUE BRIDGE,Coney Island Creek Shoreline,Dead end,NB,2021-03-06 23:15:00,106.0,85.0,111.0,125.0,89.0,23,5,97.0
32970,Brooklyn,2021,3,6,23,30,89,191114,POINT (988207.4245194928 151130.52481856258),CROPSEY AVENUE BRIDGE,Coney Island Creek Shoreline,Dead end,NB,2021-03-06 23:30:00,101.0,106.0,76.0,123.0,88.0,23,5,91.0
32970,Brooklyn,2021,3,6,23,30,106,157501,POINT (988148.6889210109 151103.24158873298),CROPSEY AVENUE BRIDGE,Cropsey Avenue,Dead end,SB,2021-03-06 23:30:00,101.0,154.0,137.0,153.0,109.0,23,5,116.0
32970,Queens,2021,3,6,23,30,37,177615,POINT (1028931.8143046284 215115.26618027306),ROOSEVELT AVENUE BRIDGE,Flushing Line,Flushing Line,EB,2021-03-06 23:30:00,40.0,37.0,53.0,40.0,34.0,23,5,41.0
32970,Queens,2021,3,6,23,30,19,177615,POINT (1028931.8143046284 215115.26618027306),ROOSEVELT AVENUE BRIDGE,Flushing Line,Flushing Line,WB,2021-03-06 23:30:00,40.0,17.0,44.0,42.0,41.0,23,5,24.0
32970,Brooklyn,2021,3,6,23,45,109,157501,POINT (988148.6889210109 151103.24158873298),CROPSEY AVENUE BRIDGE,Cropsey Avenue,Dead end,SB,2021-03-06 23:45:00,106.0,101.0,136.0,132.0,98.0,23,5,87.0
32970,Queens,2021,3,6,23,45,34,177615,POINT (1028931.8143046284 215115.26618027306),ROOSEVELT AVENUE BRIDGE,Flushing Line,Flushing Line,EB,2021-03-06 23:45:00,37.0,40.0,44.0,46.0,37.0,23,5,42.0
32970,Queens,2021,3,6,23,45,41,177615,POINT (1028931.8143046284 215115.26618027306),ROOSEVELT AVENUE BRIDGE,Flushing Line,Flushing Line,WB,2021-03-06 23:45:00,19.0,40.0,33.0,44.0,24.0,23,5,36.0
32970,Brooklyn,2021,3,6,23,45,88,191114,POINT (988207.4245194928 151130.52481856258),CROPSEY AVENUE BRIDGE,Coney Island Creek Shoreline,Dead end,NB,2021-03-06 23:45:00,89.0,101.0,85.0,107.0,88.0,23,5,73.0
32970,Queens,2021,3,7,0,0,24,177615,POINT (1028931.8143046284 215115.26618027306),ROOSEVELT AVENUE BRIDGE,Flushing Line,Flushing Line,WB,2021-03-07 00:00:00,41.0,19.0,17.0,43.0,27.0,0,6,38.0
32970,Brooklyn,2021,3,7,0,0,88,191114,POINT (988207.4245194928 151130.52481856258),CROPSEY AVENUE BRIDGE,Coney Island Creek Shoreline,Dead end,NB,2021-03-07 00:00:00,88.0,89.0,106.0,128.0,71.0,0,6,71.0
32970,Brooklyn,2021,3,7,0,0,98,157501,POINT (988148.6889210109 151103.24158873298),CROPSEY AVENUE BRIDGE,Cropsey Avenue,Dead end,SB,2021-03-07 00:00:00,109.0,106.0,154.0,141.0,89.0,0,6,81.0
32970,Queens,2021,3,7,0,0,37,177615,POINT (1028931.8143046284 215115.26618027306),ROOSEVELT AVENUE BRIDGE,Flushing Line,Flushing Line,EB,2021-03-07 00:00:00,34.0,37.0,37.0,49.0,24.0,0,6,29.0
32970,Queens,2021,3,7,0,15,27,177615,POINT (1028931.8143046284 215115.26618027306),ROOSEVELT AVENUE BRIDGE,Flushing Line,Flushing Line,WB,2021-03-07 00:15:00,24.0,41.0,40.0,34.0,21.0,0,6,16.0
32970,Brooklyn,2021,3,7,0,15,71,191114,POINT (988207.4245194928 151130.52481856258),CROPSEY AVENUE BRIDGE,Coney Island Creek Shoreline,Dead end,NB,2021-03-07 00:15:00,88.0,88.0,101.0,111.0,73.0,0,6,58.0
32970,Brooklyn,2021,3,7,0,15,89,157501,POINT (988148.6889210109 151103.24158873298),CROPSEY AVENUE BRIDGE,Cropsey Avenue,Dead end,SB,2021-03-07 00:15:00,98.0,109.0,101.0,129.0,104.0,0,6,60.0
32970,Queens,2021,3,7,0,15,24,177615,POINT (1028931.8143046284 215115.26618027306),ROOSEVELT AVENUE BRIDGE,Flushing Line,Flushing Line,EB,2021-03-07 00:15:00,37.0,34.0,40.0,46.0,27.0,0,6,33.0
32970,Brooklyn,2021,3,7,0,30,73,191114,POINT (988207.4245194928 151130.52481856258),CROPSEY AVENUE BRIDGE,Coney Island Creek Shoreline,Dead end,NB,2021-03-07 00:30:00,71.0,88.0,89.0,76.0,64.0,0,6,51.0
32970,Queens,2021,3,7,0,30,21,177615,POINT (1028931.8143046284 215115.26618027306),ROOSEVELT AVENUE BRIDGE,Flushing Line,Flushing Line,WB,2021-03-07 00:30:00,27.0,24.0,19.0,44.0,41.0,0,6,16.0
32970,Brooklyn,2021,3,7,0,30,104,157501,POINT (988148.6889210109 151103.24158873298),CROPSEY AVENUE BRIDGE,Cropsey Avenue,Dead end,SB,2021-03-07 00:30:00,89.0,98.0,106.0,137.0,68.0,0,6,64.0
32970,Queens,2021,3,7,0,30,27,177615,POINT (1028931.8143046284 215115.26618027306),ROOSEVELT AVENUE BRIDGE,Flushing Line,Flushing Line,EB,2021-03-07 00:30:00,24.0,37.0,37.0,53.0,29.0,0,6,23.0
32970,Brooklyn,2021,3,7,0,45,68,157501,POINT (988148.6889210109 151103.24158873298),CROPSEY AVENUE BRIDGE,Cropsey Avenue,Dead end,SB,2021-03-07 00:45:00,104.0,89.0,109.0,136.0,63.0,0,6,77.0
32970,Queens,2021,3,7,0,45,29,177615,POINT (1028931.8143046284 215115.26618027306),ROOSEVELT AVENUE BRIDGE,Flushing Line,Flushing Line,EB,2021-03-07 00:45:00,27.0,24.0,34.0,44.0,20.0,0,6,21.0
32970,Queens,2021,3,7,0,45,41,177615,POINT (1028931.8143046284 215115.26618027306),ROOSEVELT AVENUE BRIDGE,Flushing Line,Flushing Line,WB,2021-03-07 00:45:00,21.0,27.0,41.0,33.0,52.0,0,6,14.0
32970,Brooklyn,2021,3,7,0,45,64,191114,POINT (988207.4245194928 151130.52481856258),CROPSEY AVENUE BRIDGE,Coney Island Creek Shoreline,Dead end,NB,2021-03-07 00:45:00,73.0,71.0,88.0,85.0,48.0,0,6,53.0
32970,Brooklyn,2021,3,7,1,0,63,157501,POINT (988148.6889210109 151103.24158873298),CROPSEY AVENUE BRIDGE,Cropsey Avenue,Dead end,SB,2021-03-07 01:00:00,68.0,104.0,98.0,154.0,58.0,1,6,56.0
32970,Queens,2021,3,7,1,0,20,177615,POINT (1028931.8143046284 215115.26618027306),ROOSEVELT AVENUE BRIDGE,Flushing Line,Flushing Line,EB,2021-03-07 01:00:00,29.0,27.0,37.0,37.0,17.0,1,6,20.0
32970,Queens,2021,3,7,1,0,52,177615,POINT (1028931.8143046284 215115.26618027306),ROOSEVELT AVENUE BRIDGE,Flushing Line,Flushing Line,WB,2021-03-07 01:00:00,41.0,21.0,24.0,17.0,41.0,1,6,18.0
32970,Brooklyn,2021,3,7,1,0,48,191114,POINT (988207.4245194928 151130.52481856258),CROPSEY AVENUE BRIDGE,Coney Island Creek Shoreline,Dead end,NB,2021-03-07 01:00:00,64.0,73.0,88.0,106.0,55.0,1,6,46.0
32970,Brooklyn,2021,3,7,1,15,55,191114,POINT (988207.4245194928 151130.52481856258),CROPSEY AVENUE BRIDGE,Coney Island Creek Shoreline,Dead end,NB,2021-03-07 01:15:00,48.0,64.0,71.0,101.0,62.0,1,6,39.0
32970,Queens,2021,3,7,1,15,41,177615,POINT (1028931.8143046284 215115.26618027306),ROOSEVELT AVENUE BRIDGE,Flushing Line,Flushing Line,WB,2021-03-07 01:15:00,52.0,41.0,27.0,40.0,51.0,1,6,15.0
32970,Brooklyn,2021,3,7,1,15,58,157501,POINT (988148.6889210109 151103.24158873298),CROPSEY AVENUE BRIDGE,Cropsey Avenue,Dead end,SB,2021-03-07 01:15:00,63.0,68.0,89.0,101.0,59.0,1,6,52.0
32970,Queens,2021,3,7,1,15,17,177615,POINT (1028931.8143046284 215115.26618027306),ROOSEVELT AVENUE BRIDGE,Flushing Line,Flushing Line,EB,2021-03-07 01:15:00,20.0,29.0,24.0,40.0,23.0,1,6,25.0
32970,Brooklyn,2021,3,7,1,30,59,157501,POINT (988148.6889210109 151103.24158873298),CROPSEY AVENUE BRIDGE,Cropsey Avenue,Dead end,SB,2021-03-07 01:30:00,58.0,63.0,104.0,106.0,63.0,1,6,64.0
32970,Queens,2021,3,7,1,30,23,177615,POINT (1028931.8143046284 215115.26618027306),ROOSEVELT AVENUE BRIDGE,Flushing Line,Flushing Line,EB,2021-03-07 01:30:00,17.0,20.0,27.0,37.0,12.0,1,6,25.0
32970,Queens,2021,3,7,1,30,51,177615,POINT (1028931.8143046284 215115.26618027306),ROOSEVELT AVENUE BRIDGE,Flushing Line,Flushing Line,WB,2021-03-07 01:30:00,41.0,52.0,21.0,19.0,59.0,1,6,19.0
32970,Brooklyn,2021,3,7,1,30,62,191114,POINT (988207.4245194928 151130.52481856258),CROPSEY AVENUE BRIDGE,Coney Island Creek Shoreline,Dead end,NB,2021-03-07 01:30:00,55.0,48.0,73.0,89.0,49.0,1,6,40.0
32970,Brooklyn,2021,3,7,1,45,63,157501,POINT (988148.6889210109 151103.24158873298),CROPSEY AVENUE BRIDGE,Cropsey Avenue,Dead end,SB,2021-03-07 01:45:00,59.0,58.0,68.0,109.0,45.0,1,6,42.0
32970,Queens,2021,3,7,1,45,12,177615,POINT (1028931.8143046284 215115.26618027306),ROOSEVELT AVENUE BRIDGE,Flushing Line,Flushing Line,EB,2021-03-07 01:45:00,23.0,17.0,29.0,34.0,24.0,1,6,20.0
32970,Queens,2021,3,7,1,45,59,177615,POINT (1028931.8143046284 215115.26618027306),ROOSEVELT AVENUE BRIDGE,Flushing Line,Flushing Line,WB,2021-03-07 01:45:00,51.0,41.0,41.0,41.0,43.0,1,6,11.0
32970,Brooklyn,2021,3,7,1,45,49,191114,POINT (988207.4245194928 151130.52481856258),CROPSEY AVENUE BRIDGE,Coney Island Creek Shoreline,Dead end,NB,2021-03-07 01:45:00,62.0,55.0,64.0,88.0,40.0,1,6,36.0
32970,Queens,2021,3,7,2,0,43,177615,POINT (1028931.8143046284 215115.26618027306),ROOSEVELT AVENUE BRIDGE,Flushing Line,Flushing Line,WB,2021-03-07 02:00:00,59.0,51.0,52.0,24.0,40.0,2,6,9.0
32970,Brooklyn,2021,3,7,2,0,40,191114,POINT (988207.4245194928 151130.52481856258),CROPSEY AVENUE BRIDGE,Coney Island Creek Shoreline,Dead end,NB,2021-03-07 02:00:00,49.0,62.0,48.0,88.0,30.0,2,6,43.0
32970,Queens,2021,3,7,2,0,24,177615,POINT (1028931.8143046284 215115.26618027306),ROOSEVELT AVENUE BRIDGE,Flushing Line,Flushing Line,EB,2021-03-07 02:00:00,12.0,23.0,20.0,37.0,28.0,2,6,14.0
32970,Brooklyn,2021,3,7,2,0,45,157501,POINT (988148.6889210109 151103.24158873298),CROPSEY AVENUE BRIDGE,Cropsey Avenue,Dead end,SB,2021-03-07 02:00:00,63.0,59.0,63.0,98.0,34.0,2,6,45.0
32970,Brooklyn,2021,3,7,2,15,34,157501,POINT (988148.6889210109 151103.24158873298),CROPSEY AVENUE BRIDGE,Cropsey Avenue,Dead end,SB,2021-03-07 02:15:00,45.0,63.0,58.0,89.0,40.0,2,6,39.0
32970,Queens,2021,3,7,2,15,28,177615,POINT (1028931.8143046284 215115.26618027306),ROOSEVELT AVENUE BRIDGE,Flushing Line,Flushing Line,EB,2021-03-07 02:15:00,24.0,12.0,17.0,24.0,19.0,2,6,13.0
32970,Queens,2021,3,7,2,15,40,177615,POINT (1028931.8143046284 215115.26618027306),ROOSEVELT AVENUE BRIDGE,Flushing Line,Flushing Line,WB,2021-03-07 02:15:00,43.0,59.0,41.0,27.0,42.0,2,6,11.0
32970,Brooklyn,2021,3,7,2,15,30,191114,POINT (988207.4245194928 151130.52481856258),CROPSEY AVENUE BRIDGE,Coney Island Creek Shoreline,Dead end,NB,2021-03-07 02:15:00,40.0,49.0,55.0,71.0,36.0,2,6,33.0
32970,Brooklyn,2021,3,7,2,30,36,191114,POINT (988207.4245194928 151130.52481856258),CROPSEY AVENUE BRIDGE,Coney Island Creek Shoreline,Dead end,NB,2021-03-07 02:30:00,30.0,40.0,62.0,73.0,45.0,2,6,26.0
32970,Brooklyn,2021,3,7,2,30,40,157501,POINT (988148.6889210109 151103.24158873298),CROPSEY AVENUE BRIDGE,Cropsey Avenue,Dead end,SB,2021-03-07 02:30:00,34.0,45.0,59.0,104.0,38.0,2,6,34.0
32970,Queens,2021,3,7,2,30,19,177615,POINT (1028931.8143046284 215115.26618027306),ROOSEVELT AVENUE BRIDGE,Flushing Line,Flushing Line,EB,2021-03-07 02:30:00,28.0,24.0,23.0,27.0,16.0,2,6,7.0
32970,Queens,2021,3,7,2,30,42,177615,POINT (1028931.8143046284 215115.26618027306),ROOSEVELT AVENUE BRIDGE,Flushing Line,Flushing Line,WB,2021-03-07 02:30:00,40.0,43.0,51.0,21.0,38.0,2,6,7.0
32970,Brooklyn,2021,3,7,2,45,38,157501,POINT (988148.6889210109 151103.24158873298),CROPSEY AVENUE BRIDGE,Cropsey Avenue,Dead end,SB,2021-03-07 02:45:00,40.0,34.0,63.0,68.0,35.0,2,6,22.0
32970,Queens,2021,3,7,2,45,16,177615,POINT (1028931.8143046284 215115.26618027306),ROOSEVELT AVENUE BRIDGE,Flushing Line,Flushing Line,EB,2021-03-07 02:45:00,19.0,28.0,12.0,29.0,12.0,2,6,14.0
32970,Queens,2021,3,7,2,45,38,177615,POINT (1028931.8143046284 215115.26618027306),ROOSEVELT AVENUE BRIDGE,Flushing Line,Flushing Line,WB,2021-03-07 02:45:00,42.0,40.0,59.0,41.0,25.0,2,6,9.0
32970,Brooklyn,2021,3,7,2,45,45,191114,POINT (988207.4245194928 151130.52481856258),CROPSEY AVENUE BRIDGE,Coney Island Creek Shoreline,Dead end,NB,2021-03-07 02:45:00,36.0,30.0,49.0,64.0,29.0,2,6,22.0
32970,Queens,2021,3,7,3,0,25,177615,POINT (1028931.8143046284 215115.26618027306),ROOSEVELT AVENUE BRIDGE,Flushing Line,Flushing Line,WB,2021-03-07 03:00:00,38.0,42.0,43.0,52.0,8.0,3,6,9.0
32970,Brooklyn,2021,3,7,3,0,29,191114,POINT (988207.4245194928 151130.52481856258),CROPSEY AVENUE BRIDGE,Coney Island Creek Shoreline,Dead end,NB,2021-03-07 03:00:00,45.0,36.0,40.0,48.0,27.0,3,6,32.0
32970,Brooklyn,2021,3,7,3,0,35,157501,POINT (988148.6889210109 151103.24158873298),CROPSEY AVENUE BRIDGE,Cropsey Avenue,Dead end,SB,2021-03-07 03:00:00,38.0,40.0,45.0,63.0,41.0,3,6,29.0
32970,Queens,2021,3,7,3,0,12,177615,POINT (1028931.8143046284 215115.26618027306),ROOSEVELT AVENUE BRIDGE,Flushing Line,Flushing Line,EB,2021-03-07 03:00:00,16.0,19.0,24.0,20.0,15.0,3,6,13.0
32970,Queens,2021,3,7,3,15,15,177615,POINT (1028931.8143046284 215115.26618027306),ROOSEVELT AVENUE BRIDGE,Flushing Line,Flushing Line,EB,2021-03-07 03:15:00,12.0,16.0,28.0,17.0,11.0,3,6,9.0
32970,Queens,2021,3,7,3,15,8,177615,POINT (1028931.8143046284 215115.26618027306),ROOSEVELT AVENUE BRIDGE,Flushing Line,Flushing Line,WB,2021-03-07 03:15:00,25.0,38.0,40.0,41.0,5.0,3,6,7.0
32970,Brooklyn,2021,3,7,3,15,41,157501,POINT (988148.6889210109 151103.24158873298),CROPSEY AVENUE BRIDGE,Cropsey Avenue,Dead end,SB,2021-03-07 03:15:00,35.0,38.0,34.0,58.0,29.0,3,6,25.0
32970,Brooklyn,2021,3,7,3,15,27,191114,POINT (988207.4245194928 151130.52481856258),CROPSEY AVENUE BRIDGE,Coney Island Creek Shoreline,Dead end,NB,2021-03-07 03:15:00,29.0,45.0,30.0,55.0,48.0,3,6,24.0
32970,Brooklyn,2021,3,7,3,30,48,191114,POINT (988207.4245194928 151130.52481856258),CROPSEY AVENUE BRIDGE,Coney Island Creek Shoreline,Dead end,NB,2021-03-07 03:30:00,27.0,29.0,36.0,62.0,29.0,3,6,26.0
32970,Queens,2021,3,7,3,30,5,177615,POINT (1028931.8143046284 215115.26618027306),ROOSEVELT AVENUE BRIDGE,Flushing Line,Flushing Line,WB,2021-03-07 03:30:00,8.0,25.0,42.0,51.0,6.0,3,6,10.0
32970,Queens,2021,3,7,3,30,11,177615,POINT (1028931.8143046284 215115.26618027306),ROOSEVELT AVENUE BRIDGE,Flushing Line,Flushing Line,EB,2021-03-07 03:30:00,15.0,12.0,19.0,23.0,16.0,3,6,10.0
32970,Brooklyn,2021,3,7,3,30,29,157501,POINT (988148.6889210109 151103.24158873298),CROPSEY AVENUE BRIDGE,Cropsey Avenue,Dead end,SB,2021-03-07 03:30:00,41.0,35.0,40.0,59.0,28.0,3,6,24.0
32970,Brooklyn,2021,3,7,3,45,28,157501,POINT (988148.6889210109 151103.24158873298),CROPSEY AVENUE BRIDGE,Cropsey Avenue,Dead end,SB,2021-03-07 03:45:00,29.0,41.0,38.0,63.0,29.0,3,6,43.0
32970,Queens,2021,3,7,3,45,16,177615,POINT (1028931.8143046284 215115.26618027306),ROOSEVELT AVENUE BRIDGE,Flushing Line,Flushing Line,EB,2021-03-07 03:45:00,11.0,15.0,16.0,12.0,13.0,3,6,21.0
32970,Queens,2021,3,7,3,45,6,177615,POINT (1028931.8143046284 215115.26618027306),ROOSEVELT AVENUE BRIDGE,Flushing Line,Flushing Line,WB,2021-03-07 03:45:00,5.0,8.0,38.0,59.0,7.0,3,6,9.0
32970,Brooklyn,2021,3,7,3,45,29,191114,POINT (988207.4245194928 151130.52481856258),CROPSEY AVENUE BRIDGE,Coney Island Creek Shoreline,Dead end,NB,2021-03-07 03:45:00,48.0,27.0,45.0,49.0,24.0,3,6,23.0
32970,Brooklyn,2021,3,7,4,0,29,157501,POINT (988148.6889210109 151103.24158873298),CROPSEY AVENUE BRIDGE,Cropsey Avenue,Dead end,SB,2021-03-07 04:00:00,28.0,29.0,35.0,45.0,37.0,4,6,27.0
32970,Queens,2021,3,7,4,0,13,177615,POINT (1028931.8143046284 215115.26618027306),ROOSEVELT AVENUE BRIDGE,Flushing Line,Flushing Line,EB,2021-03-07 04:00:00,16.0,11.0,12.0,24.0,10.0,4,6,10.0
32970,Queens,2021,3,7,4,0,7,177615,POINT (1028931.8143046284 215115.26618027306),ROOSEVELT AVENUE BRIDGE,Flushing Line,Flushing Line,WB,2021-03-07 04:00:00,6.0,5.0,25.0,43.0,14.0,4,6,9.0
32970,Brooklyn,2021,3,7,4,0,24,191114,POINT (988207.4245194928 151130.52481856258),CROPSEY AVENUE BRIDGE,Coney Island Creek Shoreline,Dead end,NB,2021-03-07 04:00:00,29.0,48.0,29.0,40.0,24.0,4,6,25.0
32970,Brooklyn,2021,3,7,4,15,24,191114,POINT (988207.4245194928 151130.52481856258),CROPSEY AVENUE BRIDGE,Coney Island Creek Shoreline,Dead end,NB,2021-03-07 04:15:00,24.0,29.0,27.0,30.0,24.0,4,6,33.0
32970,Queens,2021,3,7,4,15,14,177615,POINT (1028931.8143046284 215115.26618027306),ROOSEVELT AVENUE BRIDGE,Flushing Line,Flushing Line,WB,2021-03-07 04:15:00,7.0,6.0,8.0,40.0,11.0,4,6,10.0
32970,Brooklyn,2021,3,7,4,15,37,157501,POINT (988148.6889210109 151103.24158873298),CROPSEY AVENUE BRIDGE,Cropsey Avenue,Dead end,SB,2021-03-07 04:15:00,29.0,28.0,41.0,34.0,22.0,4,6,27.0
32970,Queens,2021,3,7,4,15,10,177615,POINT (1028931.8143046284 215115.26618027306),ROOSEVELT AVENUE BRIDGE,Flushing Line,Flushing Line,EB,2021-03-07 04:15:00,13.0,16.0,15.0,28.0,14.0,4,6,19.0
32970,Brooklyn,2021,3,7,4,30,22,157501,POINT (988148.6889210109 151103.24158873298),CROPSEY AVENUE BRIDGE,Cropsey Avenue,Dead end,SB,2021-03-07 04:30:00,37.0,29.0,29.0,40.0,25.0,4,6,26.0
32970,Queens,2021,3,7,4,30,14,177615,POINT (1028931.8143046284 215115.26618027306),ROOSEVELT AVENUE BRIDGE,Flushing Line,Flushing Line,EB,2021-03-07 04:30:00,10.0,13.0,11.0,19.0,14.0,4,6,14.0
32970,Queens,2021,3,7,4,30,11,177615,POINT (1028931.8143046284 215115.26618027306),ROOSEVELT AVENUE BRIDGE,Flushing Line,Flushing Line,WB,2021-03-07 04:30:00,14.0,7.0,5.0,42.0,11.0,4,6,11.0
32970,Brooklyn,2021,3,7,4,30,24,191114,POINT (988207.4245194928 151130.52481856258),CROPSEY AVENUE BRIDGE,Coney Island Creek Shoreline,Dead end,NB,2021-03-07 04:30:00,24.0,24.0,48.0,36.0,16.0,4,6,33.0
32970,Brooklyn,2021,3,7,4,45,25,157501,POINT (988148.6889210109 151103.24158873298),CROPSEY AVENUE BRIDGE,Cropsey Avenue,Dead end,SB,2021-03-07 04:45:00,22.0,37.0,28.0,38.0,17.0,4,6,53.0
32970,Queens,2021,3,7,4,45,14,177615,POINT (1028931.8143046284 215115.26618027306),ROOSEVELT AVENUE BRIDGE,Flushing Line,Flushing Line,EB,2021-03-07 04:45:00,14.0,10.0,16.0,16.0,16.0,4,6,18.0
32970,Queens,2021,3,7,4,45,11,177615,POINT (1028931.8143046284 215115.26618027306),ROOSEVELT AVENUE BRIDGE,Flushing Line,Flushing Line,WB,2021-03-07 04:45:00,11.0,14.0,6.0,38.0,12.0,4,6,11.0
32970,Brooklyn,2021,3,7,4,45,16,191114,POINT (988207.4245194928 151130.52481856258),CROPSEY AVENUE BRIDGE,Coney Island Creek Shoreline,Dead end,NB,2021-03-07 04:45:00,24.0,24.0,29.0,45.0,30.0,4,6,29.0
32970,Brooklyn,2021,3,7,5,0,30,191114,POINT (988207.4245194928 151130.52481856258),CROPSEY AVENUE BRIDGE,Coney Island Creek Shoreline,Dead end,NB,2021-03-07 05:00:00,16.0,24.0,24.0,29.0,28.0,5,6,30.0
32970,Queens,2021,3,7,5,0,12,177615,POINT (1028931.8143046284 215115.26618027306),ROOSEVELT AVENUE BRIDGE,Flushing Line,Flushing Line,WB,2021-03-07 05:00:00,11.0,11.0,7.0,25.0,13.0,5,6,13.0
32970,Queens,2021,3,7,5,0,16,177615,POINT (1028931.8143046284 215115.26618027306),ROOSEVELT AVENUE BRIDGE,Flushing Line,Flushing Line,EB,2021-03-07 05:00:00,14.0,14.0,13.0,12.0,14.0,5,6,17.0
32970,Brooklyn,2021,3,7,5,0,17,157501,POINT (988148.6889210109 151103.24158873298),CROPSEY AVENUE BRIDGE,Cropsey Avenue,Dead end,SB,2021-03-07 05:00:00,25.0,22.0,29.0,35.0,42.0,5,6,31.0
32970,Brooklyn,2021,3,7,5,15,42,157501,POINT (988148.6889210109 151103.24158873298),CROPSEY AVENUE BRIDGE,Cropsey Avenue,Dead end,SB,2021-03-07 05:15:00,17.0,25.0,37.0,41.0,52.0,5,6,31.0
32970,Queens,2021,3,7,5,15,14,177615,POINT (1028931.8143046284 215115.26618027306),ROOSEVELT AVENUE BRIDGE,Flushing Line,Flushing Line,EB,2021-03-07 05:15:00,16.0,14.0,10.0,15.0,13.0,5,6,25.0
32970,Queens,2021,3,7,5,15,13,177615,POINT (1028931.8143046284 215115.26618027306),ROOSEVELT AVENUE BRIDGE,Flushing Line,Flushing Line,WB,2021-03-07 05:15:00,12.0,11.0,14.0,8.0,15.0,5,6,18.0
32970,Brooklyn,2021,3,7,5,15,28,191114,POINT (988207.4245194928 151130.52481856258),CROPSEY AVENUE BRIDGE,Coney Island Creek Shoreline,Dead end,NB,2021-03-07 05:15:00,30.0,16.0,24.0,27.0,38.0,5,6,35.0
32970,Brooklyn,2021,3,7,5,30,52,157501,POINT (988148.6889210109 151103.24158873298),CROPSEY AVENUE BRIDGE,Cropsey Avenue,Dead end,SB,2021-03-07 05:30:00,42.0,17.0,22.0,29.0,52.0,5,6,40.0
32970,Queens,2021,3,7,5,30,13,177615,POINT (1028931.8143046284 215115.26618027306),ROOSEVELT AVENUE BRIDGE,Flushing Line,Flushing Line,EB,2021-03-07 05:30:00,14.0,16.0,14.0,11.0,18.0,5,6,24.0
32970,Queens,2021,3,7,5,30,15,177615,POINT (1028931.8143046284 215115.26618027306),ROOSEVELT AVENUE BRIDGE,Flushing Line,Flushing Line,WB,2021-03-07 05:30:00,13.0,12.0,11.0,5.0,7.0,5,6,22.0
32970,Brooklyn,2021,3,7,5,30,38,191114,POINT (988207.4245194928 151130.52481856258),CROPSEY AVENUE BRIDGE,Coney Island Creek Shoreline,Dead end,NB,2021-03-07 05:30:00,28.0,30.0,24.0,48.0,26.0,5,6,40.0
32970,Brooklyn,2021,3,7,5,45,26,191114,POINT (988207.4245194928 151130.52481856258),CROPSEY AVENUE BRIDGE,Coney Island Creek Shoreline,Dead end,NB,2021-03-07 05:45:00,38.0,28.0,16.0,29.0,60.0,5,6,45.0
32970,Queens,2021,3,7,5,45,7,177615,POINT (1028931.8143046284 215115.26618027306),ROOSEVELT AVENUE BRIDGE,Flushing Line,Flushing Line,WB,2021-03-07 05:45:00,15.0,13.0,11.0,6.0,11.0,5,6,12.0
32970,Queens,2021,3,7,5,45,18,177615,POINT (1028931.8143046284 215115.26618027306),ROOSEVELT AVENUE BRIDGE,Flushing Line,Flushing Line,EB,2021-03-07 05:45:00,13.0,14.0,14.0,16.0,18.0,5,6,29.0
32970,Brooklyn,2021,3,7,5,45,52,157501,POINT (988148.6889210109 151103.24158873298),CROPSEY AVENUE BRIDGE,Cropsey Avenue,Dead end,SB,2021-03-07 05:45:00,52.0,42.0,25.0,28.0,47.0,5,6,58.0
32970,Brooklyn,2021,3,7,6,0,47,157501,POINT (988148.6889210109 151103.24158873298),CROPSEY AVENUE BRIDGE,Cropsey Avenue,Dead end,SB,2021-03-07 06:00:00,52.0,52.0,17.0,29.0,54.0,6,6,64.0
32970,Queens,2021,3,7,6,0,18,177615,POINT (1028931.8143046284 215115.26618027306),ROOSEVELT AVENUE BRIDGE,Flushing Line,Flushing Line,EB,2021-03-07 06:00:00,18.0,13.0,16.0,13.0,27.0,6,6,30.0
32970,Queens,2021,3,7,6,0,11,177615,POINT (1028931.8143046284 215115.26618027306),ROOSEVELT AVENUE BRIDGE,Flushing Line,Flushing Line,WB,2021-03-07 06:00:00,7.0,15.0,12.0,7.0,10.0,6,6,15.0
32970,Brooklyn,2021,3,7,6,0,60,191114,POINT (988207.4245194928 151130.52481856258),CROPSEY AVENUE BRIDGE,Coney Island Creek Shoreline,Dead end,NB,2021-03-07 06:00:00,26.0,38.0,30.0,24.0,51.0,6,6,60.0
32970,Brooklyn,2021,3,7,6,15,54,157501,POINT (988148.6889210109 151103.24158873298),CROPSEY AVENUE BRIDGE,Cropsey Avenue,Dead end,SB,2021-03-07 06:15:00,47.0,52.0,42.0,37.0,80.0,6,6,56.0
32970,Queens,2021,3,7,6,15,27,177615,POINT (1028931.8143046284 215115.26618027306),ROOSEVELT AVENUE BRIDGE,Flushing Line,Flushing Line,EB,2021-03-07 06:15:00,18.0,18.0,14.0,10.0,25.0,6,6,25.0
32970,Queens,2021,3,7,6,15,10,177615,POINT (1028931.8143046284 215115.26618027306),ROOSEVELT AVENUE BRIDGE,Flushing Line,Flushing Line,WB,2021-03-07 06:15:00,11.0,7.0,13.0,14.0,15.0,6,6,27.0
32970,Brooklyn,2021,3,7,6,15,51,191114,POINT (988207.4245194928 151130.52481856258),CROPSEY AVENUE BRIDGE,Coney Island Creek Shoreline,Dead end,NB,2021-03-07 06:15:00,60.0,26.0,28.0,24.0,72.0,6,6,81.0
32970,Queens,2021,3,7,6,30,15,177615,POINT (1028931.8143046284 215115.26618027306),ROOSEVELT AVENUE BRIDGE,Flushing Line,Flushing Line,WB,2021-03-07 06:30:00,10.0,11.0,15.0,11.0,20.0,6,6,31.0
32970,Brooklyn,2021,3,7,6,30,72,191114,POINT (988207.4245194928 151130.52481856258),CROPSEY AVENUE BRIDGE,Coney Island Creek Shoreline,Dead end,NB,2021-03-07 06:30:00,51.0,60.0,38.0,24.0,57.0,6,6,77.0
32970,Brooklyn,2021,3,7,6,30,80,157501,POINT (988148.6889210109 151103.24158873298),CROPSEY AVENUE BRIDGE,Cropsey Avenue,Dead end,SB,2021-03-07 06:30:00,54.0,47.0,52.0,22.0,87.0,6,6,89.0
32970,Queens,2021,3,7,6,30,25,177615,POINT (1028931.8143046284 215115.26618027306),ROOSEVELT AVENUE BRIDGE,Flushing Line,Flushing Line,EB,2021-03-07 06:30:00,27.0,18.0,13.0,14.0,32.0,6,6,40.0
32970,Brooklyn,2021,3,7,6,45,87,157501,POINT (988148.6889210109 151103.24158873298),CROPSEY AVENUE BRIDGE,Cropsey Avenue,Dead end,SB,2021-03-07 06:45:00,80.0,54.0,52.0,25.0,72.0,6,6,119.0
32970,Queens,2021,3,7,6,45,32,177615,POINT (1028931.8143046284 215115.26618027306),ROOSEVELT AVENUE BRIDGE,Flushing Line,Flushing Line,EB,2021-03-07 06:45:00,25.0,27.0,18.0,14.0,26.0,6,6,53.0
32970,Queens,2021,3,7,6,45,20,177615,POINT (1028931.8143046284 215115.26618027306),ROOSEVELT AVENUE BRIDGE,Flushing Line,Flushing Line,WB,2021-03-07 06:45:00,15.0,10.0,7.0,11.0,28.0,6,6,41.0
32970,Brooklyn,2021,3,7,6,45,57,191114,POINT (988207.4245194928 151130.52481856258),CROPSEY AVENUE BRIDGE,Coney Island Creek Shoreline,Dead end,NB,2021-03-07 06:45:00,72.0,51.0,26.0,16.0,59.0,6,6,89.0
32970,Brooklyn,2021,3,7,7,0,72,157501,POINT (988148.6889210109 151103.24158873298),CROPSEY AVENUE BRIDGE,Cropsey Avenue,Dead end,SB,2021-03-07 07:00:00,87.0,80.0,47.0,17.0,75.0,7,6,107.0
32970,Queens,2021,3,7,7,0,26,177615,POINT (1028931.8143046284 215115.26618027306),ROOSEVELT AVENUE BRIDGE,Flushing Line,Flushing Line,EB,2021-03-07 07:00:00,32.0,25.0,18.0,16.0,28.0,7,6,46.0
32970,Queens,2021,3,7,7,0,28,177615,POINT (1028931.8143046284 215115.26618027306),ROOSEVELT AVENUE BRIDGE,Flushing Line,Flushing Line,WB,2021-03-07 07:00:00,20.0,15.0,11.0,12.0,29.0,7,6,41.0
32970,Brooklyn,2021,3,7,7,0,59,191114,POINT (988207.4245194928 151130.52481856258),CROPSEY AVENUE BRIDGE,Coney Island Creek Shoreline,Dead end,NB,2021-03-07 07:00:00,57.0,72.0,60.0,30.0,88.0,7,6,109.0
32970,Brooklyn,2021,3,7,7,15,88,191114,POINT (988207.4245194928 151130.52481856258),CROPSEY AVENUE BRIDGE,Coney Island Creek Shoreline,Dead end,NB,2021-03-07 07:15:00,59.0,57.0,51.0,28.0,90.0,7,6,138.0
32970,Queens,2021,3,7,7,15,29,177615,POINT (1028931.8143046284 215115.26618027306),ROOSEVELT AVENUE BRIDGE,Flushing Line,Flushing Line,WB,2021-03-07 07:15:00,28.0,20.0,10.0,13.0,23.0,7,6,66.0
32970,Queens,2021,3,7,7,15,28,177615,POINT (1028931.8143046284 215115.26618027306),ROOSEVELT AVENUE BRIDGE,Flushing Line,Flushing Line,EB,2021-03-07 07:15:00,26.0,32.0,27.0,14.0,22.0,7,6,49.0
32970,Brooklyn,2021,3,7,7,15,75,157501,POINT (988148.6889210109 151103.24158873298),CROPSEY AVENUE BRIDGE,Cropsey Avenue,Dead end,SB,2021-03-07 07:15:00,72.0,87.0,54.0,42.0,91.0,7,6,115.0
32970,Brooklyn,2021,3,7,7,30,91,157501,POINT (988148.6889210109 151103.24158873298),CROPSEY AVENUE BRIDGE,Cropsey Avenue,Dead end,SB,2021-03-07 07:30:00,75.0,72.0,80.0,52.0,134.0,7,6,127.0
32970,Queens,2021,3,7,7,30,22,177615,POINT (1028931.8143046284 215115.26618027306),ROOSEVELT AVENUE BRIDGE,Flushing Line,Flushing Line,EB,2021-03-07 07:30:00,28.0,26.0,25.0,13.0,56.0,7,6,63.0
32970,Queens,2021,3,7,7,30,23,177615,POINT (1028931.8143046284 215115.26618027306),ROOSEVELT AVENUE BRIDGE,Flushing Line,Flushing Line,WB,2021-03-07 07:30:00,29.0,28.0,15.0,15.0,29.0,7,6,59.0
32970,Brooklyn,2021,3,7,7,30,90,191114,POINT (988207.4245194928 151130.52481856258),CROPSEY AVENUE BRIDGE,Coney Island Creek Shoreline,Dead end,NB,2021-03-07 07:30:00,88.0,59.0,72.0,38.0,84.0,7,6,125.0
32970,Brooklyn,2021,3,7,7,45,134,157501,POINT (988148.6889210109 151103.24158873298),CROPSEY AVENUE BRIDGE,Cropsey Avenue,Dead end,SB,2021-03-07 07:45:00,91.0,75.0,87.0,52.0,96.0,7,6,160.0
32970,Queens,2021,3,7,7,45,56,177615,POINT (1028931.8143046284 215115.26618027306),ROOSEVELT AVENUE BRIDGE,Flushing Line,Flushing Line,EB,2021-03-07 07:45:00,22.0,28.0,32.0,18.0,55.0,7,6,72.0
32970,Queens,2021,3,7,7,45,29,177615,POINT (1028931.8143046284 215115.26618027306),ROOSEVELT AVENUE BRIDGE,Flushing Line,Flushing Line,WB,2021-03-07 07:45:00,23.0,29.0,20.0,7.0,25.0,7,6,69.0
32970,Brooklyn,2021,3,7,7,45,84,191114,POINT (988207.4245194928 151130.52481856258),CROPSEY AVENUE BRIDGE,Coney Island Creek Shoreline,Dead end,NB,2021-03-07 07:45:00,90.0,88.0,57.0,26.0,116.0,7,6,125.0
32970,Queens,2021,3,7,8,0,25,177615,POINT (1028931.8143046284 215115.26618027306),ROOSEVELT AVENUE BRIDGE,Flushing Line,Flushing Line,WB,2021-03-07 08:00:00,29.0,23.0,28.0,11.0,46.0,8,6,63.0
32970,Brooklyn,2021,3,7,8,0,116,191114,POINT (988207.4245194928 151130.52481856258),CROPSEY AVENUE BRIDGE,Coney Island Creek Shoreline,Dead end,NB,2021-03-07 08:00:00,84.0,90.0,59.0,60.0,129.0,8,6,159.0
32970,Brooklyn,2021,3,7,8,0,96,157501,POINT (988148.6889210109 151103.24158873298),CROPSEY AVENUE BRIDGE,Cropsey Avenue,Dead end,SB,2021-03-07 08:00:00,134.0,91.0,72.0,47.0,106.0,8,6,162.0
32970,Queens,2021,3,7,8,0,55,177615,POINT (1028931.8143046284 215115.26618027306),ROOSEVELT AVENUE BRIDGE,Flushing Line,Flushing Line,EB,2021-03-07 08:00:00,56.0,22.0,26.0,18.0,59.0,8,6,89.0
32970,Brooklyn,2021,3,7,8,15,106,157501,POINT (988148.6889210109 151103.24158873298),CROPSEY AVENUE BRIDGE,Cropsey Avenue,Dead end,SB,2021-03-07 08:15:00,96.0,134.0,75.0,54.0,114.0,8,6,153.0
32970,Queens,2021,3,7,8,15,59,177615,POINT (1028931.8143046284 215115.26618027306),ROOSEVELT AVENUE BRIDGE,Flushing Line,Flushing Line,EB,2021-03-07 08:15:00,55.0,56.0,28.0,27.0,56.0,8,6,67.0
32970,Queens,2021,3,7,8,15,46,177615,POINT (1028931.8143046284 215115.26618027306),ROOSEVELT AVENUE BRIDGE,Flushing Line,Flushing Line,WB,2021-03-07 08:15:00,25.0,29.0,29.0,10.0,40.0,8,6,64.0
32970,Brooklyn,2021,3,7,8,15,129,191114,POINT (988207.4245194928 151130.52481856258),CROPSEY AVENUE BRIDGE,Coney Island Creek Shoreline,Dead end,NB,2021-03-07 08:15:00,116.0,84.0,88.0,51.0,116.0,8,6,178.0
32970,Brooklyn,2021,3,7,8,30,114,157501,POINT (988148.6889210109 151103.24158873298),CROPSEY AVENUE BRIDGE,Cropsey Avenue,Dead end,SB,2021-03-07 08:30:00,106.0,96.0,91.0,80.0,123.0,8,6,170.0
32970,Queens,2021,3,7,8,30,56,177615,POINT (1028931.8143046284 215115.26618027306),ROOSEVELT AVENUE BRIDGE,Flushing Line,Flushing Line,EB,2021-03-07 08:30:00,59.0,55.0,22.0,25.0,75.0,8,6,76.0
32970,Queens,2021,3,7,8,30,40,177615,POINT (1028931.8143046284 215115.26618027306),ROOSEVELT AVENUE BRIDGE,Flushing Line,Flushing Line,WB,2021-03-07 08:30:00,46.0,25.0,23.0,15.0,53.0,8,6,79.0
32970,Brooklyn,2021,3,7,8,30,116,191114,POINT (988207.4245194928 151130.52481856258),CROPSEY AVENUE BRIDGE,Coney Island Creek Shoreline,Dead end,NB,2021-03-07 08:30:00,129.0,116.0,90.0,72.0,146.0,8,6,183.0
32970,Queens,2021,3,7,8,45,53,177615,POINT (1028931.8143046284 215115.26618027306),ROOSEVELT AVENUE BRIDGE,Flushing Line,Flushing Line,WB,2021-03-07 08:45:00,40.0,46.0,29.0,20.0,46.0,8,6,90.0
32970,Brooklyn,2021,3,7,8,45,146,191114,POINT (988207.4245194928 151130.52481856258),CROPSEY AVENUE BRIDGE,Coney Island Creek Shoreline,Dead end,NB,2021-03-07 08:45:00,116.0,129.0,84.0,57.0,148.0,8,6,194.0
32970,Brooklyn,2021,3,7,8,45,123,157501,POINT (988148.6889210109 151103.24158873298),CROPSEY AVENUE BRIDGE,Cropsey Avenue,Dead end,SB,2021-03-07 08:45:00,114.0,106.0,134.0,87.0,117.0,8,6,176.0
32970,Queens,2021,3,7,8,45,75,177615,POINT (1028931.8143046284 215115.26618027306),ROOSEVELT AVENUE BRIDGE,Flushing Line,Flushing Line,EB,2021-03-07 08:45:00,56.0,59.0,56.0,32.0,52.0,8,6,119.0
32970,Brooklyn,2021,3,7,9,0,117,157501,POINT (988148.6889210109 151103.24158873298),CROPSEY AVENUE BRIDGE,Cropsey Avenue,Dead end,SB,2021-03-07 09:00:00,123.0,114.0,96.0,72.0,126.0,9,6,155.0
32970,Queens,2021,3,7,9,0,52,177615,POINT (1028931.8143046284 215115.26618027306),ROOSEVELT AVENUE BRIDGE,Flushing Line,Flushing Line,EB,2021-03-07 09:00:00,75.0,56.0,55.0,26.0,68.0,9,6,90.0
32970,Queens,2021,3,7,9,0,46,177615,POINT (1028931.8143046284 215115.26618027306),ROOSEVELT AVENUE BRIDGE,Flushing Line,Flushing Line,WB,2021-03-07 09:00:00,53.0,40.0,25.0,28.0,50.0,9,6,73.0
32970,Brooklyn,2021,3,7,9,0,148,191114,POINT (988207.4245194928 151130.52481856258),CROPSEY AVENUE BRIDGE,Coney Island Creek Shoreline,Dead end,NB,2021-03-07 09:00:00,146.0,116.0,116.0,59.0,155.0,9,6,186.0
32970,Brooklyn,2021,3,7,9,15,126,157501,POINT (988148.6889210109 151103.24158873298),CROPSEY AVENUE BRIDGE,Cropsey Avenue,Dead end,SB,2021-03-07 09:15:00,117.0,123.0,106.0,75.0,135.0,9,6,163.0
32970,Queens,2021,3,7,9,15,68,177615,POINT (1028931.8143046284 215115.26618027306),ROOSEVELT AVENUE BRIDGE,Flushing Line,Flushing Line,EB,2021-03-07 09:15:00,52.0,75.0,59.0,28.0,74.0,9,6,112.0
32970,Queens,2021,3,7,9,15,50,177615,POINT (1028931.8143046284 215115.26618027306),ROOSEVELT AVENUE BRIDGE,Flushing Line,Flushing Line,WB,2021-03-07 09:15:00,46.0,53.0,46.0,29.0,59.0,9,6,84.0
32970,Brooklyn,2021,3,7,9,15,155,191114,POINT (988207.4245194928 151130.52481856258),CROPSEY AVENUE BRIDGE,Coney Island Creek Shoreline,Dead end,NB,2021-03-07 09:15:00,148.0,146.0,129.0,88.0,160.0,9,6,201.0
32970,Brooklyn,2021,3,7,9,30,160,191114,POINT (988207.4245194928 151130.52481856258),CROPSEY AVENUE BRIDGE,Coney Island Creek Shoreline,Dead end,NB,2021-03-07 09:30:00,155.0,148.0,116.0,90.0,168.0,9,6,170.0
32970,Brooklyn,2021,3,7,9,30,135,157501,POINT (988148.6889210109 151103.24158873298),CROPSEY AVENUE BRIDGE,Cropsey Avenue,Dead end,SB,2021-03-07 09:30:00,126.0,117.0,114.0,91.0,157.0,9,6,175.0
32970,Queens,2021,3,7,9,30,74,177615,POINT (1028931.8143046284 215115.26618027306),ROOSEVELT AVENUE BRIDGE,Flushing Line,Flushing Line,EB,2021-03-07 09:30:00,68.0,52.0,56.0,22.0,100.0,9,6,121.0
32970,Queens,2021,3,7,9,30,59,177615,POINT (1028931.8143046284 215115.26618027306),ROOSEVELT AVENUE BRIDGE,Flushing Line,Flushing Line,WB,2021-03-07 09:30:00,50.0,46.0,40.0,23.0,67.0,9,6,72.0
32970,Queens,2021,3,7,9,45,67,177615,POINT (1028931.8143046284 215115.26618027306),ROOSEVELT AVENUE BRIDGE,Flushing Line,Flushing Line,WB,2021-03-07 09:45:00,59.0,50.0,53.0,29.0,75.0,9,6,100.0
32970,Brooklyn,2021,3,7,9,45,168,191114,POINT (988207.4245194928 151130.52481856258),CROPSEY AVENUE BRIDGE,Coney Island Creek Shoreline,Dead end,NB,2021-03-07 09:45:00,160.0,155.0,146.0,84.0,173.0,9,6,192.0
32970,Brooklyn,2021,3,7,9,45,157,157501,POINT (988148.6889210109 151103.24158873298),CROPSEY AVENUE BRIDGE,Cropsey Avenue,Dead end,SB,2021-03-07 09:45:00,135.0,126.0,123.0,134.0,148.0,9,6,179.0
32970,Queens,2021,3,7,9,45,100,177615,POINT (1028931.8143046284 215115.26618027306),ROOSEVELT AVENUE BRIDGE,Flushing Line,Flushing Line,EB,2021-03-07 09:45:00,74.0,68.0,75.0,56.0,94.0,9,6,124.0
32970,Queens,2021,3,7,10,0,75,177615,POINT (1028931.8143046284 215115.26618027306),ROOSEVELT AVENUE BRIDGE,Flushing Line,Flushing Line,WB,2021-03-07 10:00:00,67.0,59.0,46.0,25.0,79.0,10,6,81.0
32970,Brooklyn,2021,3,7,10,0,173,191114,POINT (988207.4245194928 151130.52481856258),CROPSEY AVENUE BRIDGE,Coney Island Creek Shoreline,Dead end,NB,2021-03-07 10:00:00,168.0,160.0,148.0,116.0,172.0,10,6,187.0
32970,Brooklyn,2021,3,7,10,0,148,157501,POINT (988148.6889210109 151103.24158873298),CROPSEY AVENUE BRIDGE,Cropsey Avenue,Dead end,SB,2021-03-07 10:00:00,157.0,135.0,117.0,96.0,165.0,10,6,194.0
32970,Queens,2021,3,7,10,0,94,177615,POINT (1028931.8143046284 215115.26618027306),ROOSEVELT AVENUE BRIDGE,Flushing Line,Flushing Line,EB,2021-03-07 10:00:00,100.0,74.0,52.0,55.0,102.0,10,6,108.0
32970,Brooklyn,2021,3,7,10,15,165,157501,POINT (988148.6889210109 151103.24158873298),CROPSEY AVENUE BRIDGE,Cropsey Avenue,Dead end,SB,2021-03-07 10:15:00,148.0,157.0,126.0,106.0,210.0,10,6,202.0
32970,Queens,2021,3,7,10,15,102,177615,POINT (1028931.8143046284 215115.26618027306),ROOSEVELT AVENUE BRIDGE,Flushing Line,Flushing Line,EB,2021-03-07 10:15:00,94.0,100.0,68.0,59.0,96.0,10,6,132.0
32970,Queens,2021,3,7,10,15,79,177615,POINT (1028931.8143046284 215115.26618027306),ROOSEVELT AVENUE BRIDGE,Flushing Line,Flushing Line,WB,2021-03-07 10:15:00,75.0,67.0,50.0,46.0,79.0,10,6,87.0
32970,Brooklyn,2021,3,7,10,15,172,191114,POINT (988207.4245194928 151130.52481856258),CROPSEY AVENUE BRIDGE,Coney Island Creek Shoreline,Dead end,NB,2021-03-07 10:15:00,173.0,168.0,155.0,129.0,198.0,10,6,194.0
32970,Brooklyn,2021,3,7,10,30,210,157501,POINT (988148.6889210109 151103.24158873298),CROPSEY AVENUE BRIDGE,Cropsey Avenue,Dead end,SB,2021-03-07 10:30:00,165.0,148.0,135.0,114.0,196.0,10,6,211.0
32970,Queens,2021,3,7,10,30,96,177615,POINT (1028931.8143046284 215115.26618027306),ROOSEVELT AVENUE BRIDGE,Flushing Line,Flushing Line,EB,2021-03-07 10:30:00,102.0,94.0,74.0,56.0,104.0,10,6,148.0
32970,Queens,2021,3,7,10,30,79,177615,POINT (1028931.8143046284 215115.26618027306),ROOSEVELT AVENUE BRIDGE,Flushing Line,Flushing Line,WB,2021-03-07 10:30:00,79.0,75.0,59.0,40.0,70.0,10,6,100.0
32970,Brooklyn,2021,3,7,10,30,198,191114,POINT (988207.4245194928 151130.52481856258),CROPSEY AVENUE BRIDGE,Coney Island Creek Shoreline,Dead end,NB,2021-03-07 10:30:00,172.0,173.0,160.0,116.0,202.0,10,6,208.0
32970,Brooklyn,2021,3,7,10,45,196,157501,POINT (988148.6889210109 151103.24158873298),CROPSEY AVENUE BRIDGE,Cropsey Avenue,Dead end,SB,2021-03-07 10:45:00,210.0,165.0,157.0,123.0,186.0,10,6,216.0
32970,Queens,2021,3,7,10,45,104,177615,POINT (1028931.8143046284 215115.26618027306),ROOSEVELT AVENUE BRIDGE,Flushing Line,Flushing Line,EB,2021-03-07 10:45:00,96.0,102.0,100.0,75.0,100.0,10,6,119.0
32970,Queens,2021,3,7,10,45,70,177615,POINT (1028931.8143046284 215115.26618027306),ROOSEVELT AVENUE BRIDGE,Flushing Line,Flushing Line,WB,2021-03-07 10:45:00,79.0,79.0,67.0,53.0,93.0,10,6,110.0
32970,Brooklyn,2021,3,7,10,45,202,191114,POINT (988207.4245194928 151130.52481856258),CROPSEY AVENUE BRIDGE,Coney Island Creek Shoreline,Dead end,NB,2021-03-07 10:45:00,198.0,172.0,168.0,146.0,209.0,10,6,249.0
32970,Brooklyn,2021,3,7,11,0,209,191114,POINT (988207.4245194928 151130.52481856258),CROPSEY AVENUE BRIDGE,Coney Island Creek Shoreline,Dead end,NB,2021-03-07 11:00:00,202.0,198.0,173.0,148.0,216.0,11,6,217.0
32970,Queens,2021,3,7,11,0,93,177615,POINT (1028931.8143046284 215115.26618027306),ROOSEVELT AVENUE BRIDGE,Flushing Line,Flushing Line,WB,2021-03-07 11:00:00,70.0,79.0,75.0,46.0,95.0,11,6,102.0
32970,Brooklyn,2021,3,7,11,0,186,157501,POINT (988148.6889210109 151103.24158873298),CROPSEY AVENUE BRIDGE,Cropsey Avenue,Dead end,SB,2021-03-07 11:00:00,196.0,210.0,148.0,117.0,199.0,11,6,199.0
32970,Queens,2021,3,7,11,0,100,177615,POINT (1028931.8143046284 215115.26618027306),ROOSEVELT AVENUE BRIDGE,Flushing Line,Flushing Line,EB,2021-03-07 11:00:00,104.0,96.0,94.0,52.0,135.0,11,6,107.0
32970,Brooklyn,2021,3,7,11,15,199,157501,POINT (988148.6889210109 151103.24158873298),CROPSEY AVENUE BRIDGE,Cropsey Avenue,Dead end,SB,2021-03-07 11:15:00,186.0,196.0,165.0,126.0,199.0,11,6,226.0
32970,Queens,2021,3,7,11,15,135,177615,POINT (1028931.8143046284 215115.26618027306),ROOSEVELT AVENUE BRIDGE,Flushing Line,Flushing Line,EB,2021-03-07 11:15:00,100.0,104.0,102.0,68.0,103.0,11,6,140.0
32970,Queens,2021,3,7,11,15,95,177615,POINT (1028931.8143046284 215115.26618027306),ROOSEVELT AVENUE BRIDGE,Flushing Line,Flushing Line,WB,2021-03-07 11:15:00,93.0,70.0,79.0,50.0,92.0,11,6,103.0
32970,Brooklyn,2021,3,7,11,15,216,191114,POINT (988207.4245194928 151130.52481856258),CROPSEY AVENUE BRIDGE,Coney Island Creek Shoreline,Dead end,NB,2021-03-07 11:15:00,209.0,202.0,172.0,155.0,228.0,11,6,245.0
32970,Brooklyn,2021,3,7,11,30,199,157501,POINT (988148.6889210109 151103.24158873298),CROPSEY AVENUE BRIDGE,Cropsey Avenue,Dead end,SB,2021-03-07 11:30:00,199.0,186.0,210.0,135.0,220.0,11,6,212.0
32970,Queens,2021,3,7,11,30,103,177615,POINT (1028931.8143046284 215115.26618027306),ROOSEVELT AVENUE BRIDGE,Flushing Line,Flushing Line,EB,2021-03-07 11:30:00,135.0,100.0,96.0,74.0,123.0,11,6,127.0
32970,Queens,2021,3,7,11,30,92,177615,POINT (1028931.8143046284 215115.26618027306),ROOSEVELT AVENUE BRIDGE,Flushing Line,Flushing Line,WB,2021-03-07 11:30:00,95.0,93.0,79.0,59.0,105.0,11,6,115.0
32970,Brooklyn,2021,3,7,11,30,228,191114,POINT (988207.4245194928 151130.52481856258),CROPSEY AVENUE BRIDGE,Coney Island Creek Shoreline,Dead end,NB,2021-03-07 11:30:00,216.0,209.0,198.0,160.0,210.0,11,6,237.0
32970,Brooklyn,2021,3,7,11,45,210,191114,POINT (988207.4245194928 151130.52481856258),CROPSEY AVENUE BRIDGE,Coney Island Creek Shoreline,Dead end,NB,2021-03-07 11:45:00,228.0,216.0,202.0,168.0,206.0,11,6,228.0
32970,Queens,2021,3,7,11,45,105,177615,POINT (1028931.8143046284 215115.26618027306),ROOSEVELT AVENUE BRIDGE,Flushing Line,Flushing Line,WB,2021-03-07 11:45:00,92.0,95.0,70.0,67.0,99.0,11,6,113.0
32970,Brooklyn,2021,3,7,11,45,220,157501,POINT (988148.6889210109 151103.24158873298),CROPSEY AVENUE BRIDGE,Cropsey Avenue,Dead end,SB,2021-03-07 11:45:00,199.0,199.0,196.0,157.0,218.0,11,6,263.0
32970,Queens,2021,3,7,11,45,123,177615,POINT (1028931.8143046284 215115.26618027306),ROOSEVELT AVENUE BRIDGE,Flushing Line,Flushing Line,EB,2021-03-07 11:45:00,103.0,135.0,104.0,100.0,121.0,11,6,162.0
32970,Brooklyn,2021,3,7,12,0,218,157501,POINT (988148.6889210109 151103.24158873298),CROPSEY AVENUE BRIDGE,Cropsey Avenue,Dead end,SB,2021-03-07 12:00:00,220.0,199.0,186.0,148.0,211.0,12,6,229.0
32970,Queens,2021,3,7,12,0,121,177615,POINT (1028931.8143046284 215115.26618027306),ROOSEVELT AVENUE BRIDGE,Flushing Line,Flushing Line,EB,2021-03-07 12:00:00,123.0,103.0,100.0,94.0,124.0,12,6,121.0
32970,Queens,2021,3,7,12,0,99,177615,POINT (1028931.8143046284 215115.26618027306),ROOSEVELT AVENUE BRIDGE,Flushing Line,Flushing Line,WB,2021-03-07 12:00:00,105.0,92.0,93.0,75.0,99.0,12,6,118.0
32970,Brooklyn,2021,3,7,12,0,206,191114,POINT (988207.4245194928 151130.52481856258),CROPSEY AVENUE BRIDGE,Coney Island Creek Shoreline,Dead end,NB,2021-03-07 12:00:00,210.0,228.0,209.0,173.0,239.0,12,6,245.0
32970,Brooklyn,2021,3,7,12,15,239,191114,POINT (988207.4245194928 151130.52481856258),CROPSEY AVENUE BRIDGE,Coney Island Creek Shoreline,Dead end,NB,2021-03-07 12:15:00,206.0,210.0,216.0,172.0,228.0,12,6,230.0
32970,Brooklyn,2021,3,7,12,15,211,157501,POINT (988148.6889210109 151103.24158873298),CROPSEY AVENUE BRIDGE,Cropsey Avenue,Dead end,SB,2021-03-07 12:15:00,218.0,220.0,199.0,165.0,236.0,12,6,263.0
32970,Queens,2021,3,7,12,15,124,177615,POINT (1028931.8143046284 215115.26618027306),ROOSEVELT AVENUE BRIDGE,Flushing Line,Flushing Line,EB,2021-03-07 12:15:00,121.0,123.0,135.0,102.0,115.0,12,6,136.0
32970,Queens,2021,3,7,12,15,99,177615,POINT (1028931.8143046284 215115.26618027306),ROOSEVELT AVENUE BRIDGE,Flushing Line,Flushing Line,WB,2021-03-07 12:15:00,99.0,105.0,95.0,79.0,122.0,12,6,93.0
32970,Brooklyn,2021,3,7,12,30,228,191114,POINT (988207.4245194928 151130.52481856258),CROPSEY AVENUE BRIDGE,Coney Island Creek Shoreline,Dead end,NB,2021-03-07 12:30:00,239.0,206.0,228.0,198.0,220.0,12,6,250.0
32970,Queens,2021,3,7,12,30,122,177615,POINT (1028931.8143046284 215115.26618027306),ROOSEVELT AVENUE BRIDGE,Flushing Line,Flushing Line,WB,2021-03-07 12:30:00,99.0,99.0,92.0,79.0,93.0,12,6,118.0
32970,Queens,2021,3,7,12,30,115,177615,POINT (1028931.8143046284 215115.26618027306),ROOSEVELT AVENUE BRIDGE,Flushing Line,Flushing Line,EB,2021-03-07 12:30:00,124.0,121.0,103.0,96.0,148.0,12,6,138.0
32970,Brooklyn,2021,3,7,12,30,236,157501,POINT (988148.6889210109 151103.24158873298),CROPSEY AVENUE BRIDGE,Cropsey Avenue,Dead end,SB,2021-03-07 12:30:00,211.0,218.0,199.0,210.0,247.0,12,6,249.0
32970,Brooklyn,2021,3,7,12,45,220,191114,POINT (988207.4245194928 151130.52481856258),CROPSEY AVENUE BRIDGE,Coney Island Creek Shoreline,Dead end,NB,2021-03-07 12:45:00,228.0,239.0,210.0,202.0,259.0,12,6,258.0
32970,Brooklyn,2021,3,7,12,45,247,157501,POINT (988148.6889210109 151103.24158873298),CROPSEY AVENUE BRIDGE,Cropsey Avenue,Dead end,SB,2021-03-07 12:45:00,236.0,211.0,220.0,196.0,226.0,12,6,256.0
32970,Queens,2021,3,7,12,45,148,177615,POINT (1028931.8143046284 215115.26618027306),ROOSEVELT AVENUE BRIDGE,Flushing Line,Flushing Line,EB,2021-03-07 12:45:00,115.0,124.0,123.0,104.0,115.0,12,6,122.0
32970,Queens,2021,3,7,12,45,93,177615,POINT (1028931.8143046284 215115.26618027306),ROOSEVELT AVENUE BRIDGE,Flushing Line,Flushing Line,WB,2021-03-07 12:45:00,122.0,99.0,105.0,70.0,109.0,12,6,96.0
32970,Queens,2021,3,7,13,0,109,177615,POINT (1028931.8143046284 215115.26618027306),ROOSEVELT AVENUE BRIDGE,Flushing Line,Flushing Line,WB,2021-03-07 13:00:00,93.0,122.0,99.0,93.0,116.0,13,6,123.0
32970,Brooklyn,2021,3,7,13,0,259,191114,POINT (988207.4245194928 151130.52481856258),CROPSEY AVENUE BRIDGE,Coney Island Creek Shoreline,Dead end,NB,2021-03-07 13:00:00,220.0,228.0,206.0,209.0,242.0,13,6,260.0
32970,Brooklyn,2021,3,7,13,0,226,157501,POINT (988148.6889210109 151103.24158873298),CROPSEY AVENUE BRIDGE,Cropsey Avenue,Dead end,SB,2021-03-07 13:00:00,247.0,236.0,218.0,186.0,263.0,13,6,285.0
32970,Queens,2021,3,7,13,0,115,177615,POINT (1028931.8143046284 215115.26618027306),ROOSEVELT AVENUE BRIDGE,Flushing Line,Flushing Line,EB,2021-03-07 13:00:00,148.0,115.0,121.0,100.0,128.0,13,6,106.0
32970,Brooklyn,2021,3,7,13,15,242,191114,POINT (988207.4245194928 151130.52481856258),CROPSEY AVENUE BRIDGE,Coney Island Creek Shoreline,Dead end,NB,2021-03-07 13:15:00,259.0,220.0,239.0,216.0,229.0,13,6,237.0
32970,Queens,2021,3,7,13,15,116,177615,POINT (1028931.8143046284 215115.26618027306),ROOSEVELT AVENUE BRIDGE,Flushing Line,Flushing Line,WB,2021-03-07 13:15:00,109.0,93.0,99.0,95.0,119.0,13,6,114.0
32970,Queens,2021,3,7,13,15,128,177615,POINT (1028931.8143046284 215115.26618027306),ROOSEVELT AVENUE BRIDGE,Flushing Line,Flushing Line,EB,2021-03-07 13:15:00,115.0,148.0,124.0,135.0,125.0,13,6,150.0
32970,Brooklyn,2021,3,7,13,15,263,157501,POINT (988148.6889210109 151103.24158873298),CROPSEY AVENUE BRIDGE,Cropsey Avenue,Dead end,SB,2021-03-07 13:15:00,226.0,247.0,211.0,199.0,241.0,13,6,269.0
32970,Brooklyn,2021,3,7,13,30,241,157501,POINT (988148.6889210109 151103.24158873298),CROPSEY AVENUE BRIDGE,Cropsey Avenue,Dead end,SB,2021-03-07 13:30:00,263.0,226.0,236.0,199.0,277.0,13,6,259.0
32970,Queens,2021,3,7,13,30,125,177615,POINT (1028931.8143046284 215115.26618027306),ROOSEVELT AVENUE BRIDGE,Flushing Line,Flushing Line,EB,2021-03-07 13:30:00,128.0,115.0,115.0,103.0,111.0,13,6,120.0
32970,Queens,2021,3,7,13,30,119,177615,POINT (1028931.8143046284 215115.26618027306),ROOSEVELT AVENUE BRIDGE,Flushing Line,Flushing Line,WB,2021-03-07 13:30:00,116.0,109.0,122.0,92.0,111.0,13,6,131.0
32970,Brooklyn,2021,3,7,13,30,229,191114,POINT (988207.4245194928 151130.52481856258),CROPSEY AVENUE BRIDGE,Coney Island Creek Shoreline,Dead end,NB,2021-03-07 13:30:00,242.0,259.0,228.0,228.0,220.0,13,6,246.0
32970,Brooklyn,2021,3,7,13,45,277,157501,POINT (988148.6889210109 151103.24158873298),CROPSEY AVENUE BRIDGE,Cropsey Avenue,Dead end,SB,2021-03-07 13:45:00,241.0,263.0,247.0,220.0,224.0,13,6,264.0
32970,Queens,2021,3,7,13,45,111,177615,POINT (1028931.8143046284 215115.26618027306),ROOSEVELT AVENUE BRIDGE,Flushing Line,Flushing Line,EB,2021-03-07 13:45:00,125.0,128.0,148.0,123.0,114.0,13,6,138.0
32970,Queens,2021,3,7,13,45,111,177615,POINT (1028931.8143046284 215115.26618027306),ROOSEVELT AVENUE BRIDGE,Flushing Line,Flushing Line,WB,2021-03-07 13:45:00,119.0,116.0,93.0,105.0,127.0,13,6,134.0
32970,Brooklyn,2021,3,7,13,45,220,191114,POINT (988207.4245194928 151130.52481856258),CROPSEY AVENUE BRIDGE,Coney Island Creek Shoreline,Dead end,NB,2021-03-07 13:45:00,229.0,242.0,220.0,210.0,256.0,13,6,263.0
32970,Brooklyn,2021,3,7,14,0,256,191114,POINT (988207.4245194928 151130.52481856258),CROPSEY AVENUE BRIDGE,Coney Island Creek Shoreline,Dead end,NB,2021-03-07 14:00:00,220.0,229.0,259.0,206.0,253.0,14,6,231.0
32970,Queens,2021,3,7,14,0,127,177615,POINT (1028931.8143046284 215115.26618027306),ROOSEVELT AVENUE BRIDGE,Flushing Line,Flushing Line,WB,2021-03-07 14:00:00,111.0,119.0,109.0,99.0,94.0,14,6,145.0
32970,Queens,2021,3,7,14,0,114,177615,POINT (1028931.8143046284 215115.26618027306),ROOSEVELT AVENUE BRIDGE,Flushing Line,Flushing Line,EB,2021-03-07 14:00:00,111.0,125.0,115.0,121.0,130.0,14,6,116.0
32970,Brooklyn,2021,3,7,14,0,224,157501,POINT (988148.6889210109 151103.24158873298),CROPSEY AVENUE BRIDGE,Cropsey Avenue,Dead end,SB,2021-03-07 14:00:00,277.0,241.0,226.0,218.0,281.0,14,6,248.0
32970,Brooklyn,2021,3,7,14,15,281,157501,POINT (988148.6889210109 151103.24158873298),CROPSEY AVENUE BRIDGE,Cropsey Avenue,Dead end,SB,2021-03-07 14:15:00,224.0,277.0,263.0,211.0,228.0,14,6,291.0
32970,Queens,2021,3,7,14,15,130,177615,POINT (1028931.8143046284 215115.26618027306),ROOSEVELT AVENUE BRIDGE,Flushing Line,Flushing Line,EB,2021-03-07 14:15:00,114.0,111.0,128.0,124.0,137.0,14,6,146.0
32970,Queens,2021,3,7,14,15,94,177615,POINT (1028931.8143046284 215115.26618027306),ROOSEVELT AVENUE BRIDGE,Flushing Line,Flushing Line,WB,2021-03-07 14:15:00,127.0,111.0,116.0,99.0,110.0,14,6,116.0
32970,Brooklyn,2021,3,7,14,15,253,191114,POINT (988207.4245194928 151130.52481856258),CROPSEY AVENUE BRIDGE,Coney Island Creek Shoreline,Dead end,NB,2021-03-07 14:15:00,256.0,220.0,242.0,239.0,247.0,14,6,261.0
32970,Brooklyn,2021,3,7,14,30,228,157501,POINT (988148.6889210109 151103.24158873298),CROPSEY AVENUE BRIDGE,Cropsey Avenue,Dead end,SB,2021-03-07 14:30:00,281.0,224.0,241.0,236.0,269.0,14,6,307.0
32970,Queens,2021,3,7,14,30,137,177615,POINT (1028931.8143046284 215115.26618027306),ROOSEVELT AVENUE BRIDGE,Flushing Line,Flushing Line,EB,2021-03-07 14:30:00,130.0,114.0,125.0,115.0,154.0,14,6,145.0
32970,Queens,2021,3,7,14,30,110,177615,POINT (1028931.8143046284 215115.26618027306),ROOSEVELT AVENUE BRIDGE,Flushing Line,Flushing Line,WB,2021-03-07 14:30:00,94.0,127.0,119.0,122.0,126.0,14,6,130.0
32970,Brooklyn,2021,3,7,14,30,247,191114,POINT (988207.4245194928 151130.52481856258),CROPSEY AVENUE BRIDGE,Coney Island Creek Shoreline,Dead end,NB,2021-03-07 14:30:00,253.0,256.0,229.0,228.0,239.0,14,6,248.0
32970,Brooklyn,2021,3,7,14,45,239,191114,POINT (988207.4245194928 151130.52481856258),CROPSEY AVENUE BRIDGE,Coney Island Creek Shoreline,Dead end,NB,2021-03-07 14:45:00,247.0,253.0,220.0,220.0,232.0,14,6,228.0
32970,Queens,2021,3,7,14,45,126,177615,POINT (1028931.8143046284 215115.26618027306),ROOSEVELT AVENUE BRIDGE,Flushing Line,Flushing Line,WB,2021-03-07 14:45:00,110.0,94.0,111.0,93.0,104.0,14,6,112.0
32970,Brooklyn,2021,3,7,14,45,269,157501,POINT (988148.6889210109 151103.24158873298),CROPSEY AVENUE BRIDGE,Cropsey Avenue,Dead end,SB,2021-03-07 14:45:00,228.0,281.0,277.0,247.0,254.0,14,6,312.0
32970,Queens,2021,3,7,14,45,154,177615,POINT (1028931.8143046284 215115.26618027306),ROOSEVELT AVENUE BRIDGE,Flushing Line,Flushing Line,EB,2021-03-07 14:45:00,137.0,130.0,111.0,148.0,116.0,14,6,128.0
32970,Brooklyn,2021,3,7,15,0,254,157501,POINT (988148.6889210109 151103.24158873298),CROPSEY AVENUE BRIDGE,Cropsey Avenue,Dead end,SB,2021-03-07 15:00:00,269.0,228.0,224.0,226.0,254.0,15,6,247.0
32970,Queens,2021,3,7,15,0,116,177615,POINT (1028931.8143046284 215115.26618027306),ROOSEVELT AVENUE BRIDGE,Flushing Line,Flushing Line,EB,2021-03-07 15:00:00,154.0,137.0,114.0,115.0,111.0,15,6,124.0
32970,Queens,2021,3,7,15,0,104,177615,POINT (1028931.8143046284 215115.26618027306),ROOSEVELT AVENUE BRIDGE,Flushing Line,Flushing Line,WB,2021-03-07 15:00:00,126.0,110.0,127.0,109.0,122.0,15,6,129.0
32970,Brooklyn,2021,3,7,15,0,232,191114,POINT (988207.4245194928 151130.52481856258),CROPSEY AVENUE BRIDGE,Coney Island Creek Shoreline,Dead end,NB,2021-03-07 15:00:00,239.0,247.0,256.0,259.0,249.0,15,6,265.0
32970,Brooklyn,2021,3,7,15,15,254,157501,POINT (988148.6889210109 151103.24158873298),CROPSEY AVENUE BRIDGE,Cropsey Avenue,Dead end,SB,2021-03-07 15:15:00,254.0,269.0,281.0,263.0,240.0,15,6,287.0
32970,Queens,2021,3,7,15,15,111,177615,POINT (1028931.8143046284 215115.26618027306),ROOSEVELT AVENUE BRIDGE,Flushing Line,Flushing Line,EB,2021-03-07 15:15:00,116.0,154.0,130.0,128.0,108.0,15,6,98.0
32970,Queens,2021,3,7,15,15,122,177615,POINT (1028931.8143046284 215115.26618027306),ROOSEVELT AVENUE BRIDGE,Flushing Line,Flushing Line,WB,2021-03-07 15:15:00,104.0,126.0,94.0,116.0,106.0,15,6,129.0
32970,Brooklyn,2021,3,7,15,15,249,191114,POINT (988207.4245194928 151130.52481856258),CROPSEY AVENUE BRIDGE,Coney Island Creek Shoreline,Dead end,NB,2021-03-07 15:15:00,232.0,239.0,253.0,242.0,223.0,15,6,270.0
32970,Queens,2021,3,7,15,30,106,177615,POINT (1028931.8143046284 215115.26618027306),ROOSEVELT AVENUE BRIDGE,Flushing Line,Flushing Line,WB,2021-03-07 15:30:00,122.0,104.0,110.0,119.0,125.0,15,6,143.0
32970,Brooklyn,2021,3,7,15,30,223,191114,POINT (988207.4245194928 151130.52481856258),CROPSEY AVENUE BRIDGE,Coney Island Creek Shoreline,Dead end,NB,2021-03-07 15:30:00,249.0,232.0,247.0,229.0,277.0,15,6,224.0
32970,Queens,2021,3,7,15,30,108,177615,POINT (1028931.8143046284 215115.26618027306),ROOSEVELT AVENUE BRIDGE,Flushing Line,Flushing Line,EB,2021-03-07 15:30:00,111.0,116.0,137.0,125.0,126.0,15,6,117.0
32970,Brooklyn,2021,3,7,15,30,240,157501,POINT (988148.6889210109 151103.24158873298),CROPSEY AVENUE BRIDGE,Cropsey Avenue,Dead end,SB,2021-03-07 15:30:00,254.0,254.0,228.0,241.0,257.0,15,6,320.0
32970,Brooklyn,2021,3,7,15,45,257,157501,POINT (988148.6889210109 151103.24158873298),CROPSEY AVENUE BRIDGE,Cropsey Avenue,Dead end,SB,2021-03-07 15:45:00,240.0,254.0,269.0,277.0,257.0,15,6,307.0
32970,Queens,2021,3,7,15,45,126,177615,POINT (1028931.8143046284 215115.26618027306),ROOSEVELT AVENUE BRIDGE,Flushing Line,Flushing Line,EB,2021-03-07 15:45:00,108.0,111.0,154.0,111.0,117.0,15,6,131.0
32970,Queens,2021,3,7,15,45,125,177615,POINT (1028931.8143046284 215115.26618027306),ROOSEVELT AVENUE BRIDGE,Flushing Line,Flushing Line,WB,2021-03-07 15:45:00,106.0,122.0,126.0,111.0,122.0,15,6,133.0
32970,Brooklyn,2021,3,7,15,45,277,191114,POINT (988207.4245194928 151130.52481856258),CROPSEY AVENUE BRIDGE,Coney Island Creek Shoreline,Dead end,NB,2021-03-07 15:45:00,223.0,249.0,239.0,220.0,241.0,15,6,226.0
32970,Brooklyn,2021,3,7,16,0,257,157501,POINT (988148.6889210109 151103.24158873298),CROPSEY AVENUE BRIDGE,Cropsey Avenue,Dead end,SB,2021-03-07 16:00:00,257.0,240.0,254.0,224.0,237.0,16,6,250.0
32970,Queens,2021,3,7,16,0,117,177615,POINT (1028931.8143046284 215115.26618027306),ROOSEVELT AVENUE BRIDGE,Flushing Line,Flushing Line,EB,2021-03-07 16:00:00,126.0,108.0,116.0,114.0,133.0,16,6,114.0
32970,Queens,2021,3,7,16,0,122,177615,POINT (1028931.8143046284 215115.26618027306),ROOSEVELT AVENUE BRIDGE,Flushing Line,Flushing Line,WB,2021-03-07 16:00:00,125.0,106.0,104.0,127.0,109.0,16,6,123.0
32970,Brooklyn,2021,3,7,16,0,241,191114,POINT (988207.4245194928 151130.52481856258),CROPSEY AVENUE BRIDGE,Coney Island Creek Shoreline,Dead end,NB,2021-03-07 16:00:00,277.0,223.0,232.0,256.0,229.0,16,6,242.0
32970,Queens,2021,3,7,16,15,133,177615,POINT (1028931.8143046284 215115.26618027306),ROOSEVELT AVENUE BRIDGE,Flushing Line,Flushing Line,EB,2021-03-07 16:15:00,117.0,126.0,111.0,130.0,111.0,16,6,145.0
32970,Queens,2021,3,7,16,15,109,177615,POINT (1028931.8143046284 215115.26618027306),ROOSEVELT AVENUE BRIDGE,Flushing Line,Flushing Line,WB,2021-03-07 16:15:00,122.0,125.0,122.0,94.0,92.0,16,6,124.0
32970,Brooklyn,2021,3,7,16,15,237,157501,POINT (988148.6889210109 151103.24158873298),CROPSEY AVENUE BRIDGE,Cropsey Avenue,Dead end,SB,2021-03-07 16:15:00,257.0,257.0,254.0,281.0,244.0,16,6,278.0
32970,Brooklyn,2021,3,7,16,15,229,191114,POINT (988207.4245194928 151130.52481856258),CROPSEY AVENUE BRIDGE,Coney Island Creek Shoreline,Dead end,NB,2021-03-07 16:15:00,241.0,277.0,249.0,253.0,223.0,16,6,240.0
32970,Brooklyn,2021,3,7,16,30,223,191114,POINT (988207.4245194928 151130.52481856258),CROPSEY AVENUE BRIDGE,Coney Island Creek Shoreline,Dead end,NB,2021-03-07 16:30:00,229.0,241.0,223.0,247.0,209.0,16,6,244.0
32970,Queens,2021,3,7,16,30,92,177615,POINT (1028931.8143046284 215115.26618027306),ROOSEVELT AVENUE BRIDGE,Flushing Line,Flushing Line,WB,2021-03-07 16:30:00,109.0,122.0,106.0,110.0,116.0,16,6,121.0
32970,Brooklyn,2021,3,7,16,30,244,157501,POINT (988148.6889210109 151103.24158873298),CROPSEY AVENUE BRIDGE,Cropsey Avenue,Dead end,SB,2021-03-07 16:30:00,237.0,257.0,240.0,228.0,249.0,16,6,261.0
32970,Queens,2021,3,7,16,30,111,177615,POINT (1028931.8143046284 215115.26618027306),ROOSEVELT AVENUE BRIDGE,Flushing Line,Flushing Line,EB,2021-03-07 16:30:00,133.0,117.0,108.0,137.0,131.0,16,6,142.0
32970,Brooklyn,2021,3,7,16,45,249,157501,POINT (988148.6889210109 151103.24158873298),CROPSEY AVENUE BRIDGE,Cropsey Avenue,Dead end,SB,2021-03-07 16:45:00,244.0,237.0,257.0,269.0,234.0,16,6,256.0
32970,Queens,2021,3,7,16,45,131,177615,POINT (1028931.8143046284 215115.26618027306),ROOSEVELT AVENUE BRIDGE,Flushing Line,Flushing Line,EB,2021-03-07 16:45:00,111.0,133.0,126.0,154.0,118.0,16,6,139.0
32970,Queens,2021,3,7,16,45,116,177615,POINT (1028931.8143046284 215115.26618027306),ROOSEVELT AVENUE BRIDGE,Flushing Line,Flushing Line,WB,2021-03-07 16:45:00,92.0,109.0,125.0,126.0,112.0,16,6,125.0
32970,Brooklyn,2021,3,7,16,45,209,191114,POINT (988207.4245194928 151130.52481856258),CROPSEY AVENUE BRIDGE,Coney Island Creek Shoreline,Dead end,NB,2021-03-07 16:45:00,223.0,229.0,277.0,239.0,203.0,16,6,251.0
32970,Brooklyn,2021,3,7,17,0,234,157501,POINT (988148.6889210109 151103.24158873298),CROPSEY AVENUE BRIDGE,Cropsey Avenue,Dead end,SB,2021-03-07 17:00:00,249.0,244.0,257.0,254.0,220.0,17,6,242.0
32970,Queens,2021,3,7,17,0,118,177615,POINT (1028931.8143046284 215115.26618027306),ROOSEVELT AVENUE BRIDGE,Flushing Line,Flushing Line,EB,2021-03-07 17:00:00,131.0,111.0,117.0,116.0,121.0,17,6,139.0
32970,Queens,2021,3,7,17,0,112,177615,POINT (1028931.8143046284 215115.26618027306),ROOSEVELT AVENUE BRIDGE,Flushing Line,Flushing Line,WB,2021-03-07 17:00:00,116.0,92.0,122.0,104.0,126.0,17,6,118.0
32970,Brooklyn,2021,3,7,17,0,203,191114,POINT (988207.4245194928 151130.52481856258),CROPSEY AVENUE BRIDGE,Coney Island Creek Shoreline,Dead end,NB,2021-03-07 17:00:00,209.0,223.0,241.0,232.0,217.0,17,6,222.0
32970,Brooklyn,2021,3,7,17,15,217,191114,POINT (988207.4245194928 151130.52481856258),CROPSEY AVENUE BRIDGE,Coney Island Creek Shoreline,Dead end,NB,2021-03-07 17:15:00,203.0,209.0,229.0,249.0,195.0,17,6,230.0
32970,Queens,2021,3,7,17,15,126,177615,POINT (1028931.8143046284 215115.26618027306),ROOSEVELT AVENUE BRIDGE,Flushing Line,Flushing Line,WB,2021-03-07 17:15:00,112.0,116.0,109.0,122.0,124.0,17,6,139.0
32970,Brooklyn,2021,3,7,17,15,220,157501,POINT (988148.6889210109 151103.24158873298),CROPSEY AVENUE BRIDGE,Cropsey Avenue,Dead end,SB,2021-03-07 17:15:00,234.0,249.0,237.0,254.0,255.0,17,6,236.0
32970,Queens,2021,3,7,17,15,121,177615,POINT (1028931.8143046284 215115.26618027306),ROOSEVELT AVENUE BRIDGE,Flushing Line,Flushing Line,EB,2021-03-07 17:15:00,118.0,131.0,133.0,111.0,119.0,17,6,135.0
32970,Brooklyn,2021,3,7,17,30,255,157501,POINT (988148.6889210109 151103.24158873298),CROPSEY AVENUE BRIDGE,Cropsey Avenue,Dead end,SB,2021-03-07 17:30:00,220.0,234.0,244.0,240.0,201.0,17,6,222.0
32970,Queens,2021,3,7,17,30,119,177615,POINT (1028931.8143046284 215115.26618027306),ROOSEVELT AVENUE BRIDGE,Flushing Line,Flushing Line,EB,2021-03-07 17:30:00,121.0,118.0,111.0,108.0,125.0,17,6,110.0
32970,Queens,2021,3,7,17,30,124,177615,POINT (1028931.8143046284 215115.26618027306),ROOSEVELT AVENUE BRIDGE,Flushing Line,Flushing Line,WB,2021-03-07 17:30:00,126.0,112.0,92.0,106.0,111.0,17,6,138.0
32970,Brooklyn,2021,3,7,17,30,195,191114,POINT (988207.4245194928 151130.52481856258),CROPSEY AVENUE BRIDGE,Coney Island Creek Shoreline,Dead end,NB,2021-03-07 17:30:00,217.0,203.0,223.0,223.0,197.0,17,6,198.0
32970,Brooklyn,2021,3,7,17,45,201,157501,POINT (988148.6889210109 151103.24158873298),CROPSEY AVENUE BRIDGE,Cropsey Avenue,Dead end,SB,2021-03-07 17:45:00,255.0,220.0,249.0,257.0,253.0,17,6,226.0
32970,Queens,2021,3,7,17,45,125,177615,POINT (1028931.8143046284 215115.26618027306),ROOSEVELT AVENUE BRIDGE,Flushing Line,Flushing Line,EB,2021-03-07 17:45:00,119.0,121.0,131.0,126.0,97.0,17,6,129.0
32970,Queens,2021,3,7,17,45,111,177615,POINT (1028931.8143046284 215115.26618027306),ROOSEVELT AVENUE BRIDGE,Flushing Line,Flushing Line,WB,2021-03-07 17:45:00,124.0,126.0,116.0,125.0,98.0,17,6,105.0
32970,Brooklyn,2021,3,7,17,45,197,191114,POINT (988207.4245194928 151130.52481856258),CROPSEY AVENUE BRIDGE,Coney Island Creek Shoreline,Dead end,NB,2021-03-07 17:45:00,195.0,217.0,209.0,277.0,226.0,17,6,190.0
32970,Brooklyn,2021,3,7,18,0,226,191114,POINT (988207.4245194928 151130.52481856258),CROPSEY AVENUE BRIDGE,Coney Island Creek Shoreline,Dead end,NB,2021-03-07 18:00:00,197.0,195.0,203.0,241.0,192.0,18,6,204.0
32970,Queens,2021,3,7,18,0,98,177615,POINT (1028931.8143046284 215115.26618027306),ROOSEVELT AVENUE BRIDGE,Flushing Line,Flushing Line,WB,2021-03-07 18:00:00,111.0,124.0,112.0,122.0,123.0,18,6,126.0
32970,Queens,2021,3,7,18,0,97,177615,POINT (1028931.8143046284 215115.26618027306),ROOSEVELT AVENUE BRIDGE,Flushing Line,Flushing Line,EB,2021-03-07 18:00:00,125.0,119.0,118.0,117.0,96.0,18,6,110.0
32970,Brooklyn,2021,3,7,18,0,253,157501,POINT (988148.6889210109 151103.24158873298),CROPSEY AVENUE BRIDGE,Cropsey Avenue,Dead end,SB,2021-03-07 18:00:00,201.0,255.0,234.0,257.0,235.0,18,6,248.0
32970,Brooklyn,2021,3,7,18,15,235,157501,POINT (988148.6889210109 151103.24158873298),CROPSEY AVENUE BRIDGE,Cropsey Avenue,Dead end,SB,2021-03-07 18:15:00,253.0,201.0,220.0,237.0,221.0,18,6,215.0
32970,Queens,2021,3,7,18,15,96,177615,POINT (1028931.8143046284 215115.26618027306),ROOSEVELT AVENUE BRIDGE,Flushing Line,Flushing Line,EB,2021-03-07 18:15:00,97.0,125.0,121.0,133.0,99.0,18,6,101.0
32970,Queens,2021,3,7,18,15,123,177615,POINT (1028931.8143046284 215115.26618027306),ROOSEVELT AVENUE BRIDGE,Flushing Line,Flushing Line,WB,2021-03-07 18:15:00,98.0,111.0,126.0,109.0,107.0,18,6,106.0
32970,Brooklyn,2021,3,7,18,15,192,191114,POINT (988207.4245194928 151130.52481856258),CROPSEY AVENUE BRIDGE,Coney Island Creek Shoreline,Dead end,NB,2021-03-07 18:15:00,226.0,197.0,217.0,229.0,166.0,18,6,230.0
32970,Brooklyn,2021,3,7,18,30,221,157501,POINT (988148.6889210109 151103.24158873298),CROPSEY AVENUE BRIDGE,Cropsey Avenue,Dead end,SB,2021-03-07 18:30:00,235.0,253.0,255.0,244.0,189.0,18,6,246.0
32970,Queens,2021,3,7,18,30,99,177615,POINT (1028931.8143046284 215115.26618027306),ROOSEVELT AVENUE BRIDGE,Flushing Line,Flushing Line,EB,2021-03-07 18:30:00,96.0,97.0,119.0,111.0,97.0,18,6,123.0
32970,Queens,2021,3,7,18,30,107,177615,POINT (1028931.8143046284 215115.26618027306),ROOSEVELT AVENUE BRIDGE,Flushing Line,Flushing Line,WB,2021-03-07 18:30:00,123.0,98.0,124.0,92.0,124.0,18,6,108.0
32970,Brooklyn,2021,3,7,18,30,166,191114,POINT (988207.4245194928 151130.52481856258),CROPSEY AVENUE BRIDGE,Coney Island Creek Shoreline,Dead end,NB,2021-03-07 18:30:00,192.0,226.0,195.0,223.0,202.0,18,6,179.0
32970,Brooklyn,2021,3,7,18,45,202,191114,POINT (988207.4245194928 151130.52481856258),CROPSEY AVENUE BRIDGE,Coney Island Creek Shoreline,Dead end,NB,2021-03-07 18:45:00,166.0,192.0,197.0,209.0,154.0,18,6,193.0
32970,Queens,2021,3,7,18,45,124,177615,POINT (1028931.8143046284 215115.26618027306),ROOSEVELT AVENUE BRIDGE,Flushing Line,Flushing Line,WB,2021-03-07 18:45:00,107.0,123.0,111.0,116.0,90.0,18,6,104.0
32970,Queens,2021,3,7,18,45,97,177615,POINT (1028931.8143046284 215115.26618027306),ROOSEVELT AVENUE BRIDGE,Flushing Line,Flushing Line,EB,2021-03-07 18:45:00,99.0,96.0,125.0,131.0,88.0,18,6,116.0
32970,Brooklyn,2021,3,7,18,45,189,157501,POINT (988148.6889210109 151103.24158873298),CROPSEY AVENUE BRIDGE,Cropsey Avenue,Dead end,SB,2021-03-07 18:45:00,221.0,235.0,201.0,249.0,220.0,18,6,230.0
32970,Brooklyn,2021,3,7,19,0,220,157501,POINT (988148.6889210109 151103.24158873298),CROPSEY AVENUE BRIDGE,Cropsey Avenue,Dead end,SB,2021-03-07 19:00:00,189.0,221.0,253.0,234.0,204.0,19,6,228.0
32970,Queens,2021,3,7,19,0,88,177615,POINT (1028931.8143046284 215115.26618027306),ROOSEVELT AVENUE BRIDGE,Flushing Line,Flushing Line,EB,2021-03-07 19:00:00,97.0,99.0,97.0,118.0,100.0,19,6,109.0
32970,Queens,2021,3,7,19,0,90,177615,POINT (1028931.8143046284 215115.26618027306),ROOSEVELT AVENUE BRIDGE,Flushing Line,Flushing Line,WB,2021-03-07 19:00:00,124.0,107.0,98.0,112.0,81.0,19,6,99.0
32970,Brooklyn,2021,3,7,19,0,154,191114,POINT (988207.4245194928 151130.52481856258),CROPSEY AVENUE BRIDGE,Coney Island Creek Shoreline,Dead end,NB,2021-03-07 19:00:00,202.0,166.0,226.0,203.0,146.0,19,6,179.0
32970,Brooklyn,2021,3,7,19,15,204,157501,POINT (988148.6889210109 151103.24158873298),CROPSEY AVENUE BRIDGE,Cropsey Avenue,Dead end,SB,2021-03-07 19:15:00,220.0,189.0,235.0,220.0,170.0,19,6,207.0
32970,Queens,2021,3,7,19,15,100,177615,POINT (1028931.8143046284 215115.26618027306),ROOSEVELT AVENUE BRIDGE,Flushing Line,Flushing Line,EB,2021-03-07 19:15:00,88.0,97.0,96.0,121.0,71.0,19,6,105.0
32970,Queens,2021,3,7,19,15,81,177615,POINT (1028931.8143046284 215115.26618027306),ROOSEVELT AVENUE BRIDGE,Flushing Line,Flushing Line,WB,2021-03-07 19:15:00,90.0,124.0,123.0,126.0,76.0,19,6,101.0
32970,Brooklyn,2021,3,7,19,15,146,191114,POINT (988207.4245194928 151130.52481856258),CROPSEY AVENUE BRIDGE,Coney Island Creek Shoreline,Dead end,NB,2021-03-07 19:15:00,154.0,202.0,192.0,217.0,160.0,19,6,185.0
32970,Brooklyn,2021,3,7,19,30,160,191114,POINT (988207.4245194928 151130.52481856258),CROPSEY AVENUE BRIDGE,Coney Island Creek Shoreline,Dead end,NB,2021-03-07 19:30:00,146.0,154.0,166.0,195.0,127.0,19,6,192.0
32970,Queens,2021,3,7,19,30,76,177615,POINT (1028931.8143046284 215115.26618027306),ROOSEVELT AVENUE BRIDGE,Flushing Line,Flushing Line,WB,2021-03-07 19:30:00,81.0,90.0,107.0,124.0,72.0,19,6,104.0
32970,Queens,2021,3,7,19,30,71,177615,POINT (1028931.8143046284 215115.26618027306),ROOSEVELT AVENUE BRIDGE,Flushing Line,Flushing Line,EB,2021-03-07 19:30:00,100.0,88.0,99.0,119.0,79.0,19,6,97.0
32970,Brooklyn,2021,3,7,19,30,170,157501,POINT (988148.6889210109 151103.24158873298),CROPSEY AVENUE BRIDGE,Cropsey Avenue,Dead end,SB,2021-03-07 19:30:00,204.0,220.0,221.0,255.0,192.0,19,6,230.0
32970,Brooklyn,2021,3,7,19,45,192,157501,POINT (988148.6889210109 151103.24158873298),CROPSEY AVENUE BRIDGE,Cropsey Avenue,Dead end,SB,2021-03-07 19:45:00,170.0,204.0,189.0,201.0,178.0,19,6,189.0
32970,Queens,2021,3,7,19,45,79,177615,POINT (1028931.8143046284 215115.26618027306),ROOSEVELT AVENUE BRIDGE,Flushing Line,Flushing Line,EB,2021-03-07 19:45:00,71.0,100.0,97.0,125.0,62.0,19,6,80.0
32970,Queens,2021,3,7,19,45,72,177615,POINT (1028931.8143046284 215115.26618027306),ROOSEVELT AVENUE BRIDGE,Flushing Line,Flushing Line,WB,2021-03-07 19:45:00,76.0,81.0,124.0,111.0,81.0,19,6,96.0
32970,Brooklyn,2021,3,7,19,45,127,191114,POINT (988207.4245194928 151130.52481856258),CROPSEY AVENUE BRIDGE,Coney Island Creek Shoreline,Dead end,NB,2021-03-07 19:45:00,160.0,146.0,202.0,197.0,150.0,19,6,162.0
32970,Brooklyn,2021,3,7,20,0,178,157501,POINT (988148.6889210109 151103.24158873298),CROPSEY AVENUE BRIDGE,Cropsey Avenue,Dead end,SB,2021-03-07 20:00:00,192.0,170.0,220.0,253.0,166.0,20,6,186.0
32970,Queens,2021,3,7,20,0,62,177615,POINT (1028931.8143046284 215115.26618027306),ROOSEVELT AVENUE BRIDGE,Flushing Line,Flushing Line,EB,2021-03-07 20:00:00,79.0,71.0,88.0,97.0,66.0,20,6,78.0
32970,Queens,2021,3,7,20,0,81,177615,POINT (1028931.8143046284 215115.26618027306),ROOSEVELT AVENUE BRIDGE,Flushing Line,Flushing Line,WB,2021-03-07 20:00:00,72.0,76.0,90.0,98.0,73.0,20,6,78.0
32970,Brooklyn,2021,3,7,20,0,150,191114,POINT (988207.4245194928 151130.52481856258),CROPSEY AVENUE BRIDGE,Coney Island Creek Shoreline,Dead end,NB,2021-03-07 20:00:00,127.0,160.0,154.0,226.0,125.0,20,6,151.0
32970,Brooklyn,2021,3,7,20,15,125,191114,POINT (988207.4245194928 151130.52481856258),CROPSEY AVENUE BRIDGE,Coney Island Creek Shoreline,Dead end,NB,2021-03-07 20:15:00,150.0,127.0,146.0,192.0,96.0,20,6,137.0
32970,Queens,2021,3,7,20,15,73,177615,POINT (1028931.8143046284 215115.26618027306),ROOSEVELT AVENUE BRIDGE,Flushing Line,Flushing Line,WB,2021-03-07 20:15:00,81.0,72.0,81.0,123.0,53.0,20,6,59.0
32970,Brooklyn,2021,3,7,20,15,166,157501,POINT (988148.6889210109 151103.24158873298),CROPSEY AVENUE BRIDGE,Cropsey Avenue,Dead end,SB,2021-03-07 20:15:00,178.0,192.0,204.0,235.0,151.0,20,6,189.0
32970,Queens,2021,3,7,20,15,66,177615,POINT (1028931.8143046284 215115.26618027306),ROOSEVELT AVENUE BRIDGE,Flushing Line,Flushing Line,EB,2021-03-07 20:15:00,62.0,79.0,100.0,96.0,61.0,20,6,89.0
32970,Brooklyn,2021,3,7,20,30,151,157501,POINT (988148.6889210109 151103.24158873298),CROPSEY AVENUE BRIDGE,Cropsey Avenue,Dead end,SB,2021-03-07 20:30:00,166.0,178.0,170.0,221.0,146.0,20,6,171.0
32970,Queens,2021,3,7,20,30,61,177615,POINT (1028931.8143046284 215115.26618027306),ROOSEVELT AVENUE BRIDGE,Flushing Line,Flushing Line,EB,2021-03-07 20:30:00,66.0,62.0,71.0,99.0,47.0,20,6,73.0
32970,Queens,2021,3,7,20,30,53,177615,POINT (1028931.8143046284 215115.26618027306),ROOSEVELT AVENUE BRIDGE,Flushing Line,Flushing Line,WB,2021-03-07 20:30:00,73.0,81.0,76.0,107.0,35.0,20,6,57.0
32970,Brooklyn,2021,3,7,20,30,96,191114,POINT (988207.4245194928 151130.52481856258),CROPSEY AVENUE BRIDGE,Coney Island Creek Shoreline,Dead end,NB,2021-03-07 20:30:00,125.0,150.0,160.0,166.0,116.0,20,6,159.0
32970,Brooklyn,2021,3,7,20,45,146,157501,POINT (988148.6889210109 151103.24158873298),CROPSEY AVENUE BRIDGE,Cropsey Avenue,Dead end,SB,2021-03-07 20:45:00,151.0,166.0,192.0,189.0,133.0,20,6,145.0
32970,Queens,2021,3,7,20,45,47,177615,POINT (1028931.8143046284 215115.26618027306),ROOSEVELT AVENUE BRIDGE,Flushing Line,Flushing Line,EB,2021-03-07 20:45:00,61.0,66.0,79.0,97.0,49.0,20,6,72.0
32970,Queens,2021,3,7,20,45,35,177615,POINT (1028931.8143046284 215115.26618027306),ROOSEVELT AVENUE BRIDGE,Flushing Line,Flushing Line,WB,2021-03-07 20:45:00,53.0,73.0,72.0,124.0,39.0,20,6,52.0
32970,Brooklyn,2021,3,7,20,45,116,191114,POINT (988207.4245194928 151130.52481856258),CROPSEY AVENUE BRIDGE,Coney Island Creek Shoreline,Dead end,NB,2021-03-07 20:45:00,96.0,125.0,127.0,202.0,106.0,20,6,134.0
32970,Brooklyn,2021,3,7,21,0,106,191114,POINT (988207.4245194928 151130.52481856258),CROPSEY AVENUE BRIDGE,Coney Island Creek Shoreline,Dead end,NB,2021-03-07 21:00:00,116.0,96.0,150.0,154.0,113.0,21,6,127.0
32970,Queens,2021,3,7,21,0,39,177615,POINT (1028931.8143046284 215115.26618027306),ROOSEVELT AVENUE BRIDGE,Flushing Line,Flushing Line,WB,2021-03-07 21:00:00,35.0,53.0,81.0,90.0,36.0,21,6,50.0
32970,Queens,2021,3,7,21,0,49,177615,POINT (1028931.8143046284 215115.26618027306),ROOSEVELT AVENUE BRIDGE,Flushing Line,Flushing Line,EB,2021-03-07 21:00:00,47.0,61.0,62.0,88.0,37.0,21,6,50.0
32970,Brooklyn,2021,3,7,21,0,133,157501,POINT (988148.6889210109 151103.24158873298),CROPSEY AVENUE BRIDGE,Cropsey Avenue,Dead end,SB,2021-03-07 21:00:00,146.0,151.0,178.0,220.0,120.0,21,6,162.0
32970,Brooklyn,2021,3,7,21,15,120,157501,POINT (988148.6889210109 151103.24158873298),CROPSEY AVENUE BRIDGE,Cropsey Avenue,Dead end,SB,2021-03-07 21:15:00,133.0,146.0,166.0,204.0,132.0,21,6,137.0
32970,Queens,2021,3,7,21,15,37,177615,POINT (1028931.8143046284 215115.26618027306),ROOSEVELT AVENUE BRIDGE,Flushing Line,Flushing Line,EB,2021-03-07 21:15:00,49.0,47.0,66.0,100.0,39.0,21,6,52.0
32970,Queens,2021,3,7,21,15,36,177615,POINT (1028931.8143046284 215115.26618027306),ROOSEVELT AVENUE BRIDGE,Flushing Line,Flushing Line,WB,2021-03-07 21:15:00,39.0,35.0,73.0,81.0,33.0,21,6,49.0
32970,Brooklyn,2021,3,7,21,15,113,191114,POINT (988207.4245194928 151130.52481856258),CROPSEY AVENUE BRIDGE,Coney Island Creek Shoreline,Dead end,NB,2021-03-07 21:15:00,106.0,116.0,125.0,146.0,110.0,21,6,125.0
32970,Brooklyn,2021,3,7,21,30,132,157501,POINT (988148.6889210109 151103.24158873298),CROPSEY AVENUE BRIDGE,Cropsey Avenue,Dead end,SB,2021-03-07 21:30:00,120.0,133.0,151.0,170.0,125.0,21,6,153.0
32970,Queens,2021,3,7,21,30,39,177615,POINT (1028931.8143046284 215115.26618027306),ROOSEVELT AVENUE BRIDGE,Flushing Line,Flushing Line,EB,2021-03-07 21:30:00,37.0,49.0,61.0,71.0,50.0,21,6,40.0
32970,Queens,2021,3,7,21,30,33,177615,POINT (1028931.8143046284 215115.26618027306),ROOSEVELT AVENUE BRIDGE,Flushing Line,Flushing Line,WB,2021-03-07 21:30:00,36.0,39.0,53.0,76.0,45.0,21,6,42.0
32970,Brooklyn,2021,3,7,21,30,110,191114,POINT (988207.4245194928 151130.52481856258),CROPSEY AVENUE BRIDGE,Coney Island Creek Shoreline,Dead end,NB,2021-03-07 21:30:00,113.0,106.0,96.0,160.0,84.0,21,6,123.0
32970,Brooklyn,2021,3,7,21,45,84,191114,POINT (988207.4245194928 151130.52481856258),CROPSEY AVENUE BRIDGE,Coney Island Creek Shoreline,Dead end,NB,2021-03-07 21:45:00,110.0,113.0,116.0,127.0,95.0,21,6,107.0
32970,Queens,2021,3,7,21,45,45,177615,POINT (1028931.8143046284 215115.26618027306),ROOSEVELT AVENUE BRIDGE,Flushing Line,Flushing Line,WB,2021-03-07 21:45:00,33.0,36.0,35.0,72.0,36.0,21,6,44.0
32970,Queens,2021,3,7,21,45,50,177615,POINT (1028931.8143046284 215115.26618027306),ROOSEVELT AVENUE BRIDGE,Flushing Line,Flushing Line,EB,2021-03-07 21:45:00,39.0,37.0,47.0,79.0,44.0,21,6,46.0
32970,Brooklyn,2021,3,7,21,45,125,157501,POINT (988148.6889210109 151103.24158873298),CROPSEY AVENUE BRIDGE,Cropsey Avenue,Dead end,SB,2021-03-07 21:45:00,132.0,120.0,146.0,192.0,109.0,21,6,132.0
32970,Brooklyn,2021,3,7,22,0,109,157501,POINT (988148.6889210109 151103.24158873298),CROPSEY AVENUE BRIDGE,Cropsey Avenue,Dead end,SB,2021-03-07 22:00:00,125.0,132.0,133.0,178.0,101.0,22,6,141.0
32970,Queens,2021,3,7,22,0,44,177615,POINT (1028931.8143046284 215115.26618027306),ROOSEVELT AVENUE BRIDGE,Flushing Line,Flushing Line,EB,2021-03-07 22:00:00,50.0,39.0,49.0,62.0,41.0,22,6,49.0
32970,Queens,2021,3,7,22,0,36,177615,POINT (1028931.8143046284 215115.26618027306),ROOSEVELT AVENUE BRIDGE,Flushing Line,Flushing Line,WB,2021-03-07 22:00:00,45.0,33.0,39.0,81.0,26.0,22,6,43.0
32970,Brooklyn,2021,3,7,22,0,95,191114,POINT (988207.4245194928 151130.52481856258),CROPSEY AVENUE BRIDGE,Coney Island Creek Shoreline,Dead end,NB,2021-03-07 22:00:00,84.0,110.0,106.0,150.0,73.0,22,6,128.0
32970,Brooklyn,2021,3,7,22,15,101,157501,POINT (988148.6889210109 151103.24158873298),CROPSEY AVENUE BRIDGE,Cropsey Avenue,Dead end,SB,2021-03-07 22:15:00,109.0,125.0,120.0,166.0,120.0,22,6,129.0
32970,Queens,2021,3,7,22,15,41,177615,POINT (1028931.8143046284 215115.26618027306),ROOSEVELT AVENUE BRIDGE,Flushing Line,Flushing Line,EB,2021-03-07 22:15:00,44.0,50.0,37.0,66.0,29.0,22,6,46.0
32970,Queens,2021,3,7,22,15,26,177615,POINT (1028931.8143046284 215115.26618027306),ROOSEVELT AVENUE BRIDGE,Flushing Line,Flushing Line,WB,2021-03-07 22:15:00,36.0,45.0,36.0,73.0,36.0,22,6,34.0
32970,Brooklyn,2021,3,7,22,15,73,191114,POINT (988207.4245194928 151130.52481856258),CROPSEY AVENUE BRIDGE,Coney Island Creek Shoreline,Dead end,NB,2021-03-07 22:15:00,95.0,84.0,113.0,125.0,60.0,22,6,111.0
32970,Queens,2021,3,7,22,30,36,177615,POINT (1028931.8143046284 215115.26618027306),ROOSEVELT AVENUE BRIDGE,Flushing Line,Flushing Line,WB,2021-03-07 22:30:00,26.0,36.0,33.0,53.0,12.0,22,6,44.0
32970,Brooklyn,2021,3,7,22,30,60,191114,POINT (988207.4245194928 151130.52481856258),CROPSEY AVENUE BRIDGE,Coney Island Creek Shoreline,Dead end,NB,2021-03-07 22:30:00,73.0,95.0,110.0,96.0,71.0,22,6,76.0
32970,Brooklyn,2021,3,7,22,30,120,157501,POINT (988148.6889210109 151103.24158873298),CROPSEY AVENUE BRIDGE,Cropsey Avenue,Dead end,SB,2021-03-07 22:30:00,101.0,109.0,132.0,151.0,110.0,22,6,137.0
32970,Queens,2021,3,7,22,30,29,177615,POINT (1028931.8143046284 215115.26618027306),ROOSEVELT AVENUE BRIDGE,Flushing Line,Flushing Line,EB,2021-03-07 22:30:00,41.0,44.0,39.0,61.0,35.0,22,6,53.0
32970,Brooklyn,2021,3,7,22,45,71,191114,POINT (988207.4245194928 151130.52481856258),CROPSEY AVENUE BRIDGE,Coney Island Creek Shoreline,Dead end,NB,2021-03-07 22:45:00,60.0,73.0,84.0,116.0,78.0,22,6,85.0
32970,Queens,2021,3,7,22,45,12,177615,POINT (1028931.8143046284 215115.26618027306),ROOSEVELT AVENUE BRIDGE,Flushing Line,Flushing Line,WB,2021-03-07 22:45:00,36.0,26.0,45.0,35.0,28.0,22,6,33.0
32970,Queens,2021,3,7,22,45,35,177615,POINT (1028931.8143046284 215115.26618027306),ROOSEVELT AVENUE BRIDGE,Flushing Line,Flushing Line,EB,2021-03-07 22:45:00,29.0,41.0,50.0,47.0,22.0,22,6,44.0
32970,Brooklyn,2021,3,7,22,45,110,157501,POINT (988148.6889210109 151103.24158873298),CROPSEY AVENUE BRIDGE,Cropsey Avenue,Dead end,SB,2021-03-07 22:45:00,120.0,101.0,125.0,146.0,74.0,22,6,136.0
32970,Brooklyn,2021,3,7,23,0,74,157501,POINT (988148.6889210109 151103.24158873298),CROPSEY AVENUE BRIDGE,Cropsey Avenue,Dead end,SB,2021-03-07 23:00:00,110.0,120.0,109.0,133.0,87.0,23,6,154.0
32970,Queens,2021,3,7,23,0,22,177615,POINT (1028931.8143046284 215115.26618027306),ROOSEVELT AVENUE BRIDGE,Flushing Line,Flushing Line,EB,2021-03-07 23:00:00,35.0,29.0,44.0,49.0,32.0,23,6,37.0
32970,Queens,2021,3,7,23,0,28,177615,POINT (1028931.8143046284 215115.26618027306),ROOSEVELT AVENUE BRIDGE,Flushing Line,Flushing Line,WB,2021-03-07 23:00:00,12.0,36.0,36.0,39.0,17.0,23,6,17.0
32970,Brooklyn,2021,3,7,23,0,78,191114,POINT (988207.4245194928 151130.52481856258),CROPSEY AVENUE BRIDGE,Coney Island Creek Shoreline,Dead end,NB,2021-03-07 23:00:00,71.0,60.0,95.0,106.0,66.0,23,6,106.0
32970,Brooklyn,2021,3,7,23,15,87,157501,POINT (988148.6889210109 151103.24158873298),CROPSEY AVENUE BRIDGE,Cropsey Avenue,Dead end,SB,2021-03-07 23:15:00,74.0,110.0,101.0,120.0,100.0,23,6,101.0
32970,Queens,2021,3,7,23,15,32,177615,POINT (1028931.8143046284 215115.26618027306),ROOSEVELT AVENUE BRIDGE,Flushing Line,Flushing Line,EB,2021-03-07 23:15:00,22.0,35.0,41.0,37.0,33.0,23,6,40.0
32970,Queens,2021,3,7,23,15,17,177615,POINT (1028931.8143046284 215115.26618027306),ROOSEVELT AVENUE BRIDGE,Flushing Line,Flushing Line,WB,2021-03-07 23:15:00,28.0,12.0,26.0,36.0,24.0,23,6,40.0
32970,Brooklyn,2021,3,7,23,15,66,191114,POINT (988207.4245194928 151130.52481856258),CROPSEY AVENUE BRIDGE,Coney Island Creek Shoreline,Dead end,NB,2021-03-07 23:15:00,78.0,71.0,73.0,113.0,73.0,23,6,101.0
32970,Brooklyn,2021,3,7,23,30,73,191114,POINT (988207.4245194928 151130.52481856258),CROPSEY AVENUE BRIDGE,Coney Island Creek Shoreline,Dead end,NB,2021-03-07 23:30:00,66.0,78.0,60.0,110.0,72.0,23,6,89.0
32970,Queens,2021,3,7,23,30,24,177615,POINT (1028931.8143046284 215115.26618027306),ROOSEVELT AVENUE BRIDGE,Flushing Line,Flushing Line,WB,2021-03-07 23:30:00,17.0,28.0,36.0,33.0,24.0,23,6,19.0
32970,Queens,2021,3,7,23,30,33,177615,POINT (1028931.8143046284 215115.26618027306),ROOSEVELT AVENUE BRIDGE,Flushing Line,Flushing Line,EB,2021-03-07 23:30:00,32.0,22.0,29.0,39.0,20.0,23,6,37.0
32970,Brooklyn,2021,3,7,23,30,100,157501,POINT (988148.6889210109 151103.24158873298),CROPSEY AVENUE BRIDGE,Cropsey Avenue,Dead end,SB,2021-03-07 23:30:00,87.0,74.0,120.0,132.0,79.0,23,6,106.0
32970,Brooklyn,2021,3,7,23,45,79,157501,POINT (988148.6889210109 151103.24158873298),CROPSEY AVENUE BRIDGE,Cropsey Avenue,Dead end,SB,2021-03-07 23:45:00,100.0,87.0,110.0,125.0,63.0,23,6,109.0
32970,Queens,2021,3,7,23,45,20,177615,POINT (1028931.8143046284 215115.26618027306),ROOSEVELT AVENUE BRIDGE,Flushing Line,Flushing Line,EB,2021-03-07 23:45:00,33.0,32.0,35.0,50.0,31.0,23,6,34.0
32970,Queens,2021,3,7,23,45,24,177615,POINT (1028931.8143046284 215115.26618027306),ROOSEVELT AVENUE BRIDGE,Flushing Line,Flushing Line,WB,2021-03-07 23:45:00,24.0,17.0,12.0,45.0,17.0,23,6,41.0
32970,Brooklyn,2021,3,7,23,45,72,191114,POINT (988207.4245194928 151130.52481856258),CROPSEY AVENUE BRIDGE,Coney Island Creek Shoreline,Dead end,NB,2021-03-07 23:45:00,73.0,66.0,71.0,84.0,53.0,23,6,88.0
32970,Brooklyn,2021,3,8,0,0,63,157501,POINT (988148.6889210109 151103.24158873298),CROPSEY AVENUE BRIDGE,Cropsey Avenue,Dead end,SB,2021-03-08 00:00:00,79.0,100.0,74.0,109.0,71.0,0,0,98.0
32970,Queens,2021,3,8,0,0,31,177615,POINT (1028931.8143046284 215115.26618027306),ROOSEVELT AVENUE BRIDGE,Flushing Line,Flushing Line,EB,2021-03-08 00:00:00,20.0,33.0,22.0,44.0,19.0,0,0,37.0
32970,Queens,2021,3,8,0,0,17,177615,POINT (1028931.8143046284 215115.26618027306),ROOSEVELT AVENUE BRIDGE,Flushing Line,Flushing Line,WB,2021-03-08 00:00:00,24.0,24.0,28.0,36.0,12.0,0,0,24.0
32970,Brooklyn,2021,3,8,0,0,53,191114,POINT (988207.4245194928 151130.52481856258),CROPSEY AVENUE BRIDGE,Coney Island Creek Shoreline,Dead end,NB,2021-03-08 00:00:00,72.0,73.0,78.0,95.0,41.0,0,0,88.0
32970,Brooklyn,2021,3,8,0,15,41,191114,POINT (988207.4245194928 151130.52481856258),CROPSEY AVENUE BRIDGE,Coney Island Creek Shoreline,Dead end,NB,2021-03-08 00:15:00,53.0,72.0,66.0,73.0,52.0,0,0,71.0
32970,Queens,2021,3,8,0,15,12,177615,POINT (1028931.8143046284 215115.26618027306),ROOSEVELT AVENUE BRIDGE,Flushing Line,Flushing Line,WB,2021-03-08 00:15:00,17.0,24.0,17.0,26.0,13.0,0,0,27.0
32970,Queens,2021,3,8,0,15,19,177615,POINT (1028931.8143046284 215115.26618027306),ROOSEVELT AVENUE BRIDGE,Flushing Line,Flushing Line,EB,2021-03-08 00:15:00,31.0,20.0,32.0,41.0,20.0,0,0,24.0
32970,Brooklyn,2021,3,8,0,15,71,157501,POINT (988148.6889210109 151103.24158873298),CROPSEY AVENUE BRIDGE,Cropsey Avenue,Dead end,SB,2021-03-08 00:15:00,63.0,79.0,87.0,101.0,49.0,0,0,89.0
32970,Brooklyn,2021,3,8,0,30,49,157501,POINT (988148.6889210109 151103.24158873298),CROPSEY AVENUE BRIDGE,Cropsey Avenue,Dead end,SB,2021-03-08 00:30:00,71.0,63.0,100.0,120.0,57.0,0,0,104.0
32970,Queens,2021,3,8,0,30,20,177615,POINT (1028931.8143046284 215115.26618027306),ROOSEVELT AVENUE BRIDGE,Flushing Line,Flushing Line,EB,2021-03-08 00:30:00,19.0,31.0,33.0,29.0,17.0,0,0,27.0
32970,Queens,2021,3,8,0,30,13,177615,POINT (1028931.8143046284 215115.26618027306),ROOSEVELT AVENUE BRIDGE,Flushing Line,Flushing Line,WB,2021-03-08 00:30:00,12.0,17.0,24.0,36.0,11.0,0,0,21.0
32970,Brooklyn,2021,3,8,0,30,52,191114,POINT (988207.4245194928 151130.52481856258),CROPSEY AVENUE BRIDGE,Coney Island Creek Shoreline,Dead end,NB,2021-03-08 00:30:00,41.0,53.0,73.0,60.0,36.0,0,0,73.0
32970,Brooklyn,2021,3,8,0,45,57,157501,POINT (988148.6889210109 151103.24158873298),CROPSEY AVENUE BRIDGE,Cropsey Avenue,Dead end,SB,2021-03-08 00:45:00,49.0,71.0,79.0,110.0,36.0,0,0,68.0
32970,Queens,2021,3,8,0,45,17,177615,POINT (1028931.8143046284 215115.26618027306),ROOSEVELT AVENUE BRIDGE,Flushing Line,Flushing Line,EB,2021-03-08 00:45:00,20.0,19.0,20.0,35.0,20.0,0,0,29.0
32970,Queens,2021,3,8,0,45,11,177615,POINT (1028931.8143046284 215115.26618027306),ROOSEVELT AVENUE BRIDGE,Flushing Line,Flushing Line,WB,2021-03-08 00:45:00,13.0,12.0,24.0,12.0,14.0,0,0,41.0
32970,Brooklyn,2021,3,8,0,45,36,191114,POINT (988207.4245194928 151130.52481856258),CROPSEY AVENUE BRIDGE,Coney Island Creek Shoreline,Dead end,NB,2021-03-08 00:45:00,52.0,41.0,72.0,71.0,35.0,0,0,64.0
32970,Brooklyn,2021,3,8,1,0,35,191114,POINT (988207.4245194928 151130.52481856258),CROPSEY AVENUE BRIDGE,Coney Island Creek Shoreline,Dead end,NB,2021-03-08 01:00:00,36.0,52.0,53.0,78.0,26.0,1,0,48.0
32970,Queens,2021,3,8,1,0,14,177615,POINT (1028931.8143046284 215115.26618027306),ROOSEVELT AVENUE BRIDGE,Flushing Line,Flushing Line,WB,2021-03-08 01:00:00,11.0,13.0,17.0,28.0,16.0,1,0,52.0
32970,Queens,2021,3,8,1,0,20,177615,POINT (1028931.8143046284 215115.26618027306),ROOSEVELT AVENUE BRIDGE,Flushing Line,Flushing Line,EB,2021-03-08 01:00:00,17.0,20.0,31.0,22.0,14.0,1,0,20.0
32970,Brooklyn,2021,3,8,1,0,36,157501,POINT (988148.6889210109 151103.24158873298),CROPSEY AVENUE BRIDGE,Cropsey Avenue,Dead end,SB,2021-03-08 01:00:00,57.0,49.0,63.0,74.0,27.0,1,0,63.0
32970,Brooklyn,2021,3,8,1,15,27,157501,POINT (988148.6889210109 151103.24158873298),CROPSEY AVENUE BRIDGE,Cropsey Avenue,Dead end,SB,2021-03-08 01:15:00,36.0,57.0,71.0,87.0,38.0,1,0,58.0
32970,Queens,2021,3,8,1,15,14,177615,POINT (1028931.8143046284 215115.26618027306),ROOSEVELT AVENUE BRIDGE,Flushing Line,Flushing Line,EB,2021-03-08 01:15:00,20.0,17.0,19.0,32.0,14.0,1,0,17.0
32970,Queens,2021,3,8,1,15,16,177615,POINT (1028931.8143046284 215115.26618027306),ROOSEVELT AVENUE BRIDGE,Flushing Line,Flushing Line,WB,2021-03-08 01:15:00,14.0,11.0,12.0,17.0,11.0,1,0,41.0
32970,Brooklyn,2021,3,8,1,15,26,191114,POINT (988207.4245194928 151130.52481856258),CROPSEY AVENUE BRIDGE,Coney Island Creek Shoreline,Dead end,NB,2021-03-08 01:15:00,35.0,36.0,41.0,66.0,22.0,1,0,55.0
32970,Brooklyn,2021,3,8,1,30,38,157501,POINT (988148.6889210109 151103.24158873298),CROPSEY AVENUE BRIDGE,Cropsey Avenue,Dead end,SB,2021-03-08 01:30:00,27.0,36.0,49.0,100.0,16.0,1,0,59.0
32970,Queens,2021,3,8,1,30,14,177615,POINT (1028931.8143046284 215115.26618027306),ROOSEVELT AVENUE BRIDGE,Flushing Line,Flushing Line,EB,2021-03-08 01:30:00,14.0,20.0,20.0,33.0,17.0,1,0,23.0
32970,Queens,2021,3,8,1,30,11,177615,POINT (1028931.8143046284 215115.26618027306),ROOSEVELT AVENUE BRIDGE,Flushing Line,Flushing Line,WB,2021-03-08 01:30:00,16.0,14.0,13.0,24.0,16.0,1,0,51.0
32970,Brooklyn,2021,3,8,1,30,22,191114,POINT (988207.4245194928 151130.52481856258),CROPSEY AVENUE BRIDGE,Coney Island Creek Shoreline,Dead end,NB,2021-03-08 01:30:00,26.0,35.0,52.0,73.0,29.0,1,0,62.0
32970,Queens,2021,3,8,1,45,16,177615,POINT (1028931.8143046284 215115.26618027306),ROOSEVELT AVENUE BRIDGE,Flushing Line,Flushing Line,WB,2021-03-08 01:45:00,11.0,16.0,11.0,24.0,6.0,1,0,59.0
32970,Brooklyn,2021,3,8,1,45,29,191114,POINT (988207.4245194928 151130.52481856258),CROPSEY AVENUE BRIDGE,Coney Island Creek Shoreline,Dead end,NB,2021-03-08 01:45:00,22.0,26.0,36.0,72.0,26.0,1,0,49.0
32970,Brooklyn,2021,3,8,1,45,16,157501,POINT (988148.6889210109 151103.24158873298),CROPSEY AVENUE BRIDGE,Cropsey Avenue,Dead end,SB,2021-03-08 01:45:00,38.0,27.0,57.0,79.0,30.0,1,0,63.0
32970,Queens,2021,3,8,1,45,17,177615,POINT (1028931.8143046284 215115.26618027306),ROOSEVELT AVENUE BRIDGE,Flushing Line,Flushing Line,EB,2021-03-08 01:45:00,14.0,14.0,17.0,20.0,13.0,1,0,12.0
32970,Brooklyn,2021,3,8,2,0,30,157501,POINT (988148.6889210109 151103.24158873298),CROPSEY AVENUE BRIDGE,Cropsey Avenue,Dead end,SB,2021-03-08 02:00:00,16.0,38.0,36.0,63.0,28.0,2,0,45.0
32970,Queens,2021,3,8,2,0,13,177615,POINT (1028931.8143046284 215115.26618027306),ROOSEVELT AVENUE BRIDGE,Flushing Line,Flushing Line,EB,2021-03-08 02:00:00,17.0,14.0,20.0,31.0,7.0,2,0,24.0
32970,Queens,2021,3,8,2,0,6,177615,POINT (1028931.8143046284 215115.26618027306),ROOSEVELT AVENUE BRIDGE,Flushing Line,Flushing Line,WB,2021-03-08 02:00:00,16.0,11.0,14.0,17.0,7.0,2,0,43.0
32970,Brooklyn,2021,3,8,2,0,26,191114,POINT (988207.4245194928 151130.52481856258),CROPSEY AVENUE BRIDGE,Coney Island Creek Shoreline,Dead end,NB,2021-03-08 02:00:00,29.0,22.0,35.0,53.0,24.0,2,0,40.0
32970,Brooklyn,2021,3,8,2,15,28,157501,POINT (988148.6889210109 151103.24158873298),CROPSEY AVENUE BRIDGE,Cropsey Avenue,Dead end,SB,2021-03-08 02:15:00,30.0,16.0,27.0,71.0,33.0,2,0,34.0
32970,Queens,2021,3,8,2,15,7,177615,POINT (1028931.8143046284 215115.26618027306),ROOSEVELT AVENUE BRIDGE,Flushing Line,Flushing Line,EB,2021-03-08 02:15:00,13.0,17.0,14.0,19.0,11.0,2,0,28.0
32970,Queens,2021,3,8,2,15,7,177615,POINT (1028931.8143046284 215115.26618027306),ROOSEVELT AVENUE BRIDGE,Flushing Line,Flushing Line,WB,2021-03-08 02:15:00,6.0,16.0,16.0,12.0,5.0,2,0,40.0
32970,Brooklyn,2021,3,8,2,15,24,191114,POINT (988207.4245194928 151130.52481856258),CROPSEY AVENUE BRIDGE,Coney Island Creek Shoreline,Dead end,NB,2021-03-08 02:15:00,26.0,29.0,26.0,41.0,15.0,2,0,30.0
32970,Brooklyn,2021,3,8,2,30,15,191114,POINT (988207.4245194928 151130.52481856258),CROPSEY AVENUE BRIDGE,Coney Island Creek Shoreline,Dead end,NB,2021-03-08 02:30:00,24.0,26.0,22.0,52.0,16.0,2,0,36.0
32970,Queens,2021,3,8,2,30,5,177615,POINT (1028931.8143046284 215115.26618027306),ROOSEVELT AVENUE BRIDGE,Flushing Line,Flushing Line,WB,2021-03-08 02:30:00,7.0,6.0,11.0,13.0,11.0,2,0,42.0
32970,Queens,2021,3,8,2,30,11,177615,POINT (1028931.8143046284 215115.26618027306),ROOSEVELT AVENUE BRIDGE,Flushing Line,Flushing Line,EB,2021-03-08 02:30:00,7.0,13.0,14.0,20.0,12.0,2,0,19.0
32970,Brooklyn,2021,3,8,2,30,33,157501,POINT (988148.6889210109 151103.24158873298),CROPSEY AVENUE BRIDGE,Cropsey Avenue,Dead end,SB,2021-03-08 02:30:00,28.0,30.0,38.0,49.0,31.0,2,0,40.0
32970,Brooklyn,2021,3,8,2,45,31,157501,POINT (988148.6889210109 151103.24158873298),CROPSEY AVENUE BRIDGE,Cropsey Avenue,Dead end,SB,2021-03-08 02:45:00,33.0,28.0,16.0,57.0,22.0,2,0,38.0
32970,Queens,2021,3,8,2,45,12,177615,POINT (1028931.8143046284 215115.26618027306),ROOSEVELT AVENUE BRIDGE,Flushing Line,Flushing Line,EB,2021-03-08 02:45:00,11.0,7.0,17.0,17.0,13.0,2,0,16.0
32970,Queens,2021,3,8,2,45,11,177615,POINT (1028931.8143046284 215115.26618027306),ROOSEVELT AVENUE BRIDGE,Flushing Line,Flushing Line,WB,2021-03-08 02:45:00,5.0,7.0,16.0,11.0,7.0,2,0,38.0
32970,Brooklyn,2021,3,8,2,45,16,191114,POINT (988207.4245194928 151130.52481856258),CROPSEY AVENUE BRIDGE,Coney Island Creek Shoreline,Dead end,NB,2021-03-08 02:45:00,15.0,24.0,29.0,36.0,16.0,2,0,45.0
32970,Brooklyn,2021,3,8,3,0,22,157501,POINT (988148.6889210109 151103.24158873298),CROPSEY AVENUE BRIDGE,Cropsey Avenue,Dead end,SB,2021-03-08 03:00:00,31.0,33.0,30.0,36.0,20.0,3,0,35.0
32970,Queens,2021,3,8,3,0,13,177615,POINT (1028931.8143046284 215115.26618027306),ROOSEVELT AVENUE BRIDGE,Flushing Line,Flushing Line,EB,2021-03-08 03:00:00,12.0,11.0,13.0,20.0,8.0,3,0,12.0
32970,Queens,2021,3,8,3,0,7,177615,POINT (1028931.8143046284 215115.26618027306),ROOSEVELT AVENUE BRIDGE,Flushing Line,Flushing Line,WB,2021-03-08 03:00:00,11.0,5.0,6.0,14.0,5.0,3,0,25.0
32970,Brooklyn,2021,3,8,3,0,16,191114,POINT (988207.4245194928 151130.52481856258),CROPSEY AVENUE BRIDGE,Coney Island Creek Shoreline,Dead end,NB,2021-03-08 03:00:00,16.0,15.0,26.0,35.0,23.0,3,0,29.0
32970,Queens,2021,3,8,3,15,5,177615,POINT (1028931.8143046284 215115.26618027306),ROOSEVELT AVENUE BRIDGE,Flushing Line,Flushing Line,WB,2021-03-08 03:15:00,7.0,11.0,7.0,16.0,10.0,3,0,8.0
32970,Brooklyn,2021,3,8,3,15,23,191114,POINT (988207.4245194928 151130.52481856258),CROPSEY AVENUE BRIDGE,Coney Island Creek Shoreline,Dead end,NB,2021-03-08 03:15:00,16.0,16.0,24.0,26.0,19.0,3,0,27.0
32970,Brooklyn,2021,3,8,3,15,20,157501,POINT (988148.6889210109 151103.24158873298),CROPSEY AVENUE BRIDGE,Cropsey Avenue,Dead end,SB,2021-03-08 03:15:00,22.0,31.0,28.0,27.0,18.0,3,0,41.0
32970,Queens,2021,3,8,3,15,8,177615,POINT (1028931.8143046284 215115.26618027306),ROOSEVELT AVENUE BRIDGE,Flushing Line,Flushing Line,EB,2021-03-08 03:15:00,13.0,12.0,7.0,14.0,10.0,3,0,15.0
32970,Brooklyn,2021,3,8,3,30,18,157501,POINT (988148.6889210109 151103.24158873298),CROPSEY AVENUE BRIDGE,Cropsey Avenue,Dead end,SB,2021-03-08 03:30:00,20.0,22.0,33.0,38.0,28.0,3,0,29.0
32970,Queens,2021,3,8,3,30,10,177615,POINT (1028931.8143046284 215115.26618027306),ROOSEVELT AVENUE BRIDGE,Flushing Line,Flushing Line,EB,2021-03-08 03:30:00,8.0,13.0,11.0,14.0,20.0,3,0,11.0
32970,Queens,2021,3,8,3,30,10,177615,POINT (1028931.8143046284 215115.26618027306),ROOSEVELT AVENUE BRIDGE,Flushing Line,Flushing Line,WB,2021-03-08 03:30:00,5.0,7.0,5.0,11.0,7.0,3,0,5.0
32970,Brooklyn,2021,3,8,3,30,19,191114,POINT (988207.4245194928 151130.52481856258),CROPSEY AVENUE BRIDGE,Coney Island Creek Shoreline,Dead end,NB,2021-03-08 03:30:00,23.0,16.0,15.0,22.0,22.0,3,0,48.0
32970,Brooklyn,2021,3,8,3,45,28,157501,POINT (988148.6889210109 151103.24158873298),CROPSEY AVENUE BRIDGE,Cropsey Avenue,Dead end,SB,2021-03-08 03:45:00,18.0,20.0,31.0,16.0,25.0,3,0,28.0
32970,Queens,2021,3,8,3,45,20,177615,POINT (1028931.8143046284 215115.26618027306),ROOSEVELT AVENUE BRIDGE,Flushing Line,Flushing Line,EB,2021-03-08 03:45:00,10.0,8.0,12.0,17.0,11.0,3,0,16.0
32970,Queens,2021,3,8,3,45,7,177615,POINT (1028931.8143046284 215115.26618027306),ROOSEVELT AVENUE BRIDGE,Flushing Line,Flushing Line,WB,2021-03-08 03:45:00,10.0,5.0,11.0,16.0,8.0,3,0,6.0
32970,Brooklyn,2021,3,8,3,45,22,191114,POINT (988207.4245194928 151130.52481856258),CROPSEY AVENUE BRIDGE,Coney Island Creek Shoreline,Dead end,NB,2021-03-08 03:45:00,19.0,23.0,16.0,29.0,31.0,3,0,29.0
32970,Queens,2021,3,8,4,0,8,177615,POINT (1028931.8143046284 215115.26618027306),ROOSEVELT AVENUE BRIDGE,Flushing Line,Flushing Line,WB,2021-03-08 04:00:00,7.0,10.0,7.0,6.0,9.0,4,0,7.0
32970,Brooklyn,2021,3,8,4,0,31,191114,POINT (988207.4245194928 151130.52481856258),CROPSEY AVENUE BRIDGE,Coney Island Creek Shoreline,Dead end,NB,2021-03-08 04:00:00,22.0,19.0,16.0,26.0,31.0,4,0,24.0
32970,Brooklyn,2021,3,8,4,0,25,157501,POINT (988148.6889210109 151103.24158873298),CROPSEY AVENUE BRIDGE,Cropsey Avenue,Dead end,SB,2021-03-08 04:00:00,28.0,18.0,22.0,30.0,42.0,4,0,29.0
32970,Queens,2021,3,8,4,0,11,177615,POINT (1028931.8143046284 215115.26618027306),ROOSEVELT AVENUE BRIDGE,Flushing Line,Flushing Line,EB,2021-03-08 04:00:00,20.0,10.0,13.0,13.0,13.0,4,0,13.0
32970,Brooklyn,2021,3,8,4,15,42,157501,POINT (988148.6889210109 151103.24158873298),CROPSEY AVENUE BRIDGE,Cropsey Avenue,Dead end,SB,2021-03-08 04:15:00,25.0,28.0,20.0,28.0,46.0,4,0,37.0
32970,Queens,2021,3,8,4,15,13,177615,POINT (1028931.8143046284 215115.26618027306),ROOSEVELT AVENUE BRIDGE,Flushing Line,Flushing Line,EB,2021-03-08 04:15:00,11.0,20.0,8.0,7.0,16.0,4,0,10.0
32970,Queens,2021,3,8,4,15,9,177615,POINT (1028931.8143046284 215115.26618027306),ROOSEVELT AVENUE BRIDGE,Flushing Line,Flushing Line,WB,2021-03-08 04:15:00,8.0,7.0,5.0,7.0,9.0,4,0,14.0
32970,Brooklyn,2021,3,8,4,15,31,191114,POINT (988207.4245194928 151130.52481856258),CROPSEY AVENUE BRIDGE,Coney Island Creek Shoreline,Dead end,NB,2021-03-08 04:15:00,31.0,22.0,23.0,24.0,39.0,4,0,24.0
32970,Brooklyn,2021,3,8,4,30,46,157501,POINT (988148.6889210109 151103.24158873298),CROPSEY AVENUE BRIDGE,Cropsey Avenue,Dead end,SB,2021-03-08 04:30:00,42.0,25.0,18.0,33.0,47.0,4,0,22.0
32970,Queens,2021,3,8,4,30,16,177615,POINT (1028931.8143046284 215115.26618027306),ROOSEVELT AVENUE BRIDGE,Flushing Line,Flushing Line,EB,2021-03-08 04:30:00,13.0,11.0,10.0,11.0,17.0,4,0,14.0
32970,Queens,2021,3,8,4,30,9,177615,POINT (1028931.8143046284 215115.26618027306),ROOSEVELT AVENUE BRIDGE,Flushing Line,Flushing Line,WB,2021-03-08 04:30:00,9.0,8.0,10.0,5.0,25.0,4,0,11.0
32970,Brooklyn,2021,3,8,4,30,39,191114,POINT (988207.4245194928 151130.52481856258),CROPSEY AVENUE BRIDGE,Coney Island Creek Shoreline,Dead end,NB,2021-03-08 04:30:00,31.0,31.0,19.0,15.0,48.0,4,0,24.0
32970,Brooklyn,2021,3,8,4,45,48,191114,POINT (988207.4245194928 151130.52481856258),CROPSEY AVENUE BRIDGE,Coney Island Creek Shoreline,Dead end,NB,2021-03-08 04:45:00,39.0,31.0,22.0,16.0,53.0,4,0,16.0
32970,Brooklyn,2021,3,8,4,45,47,157501,POINT (988148.6889210109 151103.24158873298),CROPSEY AVENUE BRIDGE,Cropsey Avenue,Dead end,SB,2021-03-08 04:45:00,46.0,42.0,28.0,31.0,51.0,4,0,25.0
32970,Queens,2021,3,8,4,45,17,177615,POINT (1028931.8143046284 215115.26618027306),ROOSEVELT AVENUE BRIDGE,Flushing Line,Flushing Line,EB,2021-03-08 04:45:00,16.0,13.0,20.0,12.0,16.0,4,0,14.0
32970,Queens,2021,3,8,4,45,25,177615,POINT (1028931.8143046284 215115.26618027306),ROOSEVELT AVENUE BRIDGE,Flushing Line,Flushing Line,WB,2021-03-08 04:45:00,9.0,9.0,7.0,11.0,13.0,4,0,11.0
32970,Queens,2021,3,8,5,0,13,177615,POINT (1028931.8143046284 215115.26618027306),ROOSEVELT AVENUE BRIDGE,Flushing Line,Flushing Line,WB,2021-03-08 05:00:00,25.0,9.0,8.0,7.0,21.0,5,0,12.0
32970,Brooklyn,2021,3,8,5,0,53,191114,POINT (988207.4245194928 151130.52481856258),CROPSEY AVENUE BRIDGE,Coney Island Creek Shoreline,Dead end,NB,2021-03-08 05:00:00,48.0,39.0,31.0,16.0,68.0,5,0,30.0
32970,Brooklyn,2021,3,8,5,0,51,157501,POINT (988148.6889210109 151103.24158873298),CROPSEY AVENUE BRIDGE,Cropsey Avenue,Dead end,SB,2021-03-08 05:00:00,47.0,46.0,25.0,22.0,61.0,5,0,17.0
32970,Queens,2021,3,8,5,0,16,177615,POINT (1028931.8143046284 215115.26618027306),ROOSEVELT AVENUE BRIDGE,Flushing Line,Flushing Line,EB,2021-03-08 05:00:00,17.0,16.0,11.0,13.0,27.0,5,0,16.0
32970,Brooklyn,2021,3,8,5,15,61,157501,POINT (988148.6889210109 151103.24158873298),CROPSEY AVENUE BRIDGE,Cropsey Avenue,Dead end,SB,2021-03-08 05:15:00,51.0,47.0,42.0,20.0,82.0,5,0,42.0
32970,Queens,2021,3,8,5,15,27,177615,POINT (1028931.8143046284 215115.26618027306),ROOSEVELT AVENUE BRIDGE,Flushing Line,Flushing Line,EB,2021-03-08 05:15:00,16.0,17.0,13.0,8.0,32.0,5,0,14.0
32970,Queens,2021,3,8,5,15,21,177615,POINT (1028931.8143046284 215115.26618027306),ROOSEVELT AVENUE BRIDGE,Flushing Line,Flushing Line,WB,2021-03-08 05:15:00,13.0,25.0,9.0,5.0,38.0,5,0,13.0
32970,Brooklyn,2021,3,8,5,15,68,191114,POINT (988207.4245194928 151130.52481856258),CROPSEY AVENUE BRIDGE,Coney Island Creek Shoreline,Dead end,NB,2021-03-08 05:15:00,53.0,48.0,31.0,23.0,77.0,5,0,28.0
32970,Brooklyn,2021,3,8,5,30,82,157501,POINT (988148.6889210109 151103.24158873298),CROPSEY AVENUE BRIDGE,Cropsey Avenue,Dead end,SB,2021-03-08 05:30:00,61.0,51.0,46.0,18.0,117.0,5,0,52.0
32970,Queens,2021,3,8,5,30,32,177615,POINT (1028931.8143046284 215115.26618027306),ROOSEVELT AVENUE BRIDGE,Flushing Line,Flushing Line,EB,2021-03-08 05:30:00,27.0,16.0,16.0,10.0,38.0,5,0,13.0
32970,Queens,2021,3,8,5,30,38,177615,POINT (1028931.8143046284 215115.26618027306),ROOSEVELT AVENUE BRIDGE,Flushing Line,Flushing Line,WB,2021-03-08 05:30:00,21.0,13.0,9.0,10.0,35.0,5,0,15.0
32970,Brooklyn,2021,3,8,5,30,77,191114,POINT (988207.4245194928 151130.52481856258),CROPSEY AVENUE BRIDGE,Coney Island Creek Shoreline,Dead end,NB,2021-03-08 05:30:00,68.0,53.0,39.0,19.0,70.0,5,0,38.0
32970,Brooklyn,2021,3,8,5,45,70,191114,POINT (988207.4245194928 151130.52481856258),CROPSEY AVENUE BRIDGE,Coney Island Creek Shoreline,Dead end,NB,2021-03-08 05:45:00,77.0,68.0,48.0,22.0,121.0,5,0,26.0
32970,Queens,2021,3,8,5,45,35,177615,POINT (1028931.8143046284 215115.26618027306),ROOSEVELT AVENUE BRIDGE,Flushing Line,Flushing Line,WB,2021-03-08 05:45:00,38.0,21.0,25.0,7.0,46.0,5,0,7.0
32970,Brooklyn,2021,3,8,5,45,117,157501,POINT (988148.6889210109 151103.24158873298),CROPSEY AVENUE BRIDGE,Cropsey Avenue,Dead end,SB,2021-03-08 05:45:00,82.0,61.0,47.0,28.0,133.0,5,0,52.0
32970,Queens,2021,3,8,5,45,38,177615,POINT (1028931.8143046284 215115.26618027306),ROOSEVELT AVENUE BRIDGE,Flushing Line,Flushing Line,EB,2021-03-08 05:45:00,32.0,27.0,17.0,20.0,34.0,5,0,18.0
32970,Brooklyn,2021,3,8,6,0,133,157501,POINT (988148.6889210109 151103.24158873298),CROPSEY AVENUE BRIDGE,Cropsey Avenue,Dead end,SB,2021-03-08 06:00:00,117.0,82.0,51.0,25.0,152.0,6,0,47.0
32970,Queens,2021,3,8,6,0,34,177615,POINT (1028931.8143046284 215115.26618027306),ROOSEVELT AVENUE BRIDGE,Flushing Line,Flushing Line,EB,2021-03-08 06:00:00,38.0,32.0,16.0,11.0,41.0,6,0,18.0
32970,Queens,2021,3,8,6,0,46,177615,POINT (1028931.8143046284 215115.26618027306),ROOSEVELT AVENUE BRIDGE,Flushing Line,Flushing Line,WB,2021-03-08 06:00:00,35.0,38.0,13.0,8.0,44.0,6,0,11.0
32970,Brooklyn,2021,3,8,6,0,121,191114,POINT (988207.4245194928 151130.52481856258),CROPSEY AVENUE BRIDGE,Coney Island Creek Shoreline,Dead end,NB,2021-03-08 06:00:00,70.0,77.0,53.0,31.0,127.0,6,0,60.0
32970,Brooklyn,2021,3,8,6,15,127,191114,POINT (988207.4245194928 151130.52481856258),CROPSEY AVENUE BRIDGE,Coney Island Creek Shoreline,Dead end,NB,2021-03-08 06:15:00,121.0,70.0,68.0,31.0,151.0,6,0,51.0
32970,Brooklyn,2021,3,8,6,15,152,157501,POINT (988148.6889210109 151103.24158873298),CROPSEY AVENUE BRIDGE,Cropsey Avenue,Dead end,SB,2021-03-08 06:15:00,133.0,117.0,61.0,42.0,257.0,6,0,54.0
32970,Queens,2021,3,8,6,15,41,177615,POINT (1028931.8143046284 215115.26618027306),ROOSEVELT AVENUE BRIDGE,Flushing Line,Flushing Line,EB,2021-03-08 06:15:00,34.0,38.0,27.0,13.0,51.0,6,0,27.0
32970,Queens,2021,3,8,6,15,44,177615,POINT (1028931.8143046284 215115.26618027306),ROOSEVELT AVENUE BRIDGE,Flushing Line,Flushing Line,WB,2021-03-08 06:15:00,46.0,35.0,21.0,9.0,63.0,6,0,10.0
32970,Queens,2021,3,8,6,30,63,177615,POINT (1028931.8143046284 215115.26618027306),ROOSEVELT AVENUE BRIDGE,Flushing Line,Flushing Line,WB,2021-03-08 06:30:00,44.0,46.0,38.0,9.0,85.0,6,0,15.0
32970,Brooklyn,2021,3,8,6,30,151,191114,POINT (988207.4245194928 151130.52481856258),CROPSEY AVENUE BRIDGE,Coney Island Creek Shoreline,Dead end,NB,2021-03-08 06:30:00,127.0,121.0,77.0,39.0,179.0,6,0,72.0
32970,Brooklyn,2021,3,8,6,30,257,157501,POINT (988148.6889210109 151103.24158873298),CROPSEY AVENUE BRIDGE,Cropsey Avenue,Dead end,SB,2021-03-08 06:30:00,152.0,133.0,82.0,46.0,266.0,6,0,80.0
32970,Queens,2021,3,8,6,30,51,177615,POINT (1028931.8143046284 215115.26618027306),ROOSEVELT AVENUE BRIDGE,Flushing Line,Flushing Line,EB,2021-03-08 06:30:00,41.0,34.0,32.0,16.0,66.0,6,0,25.0
32970,Brooklyn,2021,3,8,6,45,179,191114,POINT (988207.4245194928 151130.52481856258),CROPSEY AVENUE BRIDGE,Coney Island Creek Shoreline,Dead end,NB,2021-03-08 06:45:00,151.0,127.0,70.0,48.0,188.0,6,0,57.0
32970,Queens,2021,3,8,6,45,85,177615,POINT (1028931.8143046284 215115.26618027306),ROOSEVELT AVENUE BRIDGE,Flushing Line,Flushing Line,WB,2021-03-08 06:45:00,63.0,44.0,35.0,25.0,78.0,6,0,20.0
32970,Brooklyn,2021,3,8,6,45,266,157501,POINT (988148.6889210109 151103.24158873298),CROPSEY AVENUE BRIDGE,Cropsey Avenue,Dead end,SB,2021-03-08 06:45:00,257.0,152.0,117.0,47.0,214.0,6,0,87.0
32970,Queens,2021,3,8,6,45,66,177615,POINT (1028931.8143046284 215115.26618027306),ROOSEVELT AVENUE BRIDGE,Flushing Line,Flushing Line,EB,2021-03-08 06:45:00,51.0,41.0,38.0,17.0,72.0,6,0,32.0
32970,Brooklyn,2021,3,8,7,0,214,157501,POINT (988148.6889210109 151103.24158873298),CROPSEY AVENUE BRIDGE,Cropsey Avenue,Dead end,SB,2021-03-08 07:00:00,266.0,257.0,133.0,51.0,263.0,7,0,72.0
32970,Queens,2021,3,8,7,0,72,177615,POINT (1028931.8143046284 215115.26618027306),ROOSEVELT AVENUE BRIDGE,Flushing Line,Flushing Line,EB,2021-03-08 07:00:00,66.0,51.0,34.0,16.0,54.0,7,0,26.0
32970,Queens,2021,3,8,7,0,78,177615,POINT (1028931.8143046284 215115.26618027306),ROOSEVELT AVENUE BRIDGE,Flushing Line,Flushing Line,WB,2021-03-08 07:00:00,85.0,63.0,46.0,13.0,99.0,7,0,28.0
32970,Brooklyn,2021,3,8,7,0,188,191114,POINT (988207.4245194928 151130.52481856258),CROPSEY AVENUE BRIDGE,Coney Island Creek Shoreline,Dead end,NB,2021-03-08 07:00:00,179.0,151.0,121.0,53.0,206.0,7,0,59.0
32970,Brooklyn,2021,3,8,7,15,206,191114,POINT (988207.4245194928 151130.52481856258),CROPSEY AVENUE BRIDGE,Coney Island Creek Shoreline,Dead end,NB,2021-03-08 07:15:00,188.0,179.0,127.0,68.0,197.0,7,0,88.0
32970,Brooklyn,2021,3,8,7,15,263,157501,POINT (988148.6889210109 151103.24158873298),CROPSEY AVENUE BRIDGE,Cropsey Avenue,Dead end,SB,2021-03-08 07:15:00,214.0,266.0,152.0,61.0,292.0,7,0,75.0
32970,Queens,2021,3,8,7,15,54,177615,POINT (1028931.8143046284 215115.26618027306),ROOSEVELT AVENUE BRIDGE,Flushing Line,Flushing Line,EB,2021-03-08 07:15:00,72.0,66.0,41.0,27.0,79.0,7,0,28.0
32970,Queens,2021,3,8,7,15,99,177615,POINT (1028931.8143046284 215115.26618027306),ROOSEVELT AVENUE BRIDGE,Flushing Line,Flushing Line,WB,2021-03-08 07:15:00,78.0,85.0,44.0,21.0,102.0,7,0,29.0
32970,Brooklyn,2021,3,8,7,30,197,191114,POINT (988207.4245194928 151130.52481856258),CROPSEY AVENUE BRIDGE,Coney Island Creek Shoreline,Dead end,NB,2021-03-08 07:30:00,206.0,188.0,151.0,77.0,207.0,7,0,90.0
32970,Queens,2021,3,8,7,30,102,177615,POINT (1028931.8143046284 215115.26618027306),ROOSEVELT AVENUE BRIDGE,Flushing Line,Flushing Line,WB,2021-03-08 07:30:00,99.0,78.0,63.0,38.0,86.0,7,0,23.0
32970,Brooklyn,2021,3,8,7,30,292,157501,POINT (988148.6889210109 151103.24158873298),CROPSEY AVENUE BRIDGE,Cropsey Avenue,Dead end,SB,2021-03-08 07:30:00,263.0,214.0,257.0,82.0,337.0,7,0,91.0
32970,Queens,2021,3,8,7,30,79,177615,POINT (1028931.8143046284 215115.26618027306),ROOSEVELT AVENUE BRIDGE,Flushing Line,Flushing Line,EB,2021-03-08 07:30:00,54.0,72.0,51.0,32.0,74.0,7,0,22.0
32970,Brooklyn,2021,3,8,7,45,337,157501,POINT (988148.6889210109 151103.24158873298),CROPSEY AVENUE BRIDGE,Cropsey Avenue,Dead end,SB,2021-03-08 07:45:00,292.0,263.0,266.0,117.0,287.0,7,0,134.0
32970,Queens,2021,3,8,7,45,74,177615,POINT (1028931.8143046284 215115.26618027306),ROOSEVELT AVENUE BRIDGE,Flushing Line,Flushing Line,EB,2021-03-08 07:45:00,79.0,54.0,66.0,38.0,67.0,7,0,56.0
32970,Queens,2021,3,8,7,45,86,177615,POINT (1028931.8143046284 215115.26618027306),ROOSEVELT AVENUE BRIDGE,Flushing Line,Flushing Line,WB,2021-03-08 07:45:00,102.0,99.0,85.0,35.0,101.0,7,0,29.0
32970,Brooklyn,2021,3,8,7,45,207,191114,POINT (988207.4245194928 151130.52481856258),CROPSEY AVENUE BRIDGE,Coney Island Creek Shoreline,Dead end,NB,2021-03-08 07:45:00,197.0,206.0,179.0,70.0,206.0,7,0,84.0
32970,Brooklyn,2021,3,8,8,0,287,157501,POINT (988148.6889210109 151103.24158873298),CROPSEY AVENUE BRIDGE,Cropsey Avenue,Dead end,SB,2021-03-08 08:00:00,337.0,292.0,214.0,133.0,262.0,8,0,96.0
32970,Queens,2021,3,8,8,0,67,177615,POINT (1028931.8143046284 215115.26618027306),ROOSEVELT AVENUE BRIDGE,Flushing Line,Flushing Line,EB,2021-03-08 08:00:00,74.0,79.0,72.0,34.0,83.0,8,0,55.0
32970,Queens,2021,3,8,8,0,101,177615,POINT (1028931.8143046284 215115.26618027306),ROOSEVELT AVENUE BRIDGE,Flushing Line,Flushing Line,WB,2021-03-08 08:00:00,86.0,102.0,78.0,46.0,98.0,8,0,25.0
32970,Brooklyn,2021,3,8,8,0,206,191114,POINT (988207.4245194928 151130.52481856258),CROPSEY AVENUE BRIDGE,Coney Island Creek Shoreline,Dead end,NB,2021-03-08 08:00:00,207.0,197.0,188.0,121.0,213.0,8,0,116.0
32970,Queens,2021,3,8,8,15,98,177615,POINT (1028931.8143046284 215115.26618027306),ROOSEVELT AVENUE BRIDGE,Flushing Line,Flushing Line,WB,2021-03-08 08:15:00,101.0,86.0,99.0,44.0,103.0,8,0,46.0
32970,Brooklyn,2021,3,8,8,15,213,191114,POINT (988207.4245194928 151130.52481856258),CROPSEY AVENUE BRIDGE,Coney Island Creek Shoreline,Dead end,NB,2021-03-08 08:15:00,206.0,207.0,206.0,127.0,196.0,8,0,129.0
32970,Queens,2021,3,8,8,15,83,177615,POINT (1028931.8143046284 215115.26618027306),ROOSEVELT AVENUE BRIDGE,Flushing Line,Flushing Line,EB,2021-03-08 08:15:00,67.0,74.0,54.0,41.0,101.0,8,0,59.0
32970,Brooklyn,2021,3,8,8,15,262,157501,POINT (988148.6889210109 151103.24158873298),CROPSEY AVENUE BRIDGE,Cropsey Avenue,Dead end,SB,2021-03-08 08:15:00,287.0,337.0,263.0,152.0,216.0,8,0,106.0
32970,Brooklyn,2021,3,8,8,30,216,157501,POINT (988148.6889210109 151103.24158873298),CROPSEY AVENUE BRIDGE,Cropsey Avenue,Dead end,SB,2021-03-08 08:30:00,262.0,287.0,292.0,257.0,269.0,8,0,114.0
32970,Queens,2021,3,8,8,30,101,177615,POINT (1028931.8143046284 215115.26618027306),ROOSEVELT AVENUE BRIDGE,Flushing Line,Flushing Line,EB,2021-03-08 08:30:00,83.0,67.0,79.0,51.0,97.0,8,0,56.0
32970,Queens,2021,3,8,8,30,103,177615,POINT (1028931.8143046284 215115.26618027306),ROOSEVELT AVENUE BRIDGE,Flushing Line,Flushing Line,WB,2021-03-08 08:30:00,98.0,101.0,102.0,63.0,113.0,8,0,40.0
32970,Brooklyn,2021,3,8,8,30,196,191114,POINT (988207.4245194928 151130.52481856258),CROPSEY AVENUE BRIDGE,Coney Island Creek Shoreline,Dead end,NB,2021-03-08 08:30:00,213.0,206.0,197.0,151.0,201.0,8,0,116.0
32970,Brooklyn,2021,3,8,8,45,269,157501,POINT (988148.6889210109 151103.24158873298),CROPSEY AVENUE BRIDGE,Cropsey Avenue,Dead end,SB,2021-03-08 08:45:00,216.0,262.0,337.0,266.0,249.0,8,0,123.0
32970,Queens,2021,3,8,8,45,97,177615,POINT (1028931.8143046284 215115.26618027306),ROOSEVELT AVENUE BRIDGE,Flushing Line,Flushing Line,EB,2021-03-08 08:45:00,101.0,83.0,74.0,66.0,91.0,8,0,75.0
32970,Queens,2021,3,8,8,45,113,177615,POINT (1028931.8143046284 215115.26618027306),ROOSEVELT AVENUE BRIDGE,Flushing Line,Flushing Line,WB,2021-03-08 08:45:00,103.0,98.0,86.0,85.0,90.0,8,0,53.0
32970,Brooklyn,2021,3,8,8,45,201,191114,POINT (988207.4245194928 151130.52481856258),CROPSEY AVENUE BRIDGE,Coney Island Creek Shoreline,Dead end,NB,2021-03-08 08:45:00,196.0,213.0,207.0,179.0,212.0,8,0,146.0
32970,Queens,2021,3,8,9,0,91,177615,POINT (1028931.8143046284 215115.26618027306),ROOSEVELT AVENUE BRIDGE,Flushing Line,Flushing Line,EB,2021-03-08 09:00:00,97.0,101.0,67.0,72.0,101.0,9,0,52.0
32970,Brooklyn,2021,3,8,9,0,249,157501,POINT (988148.6889210109 151103.24158873298),CROPSEY AVENUE BRIDGE,Cropsey Avenue,Dead end,SB,2021-03-08 09:00:00,269.0,216.0,287.0,214.0,252.0,9,0,117.0
32970,Queens,2021,3,8,9,0,90,177615,POINT (1028931.8143046284 215115.26618027306),ROOSEVELT AVENUE BRIDGE,Flushing Line,Flushing Line,WB,2021-03-08 09:00:00,113.0,103.0,101.0,78.0,88.0,9,0,46.0
32970,Brooklyn,2021,3,8,9,0,212,191114,POINT (988207.4245194928 151130.52481856258),CROPSEY AVENUE BRIDGE,Coney Island Creek Shoreline,Dead end,NB,2021-03-08 09:00:00,201.0,196.0,206.0,188.0,225.0,9,0,148.0
32970,Brooklyn,2021,3,8,9,15,225,191114,POINT (988207.4245194928 151130.52481856258),CROPSEY AVENUE BRIDGE,Coney Island Creek Shoreline,Dead end,NB,2021-03-08 09:15:00,212.0,201.0,213.0,206.0,200.0,9,0,155.0
32970,Queens,2021,3,8,9,15,88,177615,POINT (1028931.8143046284 215115.26618027306),ROOSEVELT AVENUE BRIDGE,Flushing Line,Flushing Line,WB,2021-03-08 09:15:00,90.0,113.0,98.0,99.0,87.0,9,0,50.0
32970,Brooklyn,2021,3,8,9,15,252,157501,POINT (988148.6889210109 151103.24158873298),CROPSEY AVENUE BRIDGE,Cropsey Avenue,Dead end,SB,2021-03-08 09:15:00,249.0,269.0,262.0,263.0,209.0,9,0,126.0
32970,Queens,2021,3,8,9,15,101,177615,POINT (1028931.8143046284 215115.26618027306),ROOSEVELT AVENUE BRIDGE,Flushing Line,Flushing Line,EB,2021-03-08 09:15:00,91.0,97.0,83.0,54.0,126.0,9,0,68.0
32970,Brooklyn,2021,3,8,9,30,200,191114,POINT (988207.4245194928 151130.52481856258),CROPSEY AVENUE BRIDGE,Coney Island Creek Shoreline,Dead end,NB,2021-03-08 09:30:00,225.0,212.0,196.0,197.0,227.0,9,0,160.0
32970,Brooklyn,2021,3,8,9,30,209,157501,POINT (988148.6889210109 151103.24158873298),CROPSEY AVENUE BRIDGE,Cropsey Avenue,Dead end,SB,2021-03-08 09:30:00,252.0,249.0,216.0,292.0,192.0,9,0,135.0
32970,Queens,2021,3,8,9,30,126,177615,POINT (1028931.8143046284 215115.26618027306),ROOSEVELT AVENUE BRIDGE,Flushing Line,Flushing Line,EB,2021-03-08 09:30:00,101.0,91.0,101.0,79.0,118.0,9,0,74.0
32970,Queens,2021,3,8,9,30,87,177615,POINT (1028931.8143046284 215115.26618027306),ROOSEVELT AVENUE BRIDGE,Flushing Line,Flushing Line,WB,2021-03-08 09:30:00,88.0,90.0,103.0,102.0,85.0,9,0,59.0
32970,Queens,2021,3,8,9,45,85,177615,POINT (1028931.8143046284 215115.26618027306),ROOSEVELT AVENUE BRIDGE,Flushing Line,Flushing Line,WB,2021-03-08 09:45:00,87.0,88.0,113.0,86.0,70.0,9,0,67.0
32970,Brooklyn,2021,3,8,9,45,227,191114,POINT (988207.4245194928 151130.52481856258),CROPSEY AVENUE BRIDGE,Coney Island Creek Shoreline,Dead end,NB,2021-03-08 09:45:00,200.0,225.0,201.0,207.0,185.0,9,0,168.0
32970,Brooklyn,2021,3,8,9,45,192,157501,POINT (988148.6889210109 151103.24158873298),CROPSEY AVENUE BRIDGE,Cropsey Avenue,Dead end,SB,2021-03-08 09:45:00,209.0,252.0,269.0,337.0,207.0,9,0,157.0
32970,Queens,2021,3,8,9,45,118,177615,POINT (1028931.8143046284 215115.26618027306),ROOSEVELT AVENUE BRIDGE,Flushing Line,Flushing Line,EB,2021-03-08 09:45:00,126.0,101.0,97.0,74.0,107.0,9,0,100.0
32970,Brooklyn,2021,3,8,10,0,185,191114,POINT (988207.4245194928 151130.52481856258),CROPSEY AVENUE BRIDGE,Coney Island Creek Shoreline,Dead end,NB,2021-03-08 10:00:00,227.0,200.0,212.0,206.0,204.0,10,0,173.0
32970,Queens,2021,3,8,10,0,70,177615,POINT (1028931.8143046284 215115.26618027306),ROOSEVELT AVENUE BRIDGE,Flushing Line,Flushing Line,WB,2021-03-08 10:00:00,85.0,87.0,90.0,101.0,98.0,10,0,75.0
32970,Brooklyn,2021,3,8,10,0,207,157501,POINT (988148.6889210109 151103.24158873298),CROPSEY AVENUE BRIDGE,Cropsey Avenue,Dead end,SB,2021-03-08 10:00:00,192.0,209.0,249.0,287.0,184.0,10,0,148.0
32970,Queens,2021,3,8,10,0,107,177615,POINT (1028931.8143046284 215115.26618027306),ROOSEVELT AVENUE BRIDGE,Flushing Line,Flushing Line,EB,2021-03-08 10:00:00,118.0,126.0,91.0,67.0,103.0,10,0,94.0
32970,Brooklyn,2021,3,8,10,15,184,157501,POINT (988148.6889210109 151103.24158873298),CROPSEY AVENUE BRIDGE,Cropsey Avenue,Dead end,SB,2021-03-08 10:15:00,207.0,192.0,252.0,262.0,170.0,10,0,165.0
32970,Queens,2021,3,8,10,15,103,177615,POINT (1028931.8143046284 215115.26618027306),ROOSEVELT AVENUE BRIDGE,Flushing Line,Flushing Line,EB,2021-03-08 10:15:00,107.0,118.0,101.0,83.0,108.0,10,0,102.0
32970,Queens,2021,3,8,10,15,98,177615,POINT (1028931.8143046284 215115.26618027306),ROOSEVELT AVENUE BRIDGE,Flushing Line,Flushing Line,WB,2021-03-08 10:15:00,70.0,85.0,88.0,98.0,75.0,10,0,79.0
32970,Brooklyn,2021,3,8,10,15,204,191114,POINT (988207.4245194928 151130.52481856258),CROPSEY AVENUE BRIDGE,Coney Island Creek Shoreline,Dead end,NB,2021-03-08 10:15:00,185.0,227.0,225.0,213.0,197.0,10,0,172.0
32970,Brooklyn,2021,3,8,10,30,197,191114,POINT (988207.4245194928 151130.52481856258),CROPSEY AVENUE BRIDGE,Coney Island Creek Shoreline,Dead end,NB,2021-03-08 10:30:00,204.0,185.0,200.0,196.0,202.0,10,0,198.0
32970,Brooklyn,2021,3,8,10,30,170,157501,POINT (988148.6889210109 151103.24158873298),CROPSEY AVENUE BRIDGE,Cropsey Avenue,Dead end,SB,2021-03-08 10:30:00,184.0,207.0,209.0,216.0,197.0,10,0,210.0
32970,Queens,2021,3,8,10,30,108,177615,POINT (1028931.8143046284 215115.26618027306),ROOSEVELT AVENUE BRIDGE,Flushing Line,Flushing Line,EB,2021-03-08 10:30:00,103.0,107.0,126.0,101.0,117.0,10,0,96.0
32970,Queens,2021,3,8,10,30,75,177615,POINT (1028931.8143046284 215115.26618027306),ROOSEVELT AVENUE BRIDGE,Flushing Line,Flushing Line,WB,2021-03-08 10:30:00,98.0,70.0,87.0,103.0,75.0,10,0,79.0
32970,Brooklyn,2021,3,8,10,45,202,191114,POINT (988207.4245194928 151130.52481856258),CROPSEY AVENUE BRIDGE,Coney Island Creek Shoreline,Dead end,NB,2021-03-08 10:45:00,197.0,204.0,227.0,201.0,223.0,10,0,202.0
32970,Queens,2021,3,8,10,45,75,177615,POINT (1028931.8143046284 215115.26618027306),ROOSEVELT AVENUE BRIDGE,Flushing Line,Flushing Line,WB,2021-03-08 10:45:00,75.0,98.0,85.0,113.0,88.0,10,0,70.0
32970,Queens,2021,3,8,10,45,117,177615,POINT (1028931.8143046284 215115.26618027306),ROOSEVELT AVENUE BRIDGE,Flushing Line,Flushing Line,EB,2021-03-08 10:45:00,108.0,103.0,118.0,97.0,114.0,10,0,104.0
32970,Brooklyn,2021,3,8,10,45,197,157501,POINT (988148.6889210109 151103.24158873298),CROPSEY AVENUE BRIDGE,Cropsey Avenue,Dead end,SB,2021-03-08 10:45:00,170.0,184.0,192.0,269.0,154.0,10,0,196.0
32970,Brooklyn,2021,3,8,11,0,223,191114,POINT (988207.4245194928 151130.52481856258),CROPSEY AVENUE BRIDGE,Coney Island Creek Shoreline,Dead end,NB,2021-03-08 11:00:00,202.0,197.0,185.0,212.0,212.0,11,0,209.0
32970,Brooklyn,2021,3,8,11,0,154,157501,POINT (988148.6889210109 151103.24158873298),CROPSEY AVENUE BRIDGE,Cropsey Avenue,Dead end,SB,2021-03-08 11:00:00,197.0,170.0,207.0,249.0,174.0,11,0,186.0
32970,Queens,2021,3,8,11,0,114,177615,POINT (1028931.8143046284 215115.26618027306),ROOSEVELT AVENUE BRIDGE,Flushing Line,Flushing Line,EB,2021-03-08 11:00:00,117.0,108.0,107.0,91.0,91.0,11,0,100.0
32970,Queens,2021,3,8,11,0,88,177615,POINT (1028931.8143046284 215115.26618027306),ROOSEVELT AVENUE BRIDGE,Flushing Line,Flushing Line,WB,2021-03-08 11:00:00,75.0,75.0,70.0,90.0,87.0,11,0,93.0
32970,Queens,2021,3,8,11,15,91,177615,POINT (1028931.8143046284 215115.26618027306),ROOSEVELT AVENUE BRIDGE,Flushing Line,Flushing Line,EB,2021-03-08 11:15:00,114.0,117.0,103.0,101.0,93.0,11,0,135.0
32970,Queens,2021,3,8,11,15,87,177615,POINT (1028931.8143046284 215115.26618027306),ROOSEVELT AVENUE BRIDGE,Flushing Line,Flushing Line,WB,2021-03-08 11:15:00,88.0,75.0,98.0,88.0,87.0,11,0,95.0
32970,Brooklyn,2021,3,8,11,15,174,157501,POINT (988148.6889210109 151103.24158873298),CROPSEY AVENUE BRIDGE,Cropsey Avenue,Dead end,SB,2021-03-08 11:15:00,154.0,197.0,184.0,252.0,168.0,11,0,199.0
32970,Brooklyn,2021,3,8,11,15,212,191114,POINT (988207.4245194928 151130.52481856258),CROPSEY AVENUE BRIDGE,Coney Island Creek Shoreline,Dead end,NB,2021-03-08 11:15:00,223.0,202.0,204.0,225.0,201.0,11,0,216.0
32970,Queens,2021,3,8,11,30,87,177615,POINT (1028931.8143046284 215115.26618027306),ROOSEVELT AVENUE BRIDGE,Flushing Line,Flushing Line,WB,2021-03-08 11:30:00,87.0,88.0,75.0,87.0,94.0,11,0,92.0
32970,Brooklyn,2021,3,8,11,30,201,191114,POINT (988207.4245194928 151130.52481856258),CROPSEY AVENUE BRIDGE,Coney Island Creek Shoreline,Dead end,NB,2021-03-08 11:30:00,212.0,223.0,197.0,200.0,265.0,11,0,228.0
32970,Queens,2021,3,8,11,30,93,177615,POINT (1028931.8143046284 215115.26618027306),ROOSEVELT AVENUE BRIDGE,Flushing Line,Flushing Line,EB,2021-03-08 11:30:00,91.0,114.0,108.0,126.0,103.0,11,0,103.0
32970,Brooklyn,2021,3,8,11,30,168,157501,POINT (988148.6889210109 151103.24158873298),CROPSEY AVENUE BRIDGE,Cropsey Avenue,Dead end,SB,2021-03-08 11:30:00,174.0,154.0,170.0,209.0,188.0,11,0,199.0
32970,Brooklyn,2021,3,8,11,45,188,157501,POINT (988148.6889210109 151103.24158873298),CROPSEY AVENUE BRIDGE,Cropsey Avenue,Dead end,SB,2021-03-08 11:45:00,168.0,174.0,197.0,192.0,190.0,11,0,220.0
32970,Queens,2021,3,8,11,45,103,177615,POINT (1028931.8143046284 215115.26618027306),ROOSEVELT AVENUE BRIDGE,Flushing Line,Flushing Line,EB,2021-03-08 11:45:00,93.0,91.0,117.0,118.0,89.0,11,0,123.0
32970,Queens,2021,3,8,11,45,94,177615,POINT (1028931.8143046284 215115.26618027306),ROOSEVELT AVENUE BRIDGE,Flushing Line,Flushing Line,WB,2021-03-08 11:45:00,87.0,87.0,75.0,85.0,102.0,11,0,105.0
32970,Brooklyn,2021,3,8,11,45,265,191114,POINT (988207.4245194928 151130.52481856258),CROPSEY AVENUE BRIDGE,Coney Island Creek Shoreline,Dead end,NB,2021-03-08 11:45:00,201.0,212.0,202.0,227.0,222.0,11,0,210.0
32970,Brooklyn,2021,3,8,12,0,190,157501,POINT (988148.6889210109 151103.24158873298),CROPSEY AVENUE BRIDGE,Cropsey Avenue,Dead end,SB,2021-03-08 12:00:00,188.0,168.0,154.0,207.0,232.0,12,0,218.0
32970,Queens,2021,3,8,12,0,89,177615,POINT (1028931.8143046284 215115.26618027306),ROOSEVELT AVENUE BRIDGE,Flushing Line,Flushing Line,EB,2021-03-08 12:00:00,103.0,93.0,114.0,107.0,109.0,12,0,121.0
32970,Queens,2021,3,8,12,0,102,177615,POINT (1028931.8143046284 215115.26618027306),ROOSEVELT AVENUE BRIDGE,Flushing Line,Flushing Line,WB,2021-03-08 12:00:00,94.0,87.0,88.0,70.0,106.0,12,0,99.0
32970,Brooklyn,2021,3,8,12,0,222,191114,POINT (988207.4245194928 151130.52481856258),CROPSEY AVENUE BRIDGE,Coney Island Creek Shoreline,Dead end,NB,2021-03-08 12:00:00,265.0,201.0,223.0,185.0,232.0,12,0,206.0
32970,Brooklyn,2021,3,8,12,15,232,191114,POINT (988207.4245194928 151130.52481856258),CROPSEY AVENUE BRIDGE,Coney Island Creek Shoreline,Dead end,NB,2021-03-08 12:15:00,222.0,265.0,212.0,204.0,286.0,12,0,239.0
32970,Queens,2021,3,8,12,15,106,177615,POINT (1028931.8143046284 215115.26618027306),ROOSEVELT AVENUE BRIDGE,Flushing Line,Flushing Line,WB,2021-03-08 12:15:00,102.0,94.0,87.0,98.0,98.0,12,0,99.0
32970,Queens,2021,3,8,12,15,109,177615,POINT (1028931.8143046284 215115.26618027306),ROOSEVELT AVENUE BRIDGE,Flushing Line,Flushing Line,EB,2021-03-08 12:15:00,89.0,103.0,91.0,103.0,124.0,12,0,124.0
32970,Brooklyn,2021,3,8,12,15,232,157501,POINT (988148.6889210109 151103.24158873298),CROPSEY AVENUE BRIDGE,Cropsey Avenue,Dead end,SB,2021-03-08 12:15:00,190.0,188.0,174.0,184.0,202.0,12,0,211.0
32970,Brooklyn,2021,3,8,12,30,202,157501,POINT (988148.6889210109 151103.24158873298),CROPSEY AVENUE BRIDGE,Cropsey Avenue,Dead end,SB,2021-03-08 12:30:00,232.0,190.0,168.0,170.0,220.0,12,0,236.0
32970,Queens,2021,3,8,12,30,124,177615,POINT (1028931.8143046284 215115.26618027306),ROOSEVELT AVENUE BRIDGE,Flushing Line,Flushing Line,EB,2021-03-08 12:30:00,109.0,89.0,93.0,108.0,125.0,12,0,115.0
32970,Queens,2021,3,8,12,30,98,177615,POINT (1028931.8143046284 215115.26618027306),ROOSEVELT AVENUE BRIDGE,Flushing Line,Flushing Line,WB,2021-03-08 12:30:00,106.0,102.0,87.0,75.0,75.0,12,0,122.0
32970,Brooklyn,2021,3,8,12,30,286,191114,POINT (988207.4245194928 151130.52481856258),CROPSEY AVENUE BRIDGE,Coney Island Creek Shoreline,Dead end,NB,2021-03-08 12:30:00,232.0,222.0,201.0,197.0,227.0,12,0,228.0
32970,Brooklyn,2021,3,8,12,45,220,157501,POINT (988148.6889210109 151103.24158873298),CROPSEY AVENUE BRIDGE,Cropsey Avenue,Dead end,SB,2021-03-08 12:45:00,202.0,232.0,188.0,197.0,196.0,12,0,247.0
32970,Queens,2021,3,8,12,45,125,177615,POINT (1028931.8143046284 215115.26618027306),ROOSEVELT AVENUE BRIDGE,Flushing Line,Flushing Line,EB,2021-03-08 12:45:00,124.0,109.0,103.0,117.0,101.0,12,0,148.0
32970,Queens,2021,3,8,12,45,75,177615,POINT (1028931.8143046284 215115.26618027306),ROOSEVELT AVENUE BRIDGE,Flushing Line,Flushing Line,WB,2021-03-08 12:45:00,98.0,106.0,94.0,75.0,105.0,12,0,93.0
32970,Brooklyn,2021,3,8,12,45,227,191114,POINT (988207.4245194928 151130.52481856258),CROPSEY AVENUE BRIDGE,Coney Island Creek Shoreline,Dead end,NB,2021-03-08 12:45:00,286.0,232.0,265.0,202.0,250.0,12,0,220.0
32970,Queens,2021,3,8,13,0,105,177615,POINT (1028931.8143046284 215115.26618027306),ROOSEVELT AVENUE BRIDGE,Flushing Line,Flushing Line,WB,2021-03-08 13:00:00,75.0,98.0,102.0,88.0,98.0,13,0,109.0
32970,Brooklyn,2021,3,8,13,0,250,191114,POINT (988207.4245194928 151130.52481856258),CROPSEY AVENUE BRIDGE,Coney Island Creek Shoreline,Dead end,NB,2021-03-08 13:00:00,227.0,286.0,222.0,223.0,249.0,13,0,259.0
32970,Brooklyn,2021,3,8,13,0,196,157501,POINT (988148.6889210109 151103.24158873298),CROPSEY AVENUE BRIDGE,Cropsey Avenue,Dead end,SB,2021-03-08 13:00:00,220.0,202.0,190.0,154.0,203.0,13,0,226.0
32970,Queens,2021,3,8,13,0,101,177615,POINT (1028931.8143046284 215115.26618027306),ROOSEVELT AVENUE BRIDGE,Flushing Line,Flushing Line,EB,2021-03-08 13:00:00,125.0,124.0,89.0,114.0,116.0,13,0,115.0
32970,Brooklyn,2021,3,8,13,15,203,157501,POINT (988148.6889210109 151103.24158873298),CROPSEY AVENUE BRIDGE,Cropsey Avenue,Dead end,SB,2021-03-08 13:15:00,196.0,220.0,232.0,174.0,199.0,13,0,263.0
32970,Queens,2021,3,8,13,15,116,177615,POINT (1028931.8143046284 215115.26618027306),ROOSEVELT AVENUE BRIDGE,Flushing Line,Flushing Line,EB,2021-03-08 13:15:00,101.0,125.0,109.0,91.0,116.0,13,0,128.0
32970,Queens,2021,3,8,13,15,98,177615,POINT (1028931.8143046284 215115.26618027306),ROOSEVELT AVENUE BRIDGE,Flushing Line,Flushing Line,WB,2021-03-08 13:15:00,105.0,75.0,106.0,87.0,87.0,13,0,116.0
32970,Brooklyn,2021,3,8,13,15,249,191114,POINT (988207.4245194928 151130.52481856258),CROPSEY AVENUE BRIDGE,Coney Island Creek Shoreline,Dead end,NB,2021-03-08 13:15:00,250.0,227.0,232.0,212.0,267.0,13,0,242.0
32970,Brooklyn,2021,3,8,13,30,199,157501,POINT (988148.6889210109 151103.24158873298),CROPSEY AVENUE BRIDGE,Cropsey Avenue,Dead end,SB,2021-03-08 13:30:00,203.0,196.0,202.0,168.0,229.0,13,0,241.0
32970,Queens,2021,3,8,13,30,116,177615,POINT (1028931.8143046284 215115.26618027306),ROOSEVELT AVENUE BRIDGE,Flushing Line,Flushing Line,EB,2021-03-08 13:30:00,116.0,101.0,124.0,93.0,138.0,13,0,125.0
32970,Queens,2021,3,8,13,30,87,177615,POINT (1028931.8143046284 215115.26618027306),ROOSEVELT AVENUE BRIDGE,Flushing Line,Flushing Line,WB,2021-03-08 13:30:00,98.0,105.0,98.0,87.0,109.0,13,0,119.0
32970,Brooklyn,2021,3,8,13,30,267,191114,POINT (988207.4245194928 151130.52481856258),CROPSEY AVENUE BRIDGE,Coney Island Creek Shoreline,Dead end,NB,2021-03-08 13:30:00,249.0,250.0,286.0,201.0,247.0,13,0,229.0
32970,Queens,2021,3,8,13,45,109,177615,POINT (1028931.8143046284 215115.26618027306),ROOSEVELT AVENUE BRIDGE,Flushing Line,Flushing Line,WB,2021-03-08 13:45:00,87.0,98.0,75.0,94.0,93.0,13,0,111.0
32970,Brooklyn,2021,3,8,13,45,247,191114,POINT (988207.4245194928 151130.52481856258),CROPSEY AVENUE BRIDGE,Coney Island Creek Shoreline,Dead end,NB,2021-03-08 13:45:00,267.0,249.0,227.0,265.0,272.0,13,0,220.0
32970,Brooklyn,2021,3,8,13,45,229,157501,POINT (988148.6889210109 151103.24158873298),CROPSEY AVENUE BRIDGE,Cropsey Avenue,Dead end,SB,2021-03-08 13:45:00,199.0,203.0,220.0,188.0,234.0,13,0,277.0
32970,Queens,2021,3,8,13,45,138,177615,POINT (1028931.8143046284 215115.26618027306),ROOSEVELT AVENUE BRIDGE,Flushing Line,Flushing Line,EB,2021-03-08 13:45:00,116.0,116.0,125.0,103.0,114.0,13,0,111.0
32970,Brooklyn,2021,3,8,14,0,234,157501,POINT (988148.6889210109 151103.24158873298),CROPSEY AVENUE BRIDGE,Cropsey Avenue,Dead end,SB,2021-03-08 14:00:00,229.0,199.0,196.0,190.0,225.0,14,0,224.0
32970,Queens,2021,3,8,14,0,114,177615,POINT (1028931.8143046284 215115.26618027306),ROOSEVELT AVENUE BRIDGE,Flushing Line,Flushing Line,EB,2021-03-08 14:00:00,138.0,116.0,101.0,89.0,117.0,14,0,114.0
32970,Queens,2021,3,8,14,0,93,177615,POINT (1028931.8143046284 215115.26618027306),ROOSEVELT AVENUE BRIDGE,Flushing Line,Flushing Line,WB,2021-03-08 14:00:00,109.0,87.0,105.0,102.0,88.0,14,0,127.0
32970,Brooklyn,2021,3,8,14,0,272,191114,POINT (988207.4245194928 151130.52481856258),CROPSEY AVENUE BRIDGE,Coney Island Creek Shoreline,Dead end,NB,2021-03-08 14:00:00,247.0,267.0,250.0,222.0,321.0,14,0,256.0
32970,Brooklyn,2021,3,8,14,15,225,157501,POINT (988148.6889210109 151103.24158873298),CROPSEY AVENUE BRIDGE,Cropsey Avenue,Dead end,SB,2021-03-08 14:15:00,234.0,229.0,203.0,232.0,222.0,14,0,281.0
32970,Queens,2021,3,8,14,15,117,177615,POINT (1028931.8143046284 215115.26618027306),ROOSEVELT AVENUE BRIDGE,Flushing Line,Flushing Line,EB,2021-03-08 14:15:00,114.0,138.0,116.0,109.0,115.0,14,0,130.0
32970,Queens,2021,3,8,14,15,88,177615,POINT (1028931.8143046284 215115.26618027306),ROOSEVELT AVENUE BRIDGE,Flushing Line,Flushing Line,WB,2021-03-08 14:15:00,93.0,109.0,98.0,106.0,93.0,14,0,94.0
32970,Brooklyn,2021,3,8,14,15,321,191114,POINT (988207.4245194928 151130.52481856258),CROPSEY AVENUE BRIDGE,Coney Island Creek Shoreline,Dead end,NB,2021-03-08 14:15:00,272.0,247.0,249.0,232.0,303.0,14,0,253.0
32970,Brooklyn,2021,3,8,14,30,303,191114,POINT (988207.4245194928 151130.52481856258),CROPSEY AVENUE BRIDGE,Coney Island Creek Shoreline,Dead end,NB,2021-03-08 14:30:00,321.0,272.0,267.0,286.0,317.0,14,0,247.0
32970,Brooklyn,2021,3,8,14,30,222,157501,POINT (988148.6889210109 151103.24158873298),CROPSEY AVENUE BRIDGE,Cropsey Avenue,Dead end,SB,2021-03-08 14:30:00,225.0,234.0,199.0,202.0,233.0,14,0,228.0
32970,Queens,2021,3,8,14,30,115,177615,POINT (1028931.8143046284 215115.26618027306),ROOSEVELT AVENUE BRIDGE,Flushing Line,Flushing Line,EB,2021-03-08 14:30:00,117.0,114.0,116.0,124.0,118.0,14,0,137.0
32970,Queens,2021,3,8,14,30,93,177615,POINT (1028931.8143046284 215115.26618027306),ROOSEVELT AVENUE BRIDGE,Flushing Line,Flushing Line,WB,2021-03-08 14:30:00,88.0,93.0,87.0,98.0,75.0,14,0,110.0
32970,Brooklyn,2021,3,8,14,45,317,191114,POINT (988207.4245194928 151130.52481856258),CROPSEY AVENUE BRIDGE,Coney Island Creek Shoreline,Dead end,NB,2021-03-08 14:45:00,303.0,321.0,247.0,227.0,262.0,14,0,239.0
32970,Queens,2021,3,8,14,45,75,177615,POINT (1028931.8143046284 215115.26618027306),ROOSEVELT AVENUE BRIDGE,Flushing Line,Flushing Line,WB,2021-03-08 14:45:00,93.0,88.0,109.0,75.0,91.0,14,0,126.0
32970,Queens,2021,3,8,14,45,118,177615,POINT (1028931.8143046284 215115.26618027306),ROOSEVELT AVENUE BRIDGE,Flushing Line,Flushing Line,EB,2021-03-08 14:45:00,115.0,117.0,138.0,125.0,126.0,14,0,154.0
32970,Brooklyn,2021,3,8,14,45,233,157501,POINT (988148.6889210109 151103.24158873298),CROPSEY AVENUE BRIDGE,Cropsey Avenue,Dead end,SB,2021-03-08 14:45:00,222.0,225.0,229.0,220.0,267.0,14,0,269.0
32970,Brooklyn,2021,3,8,15,0,267,157501,POINT (988148.6889210109 151103.24158873298),CROPSEY AVENUE BRIDGE,Cropsey Avenue,Dead end,SB,2021-03-08 15:00:00,233.0,222.0,234.0,196.0,232.0,15,0,254.0
32970,Queens,2021,3,8,15,0,126,177615,POINT (1028931.8143046284 215115.26618027306),ROOSEVELT AVENUE BRIDGE,Flushing Line,Flushing Line,EB,2021-03-08 15:00:00,118.0,115.0,114.0,101.0,128.0,15,0,116.0
32970,Queens,2021,3,8,15,0,91,177615,POINT (1028931.8143046284 215115.26618027306),ROOSEVELT AVENUE BRIDGE,Flushing Line,Flushing Line,WB,2021-03-08 15:00:00,75.0,93.0,93.0,105.0,94.0,15,0,104.0
32970,Brooklyn,2021,3,8,15,0,262,191114,POINT (988207.4245194928 151130.52481856258),CROPSEY AVENUE BRIDGE,Coney Island Creek Shoreline,Dead end,NB,2021-03-08 15:00:00,317.0,303.0,272.0,250.0,273.0,15,0,232.0
32970,Brooklyn,2021,3,8,15,15,232,157501,POINT (988148.6889210109 151103.24158873298),CROPSEY AVENUE BRIDGE,Cropsey Avenue,Dead end,SB,2021-03-08 15:15:00,267.0,233.0,225.0,203.0,282.0,15,0,254.0
32970,Queens,2021,3,8,15,15,128,177615,POINT (1028931.8143046284 215115.26618027306),ROOSEVELT AVENUE BRIDGE,Flushing Line,Flushing Line,EB,2021-03-08 15:15:00,126.0,118.0,117.0,116.0,129.0,15,0,111.0
32970,Queens,2021,3,8,15,15,94,177615,POINT (1028931.8143046284 215115.26618027306),ROOSEVELT AVENUE BRIDGE,Flushing Line,Flushing Line,WB,2021-03-08 15:15:00,91.0,75.0,88.0,98.0,99.0,15,0,122.0
32970,Brooklyn,2021,3,8,15,15,273,191114,POINT (988207.4245194928 151130.52481856258),CROPSEY AVENUE BRIDGE,Coney Island Creek Shoreline,Dead end,NB,2021-03-08 15:15:00,262.0,317.0,321.0,249.0,302.0,15,0,249.0
32970,Brooklyn,2021,3,8,15,30,302,191114,POINT (988207.4245194928 151130.52481856258),CROPSEY AVENUE BRIDGE,Coney Island Creek Shoreline,Dead end,NB,2021-03-08 15:30:00,273.0,262.0,303.0,267.0,298.0,15,0,223.0
32970,Queens,2021,3,8,15,30,99,177615,POINT (1028931.8143046284 215115.26618027306),ROOSEVELT AVENUE BRIDGE,Flushing Line,Flushing Line,WB,2021-03-08 15:30:00,94.0,91.0,93.0,87.0,101.0,15,0,106.0
32970,Queens,2021,3,8,15,30,129,177615,POINT (1028931.8143046284 215115.26618027306),ROOSEVELT AVENUE BRIDGE,Flushing Line,Flushing Line,EB,2021-03-08 15:30:00,128.0,126.0,115.0,116.0,124.0,15,0,108.0
32970,Brooklyn,2021,3,8,15,30,282,157501,POINT (988148.6889210109 151103.24158873298),CROPSEY AVENUE BRIDGE,Cropsey Avenue,Dead end,SB,2021-03-08 15:30:00,232.0,267.0,222.0,199.0,248.0,15,0,240.0
32970,Brooklyn,2021,3,8,15,45,248,157501,POINT (988148.6889210109 151103.24158873298),CROPSEY AVENUE BRIDGE,Cropsey Avenue,Dead end,SB,2021-03-08 15:45:00,282.0,232.0,233.0,229.0,262.0,15,0,257.0
32970,Queens,2021,3,8,15,45,124,177615,POINT (1028931.8143046284 215115.26618027306),ROOSEVELT AVENUE BRIDGE,Flushing Line,Flushing Line,EB,2021-03-08 15:45:00,129.0,128.0,118.0,138.0,137.0,15,0,126.0
32970,Queens,2021,3,8,15,45,101,177615,POINT (1028931.8143046284 215115.26618027306),ROOSEVELT AVENUE BRIDGE,Flushing Line,Flushing Line,WB,2021-03-08 15:45:00,99.0,94.0,75.0,109.0,105.0,15,0,125.0
32970,Brooklyn,2021,3,8,15,45,298,191114,POINT (988207.4245194928 151130.52481856258),CROPSEY AVENUE BRIDGE,Coney Island Creek Shoreline,Dead end,NB,2021-03-08 15:45:00,302.0,273.0,317.0,247.0,244.0,15,0,277.0
32970,Brooklyn,2021,3,8,16,0,262,157501,POINT (988148.6889210109 151103.24158873298),CROPSEY AVENUE BRIDGE,Cropsey Avenue,Dead end,SB,2021-03-08 16:00:00,248.0,282.0,267.0,234.0,239.0,16,0,257.0
32970,Queens,2021,3,8,16,0,137,177615,POINT (1028931.8143046284 215115.26618027306),ROOSEVELT AVENUE BRIDGE,Flushing Line,Flushing Line,EB,2021-03-08 16:00:00,124.0,129.0,126.0,114.0,131.0,16,0,117.0
32970,Queens,2021,3,8,16,0,105,177615,POINT (1028931.8143046284 215115.26618027306),ROOSEVELT AVENUE BRIDGE,Flushing Line,Flushing Line,WB,2021-03-08 16:00:00,101.0,99.0,91.0,93.0,126.0,16,0,122.0
32970,Brooklyn,2021,3,8,16,0,244,191114,POINT (988207.4245194928 151130.52481856258),CROPSEY AVENUE BRIDGE,Coney Island Creek Shoreline,Dead end,NB,2021-03-08 16:00:00,298.0,302.0,262.0,272.0,285.0,16,0,241.0
32970,Brooklyn,2021,3,8,16,15,285,191114,POINT (988207.4245194928 151130.52481856258),CROPSEY AVENUE BRIDGE,Coney Island Creek Shoreline,Dead end,NB,2021-03-08 16:15:00,244.0,298.0,273.0,321.0,244.0,16,0,229.0
32970,Queens,2021,3,8,16,15,126,177615,POINT (1028931.8143046284 215115.26618027306),ROOSEVELT AVENUE BRIDGE,Flushing Line,Flushing Line,WB,2021-03-08 16:15:00,105.0,101.0,94.0,88.0,117.0,16,0,109.0
32970,Brooklyn,2021,3,8,16,15,239,157501,POINT (988148.6889210109 151103.24158873298),CROPSEY AVENUE BRIDGE,Cropsey Avenue,Dead end,SB,2021-03-08 16:15:00,262.0,248.0,232.0,225.0,268.0,16,0,237.0
32970,Queens,2021,3,8,16,15,131,177615,POINT (1028931.8143046284 215115.26618027306),ROOSEVELT AVENUE BRIDGE,Flushing Line,Flushing Line,EB,2021-03-08 16:15:00,137.0,124.0,128.0,117.0,147.0,16,0,133.0
32970,Brooklyn,2021,3,8,16,30,268,157501,POINT (988148.6889210109 151103.24158873298),CROPSEY AVENUE BRIDGE,Cropsey Avenue,Dead end,SB,2021-03-08 16:30:00,239.0,262.0,282.0,222.0,207.0,16,0,244.0
32970,Queens,2021,3,8,16,30,147,177615,POINT (1028931.8143046284 215115.26618027306),ROOSEVELT AVENUE BRIDGE,Flushing Line,Flushing Line,EB,2021-03-08 16:30:00,131.0,137.0,129.0,115.0,123.0,16,0,111.0
32970,Queens,2021,3,8,16,30,117,177615,POINT (1028931.8143046284 215115.26618027306),ROOSEVELT AVENUE BRIDGE,Flushing Line,Flushing Line,WB,2021-03-08 16:30:00,126.0,105.0,99.0,93.0,117.0,16,0,92.0
32970,Brooklyn,2021,3,8,16,30,244,191114,POINT (988207.4245194928 151130.52481856258),CROPSEY AVENUE BRIDGE,Coney Island Creek Shoreline,Dead end,NB,2021-03-08 16:30:00,285.0,244.0,302.0,303.0,250.0,16,0,223.0
32970,Brooklyn,2021,3,8,16,45,207,157501,POINT (988148.6889210109 151103.24158873298),CROPSEY AVENUE BRIDGE,Cropsey Avenue,Dead end,SB,2021-03-08 16:45:00,268.0,239.0,248.0,233.0,221.0,16,0,249.0
32970,Queens,2021,3,8,16,45,123,177615,POINT (1028931.8143046284 215115.26618027306),ROOSEVELT AVENUE BRIDGE,Flushing Line,Flushing Line,EB,2021-03-08 16:45:00,147.0,131.0,124.0,118.0,145.0,16,0,131.0
32970,Queens,2021,3,8,16,45,117,177615,POINT (1028931.8143046284 215115.26618027306),ROOSEVELT AVENUE BRIDGE,Flushing Line,Flushing Line,WB,2021-03-08 16:45:00,117.0,126.0,101.0,75.0,90.0,16,0,116.0
32970,Brooklyn,2021,3,8,16,45,250,191114,POINT (988207.4245194928 151130.52481856258),CROPSEY AVENUE BRIDGE,Coney Island Creek Shoreline,Dead end,NB,2021-03-08 16:45:00,244.0,285.0,298.0,317.0,284.0,16,0,209.0
32970,Queens,2021,3,8,17,0,90,177615,POINT (1028931.8143046284 215115.26618027306),ROOSEVELT AVENUE BRIDGE,Flushing Line,Flushing Line,WB,2021-03-08 17:00:00,117.0,117.0,105.0,91.0,115.0,17,0,112.0
32970,Brooklyn,2021,3,8,17,0,284,191114,POINT (988207.4245194928 151130.52481856258),CROPSEY AVENUE BRIDGE,Coney Island Creek Shoreline,Dead end,NB,2021-03-08 17:00:00,250.0,244.0,244.0,262.0,280.0,17,0,203.0
32970,Queens,2021,3,8,17,0,145,177615,POINT (1028931.8143046284 215115.26618027306),ROOSEVELT AVENUE BRIDGE,Flushing Line,Flushing Line,EB,2021-03-08 17:00:00,123.0,147.0,137.0,126.0,148.0,17,0,118.0
32970,Brooklyn,2021,3,8,17,0,221,157501,POINT (988148.6889210109 151103.24158873298),CROPSEY AVENUE BRIDGE,Cropsey Avenue,Dead end,SB,2021-03-08 17:00:00,207.0,268.0,262.0,267.0,233.0,17,0,234.0
32970,Brooklyn,2021,3,8,17,15,233,157501,POINT (988148.6889210109 151103.24158873298),CROPSEY AVENUE BRIDGE,Cropsey Avenue,Dead end,SB,2021-03-08 17:15:00,221.0,207.0,239.0,232.0,229.0,17,0,220.0
32970,Queens,2021,3,8,17,15,148,177615,POINT (1028931.8143046284 215115.26618027306),ROOSEVELT AVENUE BRIDGE,Flushing Line,Flushing Line,EB,2021-03-08 17:15:00,145.0,123.0,131.0,128.0,153.0,17,0,121.0
32970,Queens,2021,3,8,17,15,115,177615,POINT (1028931.8143046284 215115.26618027306),ROOSEVELT AVENUE BRIDGE,Flushing Line,Flushing Line,WB,2021-03-08 17:15:00,90.0,117.0,126.0,94.0,93.0,17,0,126.0
32970,Brooklyn,2021,3,8,17,15,280,191114,POINT (988207.4245194928 151130.52481856258),CROPSEY AVENUE BRIDGE,Coney Island Creek Shoreline,Dead end,NB,2021-03-08 17:15:00,284.0,250.0,285.0,273.0,251.0,17,0,217.0
32970,Brooklyn,2021,3,8,17,30,229,157501,POINT (988148.6889210109 151103.24158873298),CROPSEY AVENUE BRIDGE,Cropsey Avenue,Dead end,SB,2021-03-08 17:30:00,233.0,221.0,268.0,282.0,252.0,17,0,255.0
32970,Queens,2021,3,8,17,30,153,177615,POINT (1028931.8143046284 215115.26618027306),ROOSEVELT AVENUE BRIDGE,Flushing Line,Flushing Line,EB,2021-03-08 17:30:00,148.0,145.0,147.0,129.0,121.0,17,0,119.0
32970,Queens,2021,3,8,17,30,93,177615,POINT (1028931.8143046284 215115.26618027306),ROOSEVELT AVENUE BRIDGE,Flushing Line,Flushing Line,WB,2021-03-08 17:30:00,115.0,90.0,117.0,99.0,111.0,17,0,124.0
32970,Brooklyn,2021,3,8,17,30,251,191114,POINT (988207.4245194928 151130.52481856258),CROPSEY AVENUE BRIDGE,Coney Island Creek Shoreline,Dead end,NB,2021-03-08 17:30:00,280.0,284.0,244.0,302.0,230.0,17,0,195.0
32970,Queens,2021,3,8,17,45,121,177615,POINT (1028931.8143046284 215115.26618027306),ROOSEVELT AVENUE BRIDGE,Flushing Line,Flushing Line,EB,2021-03-08 17:45:00,153.0,148.0,123.0,124.0,124.0,17,0,125.0
32970,Queens,2021,3,8,17,45,111,177615,POINT (1028931.8143046284 215115.26618027306),ROOSEVELT AVENUE BRIDGE,Flushing Line,Flushing Line,WB,2021-03-08 17:45:00,93.0,115.0,117.0,101.0,103.0,17,0,111.0
32970,Brooklyn,2021,3,8,17,45,252,157501,POINT (988148.6889210109 151103.24158873298),CROPSEY AVENUE BRIDGE,Cropsey Avenue,Dead end,SB,2021-03-08 17:45:00,229.0,233.0,207.0,248.0,249.0,17,0,201.0
32970,Brooklyn,2021,3,8,17,45,230,191114,POINT (988207.4245194928 151130.52481856258),CROPSEY AVENUE BRIDGE,Coney Island Creek Shoreline,Dead end,NB,2021-03-08 17:45:00,251.0,280.0,250.0,298.0,212.0,17,0,197.0
32970,Brooklyn,2021,3,8,18,0,212,191114,POINT (988207.4245194928 151130.52481856258),CROPSEY AVENUE BRIDGE,Coney Island Creek Shoreline,Dead end,NB,2021-03-08 18:00:00,230.0,251.0,284.0,244.0,248.0,18,0,226.0
32970,Queens,2021,3,8,18,0,103,177615,POINT (1028931.8143046284 215115.26618027306),ROOSEVELT AVENUE BRIDGE,Flushing Line,Flushing Line,WB,2021-03-08 18:00:00,111.0,93.0,90.0,105.0,97.0,18,0,98.0
32970,Brooklyn,2021,3,8,18,0,249,157501,POINT (988148.6889210109 151103.24158873298),CROPSEY AVENUE BRIDGE,Cropsey Avenue,Dead end,SB,2021-03-08 18:00:00,252.0,229.0,221.0,262.0,236.0,18,0,253.0
32970,Queens,2021,3,8,18,0,124,177615,POINT (1028931.8143046284 215115.26618027306),ROOSEVELT AVENUE BRIDGE,Flushing Line,Flushing Line,EB,2021-03-08 18:00:00,121.0,153.0,145.0,137.0,134.0,18,0,97.0
32970,Brooklyn,2021,3,8,18,15,236,157501,POINT (988148.6889210109 151103.24158873298),CROPSEY AVENUE BRIDGE,Cropsey Avenue,Dead end,SB,2021-03-08 18:15:00,249.0,252.0,233.0,239.0,203.0,18,0,235.0
32970,Queens,2021,3,8,18,15,134,177615,POINT (1028931.8143046284 215115.26618027306),ROOSEVELT AVENUE BRIDGE,Flushing Line,Flushing Line,EB,2021-03-08 18:15:00,124.0,121.0,148.0,131.0,110.0,18,0,96.0
32970,Queens,2021,3,8,18,15,97,177615,POINT (1028931.8143046284 215115.26618027306),ROOSEVELT AVENUE BRIDGE,Flushing Line,Flushing Line,WB,2021-03-08 18:15:00,103.0,111.0,115.0,126.0,88.0,18,0,123.0
32970,Brooklyn,2021,3,8,18,15,248,191114,POINT (988207.4245194928 151130.52481856258),CROPSEY AVENUE BRIDGE,Coney Island Creek Shoreline,Dead end,NB,2021-03-08 18:15:00,212.0,230.0,280.0,285.0,222.0,18,0,192.0
32970,Brooklyn,2021,3,8,18,30,203,157501,POINT (988148.6889210109 151103.24158873298),CROPSEY AVENUE BRIDGE,Cropsey Avenue,Dead end,SB,2021-03-08 18:30:00,236.0,249.0,229.0,268.0,254.0,18,0,221.0
32970,Queens,2021,3,8,18,30,110,177615,POINT (1028931.8143046284 215115.26618027306),ROOSEVELT AVENUE BRIDGE,Flushing Line,Flushing Line,EB,2021-03-08 18:30:00,134.0,124.0,153.0,147.0,115.0,18,0,99.0
32970,Queens,2021,3,8,18,30,88,177615,POINT (1028931.8143046284 215115.26618027306),ROOSEVELT AVENUE BRIDGE,Flushing Line,Flushing Line,WB,2021-03-08 18:30:00,97.0,103.0,93.0,117.0,92.0,18,0,107.0
32970,Brooklyn,2021,3,8,18,30,222,191114,POINT (988207.4245194928 151130.52481856258),CROPSEY AVENUE BRIDGE,Coney Island Creek Shoreline,Dead end,NB,2021-03-08 18:30:00,248.0,212.0,251.0,244.0,183.0,18,0,166.0
32970,Queens,2021,3,8,18,45,115,177615,POINT (1028931.8143046284 215115.26618027306),ROOSEVELT AVENUE BRIDGE,Flushing Line,Flushing Line,EB,2021-03-08 18:45:00,110.0,134.0,121.0,123.0,115.0,18,0,97.0
32970,Brooklyn,2021,3,8,18,45,254,157501,POINT (988148.6889210109 151103.24158873298),CROPSEY AVENUE BRIDGE,Cropsey Avenue,Dead end,SB,2021-03-08 18:45:00,203.0,236.0,252.0,207.0,243.0,18,0,189.0
32970,Queens,2021,3,8,18,45,92,177615,POINT (1028931.8143046284 215115.26618027306),ROOSEVELT AVENUE BRIDGE,Flushing Line,Flushing Line,WB,2021-03-08 18:45:00,88.0,97.0,111.0,117.0,91.0,18,0,124.0
32970,Brooklyn,2021,3,8,18,45,183,191114,POINT (988207.4245194928 151130.52481856258),CROPSEY AVENUE BRIDGE,Coney Island Creek Shoreline,Dead end,NB,2021-03-08 18:45:00,222.0,248.0,230.0,250.0,177.0,18,0,202.0
32970,Brooklyn,2021,3,8,19,0,177,191114,POINT (988207.4245194928 151130.52481856258),CROPSEY AVENUE BRIDGE,Coney Island Creek Shoreline,Dead end,NB,2021-03-08 19:00:00,183.0,222.0,212.0,284.0,202.0,19,0,154.0
32970,Queens,2021,3,8,19,0,91,177615,POINT (1028931.8143046284 215115.26618027306),ROOSEVELT AVENUE BRIDGE,Flushing Line,Flushing Line,WB,2021-03-08 19:00:00,92.0,88.0,103.0,90.0,87.0,19,0,90.0
32970,Brooklyn,2021,3,8,19,0,243,157501,POINT (988148.6889210109 151103.24158873298),CROPSEY AVENUE BRIDGE,Cropsey Avenue,Dead end,SB,2021-03-08 19:00:00,254.0,203.0,249.0,221.0,227.0,19,0,220.0
32970,Queens,2021,3,8,19,0,115,177615,POINT (1028931.8143046284 215115.26618027306),ROOSEVELT AVENUE BRIDGE,Flushing Line,Flushing Line,EB,2021-03-08 19:00:00,115.0,110.0,124.0,145.0,95.0,19,0,88.0
32970,Brooklyn,2021,3,8,19,15,202,191114,POINT (988207.4245194928 151130.52481856258),CROPSEY AVENUE BRIDGE,Coney Island Creek Shoreline,Dead end,NB,2021-03-08 19:15:00,177.0,183.0,248.0,280.0,182.0,19,0,146.0
32970,Brooklyn,2021,3,8,19,15,227,157501,POINT (988148.6889210109 151103.24158873298),CROPSEY AVENUE BRIDGE,Cropsey Avenue,Dead end,SB,2021-03-08 19:15:00,243.0,254.0,236.0,233.0,214.0,19,0,204.0
32970,Queens,2021,3,8,19,15,95,177615,POINT (1028931.8143046284 215115.26618027306),ROOSEVELT AVENUE BRIDGE,Flushing Line,Flushing Line,EB,2021-03-08 19:15:00,115.0,115.0,134.0,148.0,95.0,19,0,100.0
32970,Queens,2021,3,8,19,15,87,177615,POINT (1028931.8143046284 215115.26618027306),ROOSEVELT AVENUE BRIDGE,Flushing Line,Flushing Line,WB,2021-03-08 19:15:00,91.0,92.0,97.0,115.0,92.0,19,0,81.0
32970,Brooklyn,2021,3,8,19,30,182,191114,POINT (988207.4245194928 151130.52481856258),CROPSEY AVENUE BRIDGE,Coney Island Creek Shoreline,Dead end,NB,2021-03-08 19:30:00,202.0,177.0,222.0,251.0,168.0,19,0,160.0
32970,Queens,2021,3,8,19,30,92,177615,POINT (1028931.8143046284 215115.26618027306),ROOSEVELT AVENUE BRIDGE,Flushing Line,Flushing Line,WB,2021-03-08 19:30:00,87.0,91.0,88.0,93.0,67.0,19,0,76.0
32970,Brooklyn,2021,3,8,19,30,214,157501,POINT (988148.6889210109 151103.24158873298),CROPSEY AVENUE BRIDGE,Cropsey Avenue,Dead end,SB,2021-03-08 19:30:00,227.0,243.0,203.0,229.0,216.0,19,0,170.0
32970,Queens,2021,3,8,19,30,95,177615,POINT (1028931.8143046284 215115.26618027306),ROOSEVELT AVENUE BRIDGE,Flushing Line,Flushing Line,EB,2021-03-08 19:30:00,95.0,115.0,110.0,153.0,79.0,19,0,71.0
32970,Brooklyn,2021,3,8,19,45,168,191114,POINT (988207.4245194928 151130.52481856258),CROPSEY AVENUE BRIDGE,Coney Island Creek Shoreline,Dead end,NB,2021-03-08 19:45:00,182.0,202.0,183.0,230.0,177.0,19,0,127.0
32970,Queens,2021,3,8,19,45,67,177615,POINT (1028931.8143046284 215115.26618027306),ROOSEVELT AVENUE BRIDGE,Flushing Line,Flushing Line,WB,2021-03-08 19:45:00,92.0,87.0,92.0,111.0,59.0,19,0,72.0
32970,Brooklyn,2021,3,8,19,45,216,157501,POINT (988148.6889210109 151103.24158873298),CROPSEY AVENUE BRIDGE,Cropsey Avenue,Dead end,SB,2021-03-08 19:45:00,214.0,227.0,254.0,252.0,183.0,19,0,192.0
32970,Queens,2021,3,8,19,45,79,177615,POINT (1028931.8143046284 215115.26618027306),ROOSEVELT AVENUE BRIDGE,Flushing Line,Flushing Line,EB,2021-03-08 19:45:00,95.0,95.0,115.0,121.0,72.0,19,0,79.0
32970,Brooklyn,2021,3,8,20,0,183,157501,POINT (988148.6889210109 151103.24158873298),CROPSEY AVENUE BRIDGE,Cropsey Avenue,Dead end,SB,2021-03-08 20:00:00,216.0,214.0,243.0,249.0,167.0,20,0,178.0
32970,Queens,2021,3,8,20,0,72,177615,POINT (1028931.8143046284 215115.26618027306),ROOSEVELT AVENUE BRIDGE,Flushing Line,Flushing Line,EB,2021-03-08 20:00:00,79.0,95.0,115.0,124.0,73.0,20,0,62.0
32970,Queens,2021,3,8,20,0,59,177615,POINT (1028931.8143046284 215115.26618027306),ROOSEVELT AVENUE BRIDGE,Flushing Line,Flushing Line,WB,2021-03-08 20:00:00,67.0,92.0,91.0,103.0,56.0,20,0,81.0
32970,Brooklyn,2021,3,8,20,0,177,191114,POINT (988207.4245194928 151130.52481856258),CROPSEY AVENUE BRIDGE,Coney Island Creek Shoreline,Dead end,NB,2021-03-08 20:00:00,168.0,182.0,177.0,212.0,162.0,20,0,150.0
32970,Brooklyn,2021,3,8,20,15,162,191114,POINT (988207.4245194928 151130.52481856258),CROPSEY AVENUE BRIDGE,Coney Island Creek Shoreline,Dead end,NB,2021-03-08 20:15:00,177.0,168.0,202.0,248.0,147.0,20,0,125.0
32970,Brooklyn,2021,3,8,20,15,167,157501,POINT (988148.6889210109 151103.24158873298),CROPSEY AVENUE BRIDGE,Cropsey Avenue,Dead end,SB,2021-03-08 20:15:00,183.0,216.0,227.0,236.0,142.0,20,0,166.0
32970,Queens,2021,3,8,20,15,73,177615,POINT (1028931.8143046284 215115.26618027306),ROOSEVELT AVENUE BRIDGE,Flushing Line,Flushing Line,EB,2021-03-08 20:15:00,72.0,79.0,95.0,134.0,59.0,20,0,66.0
32970,Queens,2021,3,8,20,15,56,177615,POINT (1028931.8143046284 215115.26618027306),ROOSEVELT AVENUE BRIDGE,Flushing Line,Flushing Line,WB,2021-03-08 20:15:00,59.0,67.0,87.0,97.0,68.0,20,0,73.0
32970,Brooklyn,2021,3,8,20,30,147,191114,POINT (988207.4245194928 151130.52481856258),CROPSEY AVENUE BRIDGE,Coney Island Creek Shoreline,Dead end,NB,2021-03-08 20:30:00,162.0,177.0,182.0,222.0,114.0,20,0,96.0
32970,Queens,2021,3,8,20,30,68,177615,POINT (1028931.8143046284 215115.26618027306),ROOSEVELT AVENUE BRIDGE,Flushing Line,Flushing Line,WB,2021-03-08 20:30:00,56.0,59.0,92.0,88.0,55.0,20,0,53.0
32970,Brooklyn,2021,3,8,20,30,142,157501,POINT (988148.6889210109 151103.24158873298),CROPSEY AVENUE BRIDGE,Cropsey Avenue,Dead end,SB,2021-03-08 20:30:00,167.0,183.0,214.0,203.0,193.0,20,0,151.0
32970,Queens,2021,3,8,20,30,59,177615,POINT (1028931.8143046284 215115.26618027306),ROOSEVELT AVENUE BRIDGE,Flushing Line,Flushing Line,EB,2021-03-08 20:30:00,73.0,72.0,95.0,110.0,58.0,20,0,61.0
32970,Queens,2021,3,8,20,45,55,177615,POINT (1028931.8143046284 215115.26618027306),ROOSEVELT AVENUE BRIDGE,Flushing Line,Flushing Line,WB,2021-03-08 20:45:00,68.0,56.0,67.0,92.0,41.0,20,0,35.0
32970,Brooklyn,2021,3,8,20,45,193,157501,POINT (988148.6889210109 151103.24158873298),CROPSEY AVENUE BRIDGE,Cropsey Avenue,Dead end,SB,2021-03-08 20:45:00,142.0,167.0,216.0,254.0,127.0,20,0,146.0
32970,Queens,2021,3,8,20,45,58,177615,POINT (1028931.8143046284 215115.26618027306),ROOSEVELT AVENUE BRIDGE,Flushing Line,Flushing Line,EB,2021-03-08 20:45:00,59.0,73.0,79.0,115.0,68.0,20,0,47.0
32970,Brooklyn,2021,3,8,20,45,114,191114,POINT (988207.4245194928 151130.52481856258),CROPSEY AVENUE BRIDGE,Coney Island Creek Shoreline,Dead end,NB,2021-03-08 20:45:00,147.0,162.0,168.0,183.0,115.0,20,0,116.0
32970,Brooklyn,2021,3,8,21,0,115,191114,POINT (988207.4245194928 151130.52481856258),CROPSEY AVENUE BRIDGE,Coney Island Creek Shoreline,Dead end,NB,2021-03-08 21:00:00,114.0,147.0,177.0,177.0,97.0,21,0,106.0
32970,Queens,2021,3,8,21,0,41,177615,POINT (1028931.8143046284 215115.26618027306),ROOSEVELT AVENUE BRIDGE,Flushing Line,Flushing Line,WB,2021-03-08 21:00:00,55.0,68.0,59.0,91.0,44.0,21,0,39.0
32970,Queens,2021,3,8,21,0,68,177615,POINT (1028931.8143046284 215115.26618027306),ROOSEVELT AVENUE BRIDGE,Flushing Line,Flushing Line,EB,2021-03-08 21:00:00,58.0,59.0,72.0,115.0,56.0,21,0,49.0
32970,Brooklyn,2021,3,8,21,0,127,157501,POINT (988148.6889210109 151103.24158873298),CROPSEY AVENUE BRIDGE,Cropsey Avenue,Dead end,SB,2021-03-08 21:00:00,193.0,142.0,183.0,243.0,122.0,21,0,133.0
32970,Brooklyn,2021,3,8,21,15,97,191114,POINT (988207.4245194928 151130.52481856258),CROPSEY AVENUE BRIDGE,Coney Island Creek Shoreline,Dead end,NB,2021-03-08 21:15:00,115.0,114.0,162.0,202.0,77.0,21,0,113.0
32970,Queens,2021,3,8,21,15,44,177615,POINT (1028931.8143046284 215115.26618027306),ROOSEVELT AVENUE BRIDGE,Flushing Line,Flushing Line,WB,2021-03-08 21:15:00,41.0,55.0,56.0,87.0,31.0,21,0,36.0
32970,Brooklyn,2021,3,8,21,15,122,157501,POINT (988148.6889210109 151103.24158873298),CROPSEY AVENUE BRIDGE,Cropsey Avenue,Dead end,SB,2021-03-08 21:15:00,127.0,193.0,167.0,227.0,131.0,21,0,120.0
32970,Queens,2021,3,8,21,15,56,177615,POINT (1028931.8143046284 215115.26618027306),ROOSEVELT AVENUE BRIDGE,Flushing Line,Flushing Line,EB,2021-03-08 21:15:00,68.0,58.0,73.0,95.0,51.0,21,0,37.0
32970,Brooklyn,2021,3,8,21,30,131,157501,POINT (988148.6889210109 151103.24158873298),CROPSEY AVENUE BRIDGE,Cropsey Avenue,Dead end,SB,2021-03-08 21:30:00,122.0,127.0,142.0,214.0,121.0,21,0,132.0
32970,Queens,2021,3,8,21,30,51,177615,POINT (1028931.8143046284 215115.26618027306),ROOSEVELT AVENUE BRIDGE,Flushing Line,Flushing Line,EB,2021-03-08 21:30:00,56.0,68.0,59.0,95.0,54.0,21,0,39.0
32970,Queens,2021,3,8,21,30,31,177615,POINT (1028931.8143046284 215115.26618027306),ROOSEVELT AVENUE BRIDGE,Flushing Line,Flushing Line,WB,2021-03-08 21:30:00,44.0,41.0,68.0,92.0,34.0,21,0,33.0
32970,Brooklyn,2021,3,8,21,30,77,191114,POINT (988207.4245194928 151130.52481856258),CROPSEY AVENUE BRIDGE,Coney Island Creek Shoreline,Dead end,NB,2021-03-08 21:30:00,97.0,115.0,147.0,182.0,95.0,21,0,110.0
32970,Brooklyn,2021,3,8,21,45,95,191114,POINT (988207.4245194928 151130.52481856258),CROPSEY AVENUE BRIDGE,Coney Island Creek Shoreline,Dead end,NB,2021-03-08 21:45:00,77.0,97.0,114.0,168.0,101.0,21,0,84.0
32970,Brooklyn,2021,3,8,21,45,121,157501,POINT (988148.6889210109 151103.24158873298),CROPSEY AVENUE BRIDGE,Cropsey Avenue,Dead end,SB,2021-03-08 21:45:00,131.0,122.0,193.0,216.0,118.0,21,0,125.0
32970,Queens,2021,3,8,21,45,54,177615,POINT (1028931.8143046284 215115.26618027306),ROOSEVELT AVENUE BRIDGE,Flushing Line,Flushing Line,EB,2021-03-08 21:45:00,51.0,56.0,58.0,79.0,38.0,21,0,50.0
32970,Queens,2021,3,8,21,45,34,177615,POINT (1028931.8143046284 215115.26618027306),ROOSEVELT AVENUE BRIDGE,Flushing Line,Flushing Line,WB,2021-03-08 21:45:00,31.0,44.0,55.0,67.0,23.0,21,0,45.0
32970,Brooklyn,2021,3,8,22,0,101,191114,POINT (988207.4245194928 151130.52481856258),CROPSEY AVENUE BRIDGE,Coney Island Creek Shoreline,Dead end,NB,2021-03-08 22:00:00,95.0,77.0,115.0,177.0,84.0,22,0,95.0
32970,Queens,2021,3,8,22,0,23,177615,POINT (1028931.8143046284 215115.26618027306),ROOSEVELT AVENUE BRIDGE,Flushing Line,Flushing Line,WB,2021-03-08 22:00:00,34.0,31.0,41.0,59.0,33.0,22,0,36.0
32970,Brooklyn,2021,3,8,22,0,118,157501,POINT (988148.6889210109 151103.24158873298),CROPSEY AVENUE BRIDGE,Cropsey Avenue,Dead end,SB,2021-03-08 22:00:00,121.0,131.0,127.0,183.0,136.0,22,0,109.0
32970,Queens,2021,3,8,22,0,38,177615,POINT (1028931.8143046284 215115.26618027306),ROOSEVELT AVENUE BRIDGE,Flushing Line,Flushing Line,EB,2021-03-08 22:00:00,54.0,51.0,68.0,72.0,33.0,22,0,44.0
32970,Queens,2021,3,8,22,15,33,177615,POINT (1028931.8143046284 215115.26618027306),ROOSEVELT AVENUE BRIDGE,Flushing Line,Flushing Line,WB,2021-03-08 22:15:00,23.0,34.0,44.0,56.0,34.0,22,0,26.0
32970,Brooklyn,2021,3,8,22,15,136,157501,POINT (988148.6889210109 151103.24158873298),CROPSEY AVENUE BRIDGE,Cropsey Avenue,Dead end,SB,2021-03-08 22:15:00,118.0,121.0,122.0,167.0,98.0,22,0,101.0
32970,Queens,2021,3,8,22,15,33,177615,POINT (1028931.8143046284 215115.26618027306),ROOSEVELT AVENUE BRIDGE,Flushing Line,Flushing Line,EB,2021-03-08 22:15:00,38.0,54.0,56.0,73.0,47.0,22,0,41.0
32970,Brooklyn,2021,3,8,22,15,84,191114,POINT (988207.4245194928 151130.52481856258),CROPSEY AVENUE BRIDGE,Coney Island Creek Shoreline,Dead end,NB,2021-03-08 22:15:00,101.0,95.0,97.0,162.0,75.0,22,0,73.0
32970,Brooklyn,2021,3,8,22,30,75,191114,POINT (988207.4245194928 151130.52481856258),CROPSEY AVENUE BRIDGE,Coney Island Creek Shoreline,Dead end,NB,2021-03-08 22:30:00,84.0,101.0,77.0,147.0,63.0,22,0,60.0
32970,Queens,2021,3,8,22,30,34,177615,POINT (1028931.8143046284 215115.26618027306),ROOSEVELT AVENUE BRIDGE,Flushing Line,Flushing Line,WB,2021-03-08 22:30:00,33.0,23.0,31.0,68.0,15.0,22,0,36.0
32970,Queens,2021,3,8,22,30,47,177615,POINT (1028931.8143046284 215115.26618027306),ROOSEVELT AVENUE BRIDGE,Flushing Line,Flushing Line,EB,2021-03-08 22:30:00,33.0,38.0,51.0,59.0,31.0,22,0,29.0
32970,Brooklyn,2021,3,8,22,30,98,157501,POINT (988148.6889210109 151103.24158873298),CROPSEY AVENUE BRIDGE,Cropsey Avenue,Dead end,SB,2021-03-08 22:30:00,136.0,118.0,131.0,142.0,105.0,22,0,120.0
32970,Brooklyn,2021,3,8,22,45,105,157501,POINT (988148.6889210109 151103.24158873298),CROPSEY AVENUE BRIDGE,Cropsey Avenue,Dead end,SB,2021-03-08 22:45:00,98.0,136.0,121.0,193.0,93.0,22,0,110.0
32970,Queens,2021,3,8,22,45,31,177615,POINT (1028931.8143046284 215115.26618027306),ROOSEVELT AVENUE BRIDGE,Flushing Line,Flushing Line,EB,2021-03-08 22:45:00,47.0,33.0,54.0,58.0,28.0,22,0,35.0
32970,Queens,2021,3,8,22,45,15,177615,POINT (1028931.8143046284 215115.26618027306),ROOSEVELT AVENUE BRIDGE,Flushing Line,Flushing Line,WB,2021-03-08 22:45:00,34.0,33.0,34.0,55.0,16.0,22,0,12.0
32970,Brooklyn,2021,3,8,22,45,63,191114,POINT (988207.4245194928 151130.52481856258),CROPSEY AVENUE BRIDGE,Coney Island Creek Shoreline,Dead end,NB,2021-03-08 22:45:00,75.0,84.0,95.0,114.0,83.0,22,0,71.0
32970,Queens,2021,3,8,23,0,16,177615,POINT (1028931.8143046284 215115.26618027306),ROOSEVELT AVENUE BRIDGE,Flushing Line,Flushing Line,WB,2021-03-08 23:00:00,15.0,34.0,23.0,41.0,24.0,23,0,28.0
32970,Brooklyn,2021,3,8,23,0,83,191114,POINT (988207.4245194928 151130.52481856258),CROPSEY AVENUE BRIDGE,Coney Island Creek Shoreline,Dead end,NB,2021-03-08 23:00:00,63.0,75.0,101.0,115.0,72.0,23,0,78.0
32970,Brooklyn,2021,3,8,23,0,93,157501,POINT (988148.6889210109 151103.24158873298),CROPSEY AVENUE BRIDGE,Cropsey Avenue,Dead end,SB,2021-03-08 23:00:00,105.0,98.0,118.0,127.0,82.0,23,0,74.0
32970,Queens,2021,3,8,23,0,28,177615,POINT (1028931.8143046284 215115.26618027306),ROOSEVELT AVENUE BRIDGE,Flushing Line,Flushing Line,EB,2021-03-08 23:00:00,31.0,47.0,38.0,68.0,28.0,23,0,22.0
32970,Brooklyn,2021,3,8,23,15,82,157501,POINT (988148.6889210109 151103.24158873298),CROPSEY AVENUE BRIDGE,Cropsey Avenue,Dead end,SB,2021-03-08 23:15:00,93.0,105.0,136.0,122.0,81.0,23,0,87.0
32970,Queens,2021,3,8,23,15,28,177615,POINT (1028931.8143046284 215115.26618027306),ROOSEVELT AVENUE BRIDGE,Flushing Line,Flushing Line,EB,2021-03-08 23:15:00,28.0,31.0,33.0,56.0,20.0,23,0,32.0
32970,Queens,2021,3,8,23,15,24,177615,POINT (1028931.8143046284 215115.26618027306),ROOSEVELT AVENUE BRIDGE,Flushing Line,Flushing Line,WB,2021-03-08 23:15:00,16.0,15.0,33.0,44.0,22.0,23,0,17.0
32970,Brooklyn,2021,3,8,23,15,72,191114,POINT (988207.4245194928 151130.52481856258),CROPSEY AVENUE BRIDGE,Coney Island Creek Shoreline,Dead end,NB,2021-03-08 23:15:00,83.0,63.0,84.0,97.0,43.0,23,0,66.0
32970,Brooklyn,2021,3,8,23,30,43,191114,POINT (988207.4245194928 151130.52481856258),CROPSEY AVENUE BRIDGE,Coney Island Creek Shoreline,Dead end,NB,2021-03-08 23:30:00,72.0,83.0,75.0,77.0,64.0,23,0,73.0
32970,Brooklyn,2021,3,8,23,30,81,157501,POINT (988148.6889210109 151103.24158873298),CROPSEY AVENUE BRIDGE,Cropsey Avenue,Dead end,SB,2021-03-08 23:30:00,82.0,93.0,98.0,131.0,85.0,23,0,100.0
32970,Queens,2021,3,8,23,30,20,177615,POINT (1028931.8143046284 215115.26618027306),ROOSEVELT AVENUE BRIDGE,Flushing Line,Flushing Line,EB,2021-03-08 23:30:00,28.0,28.0,47.0,51.0,25.0,23,0,33.0
32970,Queens,2021,3,8,23,30,22,177615,POINT (1028931.8143046284 215115.26618027306),ROOSEVELT AVENUE BRIDGE,Flushing Line,Flushing Line,WB,2021-03-08 23:30:00,24.0,16.0,34.0,31.0,28.0,23,0,24.0
32970,Queens,2021,3,8,23,45,28,177615,POINT (1028931.8143046284 215115.26618027306),ROOSEVELT AVENUE BRIDGE,Flushing Line,Flushing Line,WB,2021-03-08 23:45:00,22.0,24.0,15.0,34.0,23.0,23,0,24.0
32970,Brooklyn,2021,3,8,23,45,64,191114,POINT (988207.4245194928 151130.52481856258),CROPSEY AVENUE BRIDGE,Coney Island Creek Shoreline,Dead end,NB,2021-03-08 23:45:00,43.0,72.0,63.0,95.0,53.0,23,0,72.0
32970,Brooklyn,2021,3,8,23,45,85,157501,POINT (988148.6889210109 151103.24158873298),CROPSEY AVENUE BRIDGE,Cropsey Avenue,Dead end,SB,2021-03-08 23:45:00,81.0,82.0,105.0,121.0,60.0,23,0,79.0
32970,Queens,2021,3,8,23,45,25,177615,POINT (1028931.8143046284 215115.26618027306),ROOSEVELT AVENUE BRIDGE,Flushing Line,Flushing Line,EB,2021-03-08 23:45:00,20.0,28.0,31.0,54.0,18.0,23,0,20.0
32970,Queens,2021,3,9,0,0,23,177615,POINT (1028931.8143046284 215115.26618027306),ROOSEVELT AVENUE BRIDGE,Flushing Line,Flushing Line,WB,2021-03-09 00:00:00,28.0,22.0,16.0,23.0,15.0,0,1,17.0
32970,Brooklyn,2021,3,9,0,0,53,191114,POINT (988207.4245194928 151130.52481856258),CROPSEY AVENUE BRIDGE,Coney Island Creek Shoreline,Dead end,NB,2021-03-09 00:00:00,64.0,43.0,83.0,101.0,54.0,0,1,53.0
32970,Brooklyn,2021,3,9,0,0,60,157501,POINT (988148.6889210109 151103.24158873298),CROPSEY AVENUE BRIDGE,Cropsey Avenue,Dead end,SB,2021-03-09 00:00:00,85.0,81.0,93.0,118.0,64.0,0,1,63.0
32970,Queens,2021,3,9,0,0,18,177615,POINT (1028931.8143046284 215115.26618027306),ROOSEVELT AVENUE BRIDGE,Flushing Line,Flushing Line,EB,2021-03-09 00:00:00,25.0,20.0,28.0,38.0,25.0,0,1,31.0
32970,Brooklyn,2021,3,9,0,15,54,191114,POINT (988207.4245194928 151130.52481856258),CROPSEY AVENUE BRIDGE,Coney Island Creek Shoreline,Dead end,NB,2021-03-09 00:15:00,53.0,64.0,72.0,84.0,41.0,0,1,41.0
32970,Queens,2021,3,9,0,15,15,177615,POINT (1028931.8143046284 215115.26618027306),ROOSEVELT AVENUE BRIDGE,Flushing Line,Flushing Line,WB,2021-03-09 00:15:00,23.0,28.0,24.0,33.0,10.0,0,1,12.0
32970,Queens,2021,3,9,0,15,25,177615,POINT (1028931.8143046284 215115.26618027306),ROOSEVELT AVENUE BRIDGE,Flushing Line,Flushing Line,EB,2021-03-09 00:15:00,18.0,25.0,28.0,33.0,16.0,0,1,19.0
32970,Brooklyn,2021,3,9,0,15,64,157501,POINT (988148.6889210109 151103.24158873298),CROPSEY AVENUE BRIDGE,Cropsey Avenue,Dead end,SB,2021-03-09 00:15:00,60.0,85.0,82.0,136.0,46.0,0,1,71.0
32970,Brooklyn,2021,3,9,0,30,46,157501,POINT (988148.6889210109 151103.24158873298),CROPSEY AVENUE BRIDGE,Cropsey Avenue,Dead end,SB,2021-03-09 00:30:00,64.0,60.0,81.0,98.0,46.0,0,1,49.0
32970,Queens,2021,3,9,0,30,16,177615,POINT (1028931.8143046284 215115.26618027306),ROOSEVELT AVENUE BRIDGE,Flushing Line,Flushing Line,EB,2021-03-09 00:30:00,25.0,18.0,20.0,47.0,14.0,0,1,20.0
32970,Queens,2021,3,9,0,30,10,177615,POINT (1028931.8143046284 215115.26618027306),ROOSEVELT AVENUE BRIDGE,Flushing Line,Flushing Line,WB,2021-03-09 00:30:00,15.0,23.0,22.0,34.0,12.0,0,1,13.0
32970,Brooklyn,2021,3,9,0,30,41,191114,POINT (988207.4245194928 151130.52481856258),CROPSEY AVENUE BRIDGE,Coney Island Creek Shoreline,Dead end,NB,2021-03-09 00:30:00,54.0,53.0,43.0,75.0,29.0,0,1,52.0
32970,Brooklyn,2021,3,9,0,45,46,157501,POINT (988148.6889210109 151103.24158873298),CROPSEY AVENUE BRIDGE,Cropsey Avenue,Dead end,SB,2021-03-09 00:45:00,46.0,64.0,85.0,105.0,46.0,0,1,57.0
32970,Queens,2021,3,9,0,45,14,177615,POINT (1028931.8143046284 215115.26618027306),ROOSEVELT AVENUE BRIDGE,Flushing Line,Flushing Line,EB,2021-03-09 00:45:00,16.0,25.0,25.0,31.0,11.0,0,1,17.0
32970,Queens,2021,3,9,0,45,12,177615,POINT (1028931.8143046284 215115.26618027306),ROOSEVELT AVENUE BRIDGE,Flushing Line,Flushing Line,WB,2021-03-09 00:45:00,10.0,15.0,28.0,15.0,19.0,0,1,11.0
32970,Brooklyn,2021,3,9,0,45,29,191114,POINT (988207.4245194928 151130.52481856258),CROPSEY AVENUE BRIDGE,Coney Island Creek Shoreline,Dead end,NB,2021-03-09 00:45:00,41.0,54.0,64.0,63.0,36.0,0,1,36.0
32970,Brooklyn,2021,3,9,1,0,46,157501,POINT (988148.6889210109 151103.24158873298),CROPSEY AVENUE BRIDGE,Cropsey Avenue,Dead end,SB,2021-03-09 01:00:00,46.0,46.0,60.0,93.0,29.0,1,1,36.0
32970,Queens,2021,3,9,1,0,11,177615,POINT (1028931.8143046284 215115.26618027306),ROOSEVELT AVENUE BRIDGE,Flushing Line,Flushing Line,EB,2021-03-09 01:00:00,14.0,16.0,18.0,28.0,20.0,1,1,20.0
32970,Queens,2021,3,9,1,0,19,177615,POINT (1028931.8143046284 215115.26618027306),ROOSEVELT AVENUE BRIDGE,Flushing Line,Flushing Line,WB,2021-03-09 01:00:00,12.0,10.0,23.0,16.0,11.0,1,1,14.0
32970,Brooklyn,2021,3,9,1,0,36,191114,POINT (988207.4245194928 151130.52481856258),CROPSEY AVENUE BRIDGE,Coney Island Creek Shoreline,Dead end,NB,2021-03-09 01:00:00,29.0,41.0,53.0,83.0,39.0,1,1,35.0
32970,Brooklyn,2021,3,9,1,15,39,191114,POINT (988207.4245194928 151130.52481856258),CROPSEY AVENUE BRIDGE,Coney Island Creek Shoreline,Dead end,NB,2021-03-09 01:15:00,36.0,29.0,54.0,72.0,29.0,1,1,26.0
32970,Queens,2021,3,9,1,15,11,177615,POINT (1028931.8143046284 215115.26618027306),ROOSEVELT AVENUE BRIDGE,Flushing Line,Flushing Line,WB,2021-03-09 01:15:00,19.0,12.0,15.0,24.0,12.0,1,1,16.0
32970,Brooklyn,2021,3,9,1,15,29,157501,POINT (988148.6889210109 151103.24158873298),CROPSEY AVENUE BRIDGE,Cropsey Avenue,Dead end,SB,2021-03-09 01:15:00,46.0,46.0,64.0,82.0,29.0,1,1,27.0
32970,Queens,2021,3,9,1,15,20,177615,POINT (1028931.8143046284 215115.26618027306),ROOSEVELT AVENUE BRIDGE,Flushing Line,Flushing Line,EB,2021-03-09 01:15:00,11.0,14.0,25.0,28.0,9.0,1,1,14.0
32970,Brooklyn,2021,3,9,1,30,29,157501,POINT (988148.6889210109 151103.24158873298),CROPSEY AVENUE BRIDGE,Cropsey Avenue,Dead end,SB,2021-03-09 01:30:00,29.0,46.0,46.0,81.0,19.0,1,1,38.0
32970,Queens,2021,3,9,1,30,9,177615,POINT (1028931.8143046284 215115.26618027306),ROOSEVELT AVENUE BRIDGE,Flushing Line,Flushing Line,EB,2021-03-09 01:30:00,20.0,11.0,16.0,20.0,8.0,1,1,14.0
32970,Queens,2021,3,9,1,30,12,177615,POINT (1028931.8143046284 215115.26618027306),ROOSEVELT AVENUE BRIDGE,Flushing Line,Flushing Line,WB,2021-03-09 01:30:00,11.0,19.0,10.0,22.0,4.0,1,1,11.0
32970,Brooklyn,2021,3,9,1,30,29,191114,POINT (988207.4245194928 151130.52481856258),CROPSEY AVENUE BRIDGE,Coney Island Creek Shoreline,Dead end,NB,2021-03-09 01:30:00,39.0,36.0,41.0,43.0,22.0,1,1,22.0
32970,Brooklyn,2021,3,9,1,45,19,157501,POINT (988148.6889210109 151103.24158873298),CROPSEY AVENUE BRIDGE,Cropsey Avenue,Dead end,SB,2021-03-09 01:45:00,29.0,29.0,46.0,85.0,15.0,1,1,16.0
32970,Queens,2021,3,9,1,45,8,177615,POINT (1028931.8143046284 215115.26618027306),ROOSEVELT AVENUE BRIDGE,Flushing Line,Flushing Line,EB,2021-03-09 01:45:00,9.0,20.0,14.0,25.0,7.0,1,1,17.0
32970,Queens,2021,3,9,1,45,4,177615,POINT (1028931.8143046284 215115.26618027306),ROOSEVELT AVENUE BRIDGE,Flushing Line,Flushing Line,WB,2021-03-09 01:45:00,12.0,11.0,12.0,28.0,10.0,1,1,16.0
32970,Brooklyn,2021,3,9,1,45,22,191114,POINT (988207.4245194928 151130.52481856258),CROPSEY AVENUE BRIDGE,Coney Island Creek Shoreline,Dead end,NB,2021-03-09 01:45:00,29.0,39.0,29.0,64.0,17.0,1,1,29.0
32970,Brooklyn,2021,3,9,2,0,17,191114,POINT (988207.4245194928 151130.52481856258),CROPSEY AVENUE BRIDGE,Coney Island Creek Shoreline,Dead end,NB,2021-03-09 02:00:00,22.0,29.0,36.0,53.0,8.0,2,1,26.0
32970,Queens,2021,3,9,2,0,10,177615,POINT (1028931.8143046284 215115.26618027306),ROOSEVELT AVENUE BRIDGE,Flushing Line,Flushing Line,WB,2021-03-09 02:00:00,4.0,12.0,19.0,23.0,14.0,2,1,6.0
32970,Brooklyn,2021,3,9,2,0,15,157501,POINT (988148.6889210109 151103.24158873298),CROPSEY AVENUE BRIDGE,Cropsey Avenue,Dead end,SB,2021-03-09 02:00:00,19.0,29.0,46.0,60.0,17.0,2,1,30.0
32970,Queens,2021,3,9,2,0,7,177615,POINT (1028931.8143046284 215115.26618027306),ROOSEVELT AVENUE BRIDGE,Flushing Line,Flushing Line,EB,2021-03-09 02:00:00,8.0,9.0,11.0,18.0,15.0,2,1,13.0
32970,Brooklyn,2021,3,9,2,15,17,157501,POINT (988148.6889210109 151103.24158873298),CROPSEY AVENUE BRIDGE,Cropsey Avenue,Dead end,SB,2021-03-09 02:15:00,15.0,19.0,29.0,64.0,35.0,2,1,28.0
32970,Queens,2021,3,9,2,15,15,177615,POINT (1028931.8143046284 215115.26618027306),ROOSEVELT AVENUE BRIDGE,Flushing Line,Flushing Line,EB,2021-03-09 02:15:00,7.0,8.0,20.0,25.0,5.0,2,1,7.0
32970,Queens,2021,3,9,2,15,14,177615,POINT (1028931.8143046284 215115.26618027306),ROOSEVELT AVENUE BRIDGE,Flushing Line,Flushing Line,WB,2021-03-09 02:15:00,10.0,4.0,11.0,15.0,6.0,2,1,7.0
32970,Brooklyn,2021,3,9,2,15,8,191114,POINT (988207.4245194928 151130.52481856258),CROPSEY AVENUE BRIDGE,Coney Island Creek Shoreline,Dead end,NB,2021-03-09 02:15:00,17.0,22.0,39.0,54.0,16.0,2,1,24.0
32970,Brooklyn,2021,3,9,2,30,35,157501,POINT (988148.6889210109 151103.24158873298),CROPSEY AVENUE BRIDGE,Cropsey Avenue,Dead end,SB,2021-03-09 02:30:00,17.0,15.0,29.0,46.0,21.0,2,1,33.0
32970,Queens,2021,3,9,2,30,5,177615,POINT (1028931.8143046284 215115.26618027306),ROOSEVELT AVENUE BRIDGE,Flushing Line,Flushing Line,EB,2021-03-09 02:30:00,15.0,7.0,9.0,16.0,9.0,2,1,11.0
32970,Queens,2021,3,9,2,30,6,177615,POINT (1028931.8143046284 215115.26618027306),ROOSEVELT AVENUE BRIDGE,Flushing Line,Flushing Line,WB,2021-03-09 02:30:00,14.0,10.0,12.0,10.0,6.0,2,1,5.0
32970,Brooklyn,2021,3,9,2,30,16,191114,POINT (988207.4245194928 151130.52481856258),CROPSEY AVENUE BRIDGE,Coney Island Creek Shoreline,Dead end,NB,2021-03-09 02:30:00,8.0,17.0,29.0,41.0,16.0,2,1,15.0
32970,Queens,2021,3,9,2,45,6,177615,POINT (1028931.8143046284 215115.26618027306),ROOSEVELT AVENUE BRIDGE,Flushing Line,Flushing Line,WB,2021-03-09 02:45:00,6.0,14.0,4.0,12.0,11.0,2,1,11.0
32970,Brooklyn,2021,3,9,2,45,16,191114,POINT (988207.4245194928 151130.52481856258),CROPSEY AVENUE BRIDGE,Coney Island Creek Shoreline,Dead end,NB,2021-03-09 02:45:00,16.0,8.0,22.0,29.0,19.0,2,1,16.0
32970,Queens,2021,3,9,2,45,9,177615,POINT (1028931.8143046284 215115.26618027306),ROOSEVELT AVENUE BRIDGE,Flushing Line,Flushing Line,EB,2021-03-09 02:45:00,5.0,15.0,8.0,14.0,11.0,2,1,12.0
32970,Brooklyn,2021,3,9,2,45,21,157501,POINT (988148.6889210109 151103.24158873298),CROPSEY AVENUE BRIDGE,Cropsey Avenue,Dead end,SB,2021-03-09 02:45:00,35.0,17.0,19.0,46.0,19.0,2,1,31.0
32970,Brooklyn,2021,3,9,3,0,19,157501,POINT (988148.6889210109 151103.24158873298),CROPSEY AVENUE BRIDGE,Cropsey Avenue,Dead end,SB,2021-03-09 03:00:00,21.0,35.0,15.0,46.0,14.0,3,1,22.0
32970,Queens,2021,3,9,3,0,11,177615,POINT (1028931.8143046284 215115.26618027306),ROOSEVELT AVENUE BRIDGE,Flushing Line,Flushing Line,EB,2021-03-09 03:00:00,9.0,5.0,7.0,11.0,7.0,3,1,13.0
32970,Queens,2021,3,9,3,0,11,177615,POINT (1028931.8143046284 215115.26618027306),ROOSEVELT AVENUE BRIDGE,Flushing Line,Flushing Line,WB,2021-03-09 03:00:00,6.0,6.0,10.0,19.0,5.0,3,1,7.0
32970,Brooklyn,2021,3,9,3,0,19,191114,POINT (988207.4245194928 151130.52481856258),CROPSEY AVENUE BRIDGE,Coney Island Creek Shoreline,Dead end,NB,2021-03-09 03:00:00,16.0,16.0,17.0,36.0,19.0,3,1,16.0
32970,Brooklyn,2021,3,9,3,15,14,157501,POINT (988148.6889210109 151103.24158873298),CROPSEY AVENUE BRIDGE,Cropsey Avenue,Dead end,SB,2021-03-09 03:15:00,19.0,21.0,17.0,29.0,11.0,3,1,20.0
32970,Queens,2021,3,9,3,15,7,177615,POINT (1028931.8143046284 215115.26618027306),ROOSEVELT AVENUE BRIDGE,Flushing Line,Flushing Line,EB,2021-03-09 03:15:00,11.0,9.0,15.0,20.0,18.0,3,1,8.0
32970,Queens,2021,3,9,3,15,5,177615,POINT (1028931.8143046284 215115.26618027306),ROOSEVELT AVENUE BRIDGE,Flushing Line,Flushing Line,WB,2021-03-09 03:15:00,11.0,6.0,14.0,11.0,9.0,3,1,5.0
32970,Brooklyn,2021,3,9,3,15,19,191114,POINT (988207.4245194928 151130.52481856258),CROPSEY AVENUE BRIDGE,Coney Island Creek Shoreline,Dead end,NB,2021-03-09 03:15:00,19.0,16.0,8.0,39.0,26.0,3,1,23.0
32970,Brooklyn,2021,3,9,3,30,26,191114,POINT (988207.4245194928 151130.52481856258),CROPSEY AVENUE BRIDGE,Coney Island Creek Shoreline,Dead end,NB,2021-03-09 03:30:00,19.0,19.0,16.0,29.0,24.0,3,1,19.0
32970,Queens,2021,3,9,3,30,9,177615,POINT (1028931.8143046284 215115.26618027306),ROOSEVELT AVENUE BRIDGE,Flushing Line,Flushing Line,WB,2021-03-09 03:30:00,5.0,11.0,6.0,12.0,7.0,3,1,10.0
32970,Brooklyn,2021,3,9,3,30,11,157501,POINT (988148.6889210109 151103.24158873298),CROPSEY AVENUE BRIDGE,Cropsey Avenue,Dead end,SB,2021-03-09 03:30:00,14.0,19.0,35.0,29.0,33.0,3,1,18.0
32970,Queens,2021,3,9,3,30,18,177615,POINT (1028931.8143046284 215115.26618027306),ROOSEVELT AVENUE BRIDGE,Flushing Line,Flushing Line,EB,2021-03-09 03:30:00,7.0,11.0,5.0,9.0,9.0,3,1,10.0
32970,Brooklyn,2021,3,9,3,45,33,157501,POINT (988148.6889210109 151103.24158873298),CROPSEY AVENUE BRIDGE,Cropsey Avenue,Dead end,SB,2021-03-09 03:45:00,11.0,14.0,21.0,19.0,17.0,3,1,28.0
32970,Queens,2021,3,9,3,45,9,177615,POINT (1028931.8143046284 215115.26618027306),ROOSEVELT AVENUE BRIDGE,Flushing Line,Flushing Line,EB,2021-03-09 03:45:00,18.0,7.0,9.0,8.0,13.0,3,1,20.0
32970,Queens,2021,3,9,3,45,7,177615,POINT (1028931.8143046284 215115.26618027306),ROOSEVELT AVENUE BRIDGE,Flushing Line,Flushing Line,WB,2021-03-09 03:45:00,9.0,5.0,6.0,4.0,10.0,3,1,7.0
32970,Brooklyn,2021,3,9,3,45,24,191114,POINT (988207.4245194928 151130.52481856258),CROPSEY AVENUE BRIDGE,Coney Island Creek Shoreline,Dead end,NB,2021-03-09 03:45:00,26.0,19.0,16.0,22.0,26.0,3,1,22.0
32970,Brooklyn,2021,3,9,4,0,17,157501,POINT (988148.6889210109 151103.24158873298),CROPSEY AVENUE BRIDGE,Cropsey Avenue,Dead end,SB,2021-03-09 04:00:00,33.0,11.0,19.0,15.0,29.0,4,1,25.0
32970,Queens,2021,3,9,4,0,13,177615,POINT (1028931.8143046284 215115.26618027306),ROOSEVELT AVENUE BRIDGE,Flushing Line,Flushing Line,EB,2021-03-09 04:00:00,9.0,18.0,11.0,7.0,12.0,4,1,11.0
32970,Queens,2021,3,9,4,0,10,177615,POINT (1028931.8143046284 215115.26618027306),ROOSEVELT AVENUE BRIDGE,Flushing Line,Flushing Line,WB,2021-03-09 04:00:00,7.0,9.0,11.0,10.0,5.0,4,1,8.0
32970,Brooklyn,2021,3,9,4,0,26,191114,POINT (988207.4245194928 151130.52481856258),CROPSEY AVENUE BRIDGE,Coney Island Creek Shoreline,Dead end,NB,2021-03-09 04:00:00,24.0,26.0,19.0,17.0,29.0,4,1,31.0
32970,Brooklyn,2021,3,9,4,15,29,191114,POINT (988207.4245194928 151130.52481856258),CROPSEY AVENUE BRIDGE,Coney Island Creek Shoreline,Dead end,NB,2021-03-09 04:15:00,26.0,24.0,19.0,8.0,40.0,4,1,31.0
32970,Queens,2021,3,9,4,15,5,177615,POINT (1028931.8143046284 215115.26618027306),ROOSEVELT AVENUE BRIDGE,Flushing Line,Flushing Line,WB,2021-03-09 04:15:00,10.0,7.0,5.0,14.0,15.0,4,1,9.0
32970,Queens,2021,3,9,4,15,12,177615,POINT (1028931.8143046284 215115.26618027306),ROOSEVELT AVENUE BRIDGE,Flushing Line,Flushing Line,EB,2021-03-09 04:15:00,13.0,9.0,7.0,15.0,11.0,4,1,13.0
32970,Brooklyn,2021,3,9,4,15,29,157501,POINT (988148.6889210109 151103.24158873298),CROPSEY AVENUE BRIDGE,Cropsey Avenue,Dead end,SB,2021-03-09 04:15:00,17.0,33.0,14.0,17.0,27.0,4,1,42.0
32970,Brooklyn,2021,3,9,4,30,27,157501,POINT (988148.6889210109 151103.24158873298),CROPSEY AVENUE BRIDGE,Cropsey Avenue,Dead end,SB,2021-03-09 04:30:00,29.0,17.0,11.0,35.0,52.0,4,1,46.0
32970,Queens,2021,3,9,4,30,11,177615,POINT (1028931.8143046284 215115.26618027306),ROOSEVELT AVENUE BRIDGE,Flushing Line,Flushing Line,EB,2021-03-09 04:30:00,12.0,13.0,18.0,5.0,11.0,4,1,16.0
32970,Queens,2021,3,9,4,30,15,177615,POINT (1028931.8143046284 215115.26618027306),ROOSEVELT AVENUE BRIDGE,Flushing Line,Flushing Line,WB,2021-03-09 04:30:00,5.0,10.0,9.0,6.0,16.0,4,1,9.0
32970,Brooklyn,2021,3,9,4,30,40,191114,POINT (988207.4245194928 151130.52481856258),CROPSEY AVENUE BRIDGE,Coney Island Creek Shoreline,Dead end,NB,2021-03-09 04:30:00,29.0,26.0,26.0,16.0,52.0,4,1,39.0
32970,Brooklyn,2021,3,9,4,45,52,157501,POINT (988148.6889210109 151103.24158873298),CROPSEY AVENUE BRIDGE,Cropsey Avenue,Dead end,SB,2021-03-09 04:45:00,27.0,29.0,33.0,21.0,45.0,4,1,47.0
32970,Queens,2021,3,9,4,45,11,177615,POINT (1028931.8143046284 215115.26618027306),ROOSEVELT AVENUE BRIDGE,Flushing Line,Flushing Line,EB,2021-03-09 04:45:00,11.0,12.0,9.0,9.0,14.0,4,1,17.0
32970,Queens,2021,3,9,4,45,16,177615,POINT (1028931.8143046284 215115.26618027306),ROOSEVELT AVENUE BRIDGE,Flushing Line,Flushing Line,WB,2021-03-09 04:45:00,15.0,5.0,7.0,6.0,20.0,4,1,25.0
32970,Brooklyn,2021,3,9,4,45,52,191114,POINT (988207.4245194928 151130.52481856258),CROPSEY AVENUE BRIDGE,Coney Island Creek Shoreline,Dead end,NB,2021-03-09 04:45:00,40.0,29.0,24.0,16.0,49.0,4,1,48.0
32970,Brooklyn,2021,3,9,5,0,49,191114,POINT (988207.4245194928 151130.52481856258),CROPSEY AVENUE BRIDGE,Coney Island Creek Shoreline,Dead end,NB,2021-03-09 05:00:00,52.0,40.0,26.0,19.0,58.0,5,1,53.0
32970,Queens,2021,3,9,5,0,20,177615,POINT (1028931.8143046284 215115.26618027306),ROOSEVELT AVENUE BRIDGE,Flushing Line,Flushing Line,WB,2021-03-09 05:00:00,16.0,15.0,10.0,11.0,23.0,5,1,13.0
32970,Brooklyn,2021,3,9,5,0,45,157501,POINT (988148.6889210109 151103.24158873298),CROPSEY AVENUE BRIDGE,Cropsey Avenue,Dead end,SB,2021-03-09 05:00:00,52.0,27.0,17.0,19.0,86.0,5,1,51.0
32970,Queens,2021,3,9,5,0,14,177615,POINT (1028931.8143046284 215115.26618027306),ROOSEVELT AVENUE BRIDGE,Flushing Line,Flushing Line,EB,2021-03-09 05:00:00,11.0,11.0,13.0,11.0,25.0,5,1,16.0
32970,Brooklyn,2021,3,9,5,15,86,157501,POINT (988148.6889210109 151103.24158873298),CROPSEY AVENUE BRIDGE,Cropsey Avenue,Dead end,SB,2021-03-09 05:15:00,45.0,52.0,29.0,14.0,84.0,5,1,61.0
32970,Queens,2021,3,9,5,15,25,177615,POINT (1028931.8143046284 215115.26618027306),ROOSEVELT AVENUE BRIDGE,Flushing Line,Flushing Line,EB,2021-03-09 05:15:00,14.0,11.0,12.0,7.0,31.0,5,1,27.0
32970,Queens,2021,3,9,5,15,23,177615,POINT (1028931.8143046284 215115.26618027306),ROOSEVELT AVENUE BRIDGE,Flushing Line,Flushing Line,WB,2021-03-09 05:15:00,20.0,16.0,5.0,5.0,22.0,5,1,21.0
32970,Brooklyn,2021,3,9,5,15,58,191114,POINT (988207.4245194928 151130.52481856258),CROPSEY AVENUE BRIDGE,Coney Island Creek Shoreline,Dead end,NB,2021-03-09 05:15:00,49.0,52.0,29.0,19.0,67.0,5,1,68.0
32970,Queens,2021,3,9,5,30,22,177615,POINT (1028931.8143046284 215115.26618027306),ROOSEVELT AVENUE BRIDGE,Flushing Line,Flushing Line,WB,2021-03-09 05:30:00,23.0,20.0,15.0,9.0,32.0,5,1,38.0
32970,Brooklyn,2021,3,9,5,30,67,191114,POINT (988207.4245194928 151130.52481856258),CROPSEY AVENUE BRIDGE,Coney Island Creek Shoreline,Dead end,NB,2021-03-09 05:30:00,58.0,49.0,40.0,26.0,93.0,5,1,77.0
32970,Brooklyn,2021,3,9,5,30,84,157501,POINT (988148.6889210109 151103.24158873298),CROPSEY AVENUE BRIDGE,Cropsey Avenue,Dead end,SB,2021-03-09 05:30:00,86.0,45.0,27.0,11.0,126.0,5,1,82.0
32970,Queens,2021,3,9,5,30,31,177615,POINT (1028931.8143046284 215115.26618027306),ROOSEVELT AVENUE BRIDGE,Flushing Line,Flushing Line,EB,2021-03-09 05:30:00,25.0,14.0,11.0,18.0,42.0,5,1,32.0
32970,Brooklyn,2021,3,9,5,45,126,157501,POINT (988148.6889210109 151103.24158873298),CROPSEY AVENUE BRIDGE,Cropsey Avenue,Dead end,SB,2021-03-09 05:45:00,84.0,86.0,52.0,33.0,136.0,5,1,117.0
32970,Queens,2021,3,9,5,45,42,177615,POINT (1028931.8143046284 215115.26618027306),ROOSEVELT AVENUE BRIDGE,Flushing Line,Flushing Line,EB,2021-03-09 05:45:00,31.0,25.0,11.0,9.0,30.0,5,1,38.0
32970,Queens,2021,3,9,5,45,32,177615,POINT (1028931.8143046284 215115.26618027306),ROOSEVELT AVENUE BRIDGE,Flushing Line,Flushing Line,WB,2021-03-09 05:45:00,22.0,23.0,16.0,7.0,40.0,5,1,35.0
32970,Brooklyn,2021,3,9,5,45,93,191114,POINT (988207.4245194928 151130.52481856258),CROPSEY AVENUE BRIDGE,Coney Island Creek Shoreline,Dead end,NB,2021-03-09 05:45:00,67.0,58.0,52.0,24.0,128.0,5,1,70.0
32970,Brooklyn,2021,3,9,6,0,128,191114,POINT (988207.4245194928 151130.52481856258),CROPSEY AVENUE BRIDGE,Coney Island Creek Shoreline,Dead end,NB,2021-03-09 06:00:00,93.0,67.0,49.0,26.0,128.0,6,1,121.0
32970,Brooklyn,2021,3,9,6,0,136,157501,POINT (988148.6889210109 151103.24158873298),CROPSEY AVENUE BRIDGE,Cropsey Avenue,Dead end,SB,2021-03-09 06:00:00,126.0,84.0,45.0,17.0,168.0,6,1,133.0
32970,Queens,2021,3,9,6,0,30,177615,POINT (1028931.8143046284 215115.26618027306),ROOSEVELT AVENUE BRIDGE,Flushing Line,Flushing Line,EB,2021-03-09 06:00:00,42.0,31.0,14.0,13.0,46.0,6,1,34.0
32970,Queens,2021,3,9,6,0,40,177615,POINT (1028931.8143046284 215115.26618027306),ROOSEVELT AVENUE BRIDGE,Flushing Line,Flushing Line,WB,2021-03-09 06:00:00,32.0,22.0,20.0,10.0,60.0,6,1,46.0
32970,Queens,2021,3,9,6,15,60,177615,POINT (1028931.8143046284 215115.26618027306),ROOSEVELT AVENUE BRIDGE,Flushing Line,Flushing Line,WB,2021-03-09 06:15:00,40.0,32.0,23.0,5.0,72.0,6,1,44.0
32970,Brooklyn,2021,3,9,6,15,128,191114,POINT (988207.4245194928 151130.52481856258),CROPSEY AVENUE BRIDGE,Coney Island Creek Shoreline,Dead end,NB,2021-03-09 06:15:00,128.0,93.0,58.0,29.0,151.0,6,1,127.0
32970,Brooklyn,2021,3,9,6,15,168,157501,POINT (988148.6889210109 151103.24158873298),CROPSEY AVENUE BRIDGE,Cropsey Avenue,Dead end,SB,2021-03-09 06:15:00,136.0,126.0,86.0,29.0,252.0,6,1,152.0
32970,Queens,2021,3,9,6,15,46,177615,POINT (1028931.8143046284 215115.26618027306),ROOSEVELT AVENUE BRIDGE,Flushing Line,Flushing Line,EB,2021-03-09 06:15:00,30.0,42.0,25.0,12.0,47.0,6,1,41.0
32970,Brooklyn,2021,3,9,6,30,151,191114,POINT (988207.4245194928 151130.52481856258),CROPSEY AVENUE BRIDGE,Coney Island Creek Shoreline,Dead end,NB,2021-03-09 06:30:00,128.0,128.0,67.0,40.0,139.0,6,1,151.0
32970,Queens,2021,3,9,6,30,72,177615,POINT (1028931.8143046284 215115.26618027306),ROOSEVELT AVENUE BRIDGE,Flushing Line,Flushing Line,WB,2021-03-09 06:30:00,60.0,40.0,22.0,15.0,78.0,6,1,63.0
32970,Queens,2021,3,9,6,30,47,177615,POINT (1028931.8143046284 215115.26618027306),ROOSEVELT AVENUE BRIDGE,Flushing Line,Flushing Line,EB,2021-03-09 06:30:00,46.0,30.0,31.0,11.0,67.0,6,1,51.0
32970,Brooklyn,2021,3,9,6,30,252,157501,POINT (988148.6889210109 151103.24158873298),CROPSEY AVENUE BRIDGE,Cropsey Avenue,Dead end,SB,2021-03-09 06:30:00,168.0,136.0,84.0,27.0,279.0,6,1,257.0
32970,Brooklyn,2021,3,9,6,45,279,157501,POINT (988148.6889210109 151103.24158873298),CROPSEY AVENUE BRIDGE,Cropsey Avenue,Dead end,SB,2021-03-09 06:45:00,252.0,168.0,126.0,52.0,229.0,6,1,266.0
32970,Queens,2021,3,9,6,45,67,177615,POINT (1028931.8143046284 215115.26618027306),ROOSEVELT AVENUE BRIDGE,Flushing Line,Flushing Line,EB,2021-03-09 06:45:00,47.0,46.0,42.0,11.0,60.0,6,1,66.0
32970,Queens,2021,3,9,6,45,78,177615,POINT (1028931.8143046284 215115.26618027306),ROOSEVELT AVENUE BRIDGE,Flushing Line,Flushing Line,WB,2021-03-09 06:45:00,72.0,60.0,32.0,16.0,80.0,6,1,85.0
32970,Brooklyn,2021,3,9,6,45,139,191114,POINT (988207.4245194928 151130.52481856258),CROPSEY AVENUE BRIDGE,Coney Island Creek Shoreline,Dead end,NB,2021-03-09 06:45:00,151.0,128.0,93.0,52.0,179.0,6,1,179.0
32970,Brooklyn,2021,3,9,7,0,229,157501,POINT (988148.6889210109 151103.24158873298),CROPSEY AVENUE BRIDGE,Cropsey Avenue,Dead end,SB,2021-03-09 07:00:00,279.0,252.0,136.0,45.0,266.0,7,1,214.0
32970,Queens,2021,3,9,7,0,60,177615,POINT (1028931.8143046284 215115.26618027306),ROOSEVELT AVENUE BRIDGE,Flushing Line,Flushing Line,EB,2021-03-09 07:00:00,67.0,47.0,30.0,14.0,67.0,7,1,72.0
32970,Queens,2021,3,9,7,0,80,177615,POINT (1028931.8143046284 215115.26618027306),ROOSEVELT AVENUE BRIDGE,Flushing Line,Flushing Line,WB,2021-03-09 07:00:00,78.0,72.0,40.0,20.0,96.0,7,1,78.0
32970,Brooklyn,2021,3,9,7,0,179,191114,POINT (988207.4245194928 151130.52481856258),CROPSEY AVENUE BRIDGE,Coney Island Creek Shoreline,Dead end,NB,2021-03-09 07:00:00,139.0,151.0,128.0,49.0,204.0,7,1,188.0
32970,Brooklyn,2021,3,9,7,15,204,191114,POINT (988207.4245194928 151130.52481856258),CROPSEY AVENUE BRIDGE,Coney Island Creek Shoreline,Dead end,NB,2021-03-09 07:15:00,179.0,139.0,128.0,58.0,234.0,7,1,206.0
32970,Queens,2021,3,9,7,15,96,177615,POINT (1028931.8143046284 215115.26618027306),ROOSEVELT AVENUE BRIDGE,Flushing Line,Flushing Line,WB,2021-03-09 07:15:00,80.0,78.0,60.0,23.0,105.0,7,1,99.0
32970,Queens,2021,3,9,7,15,67,177615,POINT (1028931.8143046284 215115.26618027306),ROOSEVELT AVENUE BRIDGE,Flushing Line,Flushing Line,EB,2021-03-09 07:15:00,60.0,67.0,46.0,25.0,76.0,7,1,54.0
32970,Brooklyn,2021,3,9,7,15,266,157501,POINT (988148.6889210109 151103.24158873298),CROPSEY AVENUE BRIDGE,Cropsey Avenue,Dead end,SB,2021-03-09 07:15:00,229.0,279.0,168.0,86.0,293.0,7,1,263.0
32970,Brooklyn,2021,3,9,7,30,293,157501,POINT (988148.6889210109 151103.24158873298),CROPSEY AVENUE BRIDGE,Cropsey Avenue,Dead end,SB,2021-03-09 07:30:00,266.0,229.0,252.0,84.0,325.0,7,1,292.0
32970,Queens,2021,3,9,7,30,76,177615,POINT (1028931.8143046284 215115.26618027306),ROOSEVELT AVENUE BRIDGE,Flushing Line,Flushing Line,EB,2021-03-09 07:30:00,67.0,60.0,47.0,31.0,82.0,7,1,79.0
32970,Queens,2021,3,9,7,30,105,177615,POINT (1028931.8143046284 215115.26618027306),ROOSEVELT AVENUE BRIDGE,Flushing Line,Flushing Line,WB,2021-03-09 07:30:00,96.0,80.0,72.0,22.0,102.0,7,1,102.0
32970,Brooklyn,2021,3,9,7,30,234,191114,POINT (988207.4245194928 151130.52481856258),CROPSEY AVENUE BRIDGE,Coney Island Creek Shoreline,Dead end,NB,2021-03-09 07:30:00,204.0,179.0,151.0,67.0,223.0,7,1,197.0
32970,Brooklyn,2021,3,9,7,45,325,157501,POINT (988148.6889210109 151103.24158873298),CROPSEY AVENUE BRIDGE,Cropsey Avenue,Dead end,SB,2021-03-09 07:45:00,293.0,266.0,279.0,126.0,292.0,7,1,337.0
32970,Queens,2021,3,9,7,45,82,177615,POINT (1028931.8143046284 215115.26618027306),ROOSEVELT AVENUE BRIDGE,Flushing Line,Flushing Line,EB,2021-03-09 07:45:00,76.0,67.0,67.0,42.0,67.0,7,1,74.0
32970,Queens,2021,3,9,7,45,102,177615,POINT (1028931.8143046284 215115.26618027306),ROOSEVELT AVENUE BRIDGE,Flushing Line,Flushing Line,WB,2021-03-09 07:45:00,105.0,96.0,78.0,32.0,84.0,7,1,86.0
32970,Brooklyn,2021,3,9,7,45,223,191114,POINT (988207.4245194928 151130.52481856258),CROPSEY AVENUE BRIDGE,Coney Island Creek Shoreline,Dead end,NB,2021-03-09 07:45:00,234.0,204.0,139.0,93.0,262.0,7,1,207.0
32970,Brooklyn,2021,3,9,8,0,262,191114,POINT (988207.4245194928 151130.52481856258),CROPSEY AVENUE BRIDGE,Coney Island Creek Shoreline,Dead end,NB,2021-03-09 08:00:00,223.0,234.0,179.0,128.0,252.0,8,1,206.0
32970,Queens,2021,3,9,8,0,84,177615,POINT (1028931.8143046284 215115.26618027306),ROOSEVELT AVENUE BRIDGE,Flushing Line,Flushing Line,WB,2021-03-09 08:00:00,102.0,105.0,80.0,40.0,95.0,8,1,101.0
32970,Brooklyn,2021,3,9,8,0,292,157501,POINT (988148.6889210109 151103.24158873298),CROPSEY AVENUE BRIDGE,Cropsey Avenue,Dead end,SB,2021-03-09 08:00:00,325.0,293.0,229.0,136.0,272.0,8,1,287.0
32970,Queens,2021,3,9,8,0,67,177615,POINT (1028931.8143046284 215115.26618027306),ROOSEVELT AVENUE BRIDGE,Flushing Line,Flushing Line,EB,2021-03-09 08:00:00,82.0,76.0,60.0,30.0,69.0,8,1,67.0
32970,Brooklyn,2021,3,9,8,15,272,157501,POINT (988148.6889210109 151103.24158873298),CROPSEY AVENUE BRIDGE,Cropsey Avenue,Dead end,SB,2021-03-09 08:15:00,292.0,325.0,266.0,168.0,252.0,8,1,262.0
32970,Queens,2021,3,9,8,15,69,177615,POINT (1028931.8143046284 215115.26618027306),ROOSEVELT AVENUE BRIDGE,Flushing Line,Flushing Line,EB,2021-03-09 08:15:00,67.0,82.0,67.0,46.0,75.0,8,1,83.0
32970,Queens,2021,3,9,8,15,95,177615,POINT (1028931.8143046284 215115.26618027306),ROOSEVELT AVENUE BRIDGE,Flushing Line,Flushing Line,WB,2021-03-09 08:15:00,84.0,102.0,96.0,60.0,99.0,8,1,98.0
32970,Brooklyn,2021,3,9,8,15,252,191114,POINT (988207.4245194928 151130.52481856258),CROPSEY AVENUE BRIDGE,Coney Island Creek Shoreline,Dead end,NB,2021-03-09 08:15:00,262.0,223.0,204.0,128.0,253.0,8,1,213.0
32970,Brooklyn,2021,3,9,8,30,253,191114,POINT (988207.4245194928 151130.52481856258),CROPSEY AVENUE BRIDGE,Coney Island Creek Shoreline,Dead end,NB,2021-03-09 08:30:00,252.0,262.0,234.0,151.0,233.0,8,1,196.0
32970,Brooklyn,2021,3,9,8,30,252,157501,POINT (988148.6889210109 151103.24158873298),CROPSEY AVENUE BRIDGE,Cropsey Avenue,Dead end,SB,2021-03-09 08:30:00,272.0,292.0,293.0,252.0,286.0,8,1,216.0
32970,Queens,2021,3,9,8,30,75,177615,POINT (1028931.8143046284 215115.26618027306),ROOSEVELT AVENUE BRIDGE,Flushing Line,Flushing Line,EB,2021-03-09 08:30:00,69.0,67.0,76.0,47.0,104.0,8,1,101.0
32970,Queens,2021,3,9,8,30,99,177615,POINT (1028931.8143046284 215115.26618027306),ROOSEVELT AVENUE BRIDGE,Flushing Line,Flushing Line,WB,2021-03-09 08:30:00,95.0,84.0,105.0,72.0,90.0,8,1,103.0
32970,Brooklyn,2021,3,9,8,45,233,191114,POINT (988207.4245194928 151130.52481856258),CROPSEY AVENUE BRIDGE,Coney Island Creek Shoreline,Dead end,NB,2021-03-09 08:45:00,253.0,252.0,223.0,139.0,235.0,8,1,201.0
32970,Queens,2021,3,9,8,45,90,177615,POINT (1028931.8143046284 215115.26618027306),ROOSEVELT AVENUE BRIDGE,Flushing Line,Flushing Line,WB,2021-03-09 08:45:00,99.0,95.0,102.0,78.0,91.0,8,1,113.0
32970,Queens,2021,3,9,8,45,104,177615,POINT (1028931.8143046284 215115.26618027306),ROOSEVELT AVENUE BRIDGE,Flushing Line,Flushing Line,EB,2021-03-09 08:45:00,75.0,69.0,82.0,67.0,88.0,8,1,97.0
32970,Brooklyn,2021,3,9,8,45,286,157501,POINT (988148.6889210109 151103.24158873298),CROPSEY AVENUE BRIDGE,Cropsey Avenue,Dead end,SB,2021-03-09 08:45:00,252.0,272.0,325.0,279.0,260.0,8,1,269.0
32970,Brooklyn,2021,3,9,9,0,235,191114,POINT (988207.4245194928 151130.52481856258),CROPSEY AVENUE BRIDGE,Coney Island Creek Shoreline,Dead end,NB,2021-03-09 09:00:00,233.0,253.0,262.0,179.0,238.0,9,1,212.0
32970,Brooklyn,2021,3,9,9,0,260,157501,POINT (988148.6889210109 151103.24158873298),CROPSEY AVENUE BRIDGE,Cropsey Avenue,Dead end,SB,2021-03-09 09:00:00,286.0,252.0,292.0,229.0,230.0,9,1,249.0
32970,Queens,2021,3,9,9,0,88,177615,POINT (1028931.8143046284 215115.26618027306),ROOSEVELT AVENUE BRIDGE,Flushing Line,Flushing Line,EB,2021-03-09 09:00:00,104.0,75.0,67.0,60.0,93.0,9,1,91.0
32970,Queens,2021,3,9,9,0,91,177615,POINT (1028931.8143046284 215115.26618027306),ROOSEVELT AVENUE BRIDGE,Flushing Line,Flushing Line,WB,2021-03-09 09:00:00,90.0,99.0,84.0,80.0,94.0,9,1,90.0
32970,Queens,2021,3,9,9,15,94,177615,POINT (1028931.8143046284 215115.26618027306),ROOSEVELT AVENUE BRIDGE,Flushing Line,Flushing Line,WB,2021-03-09 09:15:00,91.0,90.0,95.0,96.0,98.0,9,1,88.0
32970,Brooklyn,2021,3,9,9,15,238,191114,POINT (988207.4245194928 151130.52481856258),CROPSEY AVENUE BRIDGE,Coney Island Creek Shoreline,Dead end,NB,2021-03-09 09:15:00,235.0,233.0,252.0,204.0,205.0,9,1,225.0
32970,Brooklyn,2021,3,9,9,15,230,157501,POINT (988148.6889210109 151103.24158873298),CROPSEY AVENUE BRIDGE,Cropsey Avenue,Dead end,SB,2021-03-09 09:15:00,260.0,286.0,272.0,266.0,208.0,9,1,252.0
32970,Queens,2021,3,9,9,15,93,177615,POINT (1028931.8143046284 215115.26618027306),ROOSEVELT AVENUE BRIDGE,Flushing Line,Flushing Line,EB,2021-03-09 09:15:00,88.0,104.0,69.0,67.0,114.0,9,1,101.0
32970,Brooklyn,2021,3,9,9,30,205,191114,POINT (988207.4245194928 151130.52481856258),CROPSEY AVENUE BRIDGE,Coney Island Creek Shoreline,Dead end,NB,2021-03-09 09:30:00,238.0,235.0,253.0,234.0,215.0,9,1,200.0
32970,Queens,2021,3,9,9,30,98,177615,POINT (1028931.8143046284 215115.26618027306),ROOSEVELT AVENUE BRIDGE,Flushing Line,Flushing Line,WB,2021-03-09 09:30:00,94.0,91.0,99.0,105.0,92.0,9,1,87.0
32970,Queens,2021,3,9,9,30,114,177615,POINT (1028931.8143046284 215115.26618027306),ROOSEVELT AVENUE BRIDGE,Flushing Line,Flushing Line,EB,2021-03-09 09:30:00,93.0,88.0,75.0,76.0,110.0,9,1,126.0
32970,Brooklyn,2021,3,9,9,30,208,157501,POINT (988148.6889210109 151103.24158873298),CROPSEY AVENUE BRIDGE,Cropsey Avenue,Dead end,SB,2021-03-09 09:30:00,230.0,260.0,252.0,293.0,247.0,9,1,209.0
32970,Brooklyn,2021,3,9,9,45,247,157501,POINT (988148.6889210109 151103.24158873298),CROPSEY AVENUE BRIDGE,Cropsey Avenue,Dead end,SB,2021-03-09 09:45:00,208.0,230.0,286.0,325.0,236.0,9,1,192.0
32970,Queens,2021,3,9,9,45,110,177615,POINT (1028931.8143046284 215115.26618027306),ROOSEVELT AVENUE BRIDGE,Flushing Line,Flushing Line,EB,2021-03-09 09:45:00,114.0,93.0,104.0,82.0,95.0,9,1,118.0
32970,Queens,2021,3,9,9,45,92,177615,POINT (1028931.8143046284 215115.26618027306),ROOSEVELT AVENUE BRIDGE,Flushing Line,Flushing Line,WB,2021-03-09 09:45:00,98.0,94.0,90.0,102.0,77.0,9,1,85.0
32970,Brooklyn,2021,3,9,9,45,215,191114,POINT (988207.4245194928 151130.52481856258),CROPSEY AVENUE BRIDGE,Coney Island Creek Shoreline,Dead end,NB,2021-03-09 09:45:00,205.0,238.0,233.0,223.0,193.0,9,1,227.0
32970,Brooklyn,2021,3,9,10,0,193,191114,POINT (988207.4245194928 151130.52481856258),CROPSEY AVENUE BRIDGE,Coney Island Creek Shoreline,Dead end,NB,2021-03-09 10:00:00,215.0,205.0,235.0,262.0,221.0,10,1,185.0
32970,Brooklyn,2021,3,9,10,0,236,157501,POINT (988148.6889210109 151103.24158873298),CROPSEY AVENUE BRIDGE,Cropsey Avenue,Dead end,SB,2021-03-09 10:00:00,247.0,208.0,260.0,292.0,238.0,10,1,207.0
32970,Queens,2021,3,9,10,0,95,177615,POINT (1028931.8143046284 215115.26618027306),ROOSEVELT AVENUE BRIDGE,Flushing Line,Flushing Line,EB,2021-03-09 10:00:00,110.0,114.0,88.0,67.0,94.0,10,1,107.0
32970,Queens,2021,3,9,10,0,77,177615,POINT (1028931.8143046284 215115.26618027306),ROOSEVELT AVENUE BRIDGE,Flushing Line,Flushing Line,WB,2021-03-09 10:00:00,92.0,98.0,91.0,84.0,94.0,10,1,70.0
32970,Brooklyn,2021,3,9,10,15,221,191114,POINT (988207.4245194928 151130.52481856258),CROPSEY AVENUE BRIDGE,Coney Island Creek Shoreline,Dead end,NB,2021-03-09 10:15:00,193.0,215.0,238.0,252.0,209.0,10,1,204.0
32970,Queens,2021,3,9,10,15,94,177615,POINT (1028931.8143046284 215115.26618027306),ROOSEVELT AVENUE BRIDGE,Flushing Line,Flushing Line,WB,2021-03-09 10:15:00,77.0,92.0,94.0,95.0,89.0,10,1,98.0
32970,Brooklyn,2021,3,9,10,15,238,157501,POINT (988148.6889210109 151103.24158873298),CROPSEY AVENUE BRIDGE,Cropsey Avenue,Dead end,SB,2021-03-09 10:15:00,236.0,247.0,230.0,272.0,259.0,10,1,184.0
32970,Queens,2021,3,9,10,15,94,177615,POINT (1028931.8143046284 215115.26618027306),ROOSEVELT AVENUE BRIDGE,Flushing Line,Flushing Line,EB,2021-03-09 10:15:00,95.0,110.0,93.0,69.0,111.0,10,1,103.0
32970,Queens,2021,3,9,10,30,89,177615,POINT (1028931.8143046284 215115.26618027306),ROOSEVELT AVENUE BRIDGE,Flushing Line,Flushing Line,WB,2021-03-09 10:30:00,94.0,77.0,98.0,99.0,106.0,10,1,75.0
32970,Brooklyn,2021,3,9,10,30,259,157501,POINT (988148.6889210109 151103.24158873298),CROPSEY AVENUE BRIDGE,Cropsey Avenue,Dead end,SB,2021-03-09 10:30:00,238.0,236.0,208.0,252.0,256.0,10,1,170.0
32970,Queens,2021,3,9,10,30,111,177615,POINT (1028931.8143046284 215115.26618027306),ROOSEVELT AVENUE BRIDGE,Flushing Line,Flushing Line,EB,2021-03-09 10:30:00,94.0,95.0,114.0,75.0,88.0,10,1,108.0
32970,Brooklyn,2021,3,9,10,30,209,191114,POINT (988207.4245194928 151130.52481856258),CROPSEY AVENUE BRIDGE,Coney Island Creek Shoreline,Dead end,NB,2021-03-09 10:30:00,221.0,193.0,205.0,253.0,201.0,10,1,197.0
32970,Brooklyn,2021,3,9,10,45,201,191114,POINT (988207.4245194928 151130.52481856258),CROPSEY AVENUE BRIDGE,Coney Island Creek Shoreline,Dead end,NB,2021-03-09 10:45:00,209.0,221.0,215.0,233.0,226.0,10,1,202.0
32970,Queens,2021,3,9,10,45,106,177615,POINT (1028931.8143046284 215115.26618027306),ROOSEVELT AVENUE BRIDGE,Flushing Line,Flushing Line,WB,2021-03-09 10:45:00,89.0,94.0,92.0,90.0,91.0,10,1,75.0
32970,Queens,2021,3,9,10,45,88,177615,POINT (1028931.8143046284 215115.26618027306),ROOSEVELT AVENUE BRIDGE,Flushing Line,Flushing Line,EB,2021-03-09 10:45:00,111.0,94.0,110.0,104.0,101.0,10,1,117.0
32970,Brooklyn,2021,3,9,10,45,256,157501,POINT (988148.6889210109 151103.24158873298),CROPSEY AVENUE BRIDGE,Cropsey Avenue,Dead end,SB,2021-03-09 10:45:00,259.0,238.0,247.0,286.0,272.0,10,1,197.0
32970,Brooklyn,2021,3,9,11,0,272,157501,POINT (988148.6889210109 151103.24158873298),CROPSEY AVENUE BRIDGE,Cropsey Avenue,Dead end,SB,2021-03-09 11:00:00,256.0,259.0,236.0,260.0,283.0,11,1,154.0
32970,Queens,2021,3,9,11,0,101,177615,POINT (1028931.8143046284 215115.26618027306),ROOSEVELT AVENUE BRIDGE,Flushing Line,Flushing Line,EB,2021-03-09 11:00:00,88.0,111.0,95.0,88.0,111.0,11,1,114.0
32970,Queens,2021,3,9,11,0,91,177615,POINT (1028931.8143046284 215115.26618027306),ROOSEVELT AVENUE BRIDGE,Flushing Line,Flushing Line,WB,2021-03-09 11:00:00,106.0,89.0,77.0,91.0,117.0,11,1,88.0
32970,Brooklyn,2021,3,9,11,0,226,191114,POINT (988207.4245194928 151130.52481856258),CROPSEY AVENUE BRIDGE,Coney Island Creek Shoreline,Dead end,NB,2021-03-09 11:00:00,201.0,209.0,193.0,235.0,199.0,11,1,223.0
32970,Queens,2021,3,9,11,15,117,177615,POINT (1028931.8143046284 215115.26618027306),ROOSEVELT AVENUE BRIDGE,Flushing Line,Flushing Line,WB,2021-03-09 11:15:00,91.0,106.0,94.0,94.0,78.0,11,1,87.0
32970,Brooklyn,2021,3,9,11,15,199,191114,POINT (988207.4245194928 151130.52481856258),CROPSEY AVENUE BRIDGE,Coney Island Creek Shoreline,Dead end,NB,2021-03-09 11:15:00,226.0,201.0,221.0,238.0,215.0,11,1,212.0
32970,Brooklyn,2021,3,9,11,15,283,157501,POINT (988148.6889210109 151103.24158873298),CROPSEY AVENUE BRIDGE,Cropsey Avenue,Dead end,SB,2021-03-09 11:15:00,272.0,256.0,238.0,230.0,280.0,11,1,174.0
32970,Queens,2021,3,9,11,15,111,177615,POINT (1028931.8143046284 215115.26618027306),ROOSEVELT AVENUE BRIDGE,Flushing Line,Flushing Line,EB,2021-03-09 11:15:00,101.0,88.0,94.0,93.0,117.0,11,1,91.0
32970,Brooklyn,2021,3,9,11,30,280,157501,POINT (988148.6889210109 151103.24158873298),CROPSEY AVENUE BRIDGE,Cropsey Avenue,Dead end,SB,2021-03-09 11:30:00,283.0,272.0,259.0,208.0,269.0,11,1,168.0
32970,Queens,2021,3,9,11,30,117,177615,POINT (1028931.8143046284 215115.26618027306),ROOSEVELT AVENUE BRIDGE,Flushing Line,Flushing Line,EB,2021-03-09 11:30:00,111.0,101.0,111.0,114.0,130.0,11,1,93.0
32970,Queens,2021,3,9,11,30,78,177615,POINT (1028931.8143046284 215115.26618027306),ROOSEVELT AVENUE BRIDGE,Flushing Line,Flushing Line,WB,2021-03-09 11:30:00,117.0,91.0,89.0,98.0,94.0,11,1,87.0
32970,Brooklyn,2021,3,9,11,30,215,191114,POINT (988207.4245194928 151130.52481856258),CROPSEY AVENUE BRIDGE,Coney Island Creek Shoreline,Dead end,NB,2021-03-09 11:30:00,199.0,226.0,209.0,205.0,244.0,11,1,201.0
32970,Brooklyn,2021,3,9,11,45,244,191114,POINT (988207.4245194928 151130.52481856258),CROPSEY AVENUE BRIDGE,Coney Island Creek Shoreline,Dead end,NB,2021-03-09 11:45:00,215.0,199.0,201.0,215.0,234.0,11,1,265.0
32970,Brooklyn,2021,3,9,11,45,269,157501,POINT (988148.6889210109 151103.24158873298),CROPSEY AVENUE BRIDGE,Cropsey Avenue,Dead end,SB,2021-03-09 11:45:00,280.0,283.0,256.0,247.0,309.0,11,1,188.0
32970,Queens,2021,3,9,11,45,130,177615,POINT (1028931.8143046284 215115.26618027306),ROOSEVELT AVENUE BRIDGE,Flushing Line,Flushing Line,EB,2021-03-09 11:45:00,117.0,111.0,88.0,110.0,106.0,11,1,103.0
32970,Queens,2021,3,9,11,45,94,177615,POINT (1028931.8143046284 215115.26618027306),ROOSEVELT AVENUE BRIDGE,Flushing Line,Flushing Line,WB,2021-03-09 11:45:00,78.0,117.0,106.0,92.0,99.0,11,1,94.0
32970,Queens,2021,3,9,12,0,99,177615,POINT (1028931.8143046284 215115.26618027306),ROOSEVELT AVENUE BRIDGE,Flushing Line,Flushing Line,WB,2021-03-09 12:00:00,94.0,78.0,91.0,77.0,89.0,12,1,102.0
32970,Brooklyn,2021,3,9,12,0,234,191114,POINT (988207.4245194928 151130.52481856258),CROPSEY AVENUE BRIDGE,Coney Island Creek Shoreline,Dead end,NB,2021-03-09 12:00:00,244.0,215.0,226.0,193.0,232.0,12,1,222.0
32970,Brooklyn,2021,3,9,12,0,309,157501,POINT (988148.6889210109 151103.24158873298),CROPSEY AVENUE BRIDGE,Cropsey Avenue,Dead end,SB,2021-03-09 12:00:00,269.0,280.0,272.0,236.0,312.0,12,1,190.0
32970,Queens,2021,3,9,12,0,106,177615,POINT (1028931.8143046284 215115.26618027306),ROOSEVELT AVENUE BRIDGE,Flushing Line,Flushing Line,EB,2021-03-09 12:00:00,130.0,117.0,101.0,95.0,96.0,12,1,89.0
32970,Queens,2021,3,9,12,15,89,177615,POINT (1028931.8143046284 215115.26618027306),ROOSEVELT AVENUE BRIDGE,Flushing Line,Flushing Line,WB,2021-03-09 12:15:00,99.0,94.0,117.0,94.0,93.0,12,1,106.0
32970,Brooklyn,2021,3,9,12,15,232,191114,POINT (988207.4245194928 151130.52481856258),CROPSEY AVENUE BRIDGE,Coney Island Creek Shoreline,Dead end,NB,2021-03-09 12:15:00,234.0,244.0,199.0,221.0,208.0,12,1,232.0
32970,Brooklyn,2021,3,9,12,15,312,157501,POINT (988148.6889210109 151103.24158873298),CROPSEY AVENUE BRIDGE,Cropsey Avenue,Dead end,SB,2021-03-09 12:15:00,309.0,269.0,283.0,238.0,299.0,12,1,232.0
32970,Queens,2021,3,9,12,15,96,177615,POINT (1028931.8143046284 215115.26618027306),ROOSEVELT AVENUE BRIDGE,Flushing Line,Flushing Line,EB,2021-03-09 12:15:00,106.0,130.0,111.0,94.0,110.0,12,1,109.0
32970,Queens,2021,3,9,12,30,93,177615,POINT (1028931.8143046284 215115.26618027306),ROOSEVELT AVENUE BRIDGE,Flushing Line,Flushing Line,WB,2021-03-09 12:30:00,89.0,99.0,78.0,89.0,92.0,12,1,98.0
32970,Brooklyn,2021,3,9,12,30,208,191114,POINT (988207.4245194928 151130.52481856258),CROPSEY AVENUE BRIDGE,Coney Island Creek Shoreline,Dead end,NB,2021-03-09 12:30:00,232.0,234.0,215.0,209.0,262.0,12,1,286.0
32970,Brooklyn,2021,3,9,12,30,299,157501,POINT (988148.6889210109 151103.24158873298),CROPSEY AVENUE BRIDGE,Cropsey Avenue,Dead end,SB,2021-03-09 12:30:00,312.0,309.0,280.0,259.0,315.0,12,1,202.0
32970,Queens,2021,3,9,12,30,110,177615,POINT (1028931.8143046284 215115.26618027306),ROOSEVELT AVENUE BRIDGE,Flushing Line,Flushing Line,EB,2021-03-09 12:30:00,96.0,106.0,117.0,111.0,96.0,12,1,124.0
32970,Queens,2021,3,9,12,45,92,177615,POINT (1028931.8143046284 215115.26618027306),ROOSEVELT AVENUE BRIDGE,Flushing Line,Flushing Line,WB,2021-03-09 12:45:00,93.0,89.0,94.0,106.0,94.0,12,1,75.0
32970,Brooklyn,2021,3,9,12,45,262,191114,POINT (988207.4245194928 151130.52481856258),CROPSEY AVENUE BRIDGE,Coney Island Creek Shoreline,Dead end,NB,2021-03-09 12:45:00,208.0,232.0,244.0,201.0,244.0,12,1,227.0
32970,Brooklyn,2021,3,9,12,45,315,157501,POINT (988148.6889210109 151103.24158873298),CROPSEY AVENUE BRIDGE,Cropsey Avenue,Dead end,SB,2021-03-09 12:45:00,299.0,312.0,269.0,256.0,306.0,12,1,220.0
32970,Queens,2021,3,9,12,45,96,177615,POINT (1028931.8143046284 215115.26618027306),ROOSEVELT AVENUE BRIDGE,Flushing Line,Flushing Line,EB,2021-03-09 12:45:00,110.0,96.0,130.0,88.0,123.0,12,1,125.0
32970,Queens,2021,3,9,13,0,94,177615,POINT (1028931.8143046284 215115.26618027306),ROOSEVELT AVENUE BRIDGE,Flushing Line,Flushing Line,WB,2021-03-09 13:00:00,92.0,93.0,99.0,91.0,106.0,13,1,105.0
32970,Brooklyn,2021,3,9,13,0,244,191114,POINT (988207.4245194928 151130.52481856258),CROPSEY AVENUE BRIDGE,Coney Island Creek Shoreline,Dead end,NB,2021-03-09 13:00:00,262.0,208.0,234.0,226.0,243.0,13,1,250.0
32970,Brooklyn,2021,3,9,13,0,306,157501,POINT (988148.6889210109 151103.24158873298),CROPSEY AVENUE BRIDGE,Cropsey Avenue,Dead end,SB,2021-03-09 13:00:00,315.0,299.0,309.0,272.0,292.0,13,1,196.0
32970,Queens,2021,3,9,13,0,123,177615,POINT (1028931.8143046284 215115.26618027306),ROOSEVELT AVENUE BRIDGE,Flushing Line,Flushing Line,EB,2021-03-09 13:00:00,96.0,110.0,106.0,101.0,114.0,13,1,101.0
32970,Brooklyn,2021,3,9,13,15,292,157501,POINT (988148.6889210109 151103.24158873298),CROPSEY AVENUE BRIDGE,Cropsey Avenue,Dead end,SB,2021-03-09 13:15:00,306.0,315.0,312.0,283.0,309.0,13,1,203.0
32970,Queens,2021,3,9,13,15,114,177615,POINT (1028931.8143046284 215115.26618027306),ROOSEVELT AVENUE BRIDGE,Flushing Line,Flushing Line,EB,2021-03-09 13:15:00,123.0,96.0,96.0,111.0,106.0,13,1,116.0
32970,Queens,2021,3,9,13,15,106,177615,POINT (1028931.8143046284 215115.26618027306),ROOSEVELT AVENUE BRIDGE,Flushing Line,Flushing Line,WB,2021-03-09 13:15:00,94.0,92.0,89.0,117.0,89.0,13,1,98.0
32970,Brooklyn,2021,3,9,13,15,243,191114,POINT (988207.4245194928 151130.52481856258),CROPSEY AVENUE BRIDGE,Coney Island Creek Shoreline,Dead end,NB,2021-03-09 13:15:00,244.0,262.0,232.0,199.0,272.0,13,1,249.0
32970,Brooklyn,2021,3,9,13,30,309,157501,POINT (988148.6889210109 151103.24158873298),CROPSEY AVENUE BRIDGE,Cropsey Avenue,Dead end,SB,2021-03-09 13:30:00,292.0,306.0,299.0,280.0,387.0,13,1,199.0
32970,Queens,2021,3,9,13,30,106,177615,POINT (1028931.8143046284 215115.26618027306),ROOSEVELT AVENUE BRIDGE,Flushing Line,Flushing Line,EB,2021-03-09 13:30:00,114.0,123.0,110.0,117.0,121.0,13,1,116.0
32970,Queens,2021,3,9,13,30,89,177615,POINT (1028931.8143046284 215115.26618027306),ROOSEVELT AVENUE BRIDGE,Flushing Line,Flushing Line,WB,2021-03-09 13:30:00,106.0,94.0,93.0,78.0,86.0,13,1,87.0
32970,Brooklyn,2021,3,9,13,30,272,191114,POINT (988207.4245194928 151130.52481856258),CROPSEY AVENUE BRIDGE,Coney Island Creek Shoreline,Dead end,NB,2021-03-09 13:30:00,243.0,244.0,208.0,215.0,244.0,13,1,267.0
32970,Brooklyn,2021,3,9,13,45,387,157501,POINT (988148.6889210109 151103.24158873298),CROPSEY AVENUE BRIDGE,Cropsey Avenue,Dead end,SB,2021-03-09 13:45:00,309.0,292.0,315.0,269.0,293.0,13,1,229.0
32970,Queens,2021,3,9,13,45,121,177615,POINT (1028931.8143046284 215115.26618027306),ROOSEVELT AVENUE BRIDGE,Flushing Line,Flushing Line,EB,2021-03-09 13:45:00,106.0,114.0,96.0,130.0,104.0,13,1,138.0
32970,Queens,2021,3,9,13,45,86,177615,POINT (1028931.8143046284 215115.26618027306),ROOSEVELT AVENUE BRIDGE,Flushing Line,Flushing Line,WB,2021-03-09 13:45:00,89.0,106.0,92.0,94.0,91.0,13,1,109.0
32970,Brooklyn,2021,3,9,13,45,244,191114,POINT (988207.4245194928 151130.52481856258),CROPSEY AVENUE BRIDGE,Coney Island Creek Shoreline,Dead end,NB,2021-03-09 13:45:00,272.0,243.0,262.0,244.0,278.0,13,1,247.0
32970,Brooklyn,2021,3,9,14,0,278,191114,POINT (988207.4245194928 151130.52481856258),CROPSEY AVENUE BRIDGE,Coney Island Creek Shoreline,Dead end,NB,2021-03-09 14:00:00,244.0,272.0,244.0,234.0,315.0,14,1,272.0
32970,Queens,2021,3,9,14,0,91,177615,POINT (1028931.8143046284 215115.26618027306),ROOSEVELT AVENUE BRIDGE,Flushing Line,Flushing Line,WB,2021-03-09 14:00:00,86.0,89.0,94.0,99.0,75.0,14,1,93.0
32970,Brooklyn,2021,3,9,14,0,293,157501,POINT (988148.6889210109 151103.24158873298),CROPSEY AVENUE BRIDGE,Cropsey Avenue,Dead end,SB,2021-03-09 14:00:00,387.0,309.0,306.0,309.0,287.0,14,1,234.0
32970,Queens,2021,3,9,14,0,104,177615,POINT (1028931.8143046284 215115.26618027306),ROOSEVELT AVENUE BRIDGE,Flushing Line,Flushing Line,EB,2021-03-09 14:00:00,121.0,106.0,123.0,106.0,118.0,14,1,114.0
32970,Brooklyn,2021,3,9,14,15,287,157501,POINT (988148.6889210109 151103.24158873298),CROPSEY AVENUE BRIDGE,Cropsey Avenue,Dead end,SB,2021-03-09 14:15:00,293.0,387.0,292.0,312.0,289.0,14,1,225.0
32970,Queens,2021,3,9,14,15,118,177615,POINT (1028931.8143046284 215115.26618027306),ROOSEVELT AVENUE BRIDGE,Flushing Line,Flushing Line,EB,2021-03-09 14:15:00,104.0,121.0,114.0,96.0,138.0,14,1,117.0
32970,Queens,2021,3,9,14,15,75,177615,POINT (1028931.8143046284 215115.26618027306),ROOSEVELT AVENUE BRIDGE,Flushing Line,Flushing Line,WB,2021-03-09 14:15:00,91.0,86.0,106.0,89.0,97.0,14,1,88.0
32970,Brooklyn,2021,3,9,14,15,315,191114,POINT (988207.4245194928 151130.52481856258),CROPSEY AVENUE BRIDGE,Coney Island Creek Shoreline,Dead end,NB,2021-03-09 14:15:00,278.0,244.0,243.0,232.0,282.0,14,1,321.0
32970,Brooklyn,2021,3,9,14,30,289,157501,POINT (988148.6889210109 151103.24158873298),CROPSEY AVENUE BRIDGE,Cropsey Avenue,Dead end,SB,2021-03-09 14:30:00,287.0,293.0,309.0,299.0,289.0,14,1,222.0
32970,Queens,2021,3,9,14,30,138,177615,POINT (1028931.8143046284 215115.26618027306),ROOSEVELT AVENUE BRIDGE,Flushing Line,Flushing Line,EB,2021-03-09 14:30:00,118.0,104.0,106.0,110.0,147.0,14,1,115.0
32970,Queens,2021,3,9,14,30,97,177615,POINT (1028931.8143046284 215115.26618027306),ROOSEVELT AVENUE BRIDGE,Flushing Line,Flushing Line,WB,2021-03-09 14:30:00,75.0,91.0,89.0,93.0,93.0,14,1,93.0
32970,Brooklyn,2021,3,9,14,30,282,191114,POINT (988207.4245194928 151130.52481856258),CROPSEY AVENUE BRIDGE,Coney Island Creek Shoreline,Dead end,NB,2021-03-09 14:30:00,315.0,278.0,272.0,208.0,295.0,14,1,303.0
32970,Brooklyn,2021,3,9,14,45,295,191114,POINT (988207.4245194928 151130.52481856258),CROPSEY AVENUE BRIDGE,Coney Island Creek Shoreline,Dead end,NB,2021-03-09 14:45:00,282.0,315.0,244.0,262.0,282.0,14,1,317.0
32970,Queens,2021,3,9,14,45,93,177615,POINT (1028931.8143046284 215115.26618027306),ROOSEVELT AVENUE BRIDGE,Flushing Line,Flushing Line,WB,2021-03-09 14:45:00,97.0,75.0,86.0,92.0,113.0,14,1,75.0
32970,Brooklyn,2021,3,9,14,45,289,157501,POINT (988148.6889210109 151103.24158873298),CROPSEY AVENUE BRIDGE,Cropsey Avenue,Dead end,SB,2021-03-09 14:45:00,289.0,287.0,387.0,315.0,311.0,14,1,233.0
32970,Queens,2021,3,9,14,45,147,177615,POINT (1028931.8143046284 215115.26618027306),ROOSEVELT AVENUE BRIDGE,Flushing Line,Flushing Line,EB,2021-03-09 14:45:00,138.0,118.0,121.0,96.0,126.0,14,1,118.0
32970,Brooklyn,2021,3,9,15,0,311,157501,POINT (988148.6889210109 151103.24158873298),CROPSEY AVENUE BRIDGE,Cropsey Avenue,Dead end,SB,2021-03-09 15:00:00,289.0,289.0,293.0,306.0,301.0,15,1,267.0
32970,Queens,2021,3,9,15,0,126,177615,POINT (1028931.8143046284 215115.26618027306),ROOSEVELT AVENUE BRIDGE,Flushing Line,Flushing Line,EB,2021-03-09 15:00:00,147.0,138.0,104.0,123.0,110.0,15,1,126.0
32970,Queens,2021,3,9,15,0,113,177615,POINT (1028931.8143046284 215115.26618027306),ROOSEVELT AVENUE BRIDGE,Flushing Line,Flushing Line,WB,2021-03-09 15:00:00,93.0,97.0,91.0,94.0,106.0,15,1,91.0
32970,Brooklyn,2021,3,9,15,0,282,191114,POINT (988207.4245194928 151130.52481856258),CROPSEY AVENUE BRIDGE,Coney Island Creek Shoreline,Dead end,NB,2021-03-09 15:00:00,295.0,282.0,278.0,244.0,307.0,15,1,262.0
32970,Brooklyn,2021,3,9,15,15,307,191114,POINT (988207.4245194928 151130.52481856258),CROPSEY AVENUE BRIDGE,Coney Island Creek Shoreline,Dead end,NB,2021-03-09 15:15:00,282.0,295.0,315.0,243.0,289.0,15,1,273.0
32970,Brooklyn,2021,3,9,15,15,301,157501,POINT (988148.6889210109 151103.24158873298),CROPSEY AVENUE BRIDGE,Cropsey Avenue,Dead end,SB,2021-03-09 15:15:00,311.0,289.0,287.0,292.0,296.0,15,1,232.0
32970,Queens,2021,3,9,15,15,110,177615,POINT (1028931.8143046284 215115.26618027306),ROOSEVELT AVENUE BRIDGE,Flushing Line,Flushing Line,EB,2021-03-09 15:15:00,126.0,147.0,118.0,114.0,142.0,15,1,128.0
32970,Queens,2021,3,9,15,15,106,177615,POINT (1028931.8143046284 215115.26618027306),ROOSEVELT AVENUE BRIDGE,Flushing Line,Flushing Line,WB,2021-03-09 15:15:00,113.0,93.0,75.0,106.0,115.0,15,1,94.0
32970,Brooklyn,2021,3,9,15,30,289,191114,POINT (988207.4245194928 151130.52481856258),CROPSEY AVENUE BRIDGE,Coney Island Creek Shoreline,Dead end,NB,2021-03-09 15:30:00,307.0,282.0,282.0,272.0,252.0,15,1,302.0
32970,Queens,2021,3,9,15,30,115,177615,POINT (1028931.8143046284 215115.26618027306),ROOSEVELT AVENUE BRIDGE,Flushing Line,Flushing Line,WB,2021-03-09 15:30:00,106.0,113.0,97.0,89.0,90.0,15,1,99.0
32970,Queens,2021,3,9,15,30,142,177615,POINT (1028931.8143046284 215115.26618027306),ROOSEVELT AVENUE BRIDGE,Flushing Line,Flushing Line,EB,2021-03-09 15:30:00,110.0,126.0,138.0,106.0,142.0,15,1,129.0
32970,Brooklyn,2021,3,9,15,30,296,157501,POINT (988148.6889210109 151103.24158873298),CROPSEY AVENUE BRIDGE,Cropsey Avenue,Dead end,SB,2021-03-09 15:30:00,301.0,311.0,289.0,309.0,232.0,15,1,282.0
32970,Brooklyn,2021,3,9,15,45,252,191114,POINT (988207.4245194928 151130.52481856258),CROPSEY AVENUE BRIDGE,Coney Island Creek Shoreline,Dead end,NB,2021-03-09 15:45:00,289.0,307.0,295.0,244.0,304.0,15,1,298.0
32970,Brooklyn,2021,3,9,15,45,232,157501,POINT (988148.6889210109 151103.24158873298),CROPSEY AVENUE BRIDGE,Cropsey Avenue,Dead end,SB,2021-03-09 15:45:00,296.0,301.0,289.0,387.0,296.0,15,1,248.0
32970,Queens,2021,3,9,15,45,142,177615,POINT (1028931.8143046284 215115.26618027306),ROOSEVELT AVENUE BRIDGE,Flushing Line,Flushing Line,EB,2021-03-09 15:45:00,142.0,110.0,147.0,121.0,105.0,15,1,124.0
32970,Queens,2021,3,9,15,45,90,177615,POINT (1028931.8143046284 215115.26618027306),ROOSEVELT AVENUE BRIDGE,Flushing Line,Flushing Line,WB,2021-03-09 15:45:00,115.0,106.0,93.0,86.0,81.0,15,1,101.0
32970,Queens,2021,3,9,16,0,81,177615,POINT (1028931.8143046284 215115.26618027306),ROOSEVELT AVENUE BRIDGE,Flushing Line,Flushing Line,WB,2021-03-09 16:00:00,90.0,115.0,113.0,91.0,121.0,16,1,105.0
32970,Brooklyn,2021,3,9,16,0,304,191114,POINT (988207.4245194928 151130.52481856258),CROPSEY AVENUE BRIDGE,Coney Island Creek Shoreline,Dead end,NB,2021-03-09 16:00:00,252.0,289.0,282.0,278.0,275.0,16,1,244.0
32970,Brooklyn,2021,3,9,16,0,296,157501,POINT (988148.6889210109 151103.24158873298),CROPSEY AVENUE BRIDGE,Cropsey Avenue,Dead end,SB,2021-03-09 16:00:00,232.0,296.0,311.0,293.0,259.0,16,1,262.0
32970,Queens,2021,3,9,16,0,105,177615,POINT (1028931.8143046284 215115.26618027306),ROOSEVELT AVENUE BRIDGE,Flushing Line,Flushing Line,EB,2021-03-09 16:00:00,142.0,142.0,126.0,104.0,132.0,16,1,137.0
32970,Brooklyn,2021,3,9,16,15,275,191114,POINT (988207.4245194928 151130.52481856258),CROPSEY AVENUE BRIDGE,Coney Island Creek Shoreline,Dead end,NB,2021-03-09 16:15:00,304.0,252.0,307.0,315.0,285.0,16,1,285.0
32970,Queens,2021,3,9,16,15,121,177615,POINT (1028931.8143046284 215115.26618027306),ROOSEVELT AVENUE BRIDGE,Flushing Line,Flushing Line,WB,2021-03-09 16:15:00,81.0,90.0,106.0,75.0,94.0,16,1,126.0
32970,Queens,2021,3,9,16,15,132,177615,POINT (1028931.8143046284 215115.26618027306),ROOSEVELT AVENUE BRIDGE,Flushing Line,Flushing Line,EB,2021-03-09 16:15:00,105.0,142.0,110.0,118.0,134.0,16,1,131.0
32970,Brooklyn,2021,3,9,16,15,259,157501,POINT (988148.6889210109 151103.24158873298),CROPSEY AVENUE BRIDGE,Cropsey Avenue,Dead end,SB,2021-03-09 16:15:00,296.0,232.0,301.0,287.0,258.0,16,1,239.0
32970,Brooklyn,2021,3,9,16,30,258,157501,POINT (988148.6889210109 151103.24158873298),CROPSEY AVENUE BRIDGE,Cropsey Avenue,Dead end,SB,2021-03-09 16:30:00,259.0,296.0,296.0,289.0,248.0,16,1,268.0
32970,Queens,2021,3,9,16,30,134,177615,POINT (1028931.8143046284 215115.26618027306),ROOSEVELT AVENUE BRIDGE,Flushing Line,Flushing Line,EB,2021-03-09 16:30:00,132.0,105.0,142.0,138.0,131.0,16,1,147.0
32970,Queens,2021,3,9,16,30,94,177615,POINT (1028931.8143046284 215115.26618027306),ROOSEVELT AVENUE BRIDGE,Flushing Line,Flushing Line,WB,2021-03-09 16:30:00,121.0,81.0,115.0,97.0,111.0,16,1,117.0
32970,Brooklyn,2021,3,9,16,30,285,191114,POINT (988207.4245194928 151130.52481856258),CROPSEY AVENUE BRIDGE,Coney Island Creek Shoreline,Dead end,NB,2021-03-09 16:30:00,275.0,304.0,289.0,282.0,270.0,16,1,244.0
32970,Brooklyn,2021,3,9,16,45,248,157501,POINT (988148.6889210109 151103.24158873298),CROPSEY AVENUE BRIDGE,Cropsey Avenue,Dead end,SB,2021-03-09 16:45:00,258.0,259.0,232.0,289.0,279.0,16,1,207.0
32970,Queens,2021,3,9,16,45,131,177615,POINT (1028931.8143046284 215115.26618027306),ROOSEVELT AVENUE BRIDGE,Flushing Line,Flushing Line,EB,2021-03-09 16:45:00,134.0,132.0,142.0,147.0,160.0,16,1,123.0
32970,Queens,2021,3,9,16,45,111,177615,POINT (1028931.8143046284 215115.26618027306),ROOSEVELT AVENUE BRIDGE,Flushing Line,Flushing Line,WB,2021-03-09 16:45:00,94.0,121.0,90.0,93.0,116.0,16,1,117.0
32970,Brooklyn,2021,3,9,16,45,270,191114,POINT (988207.4245194928 151130.52481856258),CROPSEY AVENUE BRIDGE,Coney Island Creek Shoreline,Dead end,NB,2021-03-09 16:45:00,285.0,275.0,252.0,295.0,292.0,16,1,250.0
32970,Brooklyn,2021,3,9,17,0,292,191114,POINT (988207.4245194928 151130.52481856258),CROPSEY AVENUE BRIDGE,Coney Island Creek Shoreline,Dead end,NB,2021-03-09 17:00:00,270.0,285.0,304.0,282.0,257.0,17,1,284.0
32970,Queens,2021,3,9,17,0,116,177615,POINT (1028931.8143046284 215115.26618027306),ROOSEVELT AVENUE BRIDGE,Flushing Line,Flushing Line,WB,2021-03-09 17:00:00,111.0,94.0,81.0,113.0,108.0,17,1,90.0
32970,Queens,2021,3,9,17,0,160,177615,POINT (1028931.8143046284 215115.26618027306),ROOSEVELT AVENUE BRIDGE,Flushing Line,Flushing Line,EB,2021-03-09 17:00:00,131.0,134.0,105.0,126.0,158.0,17,1,145.0
32970,Brooklyn,2021,3,9,17,0,279,157501,POINT (988148.6889210109 151103.24158873298),CROPSEY AVENUE BRIDGE,Cropsey Avenue,Dead end,SB,2021-03-09 17:00:00,248.0,258.0,296.0,311.0,279.0,17,1,221.0
32970,Brooklyn,2021,3,9,17,15,279,157501,POINT (988148.6889210109 151103.24158873298),CROPSEY AVENUE BRIDGE,Cropsey Avenue,Dead end,SB,2021-03-09 17:15:00,279.0,248.0,259.0,301.0,299.0,17,1,233.0
32970,Queens,2021,3,9,17,15,158,177615,POINT (1028931.8143046284 215115.26618027306),ROOSEVELT AVENUE BRIDGE,Flushing Line,Flushing Line,EB,2021-03-09 17:15:00,160.0,131.0,132.0,110.0,152.0,17,1,148.0
32970,Queens,2021,3,9,17,15,108,177615,POINT (1028931.8143046284 215115.26618027306),ROOSEVELT AVENUE BRIDGE,Flushing Line,Flushing Line,WB,2021-03-09 17:15:00,116.0,111.0,121.0,106.0,134.0,17,1,115.0
32970,Brooklyn,2021,3,9,17,15,257,191114,POINT (988207.4245194928 151130.52481856258),CROPSEY AVENUE BRIDGE,Coney Island Creek Shoreline,Dead end,NB,2021-03-09 17:15:00,292.0,270.0,275.0,307.0,254.0,17,1,280.0
32970,Brooklyn,2021,3,9,17,30,299,157501,POINT (988148.6889210109 151103.24158873298),CROPSEY AVENUE BRIDGE,Cropsey Avenue,Dead end,SB,2021-03-09 17:30:00,279.0,279.0,258.0,296.0,265.0,17,1,229.0
32970,Queens,2021,3,9,17,30,152,177615,POINT (1028931.8143046284 215115.26618027306),ROOSEVELT AVENUE BRIDGE,Flushing Line,Flushing Line,EB,2021-03-09 17:30:00,158.0,160.0,134.0,142.0,127.0,17,1,153.0
32970,Queens,2021,3,9,17,30,134,177615,POINT (1028931.8143046284 215115.26618027306),ROOSEVELT AVENUE BRIDGE,Flushing Line,Flushing Line,WB,2021-03-09 17:30:00,108.0,116.0,94.0,115.0,90.0,17,1,93.0
32970,Brooklyn,2021,3,9,17,30,254,191114,POINT (988207.4245194928 151130.52481856258),CROPSEY AVENUE BRIDGE,Coney Island Creek Shoreline,Dead end,NB,2021-03-09 17:30:00,257.0,292.0,285.0,289.0,255.0,17,1,251.0
32970,Brooklyn,2021,3,9,17,45,255,191114,POINT (988207.4245194928 151130.52481856258),CROPSEY AVENUE BRIDGE,Coney Island Creek Shoreline,Dead end,NB,2021-03-09 17:45:00,254.0,257.0,270.0,252.0,249.0,17,1,230.0
32970,Queens,2021,3,9,17,45,90,177615,POINT (1028931.8143046284 215115.26618027306),ROOSEVELT AVENUE BRIDGE,Flushing Line,Flushing Line,WB,2021-03-09 17:45:00,134.0,108.0,111.0,90.0,101.0,17,1,111.0
32970,Brooklyn,2021,3,9,17,45,265,157501,POINT (988148.6889210109 151103.24158873298),CROPSEY AVENUE BRIDGE,Cropsey Avenue,Dead end,SB,2021-03-09 17:45:00,299.0,279.0,248.0,232.0,301.0,17,1,252.0
32970,Queens,2021,3,9,17,45,127,177615,POINT (1028931.8143046284 215115.26618027306),ROOSEVELT AVENUE BRIDGE,Flushing Line,Flushing Line,EB,2021-03-09 17:45:00,152.0,158.0,131.0,142.0,140.0,17,1,121.0
32970,Brooklyn,2021,3,9,18,0,301,157501,POINT (988148.6889210109 151103.24158873298),CROPSEY AVENUE BRIDGE,Cropsey Avenue,Dead end,SB,2021-03-09 18:00:00,265.0,299.0,279.0,296.0,236.0,18,1,249.0
32970,Queens,2021,3,9,18,0,140,177615,POINT (1028931.8143046284 215115.26618027306),ROOSEVELT AVENUE BRIDGE,Flushing Line,Flushing Line,EB,2021-03-09 18:00:00,127.0,152.0,160.0,105.0,132.0,18,1,124.0
32970,Queens,2021,3,9,18,0,101,177615,POINT (1028931.8143046284 215115.26618027306),ROOSEVELT AVENUE BRIDGE,Flushing Line,Flushing Line,WB,2021-03-09 18:00:00,90.0,134.0,116.0,81.0,106.0,18,1,103.0
32970,Brooklyn,2021,3,9,18,0,249,191114,POINT (988207.4245194928 151130.52481856258),CROPSEY AVENUE BRIDGE,Coney Island Creek Shoreline,Dead end,NB,2021-03-09 18:00:00,255.0,254.0,292.0,304.0,258.0,18,1,212.0
32970,Brooklyn,2021,3,9,18,15,236,157501,POINT (988148.6889210109 151103.24158873298),CROPSEY AVENUE BRIDGE,Cropsey Avenue,Dead end,SB,2021-03-09 18:15:00,301.0,265.0,279.0,259.0,279.0,18,1,236.0
32970,Queens,2021,3,9,18,15,132,177615,POINT (1028931.8143046284 215115.26618027306),ROOSEVELT AVENUE BRIDGE,Flushing Line,Flushing Line,EB,2021-03-09 18:15:00,140.0,127.0,158.0,132.0,126.0,18,1,134.0
32970,Queens,2021,3,9,18,15,106,177615,POINT (1028931.8143046284 215115.26618027306),ROOSEVELT AVENUE BRIDGE,Flushing Line,Flushing Line,WB,2021-03-09 18:15:00,101.0,90.0,108.0,121.0,86.0,18,1,97.0
32970,Brooklyn,2021,3,9,18,15,258,191114,POINT (988207.4245194928 151130.52481856258),CROPSEY AVENUE BRIDGE,Coney Island Creek Shoreline,Dead end,NB,2021-03-09 18:15:00,249.0,255.0,257.0,275.0,212.0,18,1,248.0
32970,Queens,2021,3,9,18,30,86,177615,POINT (1028931.8143046284 215115.26618027306),ROOSEVELT AVENUE BRIDGE,Flushing Line,Flushing Line,WB,2021-03-09 18:30:00,106.0,101.0,134.0,94.0,79.0,18,1,88.0
32970,Brooklyn,2021,3,9,18,30,212,191114,POINT (988207.4245194928 151130.52481856258),CROPSEY AVENUE BRIDGE,Coney Island Creek Shoreline,Dead end,NB,2021-03-09 18:30:00,258.0,249.0,254.0,285.0,224.0,18,1,222.0
32970,Queens,2021,3,9,18,30,126,177615,POINT (1028931.8143046284 215115.26618027306),ROOSEVELT AVENUE BRIDGE,Flushing Line,Flushing Line,EB,2021-03-09 18:30:00,132.0,140.0,152.0,134.0,127.0,18,1,110.0
32970,Brooklyn,2021,3,9,18,30,279,157501,POINT (988148.6889210109 151103.24158873298),CROPSEY AVENUE BRIDGE,Cropsey Avenue,Dead end,SB,2021-03-09 18:30:00,236.0,301.0,299.0,258.0,229.0,18,1,203.0
32970,Brooklyn,2021,3,9,18,45,229,157501,POINT (988148.6889210109 151103.24158873298),CROPSEY AVENUE BRIDGE,Cropsey Avenue,Dead end,SB,2021-03-09 18:45:00,279.0,236.0,265.0,248.0,284.0,18,1,254.0
32970,Queens,2021,3,9,18,45,127,177615,POINT (1028931.8143046284 215115.26618027306),ROOSEVELT AVENUE BRIDGE,Flushing Line,Flushing Line,EB,2021-03-09 18:45:00,126.0,132.0,127.0,131.0,105.0,18,1,115.0
32970,Queens,2021,3,9,18,45,79,177615,POINT (1028931.8143046284 215115.26618027306),ROOSEVELT AVENUE BRIDGE,Flushing Line,Flushing Line,WB,2021-03-09 18:45:00,86.0,106.0,90.0,111.0,76.0,18,1,92.0
32970,Brooklyn,2021,3,9,18,45,224,191114,POINT (988207.4245194928 151130.52481856258),CROPSEY AVENUE BRIDGE,Coney Island Creek Shoreline,Dead end,NB,2021-03-09 18:45:00,212.0,258.0,255.0,270.0,223.0,18,1,183.0
32970,Brooklyn,2021,3,9,19,0,284,157501,POINT (988148.6889210109 151103.24158873298),CROPSEY AVENUE BRIDGE,Cropsey Avenue,Dead end,SB,2021-03-09 19:00:00,229.0,279.0,301.0,279.0,249.0,19,1,243.0
32970,Queens,2021,3,9,19,0,105,177615,POINT (1028931.8143046284 215115.26618027306),ROOSEVELT AVENUE BRIDGE,Flushing Line,Flushing Line,EB,2021-03-09 19:00:00,127.0,126.0,140.0,160.0,90.0,19,1,115.0
32970,Queens,2021,3,9,19,0,76,177615,POINT (1028931.8143046284 215115.26618027306),ROOSEVELT AVENUE BRIDGE,Flushing Line,Flushing Line,WB,2021-03-09 19:00:00,79.0,86.0,101.0,116.0,95.0,19,1,91.0
32970,Brooklyn,2021,3,9,19,0,223,191114,POINT (988207.4245194928 151130.52481856258),CROPSEY AVENUE BRIDGE,Coney Island Creek Shoreline,Dead end,NB,2021-03-09 19:00:00,224.0,212.0,249.0,292.0,221.0,19,1,177.0
32970,Queens,2021,3,9,19,15,90,177615,POINT (1028931.8143046284 215115.26618027306),ROOSEVELT AVENUE BRIDGE,Flushing Line,Flushing Line,EB,2021-03-09 19:15:00,105.0,127.0,132.0,158.0,99.0,19,1,95.0
32970,Queens,2021,3,9,19,15,95,177615,POINT (1028931.8143046284 215115.26618027306),ROOSEVELT AVENUE BRIDGE,Flushing Line,Flushing Line,WB,2021-03-09 19:15:00,76.0,79.0,106.0,108.0,80.0,19,1,87.0
32970,Brooklyn,2021,3,9,19,15,249,157501,POINT (988148.6889210109 151103.24158873298),CROPSEY AVENUE BRIDGE,Cropsey Avenue,Dead end,SB,2021-03-09 19:15:00,284.0,229.0,236.0,279.0,275.0,19,1,227.0
32970,Brooklyn,2021,3,9,19,15,221,191114,POINT (988207.4245194928 151130.52481856258),CROPSEY AVENUE BRIDGE,Coney Island Creek Shoreline,Dead end,NB,2021-03-09 19:15:00,223.0,224.0,258.0,257.0,174.0,19,1,202.0
32970,Brooklyn,2021,3,9,19,30,174,191114,POINT (988207.4245194928 151130.52481856258),CROPSEY AVENUE BRIDGE,Coney Island Creek Shoreline,Dead end,NB,2021-03-09 19:30:00,221.0,223.0,212.0,254.0,192.0,19,1,182.0
32970,Queens,2021,3,9,19,30,80,177615,POINT (1028931.8143046284 215115.26618027306),ROOSEVELT AVENUE BRIDGE,Flushing Line,Flushing Line,WB,2021-03-09 19:30:00,95.0,76.0,86.0,134.0,79.0,19,1,92.0
32970,Brooklyn,2021,3,9,19,30,275,157501,POINT (988148.6889210109 151103.24158873298),CROPSEY AVENUE BRIDGE,Cropsey Avenue,Dead end,SB,2021-03-09 19:30:00,249.0,284.0,279.0,299.0,232.0,19,1,214.0
32970,Queens,2021,3,9,19,30,99,177615,POINT (1028931.8143046284 215115.26618027306),ROOSEVELT AVENUE BRIDGE,Flushing Line,Flushing Line,EB,2021-03-09 19:30:00,90.0,105.0,126.0,152.0,85.0,19,1,95.0
32970,Brooklyn,2021,3,9,19,45,232,157501,POINT (988148.6889210109 151103.24158873298),CROPSEY AVENUE BRIDGE,Cropsey Avenue,Dead end,SB,2021-03-09 19:45:00,275.0,249.0,229.0,265.0,231.0,19,1,216.0
32970,Queens,2021,3,9,19,45,85,177615,POINT (1028931.8143046284 215115.26618027306),ROOSEVELT AVENUE BRIDGE,Flushing Line,Flushing Line,EB,2021-03-09 19:45:00,99.0,90.0,127.0,127.0,53.0,19,1,79.0
32970,Queens,2021,3,9,19,45,79,177615,POINT (1028931.8143046284 215115.26618027306),ROOSEVELT AVENUE BRIDGE,Flushing Line,Flushing Line,WB,2021-03-09 19:45:00,80.0,95.0,79.0,90.0,72.0,19,1,67.0
32970,Brooklyn,2021,3,9,19,45,192,191114,POINT (988207.4245194928 151130.52481856258),CROPSEY AVENUE BRIDGE,Coney Island Creek Shoreline,Dead end,NB,2021-03-09 19:45:00,174.0,221.0,224.0,255.0,154.0,19,1,168.0
32970,Brooklyn,2021,3,9,20,0,231,157501,POINT (988148.6889210109 151103.24158873298),CROPSEY AVENUE BRIDGE,Cropsey Avenue,Dead end,SB,2021-03-09 20:00:00,232.0,275.0,284.0,301.0,200.0,20,1,183.0
32970,Queens,2021,3,9,20,0,53,177615,POINT (1028931.8143046284 215115.26618027306),ROOSEVELT AVENUE BRIDGE,Flushing Line,Flushing Line,EB,2021-03-09 20:00:00,85.0,99.0,105.0,140.0,77.0,20,1,72.0
32970,Queens,2021,3,9,20,0,72,177615,POINT (1028931.8143046284 215115.26618027306),ROOSEVELT AVENUE BRIDGE,Flushing Line,Flushing Line,WB,2021-03-09 20:00:00,79.0,80.0,76.0,101.0,61.0,20,1,59.0
32970,Brooklyn,2021,3,9,20,0,154,191114,POINT (988207.4245194928 151130.52481856258),CROPSEY AVENUE BRIDGE,Coney Island Creek Shoreline,Dead end,NB,2021-03-09 20:00:00,192.0,174.0,223.0,249.0,165.0,20,1,177.0
32970,Brooklyn,2021,3,9,20,15,165,191114,POINT (988207.4245194928 151130.52481856258),CROPSEY AVENUE BRIDGE,Coney Island Creek Shoreline,Dead end,NB,2021-03-09 20:15:00,154.0,192.0,221.0,258.0,163.0,20,1,162.0
32970,Queens,2021,3,9,20,15,61,177615,POINT (1028931.8143046284 215115.26618027306),ROOSEVELT AVENUE BRIDGE,Flushing Line,Flushing Line,WB,2021-03-09 20:15:00,72.0,79.0,95.0,106.0,53.0,20,1,56.0
32970,Brooklyn,2021,3,9,20,15,200,157501,POINT (988148.6889210109 151103.24158873298),CROPSEY AVENUE BRIDGE,Cropsey Avenue,Dead end,SB,2021-03-09 20:15:00,231.0,232.0,249.0,236.0,181.0,20,1,167.0
32970,Queens,2021,3,9,20,15,77,177615,POINT (1028931.8143046284 215115.26618027306),ROOSEVELT AVENUE BRIDGE,Flushing Line,Flushing Line,EB,2021-03-09 20:15:00,53.0,85.0,90.0,132.0,67.0,20,1,73.0
32970,Brooklyn,2021,3,9,20,30,181,157501,POINT (988148.6889210109 151103.24158873298),CROPSEY AVENUE BRIDGE,Cropsey Avenue,Dead end,SB,2021-03-09 20:30:00,200.0,231.0,275.0,279.0,172.0,20,1,142.0
32970,Queens,2021,3,9,20,30,67,177615,POINT (1028931.8143046284 215115.26618027306),ROOSEVELT AVENUE BRIDGE,Flushing Line,Flushing Line,EB,2021-03-09 20:30:00,77.0,53.0,99.0,126.0,61.0,20,1,59.0
32970,Queens,2021,3,9,20,30,53,177615,POINT (1028931.8143046284 215115.26618027306),ROOSEVELT AVENUE BRIDGE,Flushing Line,Flushing Line,WB,2021-03-09 20:30:00,61.0,72.0,80.0,86.0,45.0,20,1,68.0
32970,Brooklyn,2021,3,9,20,30,163,191114,POINT (988207.4245194928 151130.52481856258),CROPSEY AVENUE BRIDGE,Coney Island Creek Shoreline,Dead end,NB,2021-03-09 20:30:00,165.0,154.0,174.0,212.0,128.0,20,1,147.0
32970,Brooklyn,2021,3,9,20,45,172,157501,POINT (988148.6889210109 151103.24158873298),CROPSEY AVENUE BRIDGE,Cropsey Avenue,Dead end,SB,2021-03-09 20:45:00,181.0,200.0,232.0,229.0,151.0,20,1,193.0
32970,Queens,2021,3,9,20,45,61,177615,POINT (1028931.8143046284 215115.26618027306),ROOSEVELT AVENUE BRIDGE,Flushing Line,Flushing Line,EB,2021-03-09 20:45:00,67.0,77.0,85.0,127.0,52.0,20,1,58.0
32970,Queens,2021,3,9,20,45,45,177615,POINT (1028931.8143046284 215115.26618027306),ROOSEVELT AVENUE BRIDGE,Flushing Line,Flushing Line,WB,2021-03-09 20:45:00,53.0,61.0,79.0,79.0,48.0,20,1,55.0
32970,Brooklyn,2021,3,9,20,45,128,191114,POINT (988207.4245194928 151130.52481856258),CROPSEY AVENUE BRIDGE,Coney Island Creek Shoreline,Dead end,NB,2021-03-09 20:45:00,163.0,165.0,192.0,224.0,139.0,20,1,114.0
32970,Brooklyn,2021,3,9,21,0,139,191114,POINT (988207.4245194928 151130.52481856258),CROPSEY AVENUE BRIDGE,Coney Island Creek Shoreline,Dead end,NB,2021-03-09 21:00:00,128.0,163.0,154.0,223.0,125.0,21,1,115.0
32970,Queens,2021,3,9,21,0,48,177615,POINT (1028931.8143046284 215115.26618027306),ROOSEVELT AVENUE BRIDGE,Flushing Line,Flushing Line,WB,2021-03-09 21:00:00,45.0,53.0,72.0,76.0,45.0,21,1,41.0
32970,Queens,2021,3,9,21,0,52,177615,POINT (1028931.8143046284 215115.26618027306),ROOSEVELT AVENUE BRIDGE,Flushing Line,Flushing Line,EB,2021-03-09 21:00:00,61.0,67.0,53.0,105.0,56.0,21,1,68.0
32970,Brooklyn,2021,3,9,21,0,151,157501,POINT (988148.6889210109 151103.24158873298),CROPSEY AVENUE BRIDGE,Cropsey Avenue,Dead end,SB,2021-03-09 21:00:00,172.0,181.0,231.0,284.0,145.0,21,1,127.0
32970,Brooklyn,2021,3,9,21,15,145,157501,POINT (988148.6889210109 151103.24158873298),CROPSEY AVENUE BRIDGE,Cropsey Avenue,Dead end,SB,2021-03-09 21:15:00,151.0,172.0,200.0,249.0,133.0,21,1,122.0
32970,Queens,2021,3,9,21,15,56,177615,POINT (1028931.8143046284 215115.26618027306),ROOSEVELT AVENUE BRIDGE,Flushing Line,Flushing Line,EB,2021-03-09 21:15:00,52.0,61.0,77.0,90.0,63.0,21,1,56.0
32970,Queens,2021,3,9,21,15,45,177615,POINT (1028931.8143046284 215115.26618027306),ROOSEVELT AVENUE BRIDGE,Flushing Line,Flushing Line,WB,2021-03-09 21:15:00,48.0,45.0,61.0,95.0,51.0,21,1,44.0
32970,Brooklyn,2021,3,9,21,15,125,191114,POINT (988207.4245194928 151130.52481856258),CROPSEY AVENUE BRIDGE,Coney Island Creek Shoreline,Dead end,NB,2021-03-09 21:15:00,139.0,128.0,165.0,221.0,100.0,21,1,97.0
32970,Brooklyn,2021,3,9,21,30,133,157501,POINT (988148.6889210109 151103.24158873298),CROPSEY AVENUE BRIDGE,Cropsey Avenue,Dead end,SB,2021-03-09 21:30:00,145.0,151.0,181.0,275.0,138.0,21,1,131.0
32970,Queens,2021,3,9,21,30,63,177615,POINT (1028931.8143046284 215115.26618027306),ROOSEVELT AVENUE BRIDGE,Flushing Line,Flushing Line,EB,2021-03-09 21:30:00,56.0,52.0,67.0,99.0,41.0,21,1,51.0
32970,Queens,2021,3,9,21,30,51,177615,POINT (1028931.8143046284 215115.26618027306),ROOSEVELT AVENUE BRIDGE,Flushing Line,Flushing Line,WB,2021-03-09 21:30:00,45.0,48.0,53.0,80.0,33.0,21,1,31.0
32970,Brooklyn,2021,3,9,21,30,100,191114,POINT (988207.4245194928 151130.52481856258),CROPSEY AVENUE BRIDGE,Coney Island Creek Shoreline,Dead end,NB,2021-03-09 21:30:00,125.0,139.0,163.0,174.0,119.0,21,1,77.0
32970,Brooklyn,2021,3,9,21,45,119,191114,POINT (988207.4245194928 151130.52481856258),CROPSEY AVENUE BRIDGE,Coney Island Creek Shoreline,Dead end,NB,2021-03-09 21:45:00,100.0,125.0,128.0,192.0,95.0,21,1,95.0
32970,Queens,2021,3,9,21,45,33,177615,POINT (1028931.8143046284 215115.26618027306),ROOSEVELT AVENUE BRIDGE,Flushing Line,Flushing Line,WB,2021-03-09 21:45:00,51.0,45.0,45.0,79.0,39.0,21,1,34.0
32970,Queens,2021,3,9,21,45,41,177615,POINT (1028931.8143046284 215115.26618027306),ROOSEVELT AVENUE BRIDGE,Flushing Line,Flushing Line,EB,2021-03-09 21:45:00,63.0,56.0,61.0,85.0,52.0,21,1,54.0
32970,Brooklyn,2021,3,9,21,45,138,157501,POINT (988148.6889210109 151103.24158873298),CROPSEY AVENUE BRIDGE,Cropsey Avenue,Dead end,SB,2021-03-09 21:45:00,133.0,145.0,172.0,232.0,130.0,21,1,121.0
32970,Brooklyn,2021,3,9,22,0,130,157501,POINT (988148.6889210109 151103.24158873298),CROPSEY AVENUE BRIDGE,Cropsey Avenue,Dead end,SB,2021-03-09 22:00:00,138.0,133.0,151.0,231.0,130.0,22,1,118.0
32970,Queens,2021,3,9,22,0,52,177615,POINT (1028931.8143046284 215115.26618027306),ROOSEVELT AVENUE BRIDGE,Flushing Line,Flushing Line,EB,2021-03-09 22:00:00,41.0,63.0,52.0,53.0,35.0,22,1,38.0
32970,Queens,2021,3,9,22,0,39,177615,POINT (1028931.8143046284 215115.26618027306),ROOSEVELT AVENUE BRIDGE,Flushing Line,Flushing Line,WB,2021-03-09 22:00:00,33.0,51.0,48.0,72.0,37.0,22,1,23.0
32970,Brooklyn,2021,3,9,22,0,95,191114,POINT (988207.4245194928 151130.52481856258),CROPSEY AVENUE BRIDGE,Coney Island Creek Shoreline,Dead end,NB,2021-03-09 22:00:00,119.0,100.0,139.0,154.0,115.0,22,1,101.0
32970,Brooklyn,2021,3,9,22,15,130,157501,POINT (988148.6889210109 151103.24158873298),CROPSEY AVENUE BRIDGE,Cropsey Avenue,Dead end,SB,2021-03-09 22:15:00,130.0,138.0,145.0,200.0,126.0,22,1,136.0
32970,Queens,2021,3,9,22,15,35,177615,POINT (1028931.8143046284 215115.26618027306),ROOSEVELT AVENUE BRIDGE,Flushing Line,Flushing Line,EB,2021-03-09 22:15:00,52.0,41.0,56.0,77.0,26.0,22,1,33.0
32970,Queens,2021,3,9,22,15,37,177615,POINT (1028931.8143046284 215115.26618027306),ROOSEVELT AVENUE BRIDGE,Flushing Line,Flushing Line,WB,2021-03-09 22:15:00,39.0,33.0,45.0,61.0,32.0,22,1,33.0
32970,Brooklyn,2021,3,9,22,15,115,191114,POINT (988207.4245194928 151130.52481856258),CROPSEY AVENUE BRIDGE,Coney Island Creek Shoreline,Dead end,NB,2021-03-09 22:15:00,95.0,119.0,125.0,165.0,77.0,22,1,84.0
32970,Brooklyn,2021,3,9,22,30,77,191114,POINT (988207.4245194928 151130.52481856258),CROPSEY AVENUE BRIDGE,Coney Island Creek Shoreline,Dead end,NB,2021-03-09 22:30:00,115.0,95.0,100.0,163.0,73.0,22,1,75.0
32970,Queens,2021,3,9,22,30,32,177615,POINT (1028931.8143046284 215115.26618027306),ROOSEVELT AVENUE BRIDGE,Flushing Line,Flushing Line,WB,2021-03-09 22:30:00,37.0,39.0,51.0,53.0,23.0,22,1,34.0
32970,Queens,2021,3,9,22,30,26,177615,POINT (1028931.8143046284 215115.26618027306),ROOSEVELT AVENUE BRIDGE,Flushing Line,Flushing Line,EB,2021-03-09 22:30:00,35.0,52.0,63.0,67.0,37.0,22,1,47.0
32970,Brooklyn,2021,3,9,22,30,126,157501,POINT (988148.6889210109 151103.24158873298),CROPSEY AVENUE BRIDGE,Cropsey Avenue,Dead end,SB,2021-03-09 22:30:00,130.0,130.0,133.0,181.0,112.0,22,1,98.0
32970,Brooklyn,2021,3,9,22,45,112,157501,POINT (988148.6889210109 151103.24158873298),CROPSEY AVENUE BRIDGE,Cropsey Avenue,Dead end,SB,2021-03-09 22:45:00,126.0,130.0,138.0,172.0,105.0,22,1,105.0
32970,Queens,2021,3,9,22,45,37,177615,POINT (1028931.8143046284 215115.26618027306),ROOSEVELT AVENUE BRIDGE,Flushing Line,Flushing Line,EB,2021-03-09 22:45:00,26.0,35.0,41.0,61.0,30.0,22,1,31.0
32970,Queens,2021,3,9,22,45,23,177615,POINT (1028931.8143046284 215115.26618027306),ROOSEVELT AVENUE BRIDGE,Flushing Line,Flushing Line,WB,2021-03-09 22:45:00,32.0,37.0,33.0,45.0,20.0,22,1,15.0
32970,Brooklyn,2021,3,9,22,45,73,191114,POINT (988207.4245194928 151130.52481856258),CROPSEY AVENUE BRIDGE,Coney Island Creek Shoreline,Dead end,NB,2021-03-09 22:45:00,77.0,115.0,119.0,128.0,97.0,22,1,63.0
32970,Brooklyn,2021,3,9,23,0,105,157501,POINT (988148.6889210109 151103.24158873298),CROPSEY AVENUE BRIDGE,Cropsey Avenue,Dead end,SB,2021-03-09 23:00:00,112.0,126.0,130.0,151.0,89.0,23,1,93.0
32970,Queens,2021,3,9,23,0,30,177615,POINT (1028931.8143046284 215115.26618027306),ROOSEVELT AVENUE BRIDGE,Flushing Line,Flushing Line,EB,2021-03-09 23:00:00,37.0,26.0,52.0,52.0,28.0,23,1,28.0
32970,Queens,2021,3,9,23,0,20,177615,POINT (1028931.8143046284 215115.26618027306),ROOSEVELT AVENUE BRIDGE,Flushing Line,Flushing Line,WB,2021-03-09 23:00:00,23.0,32.0,39.0,48.0,29.0,23,1,16.0
32970,Brooklyn,2021,3,9,23,0,97,191114,POINT (988207.4245194928 151130.52481856258),CROPSEY AVENUE BRIDGE,Coney Island Creek Shoreline,Dead end,NB,2021-03-09 23:00:00,73.0,77.0,95.0,139.0,86.0,23,1,83.0
32970,Brooklyn,2021,3,9,23,15,86,191114,POINT (988207.4245194928 151130.52481856258),CROPSEY AVENUE BRIDGE,Coney Island Creek Shoreline,Dead end,NB,2021-03-09 23:15:00,97.0,73.0,115.0,125.0,69.0,23,1,72.0
32970,Queens,2021,3,9,23,15,29,177615,POINT (1028931.8143046284 215115.26618027306),ROOSEVELT AVENUE BRIDGE,Flushing Line,Flushing Line,WB,2021-03-09 23:15:00,20.0,23.0,37.0,45.0,22.0,23,1,24.0
32970,Brooklyn,2021,3,9,23,15,89,157501,POINT (988148.6889210109 151103.24158873298),CROPSEY AVENUE BRIDGE,Cropsey Avenue,Dead end,SB,2021-03-09 23:15:00,105.0,112.0,130.0,145.0,87.0,23,1,82.0
32970,Queens,2021,3,9,23,15,28,177615,POINT (1028931.8143046284 215115.26618027306),ROOSEVELT AVENUE BRIDGE,Flushing Line,Flushing Line,EB,2021-03-09 23:15:00,30.0,37.0,35.0,56.0,28.0,23,1,28.0
32970,Brooklyn,2021,3,9,23,30,87,157501,POINT (988148.6889210109 151103.24158873298),CROPSEY AVENUE BRIDGE,Cropsey Avenue,Dead end,SB,2021-03-09 23:30:00,89.0,105.0,126.0,133.0,86.0,23,1,81.0
32970,Queens,2021,3,9,23,30,28,177615,POINT (1028931.8143046284 215115.26618027306),ROOSEVELT AVENUE BRIDGE,Flushing Line,Flushing Line,EB,2021-03-09 23:30:00,28.0,30.0,26.0,63.0,25.0,23,1,20.0
32970,Queens,2021,3,9,23,30,22,177615,POINT (1028931.8143046284 215115.26618027306),ROOSEVELT AVENUE BRIDGE,Flushing Line,Flushing Line,WB,2021-03-09 23:30:00,29.0,20.0,32.0,51.0,24.0,23,1,22.0
32970,Brooklyn,2021,3,9,23,30,69,191114,POINT (988207.4245194928 151130.52481856258),CROPSEY AVENUE BRIDGE,Coney Island Creek Shoreline,Dead end,NB,2021-03-09 23:30:00,86.0,97.0,77.0,100.0,84.0,23,1,43.0
32970,Brooklyn,2021,3,9,23,45,86,157501,POINT (988148.6889210109 151103.24158873298),CROPSEY AVENUE BRIDGE,Cropsey Avenue,Dead end,SB,2021-03-09 23:45:00,87.0,89.0,112.0,138.0,64.0,23,1,85.0
32970,Queens,2021,3,9,23,45,25,177615,POINT (1028931.8143046284 215115.26618027306),ROOSEVELT AVENUE BRIDGE,Flushing Line,Flushing Line,EB,2021-03-09 23:45:00,28.0,28.0,37.0,41.0,19.0,23,1,25.0
32970,Queens,2021,3,9,23,45,24,177615,POINT (1028931.8143046284 215115.26618027306),ROOSEVELT AVENUE BRIDGE,Flushing Line,Flushing Line,WB,2021-03-09 23:45:00,22.0,29.0,23.0,33.0,17.0,23,1,28.0
32970,Brooklyn,2021,3,9,23,45,84,191114,POINT (988207.4245194928 151130.52481856258),CROPSEY AVENUE BRIDGE,Coney Island Creek Shoreline,Dead end,NB,2021-03-09 23:45:00,69.0,86.0,73.0,119.0,57.0,23,1,64.0
32970,Brooklyn,2021,3,10,0,0,57,191114,POINT (988207.4245194928 151130.52481856258),CROPSEY AVENUE BRIDGE,Coney Island Creek Shoreline,Dead end,NB,2021-03-10 00:00:00,84.0,69.0,97.0,95.0,47.0,0,2,53.0
32970,Queens,2021,3,10,0,0,17,177615,POINT (1028931.8143046284 215115.26618027306),ROOSEVELT AVENUE BRIDGE,Flushing Line,Flushing Line,WB,2021-03-10 00:00:00,24.0,22.0,20.0,39.0,9.0,0,2,23.0
32970,Queens,2021,3,10,0,0,19,177615,POINT (1028931.8143046284 215115.26618027306),ROOSEVELT AVENUE BRIDGE,Flushing Line,Flushing Line,EB,2021-03-10 00:00:00,25.0,28.0,30.0,52.0,14.0,0,2,18.0
32970,Brooklyn,2021,3,10,0,0,64,157501,POINT (988148.6889210109 151103.24158873298),CROPSEY AVENUE BRIDGE,Cropsey Avenue,Dead end,SB,2021-03-10 00:00:00,86.0,87.0,105.0,130.0,58.0,0,2,60.0
32970,Brooklyn,2021,3,10,0,15,58,157501,POINT (988148.6889210109 151103.24158873298),CROPSEY AVENUE BRIDGE,Cropsey Avenue,Dead end,SB,2021-03-10 00:15:00,64.0,86.0,89.0,130.0,54.0,0,2,64.0
32970,Queens,2021,3,10,0,15,14,177615,POINT (1028931.8143046284 215115.26618027306),ROOSEVELT AVENUE BRIDGE,Flushing Line,Flushing Line,EB,2021-03-10 00:15:00,19.0,25.0,28.0,35.0,17.0,0,2,25.0
32970,Queens,2021,3,10,0,15,9,177615,POINT (1028931.8143046284 215115.26618027306),ROOSEVELT AVENUE BRIDGE,Flushing Line,Flushing Line,WB,2021-03-10 00:15:00,17.0,24.0,29.0,37.0,17.0,0,2,15.0
32970,Brooklyn,2021,3,10,0,15,47,191114,POINT (988207.4245194928 151130.52481856258),CROPSEY AVENUE BRIDGE,Coney Island Creek Shoreline,Dead end,NB,2021-03-10 00:15:00,57.0,84.0,86.0,115.0,55.0,0,2,54.0
32970,Brooklyn,2021,3,10,0,30,54,157501,POINT (988148.6889210109 151103.24158873298),CROPSEY AVENUE BRIDGE,Cropsey Avenue,Dead end,SB,2021-03-10 00:30:00,58.0,64.0,87.0,126.0,67.0,0,2,46.0
32970,Queens,2021,3,10,0,30,17,177615,POINT (1028931.8143046284 215115.26618027306),ROOSEVELT AVENUE BRIDGE,Flushing Line,Flushing Line,EB,2021-03-10 00:30:00,14.0,19.0,28.0,26.0,10.0,0,2,16.0
32970,Queens,2021,3,10,0,30,17,177615,POINT (1028931.8143046284 215115.26618027306),ROOSEVELT AVENUE BRIDGE,Flushing Line,Flushing Line,WB,2021-03-10 00:30:00,9.0,17.0,22.0,32.0,14.0,0,2,10.0
32970,Brooklyn,2021,3,10,0,30,55,191114,POINT (988207.4245194928 151130.52481856258),CROPSEY AVENUE BRIDGE,Coney Island Creek Shoreline,Dead end,NB,2021-03-10 00:30:00,47.0,57.0,69.0,77.0,43.0,0,2,41.0
32970,Brooklyn,2021,3,10,0,45,43,191114,POINT (988207.4245194928 151130.52481856258),CROPSEY AVENUE BRIDGE,Coney Island Creek Shoreline,Dead end,NB,2021-03-10 00:45:00,55.0,47.0,84.0,73.0,63.0,0,2,29.0
32970,Queens,2021,3,10,0,45,14,177615,POINT (1028931.8143046284 215115.26618027306),ROOSEVELT AVENUE BRIDGE,Flushing Line,Flushing Line,WB,2021-03-10 00:45:00,17.0,9.0,24.0,23.0,18.0,0,2,12.0
32970,Queens,2021,3,10,0,45,10,177615,POINT (1028931.8143046284 215115.26618027306),ROOSEVELT AVENUE BRIDGE,Flushing Line,Flushing Line,EB,2021-03-10 00:45:00,17.0,14.0,25.0,37.0,14.0,0,2,14.0
32970,Brooklyn,2021,3,10,0,45,67,157501,POINT (988148.6889210109 151103.24158873298),CROPSEY AVENUE BRIDGE,Cropsey Avenue,Dead end,SB,2021-03-10 00:45:00,54.0,58.0,86.0,112.0,34.0,0,2,46.0
32970,Brooklyn,2021,3,10,1,0,34,157501,POINT (988148.6889210109 151103.24158873298),CROPSEY AVENUE BRIDGE,Cropsey Avenue,Dead end,SB,2021-03-10 01:00:00,67.0,54.0,64.0,105.0,41.0,1,2,46.0
32970,Queens,2021,3,10,1,0,14,177615,POINT (1028931.8143046284 215115.26618027306),ROOSEVELT AVENUE BRIDGE,Flushing Line,Flushing Line,EB,2021-03-10 01:00:00,10.0,17.0,19.0,30.0,25.0,1,2,11.0
32970,Queens,2021,3,10,1,0,18,177615,POINT (1028931.8143046284 215115.26618027306),ROOSEVELT AVENUE BRIDGE,Flushing Line,Flushing Line,WB,2021-03-10 01:00:00,14.0,17.0,17.0,20.0,19.0,1,2,19.0
32970,Brooklyn,2021,3,10,1,0,63,191114,POINT (988207.4245194928 151130.52481856258),CROPSEY AVENUE BRIDGE,Coney Island Creek Shoreline,Dead end,NB,2021-03-10 01:00:00,43.0,55.0,57.0,97.0,28.0,1,2,36.0
32970,Brooklyn,2021,3,10,1,15,41,157501,POINT (988148.6889210109 151103.24158873298),CROPSEY AVENUE BRIDGE,Cropsey Avenue,Dead end,SB,2021-03-10 01:15:00,34.0,67.0,58.0,89.0,33.0,1,2,29.0
32970,Queens,2021,3,10,1,15,25,177615,POINT (1028931.8143046284 215115.26618027306),ROOSEVELT AVENUE BRIDGE,Flushing Line,Flushing Line,EB,2021-03-10 01:15:00,14.0,10.0,14.0,28.0,18.0,1,2,20.0
32970,Queens,2021,3,10,1,15,19,177615,POINT (1028931.8143046284 215115.26618027306),ROOSEVELT AVENUE BRIDGE,Flushing Line,Flushing Line,WB,2021-03-10 01:15:00,18.0,14.0,9.0,29.0,10.0,1,2,11.0
32970,Brooklyn,2021,3,10,1,15,28,191114,POINT (988207.4245194928 151130.52481856258),CROPSEY AVENUE BRIDGE,Coney Island Creek Shoreline,Dead end,NB,2021-03-10 01:15:00,63.0,43.0,47.0,86.0,30.0,1,2,39.0
32970,Queens,2021,3,10,1,30,10,177615,POINT (1028931.8143046284 215115.26618027306),ROOSEVELT AVENUE BRIDGE,Flushing Line,Flushing Line,WB,2021-03-10 01:30:00,19.0,18.0,17.0,22.0,9.0,1,2,12.0
32970,Brooklyn,2021,3,10,1,30,30,191114,POINT (988207.4245194928 151130.52481856258),CROPSEY AVENUE BRIDGE,Coney Island Creek Shoreline,Dead end,NB,2021-03-10 01:30:00,28.0,63.0,55.0,69.0,33.0,1,2,29.0
32970,Brooklyn,2021,3,10,1,30,33,157501,POINT (988148.6889210109 151103.24158873298),CROPSEY AVENUE BRIDGE,Cropsey Avenue,Dead end,SB,2021-03-10 01:30:00,41.0,34.0,54.0,87.0,27.0,1,2,29.0
32970,Queens,2021,3,10,1,30,18,177615,POINT (1028931.8143046284 215115.26618027306),ROOSEVELT AVENUE BRIDGE,Flushing Line,Flushing Line,EB,2021-03-10 01:30:00,25.0,14.0,17.0,28.0,13.0,1,2,9.0
32970,Brooklyn,2021,3,10,1,45,33,191114,POINT (988207.4245194928 151130.52481856258),CROPSEY AVENUE BRIDGE,Coney Island Creek Shoreline,Dead end,NB,2021-03-10 01:45:00,30.0,28.0,43.0,84.0,28.0,1,2,22.0
32970,Queens,2021,3,10,1,45,9,177615,POINT (1028931.8143046284 215115.26618027306),ROOSEVELT AVENUE BRIDGE,Flushing Line,Flushing Line,WB,2021-03-10 01:45:00,10.0,19.0,14.0,24.0,15.0,1,2,4.0
32970,Queens,2021,3,10,1,45,13,177615,POINT (1028931.8143046284 215115.26618027306),ROOSEVELT AVENUE BRIDGE,Flushing Line,Flushing Line,EB,2021-03-10 01:45:00,18.0,25.0,10.0,25.0,13.0,1,2,8.0
32970,Brooklyn,2021,3,10,1,45,27,157501,POINT (988148.6889210109 151103.24158873298),CROPSEY AVENUE BRIDGE,Cropsey Avenue,Dead end,SB,2021-03-10 01:45:00,33.0,41.0,67.0,86.0,27.0,1,2,19.0
32970,Brooklyn,2021,3,10,2,0,27,157501,POINT (988148.6889210109 151103.24158873298),CROPSEY AVENUE BRIDGE,Cropsey Avenue,Dead end,SB,2021-03-10 02:00:00,27.0,33.0,34.0,64.0,28.0,2,2,15.0
32970,Queens,2021,3,10,2,0,13,177615,POINT (1028931.8143046284 215115.26618027306),ROOSEVELT AVENUE BRIDGE,Flushing Line,Flushing Line,EB,2021-03-10 02:00:00,13.0,18.0,14.0,19.0,12.0,2,2,7.0
32970,Queens,2021,3,10,2,0,15,177615,POINT (1028931.8143046284 215115.26618027306),ROOSEVELT AVENUE BRIDGE,Flushing Line,Flushing Line,WB,2021-03-10 02:00:00,9.0,10.0,18.0,17.0,10.0,2,2,10.0
32970,Brooklyn,2021,3,10,2,0,28,191114,POINT (988207.4245194928 151130.52481856258),CROPSEY AVENUE BRIDGE,Coney Island Creek Shoreline,Dead end,NB,2021-03-10 02:00:00,33.0,30.0,63.0,57.0,15.0,2,2,17.0
32970,Brooklyn,2021,3,10,2,15,28,157501,POINT (988148.6889210109 151103.24158873298),CROPSEY AVENUE BRIDGE,Cropsey Avenue,Dead end,SB,2021-03-10 02:15:00,27.0,27.0,41.0,58.0,31.0,2,2,17.0
32970,Queens,2021,3,10,2,15,12,177615,POINT (1028931.8143046284 215115.26618027306),ROOSEVELT AVENUE BRIDGE,Flushing Line,Flushing Line,EB,2021-03-10 02:15:00,13.0,13.0,25.0,14.0,15.0,2,2,15.0
32970,Queens,2021,3,10,2,15,10,177615,POINT (1028931.8143046284 215115.26618027306),ROOSEVELT AVENUE BRIDGE,Flushing Line,Flushing Line,WB,2021-03-10 02:15:00,15.0,9.0,19.0,9.0,8.0,2,2,14.0
32970,Brooklyn,2021,3,10,2,15,15,191114,POINT (988207.4245194928 151130.52481856258),CROPSEY AVENUE BRIDGE,Coney Island Creek Shoreline,Dead end,NB,2021-03-10 02:15:00,28.0,33.0,28.0,47.0,28.0,2,2,8.0
32970,Brooklyn,2021,3,10,2,30,28,191114,POINT (988207.4245194928 151130.52481856258),CROPSEY AVENUE BRIDGE,Coney Island Creek Shoreline,Dead end,NB,2021-03-10 02:30:00,15.0,28.0,30.0,55.0,18.0,2,2,16.0
32970,Queens,2021,3,10,2,30,8,177615,POINT (1028931.8143046284 215115.26618027306),ROOSEVELT AVENUE BRIDGE,Flushing Line,Flushing Line,WB,2021-03-10 02:30:00,10.0,15.0,10.0,17.0,7.0,2,2,6.0
32970,Queens,2021,3,10,2,30,15,177615,POINT (1028931.8143046284 215115.26618027306),ROOSEVELT AVENUE BRIDGE,Flushing Line,Flushing Line,EB,2021-03-10 02:30:00,12.0,13.0,18.0,17.0,8.0,2,2,5.0
32970,Brooklyn,2021,3,10,2,30,31,157501,POINT (988148.6889210109 151103.24158873298),CROPSEY AVENUE BRIDGE,Cropsey Avenue,Dead end,SB,2021-03-10 02:30:00,28.0,27.0,33.0,54.0,21.0,2,2,35.0
32970,Brooklyn,2021,3,10,2,45,21,157501,POINT (988148.6889210109 151103.24158873298),CROPSEY AVENUE BRIDGE,Cropsey Avenue,Dead end,SB,2021-03-10 02:45:00,31.0,28.0,27.0,67.0,27.0,2,2,21.0
32970,Queens,2021,3,10,2,45,8,177615,POINT (1028931.8143046284 215115.26618027306),ROOSEVELT AVENUE BRIDGE,Flushing Line,Flushing Line,EB,2021-03-10 02:45:00,15.0,12.0,13.0,10.0,14.0,2,2,9.0
32970,Queens,2021,3,10,2,45,7,177615,POINT (1028931.8143046284 215115.26618027306),ROOSEVELT AVENUE BRIDGE,Flushing Line,Flushing Line,WB,2021-03-10 02:45:00,8.0,10.0,9.0,14.0,5.0,2,2,6.0
32970,Brooklyn,2021,3,10,2,45,18,191114,POINT (988207.4245194928 151130.52481856258),CROPSEY AVENUE BRIDGE,Coney Island Creek Shoreline,Dead end,NB,2021-03-10 02:45:00,28.0,15.0,33.0,43.0,18.0,2,2,16.0
32970,Brooklyn,2021,3,10,3,0,27,157501,POINT (988148.6889210109 151103.24158873298),CROPSEY AVENUE BRIDGE,Cropsey Avenue,Dead end,SB,2021-03-10 03:00:00,21.0,31.0,27.0,34.0,21.0,3,2,19.0
32970,Queens,2021,3,10,3,0,14,177615,POINT (1028931.8143046284 215115.26618027306),ROOSEVELT AVENUE BRIDGE,Flushing Line,Flushing Line,EB,2021-03-10 03:00:00,8.0,15.0,13.0,14.0,10.0,3,2,11.0
32970,Queens,2021,3,10,3,0,5,177615,POINT (1028931.8143046284 215115.26618027306),ROOSEVELT AVENUE BRIDGE,Flushing Line,Flushing Line,WB,2021-03-10 03:00:00,7.0,8.0,15.0,18.0,5.0,3,2,11.0
32970,Brooklyn,2021,3,10,3,0,18,191114,POINT (988207.4245194928 151130.52481856258),CROPSEY AVENUE BRIDGE,Coney Island Creek Shoreline,Dead end,NB,2021-03-10 03:00:00,18.0,28.0,28.0,63.0,28.0,3,2,19.0
32970,Brooklyn,2021,3,10,3,15,28,191114,POINT (988207.4245194928 151130.52481856258),CROPSEY AVENUE BRIDGE,Coney Island Creek Shoreline,Dead end,NB,2021-03-10 03:15:00,18.0,18.0,15.0,28.0,24.0,3,2,19.0
32970,Queens,2021,3,10,3,15,5,177615,POINT (1028931.8143046284 215115.26618027306),ROOSEVELT AVENUE BRIDGE,Flushing Line,Flushing Line,WB,2021-03-10 03:15:00,5.0,7.0,10.0,19.0,10.0,3,2,5.0
32970,Queens,2021,3,10,3,15,10,177615,POINT (1028931.8143046284 215115.26618027306),ROOSEVELT AVENUE BRIDGE,Flushing Line,Flushing Line,EB,2021-03-10 03:15:00,14.0,8.0,12.0,25.0,18.0,3,2,7.0
32970,Brooklyn,2021,3,10,3,15,21,157501,POINT (988148.6889210109 151103.24158873298),CROPSEY AVENUE BRIDGE,Cropsey Avenue,Dead end,SB,2021-03-10 03:15:00,27.0,21.0,28.0,41.0,18.0,3,2,14.0
32970,Brooklyn,2021,3,10,3,30,18,157501,POINT (988148.6889210109 151103.24158873298),CROPSEY AVENUE BRIDGE,Cropsey Avenue,Dead end,SB,2021-03-10 03:30:00,21.0,27.0,31.0,33.0,25.0,3,2,11.0
32970,Queens,2021,3,10,3,30,18,177615,POINT (1028931.8143046284 215115.26618027306),ROOSEVELT AVENUE BRIDGE,Flushing Line,Flushing Line,EB,2021-03-10 03:30:00,10.0,14.0,15.0,18.0,13.0,3,2,18.0
32970,Queens,2021,3,10,3,30,10,177615,POINT (1028931.8143046284 215115.26618027306),ROOSEVELT AVENUE BRIDGE,Flushing Line,Flushing Line,WB,2021-03-10 03:30:00,5.0,5.0,8.0,10.0,7.0,3,2,9.0
32970,Brooklyn,2021,3,10,3,30,24,191114,POINT (988207.4245194928 151130.52481856258),CROPSEY AVENUE BRIDGE,Coney Island Creek Shoreline,Dead end,NB,2021-03-10 03:30:00,28.0,18.0,28.0,30.0,22.0,3,2,26.0
32970,Brooklyn,2021,3,10,3,45,25,157501,POINT (988148.6889210109 151103.24158873298),CROPSEY AVENUE BRIDGE,Cropsey Avenue,Dead end,SB,2021-03-10 03:45:00,18.0,21.0,21.0,27.0,31.0,3,2,33.0
32970,Queens,2021,3,10,3,45,13,177615,POINT (1028931.8143046284 215115.26618027306),ROOSEVELT AVENUE BRIDGE,Flushing Line,Flushing Line,EB,2021-03-10 03:45:00,18.0,10.0,8.0,13.0,18.0,3,2,9.0
32970,Queens,2021,3,10,3,45,7,177615,POINT (1028931.8143046284 215115.26618027306),ROOSEVELT AVENUE BRIDGE,Flushing Line,Flushing Line,WB,2021-03-10 03:45:00,10.0,5.0,7.0,9.0,9.0,3,2,7.0
32970,Brooklyn,2021,3,10,3,45,22,191114,POINT (988207.4245194928 151130.52481856258),CROPSEY AVENUE BRIDGE,Coney Island Creek Shoreline,Dead end,NB,2021-03-10 03:45:00,24.0,28.0,18.0,33.0,31.0,3,2,24.0
32970,Brooklyn,2021,3,10,4,0,31,191114,POINT (988207.4245194928 151130.52481856258),CROPSEY AVENUE BRIDGE,Coney Island Creek Shoreline,Dead end,NB,2021-03-10 04:00:00,22.0,24.0,18.0,28.0,26.0,4,2,26.0
32970,Queens,2021,3,10,4,0,9,177615,POINT (1028931.8143046284 215115.26618027306),ROOSEVELT AVENUE BRIDGE,Flushing Line,Flushing Line,WB,2021-03-10 04:00:00,7.0,10.0,5.0,15.0,13.0,4,2,10.0
32970,Queens,2021,3,10,4,0,18,177615,POINT (1028931.8143046284 215115.26618027306),ROOSEVELT AVENUE BRIDGE,Flushing Line,Flushing Line,EB,2021-03-10 04:00:00,13.0,18.0,14.0,13.0,12.0,4,2,13.0
32970,Brooklyn,2021,3,10,4,0,31,157501,POINT (988148.6889210109 151103.24158873298),CROPSEY AVENUE BRIDGE,Cropsey Avenue,Dead end,SB,2021-03-10 04:00:00,25.0,18.0,27.0,27.0,30.0,4,2,17.0
32970,Brooklyn,2021,3,10,4,15,30,157501,POINT (988148.6889210109 151103.24158873298),CROPSEY AVENUE BRIDGE,Cropsey Avenue,Dead end,SB,2021-03-10 04:15:00,31.0,25.0,21.0,28.0,42.0,4,2,29.0
32970,Queens,2021,3,10,4,15,12,177615,POINT (1028931.8143046284 215115.26618027306),ROOSEVELT AVENUE BRIDGE,Flushing Line,Flushing Line,EB,2021-03-10 04:15:00,18.0,13.0,10.0,12.0,23.0,4,2,12.0
32970,Queens,2021,3,10,4,15,13,177615,POINT (1028931.8143046284 215115.26618027306),ROOSEVELT AVENUE BRIDGE,Flushing Line,Flushing Line,WB,2021-03-10 04:15:00,9.0,7.0,5.0,10.0,11.0,4,2,5.0
32970,Brooklyn,2021,3,10,4,15,26,191114,POINT (988207.4245194928 151130.52481856258),CROPSEY AVENUE BRIDGE,Coney Island Creek Shoreline,Dead end,NB,2021-03-10 04:15:00,31.0,22.0,28.0,15.0,33.0,4,2,29.0
32970,Brooklyn,2021,3,10,4,30,42,157501,POINT (988148.6889210109 151103.24158873298),CROPSEY AVENUE BRIDGE,Cropsey Avenue,Dead end,SB,2021-03-10 04:30:00,30.0,31.0,18.0,31.0,62.0,4,2,27.0
32970,Queens,2021,3,10,4,30,23,177615,POINT (1028931.8143046284 215115.26618027306),ROOSEVELT AVENUE BRIDGE,Flushing Line,Flushing Line,EB,2021-03-10 04:30:00,12.0,18.0,18.0,15.0,15.0,4,2,11.0
32970,Queens,2021,3,10,4,30,11,177615,POINT (1028931.8143046284 215115.26618027306),ROOSEVELT AVENUE BRIDGE,Flushing Line,Flushing Line,WB,2021-03-10 04:30:00,13.0,9.0,10.0,8.0,20.0,4,2,15.0
32970,Brooklyn,2021,3,10,4,30,33,191114,POINT (988207.4245194928 151130.52481856258),CROPSEY AVENUE BRIDGE,Coney Island Creek Shoreline,Dead end,NB,2021-03-10 04:30:00,26.0,31.0,24.0,28.0,57.0,4,2,40.0
32970,Brooklyn,2021,3,10,4,45,57,191114,POINT (988207.4245194928 151130.52481856258),CROPSEY AVENUE BRIDGE,Coney Island Creek Shoreline,Dead end,NB,2021-03-10 04:45:00,33.0,26.0,22.0,18.0,55.0,4,2,52.0
32970,Queens,2021,3,10,4,45,20,177615,POINT (1028931.8143046284 215115.26618027306),ROOSEVELT AVENUE BRIDGE,Flushing Line,Flushing Line,WB,2021-03-10 04:45:00,11.0,13.0,7.0,7.0,18.0,4,2,16.0
32970,Queens,2021,3,10,4,45,15,177615,POINT (1028931.8143046284 215115.26618027306),ROOSEVELT AVENUE BRIDGE,Flushing Line,Flushing Line,EB,2021-03-10 04:45:00,23.0,12.0,13.0,8.0,18.0,4,2,11.0
32970,Brooklyn,2021,3,10,4,45,62,157501,POINT (988148.6889210109 151103.24158873298),CROPSEY AVENUE BRIDGE,Cropsey Avenue,Dead end,SB,2021-03-10 04:45:00,42.0,30.0,25.0,21.0,47.0,4,2,52.0
32970,Brooklyn,2021,3,10,5,0,47,157501,POINT (988148.6889210109 151103.24158873298),CROPSEY AVENUE BRIDGE,Cropsey Avenue,Dead end,SB,2021-03-10 05:00:00,62.0,42.0,31.0,27.0,73.0,5,2,45.0
32970,Queens,2021,3,10,5,0,18,177615,POINT (1028931.8143046284 215115.26618027306),ROOSEVELT AVENUE BRIDGE,Flushing Line,Flushing Line,EB,2021-03-10 05:00:00,15.0,23.0,18.0,14.0,19.0,5,2,14.0
32970,Queens,2021,3,10,5,0,18,177615,POINT (1028931.8143046284 215115.26618027306),ROOSEVELT AVENUE BRIDGE,Flushing Line,Flushing Line,WB,2021-03-10 05:00:00,20.0,11.0,9.0,5.0,23.0,5,2,20.0
32970,Brooklyn,2021,3,10,5,0,55,191114,POINT (988207.4245194928 151130.52481856258),CROPSEY AVENUE BRIDGE,Coney Island Creek Shoreline,Dead end,NB,2021-03-10 05:00:00,57.0,33.0,31.0,18.0,64.0,5,2,49.0
32970,Brooklyn,2021,3,10,5,15,73,157501,POINT (988148.6889210109 151103.24158873298),CROPSEY AVENUE BRIDGE,Cropsey Avenue,Dead end,SB,2021-03-10 05:15:00,47.0,62.0,30.0,21.0,82.0,5,2,86.0
32970,Queens,2021,3,10,5,15,19,177615,POINT (1028931.8143046284 215115.26618027306),ROOSEVELT AVENUE BRIDGE,Flushing Line,Flushing Line,EB,2021-03-10 05:15:00,18.0,15.0,12.0,10.0,34.0,5,2,25.0
32970,Queens,2021,3,10,5,15,23,177615,POINT (1028931.8143046284 215115.26618027306),ROOSEVELT AVENUE BRIDGE,Flushing Line,Flushing Line,WB,2021-03-10 05:15:00,18.0,20.0,13.0,5.0,35.0,5,2,23.0
32970,Brooklyn,2021,3,10,5,15,64,191114,POINT (988207.4245194928 151130.52481856258),CROPSEY AVENUE BRIDGE,Coney Island Creek Shoreline,Dead end,NB,2021-03-10 05:15:00,55.0,57.0,26.0,28.0,69.0,5,2,58.0
32970,Brooklyn,2021,3,10,5,30,69,191114,POINT (988207.4245194928 151130.52481856258),CROPSEY AVENUE BRIDGE,Coney Island Creek Shoreline,Dead end,NB,2021-03-10 05:30:00,64.0,55.0,33.0,24.0,82.0,5,2,67.0
32970,Queens,2021,3,10,5,30,35,177615,POINT (1028931.8143046284 215115.26618027306),ROOSEVELT AVENUE BRIDGE,Flushing Line,Flushing Line,WB,2021-03-10 05:30:00,23.0,18.0,11.0,10.0,42.0,5,2,22.0
32970,Queens,2021,3,10,5,30,34,177615,POINT (1028931.8143046284 215115.26618027306),ROOSEVELT AVENUE BRIDGE,Flushing Line,Flushing Line,EB,2021-03-10 05:30:00,19.0,18.0,23.0,18.0,37.0,5,2,31.0
32970,Brooklyn,2021,3,10,5,30,82,157501,POINT (988148.6889210109 151103.24158873298),CROPSEY AVENUE BRIDGE,Cropsey Avenue,Dead end,SB,2021-03-10 05:30:00,73.0,47.0,42.0,18.0,140.0,5,2,84.0
32970,Brooklyn,2021,3,10,5,45,140,157501,POINT (988148.6889210109 151103.24158873298),CROPSEY AVENUE BRIDGE,Cropsey Avenue,Dead end,SB,2021-03-10 05:45:00,82.0,73.0,62.0,25.0,140.0,5,2,126.0
32970,Queens,2021,3,10,5,45,37,177615,POINT (1028931.8143046284 215115.26618027306),ROOSEVELT AVENUE BRIDGE,Flushing Line,Flushing Line,EB,2021-03-10 05:45:00,34.0,19.0,15.0,13.0,36.0,5,2,42.0
32970,Queens,2021,3,10,5,45,42,177615,POINT (1028931.8143046284 215115.26618027306),ROOSEVELT AVENUE BRIDGE,Flushing Line,Flushing Line,WB,2021-03-10 05:45:00,35.0,23.0,20.0,7.0,44.0,5,2,32.0
32970,Brooklyn,2021,3,10,5,45,82,191114,POINT (988207.4245194928 151130.52481856258),CROPSEY AVENUE BRIDGE,Coney Island Creek Shoreline,Dead end,NB,2021-03-10 05:45:00,69.0,64.0,57.0,22.0,113.0,5,2,93.0
32970,Brooklyn,2021,3,10,6,0,140,157501,POINT (988148.6889210109 151103.24158873298),CROPSEY AVENUE BRIDGE,Cropsey Avenue,Dead end,SB,2021-03-10 06:00:00,140.0,82.0,47.0,31.0,192.0,6,2,136.0
32970,Queens,2021,3,10,6,0,36,177615,POINT (1028931.8143046284 215115.26618027306),ROOSEVELT AVENUE BRIDGE,Flushing Line,Flushing Line,EB,2021-03-10 06:00:00,37.0,34.0,18.0,18.0,34.0,6,2,30.0
32970,Queens,2021,3,10,6,0,44,177615,POINT (1028931.8143046284 215115.26618027306),ROOSEVELT AVENUE BRIDGE,Flushing Line,Flushing Line,WB,2021-03-10 06:00:00,42.0,35.0,18.0,9.0,51.0,6,2,40.0
32970,Brooklyn,2021,3,10,6,0,113,191114,POINT (988207.4245194928 151130.52481856258),CROPSEY AVENUE BRIDGE,Coney Island Creek Shoreline,Dead end,NB,2021-03-10 06:00:00,82.0,69.0,55.0,31.0,133.0,6,2,128.0
32970,Brooklyn,2021,3,10,6,15,133,191114,POINT (988207.4245194928 151130.52481856258),CROPSEY AVENUE BRIDGE,Coney Island Creek Shoreline,Dead end,NB,2021-03-10 06:15:00,113.0,82.0,64.0,26.0,170.0,6,2,128.0
32970,Queens,2021,3,10,6,15,51,177615,POINT (1028931.8143046284 215115.26618027306),ROOSEVELT AVENUE BRIDGE,Flushing Line,Flushing Line,WB,2021-03-10 06:15:00,44.0,42.0,23.0,13.0,66.0,6,2,60.0
32970,Queens,2021,3,10,6,15,34,177615,POINT (1028931.8143046284 215115.26618027306),ROOSEVELT AVENUE BRIDGE,Flushing Line,Flushing Line,EB,2021-03-10 06:15:00,36.0,37.0,19.0,12.0,49.0,6,2,46.0
32970,Brooklyn,2021,3,10,6,15,192,157501,POINT (988148.6889210109 151103.24158873298),CROPSEY AVENUE BRIDGE,Cropsey Avenue,Dead end,SB,2021-03-10 06:15:00,140.0,140.0,73.0,30.0,240.0,6,2,168.0
32970,Brooklyn,2021,3,10,6,30,240,157501,POINT (988148.6889210109 151103.24158873298),CROPSEY AVENUE BRIDGE,Cropsey Avenue,Dead end,SB,2021-03-10 06:30:00,192.0,140.0,82.0,42.0,281.0,6,2,252.0
32970,Queens,2021,3,10,6,30,49,177615,POINT (1028931.8143046284 215115.26618027306),ROOSEVELT AVENUE BRIDGE,Flushing Line,Flushing Line,EB,2021-03-10 06:30:00,34.0,36.0,34.0,23.0,70.0,6,2,47.0
32970,Queens,2021,3,10,6,30,66,177615,POINT (1028931.8143046284 215115.26618027306),ROOSEVELT AVENUE BRIDGE,Flushing Line,Flushing Line,WB,2021-03-10 06:30:00,51.0,44.0,35.0,11.0,93.0,6,2,72.0
32970,Brooklyn,2021,3,10,6,30,170,191114,POINT (988207.4245194928 151130.52481856258),CROPSEY AVENUE BRIDGE,Coney Island Creek Shoreline,Dead end,NB,2021-03-10 06:30:00,133.0,113.0,69.0,33.0,180.0,6,2,151.0
32970,Brooklyn,2021,3,10,6,45,281,157501,POINT (988148.6889210109 151103.24158873298),CROPSEY AVENUE BRIDGE,Cropsey Avenue,Dead end,SB,2021-03-10 06:45:00,240.0,192.0,140.0,62.0,235.0,6,2,279.0
32970,Queens,2021,3,10,6,45,70,177615,POINT (1028931.8143046284 215115.26618027306),ROOSEVELT AVENUE BRIDGE,Flushing Line,Flushing Line,EB,2021-03-10 06:45:00,49.0,34.0,37.0,15.0,63.0,6,2,67.0
32970,Queens,2021,3,10,6,45,93,177615,POINT (1028931.8143046284 215115.26618027306),ROOSEVELT AVENUE BRIDGE,Flushing Line,Flushing Line,WB,2021-03-10 06:45:00,66.0,51.0,42.0,20.0,88.0,6,2,78.0
32970,Brooklyn,2021,3,10,6,45,180,191114,POINT (988207.4245194928 151130.52481856258),CROPSEY AVENUE BRIDGE,Coney Island Creek Shoreline,Dead end,NB,2021-03-10 06:45:00,170.0,133.0,82.0,57.0,203.0,6,2,139.0
32970,Brooklyn,2021,3,10,7,0,203,191114,POINT (988207.4245194928 151130.52481856258),CROPSEY AVENUE BRIDGE,Coney Island Creek Shoreline,Dead end,NB,2021-03-10 07:00:00,180.0,170.0,113.0,55.0,226.0,7,2,179.0
32970,Queens,2021,3,10,7,0,88,177615,POINT (1028931.8143046284 215115.26618027306),ROOSEVELT AVENUE BRIDGE,Flushing Line,Flushing Line,WB,2021-03-10 07:00:00,93.0,66.0,44.0,18.0,113.0,7,2,80.0
32970,Queens,2021,3,10,7,0,63,177615,POINT (1028931.8143046284 215115.26618027306),ROOSEVELT AVENUE BRIDGE,Flushing Line,Flushing Line,EB,2021-03-10 07:00:00,70.0,49.0,36.0,18.0,62.0,7,2,60.0
32970,Brooklyn,2021,3,10,7,0,235,157501,POINT (988148.6889210109 151103.24158873298),CROPSEY AVENUE BRIDGE,Cropsey Avenue,Dead end,SB,2021-03-10 07:00:00,281.0,240.0,140.0,47.0,254.0,7,2,229.0
32970,Brooklyn,2021,3,10,7,15,254,157501,POINT (988148.6889210109 151103.24158873298),CROPSEY AVENUE BRIDGE,Cropsey Avenue,Dead end,SB,2021-03-10 07:15:00,235.0,281.0,192.0,73.0,267.0,7,2,266.0
32970,Queens,2021,3,10,7,15,62,177615,POINT (1028931.8143046284 215115.26618027306),ROOSEVELT AVENUE BRIDGE,Flushing Line,Flushing Line,EB,2021-03-10 07:15:00,63.0,70.0,34.0,19.0,57.0,7,2,67.0
32970,Queens,2021,3,10,7,15,113,177615,POINT (1028931.8143046284 215115.26618027306),ROOSEVELT AVENUE BRIDGE,Flushing Line,Flushing Line,WB,2021-03-10 07:15:00,88.0,93.0,51.0,23.0,101.0,7,2,96.0
32970,Brooklyn,2021,3,10,7,15,226,191114,POINT (988207.4245194928 151130.52481856258),CROPSEY AVENUE BRIDGE,Coney Island Creek Shoreline,Dead end,NB,2021-03-10 07:15:00,203.0,180.0,133.0,64.0,235.0,7,2,204.0
32970,Brooklyn,2021,3,10,7,30,267,157501,POINT (988148.6889210109 151103.24158873298),CROPSEY AVENUE BRIDGE,Cropsey Avenue,Dead end,SB,2021-03-10 07:30:00,254.0,235.0,240.0,82.0,304.0,7,2,293.0
32970,Queens,2021,3,10,7,30,57,177615,POINT (1028931.8143046284 215115.26618027306),ROOSEVELT AVENUE BRIDGE,Flushing Line,Flushing Line,EB,2021-03-10 07:30:00,62.0,63.0,49.0,34.0,78.0,7,2,76.0
32970,Queens,2021,3,10,7,30,101,177615,POINT (1028931.8143046284 215115.26618027306),ROOSEVELT AVENUE BRIDGE,Flushing Line,Flushing Line,WB,2021-03-10 07:30:00,113.0,88.0,66.0,35.0,101.0,7,2,105.0
32970,Brooklyn,2021,3,10,7,30,235,191114,POINT (988207.4245194928 151130.52481856258),CROPSEY AVENUE BRIDGE,Coney Island Creek Shoreline,Dead end,NB,2021-03-10 07:30:00,226.0,203.0,170.0,69.0,208.0,7,2,234.0
32970,Queens,2021,3,10,7,45,78,177615,POINT (1028931.8143046284 215115.26618027306),ROOSEVELT AVENUE BRIDGE,Flushing Line,Flushing Line,EB,2021-03-10 07:45:00,57.0,62.0,70.0,37.0,71.0,7,2,82.0
32970,Queens,2021,3,10,7,45,101,177615,POINT (1028931.8143046284 215115.26618027306),ROOSEVELT AVENUE BRIDGE,Flushing Line,Flushing Line,WB,2021-03-10 07:45:00,101.0,113.0,93.0,42.0,91.0,7,2,102.0
32970,Brooklyn,2021,3,10,7,45,304,157501,POINT (988148.6889210109 151103.24158873298),CROPSEY AVENUE BRIDGE,Cropsey Avenue,Dead end,SB,2021-03-10 07:45:00,267.0,254.0,281.0,140.0,279.0,7,2,325.0
32970,Brooklyn,2021,3,10,7,45,208,191114,POINT (988207.4245194928 151130.52481856258),CROPSEY AVENUE BRIDGE,Coney Island Creek Shoreline,Dead end,NB,2021-03-10 07:45:00,235.0,226.0,180.0,82.0,252.0,7,2,223.0
32970,Brooklyn,2021,3,10,8,0,252,191114,POINT (988207.4245194928 151130.52481856258),CROPSEY AVENUE BRIDGE,Coney Island Creek Shoreline,Dead end,NB,2021-03-10 08:00:00,208.0,235.0,203.0,113.0,247.0,8,2,262.0
32970,Queens,2021,3,10,8,0,91,177615,POINT (1028931.8143046284 215115.26618027306),ROOSEVELT AVENUE BRIDGE,Flushing Line,Flushing Line,WB,2021-03-10 08:00:00,101.0,101.0,88.0,44.0,91.0,8,2,84.0
32970,Queens,2021,3,10,8,0,71,177615,POINT (1028931.8143046284 215115.26618027306),ROOSEVELT AVENUE BRIDGE,Flushing Line,Flushing Line,EB,2021-03-10 08:00:00,78.0,57.0,63.0,36.0,91.0,8,2,67.0
32970,Brooklyn,2021,3,10,8,0,279,157501,POINT (988148.6889210109 151103.24158873298),CROPSEY AVENUE BRIDGE,Cropsey Avenue,Dead end,SB,2021-03-10 08:00:00,304.0,267.0,235.0,140.0,252.0,8,2,292.0
32970,Brooklyn,2021,3,10,8,15,252,157501,POINT (988148.6889210109 151103.24158873298),CROPSEY AVENUE BRIDGE,Cropsey Avenue,Dead end,SB,2021-03-10 08:15:00,279.0,304.0,254.0,192.0,278.0,8,2,272.0
32970,Queens,2021,3,10,8,15,91,177615,POINT (1028931.8143046284 215115.26618027306),ROOSEVELT AVENUE BRIDGE,Flushing Line,Flushing Line,EB,2021-03-10 08:15:00,71.0,78.0,62.0,34.0,78.0,8,2,69.0
32970,Queens,2021,3,10,8,15,91,177615,POINT (1028931.8143046284 215115.26618027306),ROOSEVELT AVENUE BRIDGE,Flushing Line,Flushing Line,WB,2021-03-10 08:15:00,91.0,101.0,113.0,51.0,98.0,8,2,95.0
32970,Brooklyn,2021,3,10,8,15,247,191114,POINT (988207.4245194928 151130.52481856258),CROPSEY AVENUE BRIDGE,Coney Island Creek Shoreline,Dead end,NB,2021-03-10 08:15:00,252.0,208.0,226.0,133.0,236.0,8,2,252.0
32970,Brooklyn,2021,3,10,8,30,278,157501,POINT (988148.6889210109 151103.24158873298),CROPSEY AVENUE BRIDGE,Cropsey Avenue,Dead end,SB,2021-03-10 08:30:00,252.0,279.0,267.0,240.0,298.0,8,2,252.0
32970,Queens,2021,3,10,8,30,78,177615,POINT (1028931.8143046284 215115.26618027306),ROOSEVELT AVENUE BRIDGE,Flushing Line,Flushing Line,EB,2021-03-10 08:30:00,91.0,71.0,57.0,49.0,120.0,8,2,75.0
32970,Queens,2021,3,10,8,30,98,177615,POINT (1028931.8143046284 215115.26618027306),ROOSEVELT AVENUE BRIDGE,Flushing Line,Flushing Line,WB,2021-03-10 08:30:00,91.0,91.0,101.0,66.0,93.0,8,2,99.0
32970,Brooklyn,2021,3,10,8,30,236,191114,POINT (988207.4245194928 151130.52481856258),CROPSEY AVENUE BRIDGE,Coney Island Creek Shoreline,Dead end,NB,2021-03-10 08:30:00,247.0,252.0,235.0,170.0,210.0,8,2,253.0
32970,Brooklyn,2021,3,10,8,45,210,191114,POINT (988207.4245194928 151130.52481856258),CROPSEY AVENUE BRIDGE,Coney Island Creek Shoreline,Dead end,NB,2021-03-10 08:45:00,236.0,247.0,208.0,180.0,195.0,8,2,233.0
32970,Queens,2021,3,10,8,45,93,177615,POINT (1028931.8143046284 215115.26618027306),ROOSEVELT AVENUE BRIDGE,Flushing Line,Flushing Line,WB,2021-03-10 08:45:00,98.0,91.0,101.0,93.0,96.0,8,2,90.0
32970,Brooklyn,2021,3,10,8,45,298,157501,POINT (988148.6889210109 151103.24158873298),CROPSEY AVENUE BRIDGE,Cropsey Avenue,Dead end,SB,2021-03-10 08:45:00,278.0,252.0,304.0,281.0,244.0,8,2,286.0
32970,Queens,2021,3,10,8,45,120,177615,POINT (1028931.8143046284 215115.26618027306),ROOSEVELT AVENUE BRIDGE,Flushing Line,Flushing Line,EB,2021-03-10 08:45:00,78.0,91.0,78.0,70.0,91.0,8,2,104.0
32970,Brooklyn,2021,3,10,9,0,244,157501,POINT (988148.6889210109 151103.24158873298),CROPSEY AVENUE BRIDGE,Cropsey Avenue,Dead end,SB,2021-03-10 09:00:00,298.0,278.0,279.0,235.0,294.0,9,2,260.0
32970,Queens,2021,3,10,9,0,91,177615,POINT (1028931.8143046284 215115.26618027306),ROOSEVELT AVENUE BRIDGE,Flushing Line,Flushing Line,EB,2021-03-10 09:00:00,120.0,78.0,71.0,63.0,94.0,9,2,88.0
32970,Queens,2021,3,10,9,0,96,177615,POINT (1028931.8143046284 215115.26618027306),ROOSEVELT AVENUE BRIDGE,Flushing Line,Flushing Line,WB,2021-03-10 09:00:00,93.0,98.0,91.0,88.0,97.0,9,2,91.0
32970,Brooklyn,2021,3,10,9,0,195,191114,POINT (988207.4245194928 151130.52481856258),CROPSEY AVENUE BRIDGE,Coney Island Creek Shoreline,Dead end,NB,2021-03-10 09:00:00,210.0,236.0,252.0,203.0,216.0,9,2,235.0
32970,Brooklyn,2021,3,10,9,15,294,157501,POINT (988148.6889210109 151103.24158873298),CROPSEY AVENUE BRIDGE,Cropsey Avenue,Dead end,SB,2021-03-10 09:15:00,244.0,298.0,252.0,254.0,259.0,9,2,230.0
32970,Queens,2021,3,10,9,15,94,177615,POINT (1028931.8143046284 215115.26618027306),ROOSEVELT AVENUE BRIDGE,Flushing Line,Flushing Line,EB,2021-03-10 09:15:00,91.0,120.0,91.0,62.0,120.0,9,2,93.0
32970,Queens,2021,3,10,9,15,97,177615,POINT (1028931.8143046284 215115.26618027306),ROOSEVELT AVENUE BRIDGE,Flushing Line,Flushing Line,WB,2021-03-10 09:15:00,96.0,93.0,91.0,113.0,92.0,9,2,94.0
32970,Brooklyn,2021,3,10,9,15,216,191114,POINT (988207.4245194928 151130.52481856258),CROPSEY AVENUE BRIDGE,Coney Island Creek Shoreline,Dead end,NB,2021-03-10 09:15:00,195.0,210.0,247.0,226.0,245.0,9,2,238.0
32970,Brooklyn,2021,3,10,9,30,245,191114,POINT (988207.4245194928 151130.52481856258),CROPSEY AVENUE BRIDGE,Coney Island Creek Shoreline,Dead end,NB,2021-03-10 09:30:00,216.0,195.0,236.0,235.0,216.0,9,2,205.0
32970,Queens,2021,3,10,9,30,92,177615,POINT (1028931.8143046284 215115.26618027306),ROOSEVELT AVENUE BRIDGE,Flushing Line,Flushing Line,WB,2021-03-10 09:30:00,97.0,96.0,98.0,101.0,62.0,9,2,98.0
32970,Queens,2021,3,10,9,30,120,177615,POINT (1028931.8143046284 215115.26618027306),ROOSEVELT AVENUE BRIDGE,Flushing Line,Flushing Line,EB,2021-03-10 09:30:00,94.0,91.0,78.0,57.0,115.0,9,2,114.0
32970,Brooklyn,2021,3,10,9,30,259,157501,POINT (988148.6889210109 151103.24158873298),CROPSEY AVENUE BRIDGE,Cropsey Avenue,Dead end,SB,2021-03-10 09:30:00,294.0,244.0,278.0,267.0,284.0,9,2,208.0
32970,Brooklyn,2021,3,10,9,45,284,157501,POINT (988148.6889210109 151103.24158873298),CROPSEY AVENUE BRIDGE,Cropsey Avenue,Dead end,SB,2021-03-10 09:45:00,259.0,294.0,298.0,304.0,234.0,9,2,247.0
32970,Queens,2021,3,10,9,45,115,177615,POINT (1028931.8143046284 215115.26618027306),ROOSEVELT AVENUE BRIDGE,Flushing Line,Flushing Line,EB,2021-03-10 09:45:00,120.0,94.0,120.0,78.0,111.0,9,2,110.0
32970,Queens,2021,3,10,9,45,62,177615,POINT (1028931.8143046284 215115.26618027306),ROOSEVELT AVENUE BRIDGE,Flushing Line,Flushing Line,WB,2021-03-10 09:45:00,92.0,97.0,93.0,101.0,76.0,9,2,92.0
32970,Brooklyn,2021,3,10,9,45,216,191114,POINT (988207.4245194928 151130.52481856258),CROPSEY AVENUE BRIDGE,Coney Island Creek Shoreline,Dead end,NB,2021-03-10 09:45:00,245.0,216.0,210.0,208.0,227.0,9,2,215.0
32970,Brooklyn,2021,3,10,10,0,234,157501,POINT (988148.6889210109 151103.24158873298),CROPSEY AVENUE BRIDGE,Cropsey Avenue,Dead end,SB,2021-03-10 10:00:00,284.0,259.0,244.0,279.0,255.0,10,2,236.0
32970,Queens,2021,3,10,10,0,111,177615,POINT (1028931.8143046284 215115.26618027306),ROOSEVELT AVENUE BRIDGE,Flushing Line,Flushing Line,EB,2021-03-10 10:00:00,115.0,120.0,91.0,71.0,109.0,10,2,95.0
32970,Queens,2021,3,10,10,0,76,177615,POINT (1028931.8143046284 215115.26618027306),ROOSEVELT AVENUE BRIDGE,Flushing Line,Flushing Line,WB,2021-03-10 10:00:00,62.0,92.0,96.0,91.0,102.0,10,2,77.0
32970,Brooklyn,2021,3,10,10,0,227,191114,POINT (988207.4245194928 151130.52481856258),CROPSEY AVENUE BRIDGE,Coney Island Creek Shoreline,Dead end,NB,2021-03-10 10:00:00,216.0,245.0,195.0,252.0,191.0,10,2,193.0
32970,Brooklyn,2021,3,10,10,15,191,191114,POINT (988207.4245194928 151130.52481856258),CROPSEY AVENUE BRIDGE,Coney Island Creek Shoreline,Dead end,NB,2021-03-10 10:15:00,227.0,216.0,216.0,247.0,217.0,10,2,221.0
32970,Queens,2021,3,10,10,15,102,177615,POINT (1028931.8143046284 215115.26618027306),ROOSEVELT AVENUE BRIDGE,Flushing Line,Flushing Line,WB,2021-03-10 10:15:00,76.0,62.0,97.0,91.0,88.0,10,2,94.0
32970,Queens,2021,3,10,10,15,109,177615,POINT (1028931.8143046284 215115.26618027306),ROOSEVELT AVENUE BRIDGE,Flushing Line,Flushing Line,EB,2021-03-10 10:15:00,111.0,115.0,94.0,91.0,98.0,10,2,94.0
32970,Brooklyn,2021,3,10,10,15,255,157501,POINT (988148.6889210109 151103.24158873298),CROPSEY AVENUE BRIDGE,Cropsey Avenue,Dead end,SB,2021-03-10 10:15:00,234.0,284.0,294.0,252.0,232.0,10,2,238.0
32970,Brooklyn,2021,3,10,10,30,232,157501,POINT (988148.6889210109 151103.24158873298),CROPSEY AVENUE BRIDGE,Cropsey Avenue,Dead end,SB,2021-03-10 10:30:00,255.0,234.0,259.0,278.0,291.0,10,2,259.0
32970,Queens,2021,3,10,10,30,98,177615,POINT (1028931.8143046284 215115.26618027306),ROOSEVELT AVENUE BRIDGE,Flushing Line,Flushing Line,EB,2021-03-10 10:30:00,109.0,111.0,120.0,78.0,96.0,10,2,111.0
32970,Queens,2021,3,10,10,30,88,177615,POINT (1028931.8143046284 215115.26618027306),ROOSEVELT AVENUE BRIDGE,Flushing Line,Flushing Line,WB,2021-03-10 10:30:00,102.0,76.0,92.0,98.0,89.0,10,2,89.0
32970,Brooklyn,2021,3,10,10,30,217,191114,POINT (988207.4245194928 151130.52481856258),CROPSEY AVENUE BRIDGE,Coney Island Creek Shoreline,Dead end,NB,2021-03-10 10:30:00,191.0,227.0,245.0,236.0,219.0,10,2,209.0
32970,Brooklyn,2021,3,10,10,45,291,157501,POINT (988148.6889210109 151103.24158873298),CROPSEY AVENUE BRIDGE,Cropsey Avenue,Dead end,SB,2021-03-10 10:45:00,232.0,255.0,284.0,298.0,238.0,10,2,256.0
32970,Queens,2021,3,10,10,45,96,177615,POINT (1028931.8143046284 215115.26618027306),ROOSEVELT AVENUE BRIDGE,Flushing Line,Flushing Line,EB,2021-03-10 10:45:00,98.0,109.0,115.0,120.0,92.0,10,2,88.0
32970,Queens,2021,3,10,10,45,89,177615,POINT (1028931.8143046284 215115.26618027306),ROOSEVELT AVENUE BRIDGE,Flushing Line,Flushing Line,WB,2021-03-10 10:45:00,88.0,102.0,62.0,93.0,95.0,10,2,106.0
32970,Brooklyn,2021,3,10,10,45,219,191114,POINT (988207.4245194928 151130.52481856258),CROPSEY AVENUE BRIDGE,Coney Island Creek Shoreline,Dead end,NB,2021-03-10 10:45:00,217.0,191.0,216.0,210.0,218.0,10,2,201.0
32970,Queens,2021,3,10,11,0,95,177615,POINT (1028931.8143046284 215115.26618027306),ROOSEVELT AVENUE BRIDGE,Flushing Line,Flushing Line,WB,2021-03-10 11:00:00,89.0,88.0,76.0,96.0,86.0,11,2,91.0
32970,Brooklyn,2021,3,10,11,0,218,191114,POINT (988207.4245194928 151130.52481856258),CROPSEY AVENUE BRIDGE,Coney Island Creek Shoreline,Dead end,NB,2021-03-10 11:00:00,219.0,217.0,227.0,195.0,228.0,11,2,226.0
32970,Brooklyn,2021,3,10,11,0,238,157501,POINT (988148.6889210109 151103.24158873298),CROPSEY AVENUE BRIDGE,Cropsey Avenue,Dead end,SB,2021-03-10 11:00:00,291.0,232.0,234.0,244.0,265.0,11,2,272.0
32970,Queens,2021,3,10,11,0,92,177615,POINT (1028931.8143046284 215115.26618027306),ROOSEVELT AVENUE BRIDGE,Flushing Line,Flushing Line,EB,2021-03-10 11:00:00,96.0,98.0,111.0,91.0,98.0,11,2,101.0
32970,Brooklyn,2021,3,10,11,15,265,157501,POINT (988148.6889210109 151103.24158873298),CROPSEY AVENUE BRIDGE,Cropsey Avenue,Dead end,SB,2021-03-10 11:15:00,238.0,291.0,255.0,294.0,295.0,11,2,283.0
32970,Queens,2021,3,10,11,15,98,177615,POINT (1028931.8143046284 215115.26618027306),ROOSEVELT AVENUE BRIDGE,Flushing Line,Flushing Line,EB,2021-03-10 11:15:00,92.0,96.0,109.0,94.0,90.0,11,2,111.0
32970,Queens,2021,3,10,11,15,86,177615,POINT (1028931.8143046284 215115.26618027306),ROOSEVELT AVENUE BRIDGE,Flushing Line,Flushing Line,WB,2021-03-10 11:15:00,95.0,89.0,102.0,97.0,100.0,11,2,117.0
32970,Brooklyn,2021,3,10,11,15,228,191114,POINT (988207.4245194928 151130.52481856258),CROPSEY AVENUE BRIDGE,Coney Island Creek Shoreline,Dead end,NB,2021-03-10 11:15:00,218.0,219.0,191.0,216.0,227.0,11,2,199.0
32970,Brooklyn,2021,3,10,11,30,295,157501,POINT (988148.6889210109 151103.24158873298),CROPSEY AVENUE BRIDGE,Cropsey Avenue,Dead end,SB,2021-03-10 11:30:00,265.0,238.0,232.0,259.0,292.0,11,2,280.0
32970,Queens,2021,3,10,11,30,90,177615,POINT (1028931.8143046284 215115.26618027306),ROOSEVELT AVENUE BRIDGE,Flushing Line,Flushing Line,EB,2021-03-10 11:30:00,98.0,92.0,98.0,120.0,113.0,11,2,117.0
32970,Queens,2021,3,10,11,30,100,177615,POINT (1028931.8143046284 215115.26618027306),ROOSEVELT AVENUE BRIDGE,Flushing Line,Flushing Line,WB,2021-03-10 11:30:00,86.0,95.0,88.0,92.0,90.0,11,2,78.0
32970,Brooklyn,2021,3,10,11,30,227,191114,POINT (988207.4245194928 151130.52481856258),CROPSEY AVENUE BRIDGE,Coney Island Creek Shoreline,Dead end,NB,2021-03-10 11:30:00,228.0,218.0,217.0,245.0,211.0,11,2,215.0
32970,Brooklyn,2021,3,10,11,45,211,191114,POINT (988207.4245194928 151130.52481856258),CROPSEY AVENUE BRIDGE,Coney Island Creek Shoreline,Dead end,NB,2021-03-10 11:45:00,227.0,228.0,219.0,216.0,221.0,11,2,244.0
32970,Queens,2021,3,10,11,45,90,177615,POINT (1028931.8143046284 215115.26618027306),ROOSEVELT AVENUE BRIDGE,Flushing Line,Flushing Line,WB,2021-03-10 11:45:00,100.0,86.0,89.0,62.0,94.0,11,2,94.0
32970,Queens,2021,3,10,11,45,113,177615,POINT (1028931.8143046284 215115.26618027306),ROOSEVELT AVENUE BRIDGE,Flushing Line,Flushing Line,EB,2021-03-10 11:45:00,90.0,98.0,96.0,115.0,100.0,11,2,130.0
32970,Brooklyn,2021,3,10,11,45,292,157501,POINT (988148.6889210109 151103.24158873298),CROPSEY AVENUE BRIDGE,Cropsey Avenue,Dead end,SB,2021-03-10 11:45:00,295.0,265.0,291.0,284.0,299.0,11,2,269.0
32970,Brooklyn,2021,3,10,12,0,299,157501,POINT (988148.6889210109 151103.24158873298),CROPSEY AVENUE BRIDGE,Cropsey Avenue,Dead end,SB,2021-03-10 12:00:00,292.0,295.0,238.0,234.0,298.0,12,2,309.0
32970,Queens,2021,3,10,12,0,100,177615,POINT (1028931.8143046284 215115.26618027306),ROOSEVELT AVENUE BRIDGE,Flushing Line,Flushing Line,EB,2021-03-10 12:00:00,113.0,90.0,92.0,111.0,113.0,12,2,106.0
32970,Queens,2021,3,10,12,0,94,177615,POINT (1028931.8143046284 215115.26618027306),ROOSEVELT AVENUE BRIDGE,Flushing Line,Flushing Line,WB,2021-03-10 12:00:00,90.0,100.0,95.0,76.0,71.0,12,2,99.0
32970,Brooklyn,2021,3,10,12,0,221,191114,POINT (988207.4245194928 151130.52481856258),CROPSEY AVENUE BRIDGE,Coney Island Creek Shoreline,Dead end,NB,2021-03-10 12:00:00,211.0,227.0,218.0,227.0,245.0,12,2,234.0
32970,Brooklyn,2021,3,10,12,15,298,157501,POINT (988148.6889210109 151103.24158873298),CROPSEY AVENUE BRIDGE,Cropsey Avenue,Dead end,SB,2021-03-10 12:15:00,299.0,292.0,265.0,255.0,299.0,12,2,312.0
32970,Queens,2021,3,10,12,15,113,177615,POINT (1028931.8143046284 215115.26618027306),ROOSEVELT AVENUE BRIDGE,Flushing Line,Flushing Line,EB,2021-03-10 12:15:00,100.0,113.0,98.0,109.0,84.0,12,2,96.0
32970,Queens,2021,3,10,12,15,71,177615,POINT (1028931.8143046284 215115.26618027306),ROOSEVELT AVENUE BRIDGE,Flushing Line,Flushing Line,WB,2021-03-10 12:15:00,94.0,90.0,86.0,102.0,88.0,12,2,89.0
32970,Brooklyn,2021,3,10,12,15,245,191114,POINT (988207.4245194928 151130.52481856258),CROPSEY AVENUE BRIDGE,Coney Island Creek Shoreline,Dead end,NB,2021-03-10 12:15:00,221.0,211.0,228.0,191.0,244.0,12,2,232.0
32970,Queens,2021,3,10,12,30,88,177615,POINT (1028931.8143046284 215115.26618027306),ROOSEVELT AVENUE BRIDGE,Flushing Line,Flushing Line,WB,2021-03-10 12:30:00,71.0,94.0,100.0,88.0,104.0,12,2,93.0
32970,Brooklyn,2021,3,10,12,30,244,191114,POINT (988207.4245194928 151130.52481856258),CROPSEY AVENUE BRIDGE,Coney Island Creek Shoreline,Dead end,NB,2021-03-10 12:30:00,245.0,221.0,227.0,217.0,223.0,12,2,208.0
32970,Brooklyn,2021,3,10,12,30,299,157501,POINT (988148.6889210109 151103.24158873298),CROPSEY AVENUE BRIDGE,Cropsey Avenue,Dead end,SB,2021-03-10 12:30:00,298.0,299.0,295.0,232.0,288.0,12,2,299.0
32970,Queens,2021,3,10,12,30,84,177615,POINT (1028931.8143046284 215115.26618027306),ROOSEVELT AVENUE BRIDGE,Flushing Line,Flushing Line,EB,2021-03-10 12:30:00,113.0,100.0,90.0,98.0,113.0,12,2,110.0
32970,Brooklyn,2021,3,10,12,45,288,157501,POINT (988148.6889210109 151103.24158873298),CROPSEY AVENUE BRIDGE,Cropsey Avenue,Dead end,SB,2021-03-10 12:45:00,299.0,298.0,292.0,291.0,336.0,12,2,315.0
32970,Queens,2021,3,10,12,45,113,177615,POINT (1028931.8143046284 215115.26618027306),ROOSEVELT AVENUE BRIDGE,Flushing Line,Flushing Line,EB,2021-03-10 12:45:00,84.0,113.0,113.0,96.0,112.0,12,2,96.0
32970,Queens,2021,3,10,12,45,104,177615,POINT (1028931.8143046284 215115.26618027306),ROOSEVELT AVENUE BRIDGE,Flushing Line,Flushing Line,WB,2021-03-10 12:45:00,88.0,71.0,90.0,89.0,109.0,12,2,92.0
32970,Brooklyn,2021,3,10,12,45,223,191114,POINT (988207.4245194928 151130.52481856258),CROPSEY AVENUE BRIDGE,Coney Island Creek Shoreline,Dead end,NB,2021-03-10 12:45:00,244.0,245.0,211.0,219.0,238.0,12,2,262.0
32970,Brooklyn,2021,3,10,13,0,336,157501,POINT (988148.6889210109 151103.24158873298),CROPSEY AVENUE BRIDGE,Cropsey Avenue,Dead end,SB,2021-03-10 13:00:00,288.0,299.0,299.0,238.0,329.0,13,2,306.0
32970,Queens,2021,3,10,13,0,112,177615,POINT (1028931.8143046284 215115.26618027306),ROOSEVELT AVENUE BRIDGE,Flushing Line,Flushing Line,EB,2021-03-10 13:00:00,113.0,84.0,100.0,92.0,96.0,13,2,123.0
32970,Queens,2021,3,10,13,0,109,177615,POINT (1028931.8143046284 215115.26618027306),ROOSEVELT AVENUE BRIDGE,Flushing Line,Flushing Line,WB,2021-03-10 13:00:00,104.0,88.0,94.0,95.0,103.0,13,2,94.0
32970,Brooklyn,2021,3,10,13,0,238,191114,POINT (988207.4245194928 151130.52481856258),CROPSEY AVENUE BRIDGE,Coney Island Creek Shoreline,Dead end,NB,2021-03-10 13:00:00,223.0,244.0,221.0,218.0,244.0,13,2,244.0
32970,Queens,2021,3,10,13,15,103,177615,POINT (1028931.8143046284 215115.26618027306),ROOSEVELT AVENUE BRIDGE,Flushing Line,Flushing Line,WB,2021-03-10 13:15:00,109.0,104.0,71.0,86.0,89.0,13,2,106.0
32970,Brooklyn,2021,3,10,13,15,244,191114,POINT (988207.4245194928 151130.52481856258),CROPSEY AVENUE BRIDGE,Coney Island Creek Shoreline,Dead end,NB,2021-03-10 13:15:00,238.0,223.0,245.0,228.0,265.0,13,2,243.0
32970,Brooklyn,2021,3,10,13,15,329,157501,POINT (988148.6889210109 151103.24158873298),CROPSEY AVENUE BRIDGE,Cropsey Avenue,Dead end,SB,2021-03-10 13:15:00,336.0,288.0,298.0,265.0,320.0,13,2,292.0
32970,Queens,2021,3,10,13,15,96,177615,POINT (1028931.8143046284 215115.26618027306),ROOSEVELT AVENUE BRIDGE,Flushing Line,Flushing Line,EB,2021-03-10 13:15:00,112.0,113.0,113.0,98.0,120.0,13,2,114.0
32970,Brooklyn,2021,3,10,13,30,320,157501,POINT (988148.6889210109 151103.24158873298),CROPSEY AVENUE BRIDGE,Cropsey Avenue,Dead end,SB,2021-03-10 13:30:00,329.0,336.0,299.0,295.0,360.0,13,2,309.0
32970,Queens,2021,3,10,13,30,120,177615,POINT (1028931.8143046284 215115.26618027306),ROOSEVELT AVENUE BRIDGE,Flushing Line,Flushing Line,EB,2021-03-10 13:30:00,96.0,112.0,84.0,90.0,126.0,13,2,106.0
32970,Queens,2021,3,10,13,30,89,177615,POINT (1028931.8143046284 215115.26618027306),ROOSEVELT AVENUE BRIDGE,Flushing Line,Flushing Line,WB,2021-03-10 13:30:00,103.0,109.0,88.0,100.0,80.0,13,2,89.0
32970,Brooklyn,2021,3,10,13,30,265,191114,POINT (988207.4245194928 151130.52481856258),CROPSEY AVENUE BRIDGE,Coney Island Creek Shoreline,Dead end,NB,2021-03-10 13:30:00,244.0,238.0,244.0,227.0,235.0,13,2,272.0
32970,Brooklyn,2021,3,10,13,45,360,157501,POINT (988148.6889210109 151103.24158873298),CROPSEY AVENUE BRIDGE,Cropsey Avenue,Dead end,SB,2021-03-10 13:45:00,320.0,329.0,288.0,292.0,305.0,13,2,387.0
32970,Queens,2021,3,10,13,45,126,177615,POINT (1028931.8143046284 215115.26618027306),ROOSEVELT AVENUE BRIDGE,Flushing Line,Flushing Line,EB,2021-03-10 13:45:00,120.0,96.0,113.0,113.0,120.0,13,2,121.0
32970,Queens,2021,3,10,13,45,80,177615,POINT (1028931.8143046284 215115.26618027306),ROOSEVELT AVENUE BRIDGE,Flushing Line,Flushing Line,WB,2021-03-10 13:45:00,89.0,103.0,104.0,90.0,102.0,13,2,86.0
32970,Brooklyn,2021,3,10,13,45,235,191114,POINT (988207.4245194928 151130.52481856258),CROPSEY AVENUE BRIDGE,Coney Island Creek Shoreline,Dead end,NB,2021-03-10 13:45:00,265.0,244.0,223.0,211.0,266.0,13,2,244.0
32970,Brooklyn,2021,3,10,14,0,266,191114,POINT (988207.4245194928 151130.52481856258),CROPSEY AVENUE BRIDGE,Coney Island Creek Shoreline,Dead end,NB,2021-03-10 14:00:00,235.0,265.0,238.0,221.0,292.0,14,2,278.0
32970,Brooklyn,2021,3,10,14,0,305,157501,POINT (988148.6889210109 151103.24158873298),CROPSEY AVENUE BRIDGE,Cropsey Avenue,Dead end,SB,2021-03-10 14:00:00,360.0,320.0,336.0,299.0,297.0,14,2,293.0
32970,Queens,2021,3,10,14,0,120,177615,POINT (1028931.8143046284 215115.26618027306),ROOSEVELT AVENUE BRIDGE,Flushing Line,Flushing Line,EB,2021-03-10 14:00:00,126.0,120.0,112.0,100.0,135.0,14,2,104.0
32970,Queens,2021,3,10,14,0,102,177615,POINT (1028931.8143046284 215115.26618027306),ROOSEVELT AVENUE BRIDGE,Flushing Line,Flushing Line,WB,2021-03-10 14:00:00,80.0,89.0,109.0,94.0,93.0,14,2,91.0
32970,Queens,2021,3,10,14,15,93,177615,POINT (1028931.8143046284 215115.26618027306),ROOSEVELT AVENUE BRIDGE,Flushing Line,Flushing Line,WB,2021-03-10 14:15:00,102.0,80.0,103.0,71.0,88.0,14,2,75.0
32970,Brooklyn,2021,3,10,14,15,292,191114,POINT (988207.4245194928 151130.52481856258),CROPSEY AVENUE BRIDGE,Coney Island Creek Shoreline,Dead end,NB,2021-03-10 14:15:00,266.0,235.0,244.0,245.0,328.0,14,2,315.0
32970,Brooklyn,2021,3,10,14,15,297,157501,POINT (988148.6889210109 151103.24158873298),CROPSEY AVENUE BRIDGE,Cropsey Avenue,Dead end,SB,2021-03-10 14:15:00,305.0,360.0,329.0,298.0,269.0,14,2,287.0
32970,Queens,2021,3,10,14,15,135,177615,POINT (1028931.8143046284 215115.26618027306),ROOSEVELT AVENUE BRIDGE,Flushing Line,Flushing Line,EB,2021-03-10 14:15:00,120.0,126.0,96.0,113.0,123.0,14,2,118.0
32970,Brooklyn,2021,3,10,14,30,328,191114,POINT (988207.4245194928 151130.52481856258),CROPSEY AVENUE BRIDGE,Coney Island Creek Shoreline,Dead end,NB,2021-03-10 14:30:00,292.0,266.0,265.0,244.0,305.0,14,2,282.0
32970,Queens,2021,3,10,14,30,88,177615,POINT (1028931.8143046284 215115.26618027306),ROOSEVELT AVENUE BRIDGE,Flushing Line,Flushing Line,WB,2021-03-10 14:30:00,93.0,102.0,89.0,88.0,110.0,14,2,97.0
32970,Queens,2021,3,10,14,30,123,177615,POINT (1028931.8143046284 215115.26618027306),ROOSEVELT AVENUE BRIDGE,Flushing Line,Flushing Line,EB,2021-03-10 14:30:00,135.0,120.0,120.0,84.0,129.0,14,2,138.0
32970,Brooklyn,2021,3,10,14,30,269,157501,POINT (988148.6889210109 151103.24158873298),CROPSEY AVENUE BRIDGE,Cropsey Avenue,Dead end,SB,2021-03-10 14:30:00,297.0,305.0,320.0,299.0,305.0,14,2,289.0
32970,Brooklyn,2021,3,10,14,45,305,157501,POINT (988148.6889210109 151103.24158873298),CROPSEY AVENUE BRIDGE,Cropsey Avenue,Dead end,SB,2021-03-10 14:45:00,269.0,297.0,360.0,288.0,279.0,14,2,289.0
32970,Queens,2021,3,10,14,45,129,177615,POINT (1028931.8143046284 215115.26618027306),ROOSEVELT AVENUE BRIDGE,Flushing Line,Flushing Line,EB,2021-03-10 14:45:00,123.0,135.0,126.0,113.0,140.0,14,2,147.0
32970,Queens,2021,3,10,14,45,110,177615,POINT (1028931.8143046284 215115.26618027306),ROOSEVELT AVENUE BRIDGE,Flushing Line,Flushing Line,WB,2021-03-10 14:45:00,88.0,93.0,80.0,104.0,98.0,14,2,93.0
32970,Brooklyn,2021,3,10,14,45,305,191114,POINT (988207.4245194928 151130.52481856258),CROPSEY AVENUE BRIDGE,Coney Island Creek Shoreline,Dead end,NB,2021-03-10 14:45:00,328.0,292.0,235.0,223.0,265.0,14,2,295.0
32970,Brooklyn,2021,3,10,15,0,279,157501,POINT (988148.6889210109 151103.24158873298),CROPSEY AVENUE BRIDGE,Cropsey Avenue,Dead end,SB,2021-03-10 15:00:00,305.0,269.0,305.0,336.0,263.0,15,2,311.0
32970,Queens,2021,3,10,15,0,140,177615,POINT (1028931.8143046284 215115.26618027306),ROOSEVELT AVENUE BRIDGE,Flushing Line,Flushing Line,EB,2021-03-10 15:00:00,129.0,123.0,120.0,112.0,122.0,15,2,126.0
32970,Queens,2021,3,10,15,0,98,177615,POINT (1028931.8143046284 215115.26618027306),ROOSEVELT AVENUE BRIDGE,Flushing Line,Flushing Line,WB,2021-03-10 15:00:00,110.0,88.0,102.0,109.0,119.0,15,2,113.0
32970,Brooklyn,2021,3,10,15,0,265,191114,POINT (988207.4245194928 151130.52481856258),CROPSEY AVENUE BRIDGE,Coney Island Creek Shoreline,Dead end,NB,2021-03-10 15:00:00,305.0,328.0,266.0,238.0,299.0,15,2,282.0
32970,Brooklyn,2021,3,10,15,15,299,191114,POINT (988207.4245194928 151130.52481856258),CROPSEY AVENUE BRIDGE,Coney Island Creek Shoreline,Dead end,NB,2021-03-10 15:15:00,265.0,305.0,292.0,244.0,320.0,15,2,307.0
32970,Queens,2021,3,10,15,15,119,177615,POINT (1028931.8143046284 215115.26618027306),ROOSEVELT AVENUE BRIDGE,Flushing Line,Flushing Line,WB,2021-03-10 15:15:00,98.0,110.0,93.0,103.0,98.0,15,2,106.0
32970,Queens,2021,3,10,15,15,122,177615,POINT (1028931.8143046284 215115.26618027306),ROOSEVELT AVENUE BRIDGE,Flushing Line,Flushing Line,EB,2021-03-10 15:15:00,140.0,129.0,135.0,96.0,106.0,15,2,110.0
32970,Brooklyn,2021,3,10,15,15,263,157501,POINT (988148.6889210109 151103.24158873298),CROPSEY AVENUE BRIDGE,Cropsey Avenue,Dead end,SB,2021-03-10 15:15:00,279.0,305.0,297.0,329.0,243.0,15,2,301.0
32970,Brooklyn,2021,3,10,15,30,243,157501,POINT (988148.6889210109 151103.24158873298),CROPSEY AVENUE BRIDGE,Cropsey Avenue,Dead end,SB,2021-03-10 15:30:00,263.0,279.0,269.0,320.0,253.0,15,2,296.0
32970,Queens,2021,3,10,15,30,106,177615,POINT (1028931.8143046284 215115.26618027306),ROOSEVELT AVENUE BRIDGE,Flushing Line,Flushing Line,EB,2021-03-10 15:30:00,122.0,140.0,123.0,120.0,120.0,15,2,142.0
32970,Queens,2021,3,10,15,30,98,177615,POINT (1028931.8143046284 215115.26618027306),ROOSEVELT AVENUE BRIDGE,Flushing Line,Flushing Line,WB,2021-03-10 15:30:00,119.0,98.0,88.0,89.0,108.0,15,2,115.0
32970,Brooklyn,2021,3,10,15,30,320,191114,POINT (988207.4245194928 151130.52481856258),CROPSEY AVENUE BRIDGE,Coney Island Creek Shoreline,Dead end,NB,2021-03-10 15:30:00,299.0,265.0,328.0,265.0,283.0,15,2,289.0
32970,Brooklyn,2021,3,10,15,45,253,157501,POINT (988148.6889210109 151103.24158873298),CROPSEY AVENUE BRIDGE,Cropsey Avenue,Dead end,SB,2021-03-10 15:45:00,243.0,263.0,305.0,360.0,294.0,15,2,232.0
32970,Queens,2021,3,10,15,45,120,177615,POINT (1028931.8143046284 215115.26618027306),ROOSEVELT AVENUE BRIDGE,Flushing Line,Flushing Line,EB,2021-03-10 15:45:00,106.0,122.0,129.0,126.0,116.0,15,2,142.0
32970,Queens,2021,3,10,15,45,108,177615,POINT (1028931.8143046284 215115.26618027306),ROOSEVELT AVENUE BRIDGE,Flushing Line,Flushing Line,WB,2021-03-10 15:45:00,98.0,119.0,110.0,80.0,98.0,15,2,90.0
32970,Brooklyn,2021,3,10,15,45,283,191114,POINT (988207.4245194928 151130.52481856258),CROPSEY AVENUE BRIDGE,Coney Island Creek Shoreline,Dead end,NB,2021-03-10 15:45:00,320.0,299.0,305.0,235.0,285.0,15,2,252.0
32970,Brooklyn,2021,3,10,16,0,285,191114,POINT (988207.4245194928 151130.52481856258),CROPSEY AVENUE BRIDGE,Coney Island Creek Shoreline,Dead end,NB,2021-03-10 16:00:00,283.0,320.0,265.0,266.0,264.0,16,2,304.0
32970,Queens,2021,3,10,16,0,98,177615,POINT (1028931.8143046284 215115.26618027306),ROOSEVELT AVENUE BRIDGE,Flushing Line,Flushing Line,WB,2021-03-10 16:00:00,108.0,98.0,98.0,102.0,118.0,16,2,81.0
32970,Queens,2021,3,10,16,0,116,177615,POINT (1028931.8143046284 215115.26618027306),ROOSEVELT AVENUE BRIDGE,Flushing Line,Flushing Line,EB,2021-03-10 16:00:00,120.0,106.0,140.0,120.0,119.0,16,2,105.0
32970,Brooklyn,2021,3,10,16,0,294,157501,POINT (988148.6889210109 151103.24158873298),CROPSEY AVENUE BRIDGE,Cropsey Avenue,Dead end,SB,2021-03-10 16:00:00,253.0,243.0,279.0,305.0,247.0,16,2,296.0
32970,Brooklyn,2021,3,10,16,15,247,157501,POINT (988148.6889210109 151103.24158873298),CROPSEY AVENUE BRIDGE,Cropsey Avenue,Dead end,SB,2021-03-10 16:15:00,294.0,253.0,263.0,297.0,254.0,16,2,259.0
32970,Queens,2021,3,10,16,15,119,177615,POINT (1028931.8143046284 215115.26618027306),ROOSEVELT AVENUE BRIDGE,Flushing Line,Flushing Line,EB,2021-03-10 16:15:00,116.0,120.0,122.0,135.0,137.0,16,2,132.0
32970,Queens,2021,3,10,16,15,118,177615,POINT (1028931.8143046284 215115.26618027306),ROOSEVELT AVENUE BRIDGE,Flushing Line,Flushing Line,WB,2021-03-10 16:15:00,98.0,108.0,119.0,93.0,111.0,16,2,121.0
32970,Brooklyn,2021,3,10,16,15,264,191114,POINT (988207.4245194928 151130.52481856258),CROPSEY AVENUE BRIDGE,Coney Island Creek Shoreline,Dead end,NB,2021-03-10 16:15:00,285.0,283.0,299.0,292.0,292.0,16,2,275.0
32970,Brooklyn,2021,3,10,16,30,254,157501,POINT (988148.6889210109 151103.24158873298),CROPSEY AVENUE BRIDGE,Cropsey Avenue,Dead end,SB,2021-03-10 16:30:00,247.0,294.0,243.0,269.0,242.0,16,2,258.0
32970,Queens,2021,3,10,16,30,137,177615,POINT (1028931.8143046284 215115.26618027306),ROOSEVELT AVENUE BRIDGE,Flushing Line,Flushing Line,EB,2021-03-10 16:30:00,119.0,116.0,106.0,123.0,144.0,16,2,134.0
32970,Queens,2021,3,10,16,30,111,177615,POINT (1028931.8143046284 215115.26618027306),ROOSEVELT AVENUE BRIDGE,Flushing Line,Flushing Line,WB,2021-03-10 16:30:00,118.0,98.0,98.0,88.0,106.0,16,2,94.0
32970,Brooklyn,2021,3,10,16,30,292,191114,POINT (988207.4245194928 151130.52481856258),CROPSEY AVENUE BRIDGE,Coney Island Creek Shoreline,Dead end,NB,2021-03-10 16:30:00,264.0,285.0,320.0,328.0,237.0,16,2,285.0
32970,Brooklyn,2021,3,10,16,45,237,191114,POINT (988207.4245194928 151130.52481856258),CROPSEY AVENUE BRIDGE,Coney Island Creek Shoreline,Dead end,NB,2021-03-10 16:45:00,292.0,264.0,283.0,305.0,251.0,16,2,270.0
32970,Queens,2021,3,10,16,45,106,177615,POINT (1028931.8143046284 215115.26618027306),ROOSEVELT AVENUE BRIDGE,Flushing Line,Flushing Line,WB,2021-03-10 16:45:00,111.0,118.0,108.0,110.0,97.0,16,2,111.0
32970,Queens,2021,3,10,16,45,144,177615,POINT (1028931.8143046284 215115.26618027306),ROOSEVELT AVENUE BRIDGE,Flushing Line,Flushing Line,EB,2021-03-10 16:45:00,137.0,119.0,120.0,129.0,169.0,16,2,131.0
32970,Brooklyn,2021,3,10,16,45,242,157501,POINT (988148.6889210109 151103.24158873298),CROPSEY AVENUE BRIDGE,Cropsey Avenue,Dead end,SB,2021-03-10 16:45:00,254.0,247.0,253.0,305.0,288.0,16,2,248.0
32970,Brooklyn,2021,3,10,17,0,288,157501,POINT (988148.6889210109 151103.24158873298),CROPSEY AVENUE BRIDGE,Cropsey Avenue,Dead end,SB,2021-03-10 17:00:00,242.0,254.0,294.0,279.0,283.0,17,2,279.0
32970,Queens,2021,3,10,17,0,169,177615,POINT (1028931.8143046284 215115.26618027306),ROOSEVELT AVENUE BRIDGE,Flushing Line,Flushing Line,EB,2021-03-10 17:00:00,144.0,137.0,116.0,140.0,147.0,17,2,160.0
32970,Queens,2021,3,10,17,0,97,177615,POINT (1028931.8143046284 215115.26618027306),ROOSEVELT AVENUE BRIDGE,Flushing Line,Flushing Line,WB,2021-03-10 17:00:00,106.0,111.0,98.0,98.0,84.0,17,2,116.0
32970,Brooklyn,2021,3,10,17,0,251,191114,POINT (988207.4245194928 151130.52481856258),CROPSEY AVENUE BRIDGE,Coney Island Creek Shoreline,Dead end,NB,2021-03-10 17:00:00,237.0,292.0,285.0,265.0,275.0,17,2,292.0
32970,Brooklyn,2021,3,10,17,15,283,157501,POINT (988148.6889210109 151103.24158873298),CROPSEY AVENUE BRIDGE,Cropsey Avenue,Dead end,SB,2021-03-10 17:15:00,288.0,242.0,247.0,263.0,263.0,17,2,279.0
32970,Queens,2021,3,10,17,15,147,177615,POINT (1028931.8143046284 215115.26618027306),ROOSEVELT AVENUE BRIDGE,Flushing Line,Flushing Line,EB,2021-03-10 17:15:00,169.0,144.0,119.0,122.0,160.0,17,2,158.0
32970,Queens,2021,3,10,17,15,84,177615,POINT (1028931.8143046284 215115.26618027306),ROOSEVELT AVENUE BRIDGE,Flushing Line,Flushing Line,WB,2021-03-10 17:15:00,97.0,106.0,118.0,119.0,131.0,17,2,108.0
32970,Brooklyn,2021,3,10,17,15,275,191114,POINT (988207.4245194928 151130.52481856258),CROPSEY AVENUE BRIDGE,Coney Island Creek Shoreline,Dead end,NB,2021-03-10 17:15:00,251.0,237.0,264.0,299.0,255.0,17,2,257.0
32970,Queens,2021,3,10,17,30,131,177615,POINT (1028931.8143046284 215115.26618027306),ROOSEVELT AVENUE BRIDGE,Flushing Line,Flushing Line,WB,2021-03-10 17:30:00,84.0,97.0,111.0,98.0,105.0,17,2,134.0
32970,Brooklyn,2021,3,10,17,30,255,191114,POINT (988207.4245194928 151130.52481856258),CROPSEY AVENUE BRIDGE,Coney Island Creek Shoreline,Dead end,NB,2021-03-10 17:30:00,275.0,251.0,292.0,320.0,262.0,17,2,254.0
32970,Brooklyn,2021,3,10,17,30,263,157501,POINT (988148.6889210109 151103.24158873298),CROPSEY AVENUE BRIDGE,Cropsey Avenue,Dead end,SB,2021-03-10 17:30:00,283.0,288.0,254.0,243.0,274.0,17,2,299.0
32970,Queens,2021,3,10,17,30,160,177615,POINT (1028931.8143046284 215115.26618027306),ROOSEVELT AVENUE BRIDGE,Flushing Line,Flushing Line,EB,2021-03-10 17:30:00,147.0,169.0,137.0,106.0,132.0,17,2,152.0
32970,Brooklyn,2021,3,10,17,45,274,157501,POINT (988148.6889210109 151103.24158873298),CROPSEY AVENUE BRIDGE,Cropsey Avenue,Dead end,SB,2021-03-10 17:45:00,263.0,283.0,242.0,253.0,291.0,17,2,265.0
32970,Queens,2021,3,10,17,45,132,177615,POINT (1028931.8143046284 215115.26618027306),ROOSEVELT AVENUE BRIDGE,Flushing Line,Flushing Line,EB,2021-03-10 17:45:00,160.0,147.0,144.0,120.0,144.0,17,2,127.0
32970,Queens,2021,3,10,17,45,105,177615,POINT (1028931.8143046284 215115.26618027306),ROOSEVELT AVENUE BRIDGE,Flushing Line,Flushing Line,WB,2021-03-10 17:45:00,131.0,84.0,106.0,108.0,102.0,17,2,90.0
32970,Brooklyn,2021,3,10,17,45,262,191114,POINT (988207.4245194928 151130.52481856258),CROPSEY AVENUE BRIDGE,Coney Island Creek Shoreline,Dead end,NB,2021-03-10 17:45:00,255.0,275.0,237.0,283.0,228.0,17,2,255.0
32970,Brooklyn,2021,3,10,18,0,291,157501,POINT (988148.6889210109 151103.24158873298),CROPSEY AVENUE BRIDGE,Cropsey Avenue,Dead end,SB,2021-03-10 18:00:00,274.0,263.0,288.0,294.0,241.0,18,2,301.0
32970,Queens,2021,3,10,18,0,144,177615,POINT (1028931.8143046284 215115.26618027306),ROOSEVELT AVENUE BRIDGE,Flushing Line,Flushing Line,EB,2021-03-10 18:00:00,132.0,160.0,169.0,116.0,111.0,18,2,140.0
32970,Queens,2021,3,10,18,0,102,177615,POINT (1028931.8143046284 215115.26618027306),ROOSEVELT AVENUE BRIDGE,Flushing Line,Flushing Line,WB,2021-03-10 18:00:00,105.0,131.0,97.0,98.0,99.0,18,2,101.0
32970,Brooklyn,2021,3,10,18,0,228,191114,POINT (988207.4245194928 151130.52481856258),CROPSEY AVENUE BRIDGE,Coney Island Creek Shoreline,Dead end,NB,2021-03-10 18:00:00,262.0,255.0,251.0,285.0,235.0,18,2,249.0
32970,Brooklyn,2021,3,10,18,15,235,191114,POINT (988207.4245194928 151130.52481856258),CROPSEY AVENUE BRIDGE,Coney Island Creek Shoreline,Dead end,NB,2021-03-10 18:15:00,228.0,262.0,275.0,264.0,201.0,18,2,258.0
32970,Queens,2021,3,10,18,15,99,177615,POINT (1028931.8143046284 215115.26618027306),ROOSEVELT AVENUE BRIDGE,Flushing Line,Flushing Line,WB,2021-03-10 18:15:00,102.0,105.0,84.0,118.0,84.0,18,2,106.0
32970,Queens,2021,3,10,18,15,111,177615,POINT (1028931.8143046284 215115.26618027306),ROOSEVELT AVENUE BRIDGE,Flushing Line,Flushing Line,EB,2021-03-10 18:15:00,144.0,132.0,147.0,119.0,137.0,18,2,132.0
32970,Brooklyn,2021,3,10,18,15,241,157501,POINT (988148.6889210109 151103.24158873298),CROPSEY AVENUE BRIDGE,Cropsey Avenue,Dead end,SB,2021-03-10 18:15:00,291.0,274.0,283.0,247.0,295.0,18,2,236.0
32970,Brooklyn,2021,3,10,18,30,295,157501,POINT (988148.6889210109 151103.24158873298),CROPSEY AVENUE BRIDGE,Cropsey Avenue,Dead end,SB,2021-03-10 18:30:00,241.0,291.0,263.0,254.0,286.0,18,2,279.0
32970,Queens,2021,3,10,18,30,137,177615,POINT (1028931.8143046284 215115.26618027306),ROOSEVELT AVENUE BRIDGE,Flushing Line,Flushing Line,EB,2021-03-10 18:30:00,111.0,144.0,160.0,137.0,115.0,18,2,126.0
32970,Queens,2021,3,10,18,30,84,177615,POINT (1028931.8143046284 215115.26618027306),ROOSEVELT AVENUE BRIDGE,Flushing Line,Flushing Line,WB,2021-03-10 18:30:00,99.0,102.0,131.0,111.0,82.0,18,2,86.0
32970,Brooklyn,2021,3,10,18,30,201,191114,POINT (988207.4245194928 151130.52481856258),CROPSEY AVENUE BRIDGE,Coney Island Creek Shoreline,Dead end,NB,2021-03-10 18:30:00,235.0,228.0,255.0,292.0,191.0,18,2,212.0
32970,Brooklyn,2021,3,10,18,45,286,157501,POINT (988148.6889210109 151103.24158873298),CROPSEY AVENUE BRIDGE,Cropsey Avenue,Dead end,SB,2021-03-10 18:45:00,295.0,241.0,274.0,242.0,290.0,18,2,229.0
32970,Queens,2021,3,10,18,45,115,177615,POINT (1028931.8143046284 215115.26618027306),ROOSEVELT AVENUE BRIDGE,Flushing Line,Flushing Line,EB,2021-03-10 18:45:00,137.0,111.0,132.0,144.0,109.0,18,2,127.0
32970,Queens,2021,3,10,18,45,82,177615,POINT (1028931.8143046284 215115.26618027306),ROOSEVELT AVENUE BRIDGE,Flushing Line,Flushing Line,WB,2021-03-10 18:45:00,84.0,99.0,105.0,106.0,79.0,18,2,79.0
32970,Brooklyn,2021,3,10,18,45,191,191114,POINT (988207.4245194928 151130.52481856258),CROPSEY AVENUE BRIDGE,Coney Island Creek Shoreline,Dead end,NB,2021-03-10 18:45:00,201.0,235.0,262.0,237.0,209.0,18,2,224.0
32970,Queens,2021,3,10,19,0,79,177615,POINT (1028931.8143046284 215115.26618027306),ROOSEVELT AVENUE BRIDGE,Flushing Line,Flushing Line,WB,2021-03-10 19:00:00,82.0,84.0,102.0,97.0,87.0,19,2,76.0
32970,Brooklyn,2021,3,10,19,0,209,191114,POINT (988207.4245194928 151130.52481856258),CROPSEY AVENUE BRIDGE,Coney Island Creek Shoreline,Dead end,NB,2021-03-10 19:00:00,191.0,201.0,228.0,251.0,214.0,19,2,223.0
32970,Brooklyn,2021,3,10,19,0,290,157501,POINT (988148.6889210109 151103.24158873298),CROPSEY AVENUE BRIDGE,Cropsey Avenue,Dead end,SB,2021-03-10 19:00:00,286.0,295.0,291.0,288.0,264.0,19,2,284.0
32970,Queens,2021,3,10,19,0,109,177615,POINT (1028931.8143046284 215115.26618027306),ROOSEVELT AVENUE BRIDGE,Flushing Line,Flushing Line,EB,2021-03-10 19:00:00,115.0,137.0,144.0,169.0,119.0,19,2,105.0
32970,Brooklyn,2021,3,10,19,15,264,157501,POINT (988148.6889210109 151103.24158873298),CROPSEY AVENUE BRIDGE,Cropsey Avenue,Dead end,SB,2021-03-10 19:15:00,290.0,286.0,241.0,283.0,241.0,19,2,249.0
32970,Queens,2021,3,10,19,15,119,177615,POINT (1028931.8143046284 215115.26618027306),ROOSEVELT AVENUE BRIDGE,Flushing Line,Flushing Line,EB,2021-03-10 19:15:00,109.0,115.0,111.0,147.0,86.0,19,2,90.0
32970,Queens,2021,3,10,19,15,87,177615,POINT (1028931.8143046284 215115.26618027306),ROOSEVELT AVENUE BRIDGE,Flushing Line,Flushing Line,WB,2021-03-10 19:15:00,79.0,82.0,99.0,84.0,73.0,19,2,95.0
32970,Brooklyn,2021,3,10,19,15,214,191114,POINT (988207.4245194928 151130.52481856258),CROPSEY AVENUE BRIDGE,Coney Island Creek Shoreline,Dead end,NB,2021-03-10 19:15:00,209.0,191.0,235.0,275.0,198.0,19,2,221.0
32970,Brooklyn,2021,3,10,19,30,241,157501,POINT (988148.6889210109 151103.24158873298),CROPSEY AVENUE BRIDGE,Cropsey Avenue,Dead end,SB,2021-03-10 19:30:00,264.0,290.0,295.0,263.0,232.0,19,2,275.0
32970,Queens,2021,3,10,19,30,86,177615,POINT (1028931.8143046284 215115.26618027306),ROOSEVELT AVENUE BRIDGE,Flushing Line,Flushing Line,EB,2021-03-10 19:30:00,119.0,109.0,137.0,160.0,88.0,19,2,99.0
32970,Queens,2021,3,10,19,30,73,177615,POINT (1028931.8143046284 215115.26618027306),ROOSEVELT AVENUE BRIDGE,Flushing Line,Flushing Line,WB,2021-03-10 19:30:00,87.0,79.0,84.0,131.0,88.0,19,2,80.0
32970,Brooklyn,2021,3,10,19,30,198,191114,POINT (988207.4245194928 151130.52481856258),CROPSEY AVENUE BRIDGE,Coney Island Creek Shoreline,Dead end,NB,2021-03-10 19:30:00,214.0,209.0,201.0,255.0,171.0,19,2,174.0
32970,Queens,2021,3,10,19,45,88,177615,POINT (1028931.8143046284 215115.26618027306),ROOSEVELT AVENUE BRIDGE,Flushing Line,Flushing Line,WB,2021-03-10 19:45:00,73.0,87.0,82.0,105.0,60.0,19,2,79.0
32970,Brooklyn,2021,3,10,19,45,171,191114,POINT (988207.4245194928 151130.52481856258),CROPSEY AVENUE BRIDGE,Coney Island Creek Shoreline,Dead end,NB,2021-03-10 19:45:00,198.0,214.0,191.0,262.0,153.0,19,2,192.0
32970,Brooklyn,2021,3,10,19,45,232,157501,POINT (988148.6889210109 151103.24158873298),CROPSEY AVENUE BRIDGE,Cropsey Avenue,Dead end,SB,2021-03-10 19:45:00,241.0,264.0,286.0,274.0,237.0,19,2,232.0
32970,Queens,2021,3,10,19,45,88,177615,POINT (1028931.8143046284 215115.26618027306),ROOSEVELT AVENUE BRIDGE,Flushing Line,Flushing Line,EB,2021-03-10 19:45:00,86.0,119.0,115.0,132.0,84.0,19,2,85.0
32970,Brooklyn,2021,3,10,20,0,237,157501,POINT (988148.6889210109 151103.24158873298),CROPSEY AVENUE BRIDGE,Cropsey Avenue,Dead end,SB,2021-03-10 20:00:00,232.0,241.0,290.0,291.0,198.0,20,2,231.0
32970,Queens,2021,3,10,20,0,84,177615,POINT (1028931.8143046284 215115.26618027306),ROOSEVELT AVENUE BRIDGE,Flushing Line,Flushing Line,EB,2021-03-10 20:00:00,88.0,86.0,109.0,144.0,78.0,20,2,53.0
32970,Queens,2021,3,10,20,0,60,177615,POINT (1028931.8143046284 215115.26618027306),ROOSEVELT AVENUE BRIDGE,Flushing Line,Flushing Line,WB,2021-03-10 20:00:00,88.0,73.0,79.0,102.0,63.0,20,2,72.0
32970,Brooklyn,2021,3,10,20,0,153,191114,POINT (988207.4245194928 151130.52481856258),CROPSEY AVENUE BRIDGE,Coney Island Creek Shoreline,Dead end,NB,2021-03-10 20:00:00,171.0,198.0,209.0,228.0,171.0,20,2,154.0
32970,Brooklyn,2021,3,10,20,15,198,157501,POINT (988148.6889210109 151103.24158873298),CROPSEY AVENUE BRIDGE,Cropsey Avenue,Dead end,SB,2021-03-10 20:15:00,237.0,232.0,264.0,241.0,189.0,20,2,200.0
32970,Queens,2021,3,10,20,15,78,177615,POINT (1028931.8143046284 215115.26618027306),ROOSEVELT AVENUE BRIDGE,Flushing Line,Flushing Line,EB,2021-03-10 20:15:00,84.0,88.0,119.0,111.0,59.0,20,2,77.0
32970,Queens,2021,3,10,20,15,63,177615,POINT (1028931.8143046284 215115.26618027306),ROOSEVELT AVENUE BRIDGE,Flushing Line,Flushing Line,WB,2021-03-10 20:15:00,60.0,88.0,87.0,99.0,62.0,20,2,61.0
32970,Brooklyn,2021,3,10,20,15,171,191114,POINT (988207.4245194928 151130.52481856258),CROPSEY AVENUE BRIDGE,Coney Island Creek Shoreline,Dead end,NB,2021-03-10 20:15:00,153.0,171.0,214.0,235.0,147.0,20,2,165.0
32970,Brooklyn,2021,3,10,20,30,147,191114,POINT (988207.4245194928 151130.52481856258),CROPSEY AVENUE BRIDGE,Coney Island Creek Shoreline,Dead end,NB,2021-03-10 20:30:00,171.0,153.0,198.0,201.0,129.0,20,2,163.0
32970,Brooklyn,2021,3,10,20,30,189,157501,POINT (988148.6889210109 151103.24158873298),CROPSEY AVENUE BRIDGE,Cropsey Avenue,Dead end,SB,2021-03-10 20:30:00,198.0,237.0,241.0,295.0,175.0,20,2,181.0
32970,Queens,2021,3,10,20,30,59,177615,POINT (1028931.8143046284 215115.26618027306),ROOSEVELT AVENUE BRIDGE,Flushing Line,Flushing Line,EB,2021-03-10 20:30:00,78.0,84.0,86.0,137.0,78.0,20,2,67.0
32970,Queens,2021,3,10,20,30,62,177615,POINT (1028931.8143046284 215115.26618027306),ROOSEVELT AVENUE BRIDGE,Flushing Line,Flushing Line,WB,2021-03-10 20:30:00,63.0,60.0,73.0,84.0,37.0,20,2,53.0
32970,Queens,2021,3,10,20,45,37,177615,POINT (1028931.8143046284 215115.26618027306),ROOSEVELT AVENUE BRIDGE,Flushing Line,Flushing Line,WB,2021-03-10 20:45:00,62.0,63.0,88.0,82.0,56.0,20,2,45.0
32970,Brooklyn,2021,3,10,20,45,129,191114,POINT (988207.4245194928 151130.52481856258),CROPSEY AVENUE BRIDGE,Coney Island Creek Shoreline,Dead end,NB,2021-03-10 20:45:00,147.0,171.0,171.0,191.0,118.0,20,2,128.0
32970,Brooklyn,2021,3,10,20,45,175,157501,POINT (988148.6889210109 151103.24158873298),CROPSEY AVENUE BRIDGE,Cropsey Avenue,Dead end,SB,2021-03-10 20:45:00,189.0,198.0,232.0,286.0,163.0,20,2,172.0
32970,Queens,2021,3,10,20,45,78,177615,POINT (1028931.8143046284 215115.26618027306),ROOSEVELT AVENUE BRIDGE,Flushing Line,Flushing Line,EB,2021-03-10 20:45:00,59.0,78.0,88.0,115.0,57.0,20,2,61.0
32970,Brooklyn,2021,3,10,21,0,163,157501,POINT (988148.6889210109 151103.24158873298),CROPSEY AVENUE BRIDGE,Cropsey Avenue,Dead end,SB,2021-03-10 21:00:00,175.0,189.0,237.0,290.0,135.0,21,2,151.0
32970,Queens,2021,3,10,21,0,57,177615,POINT (1028931.8143046284 215115.26618027306),ROOSEVELT AVENUE BRIDGE,Flushing Line,Flushing Line,EB,2021-03-10 21:00:00,78.0,59.0,84.0,109.0,56.0,21,2,52.0
32970,Queens,2021,3,10,21,0,56,177615,POINT (1028931.8143046284 215115.26618027306),ROOSEVELT AVENUE BRIDGE,Flushing Line,Flushing Line,WB,2021-03-10 21:00:00,37.0,62.0,60.0,79.0,48.0,21,2,48.0
32970,Brooklyn,2021,3,10,21,0,118,191114,POINT (988207.4245194928 151130.52481856258),CROPSEY AVENUE BRIDGE,Coney Island Creek Shoreline,Dead end,NB,2021-03-10 21:00:00,129.0,147.0,153.0,209.0,134.0,21,2,139.0
32970,Brooklyn,2021,3,10,21,15,135,157501,POINT (988148.6889210109 151103.24158873298),CROPSEY AVENUE BRIDGE,Cropsey Avenue,Dead end,SB,2021-03-10 21:15:00,163.0,175.0,198.0,264.0,140.0,21,2,145.0
32970,Queens,2021,3,10,21,15,56,177615,POINT (1028931.8143046284 215115.26618027306),ROOSEVELT AVENUE BRIDGE,Flushing Line,Flushing Line,EB,2021-03-10 21:15:00,57.0,78.0,78.0,119.0,46.0,21,2,56.0
32970,Queens,2021,3,10,21,15,48,177615,POINT (1028931.8143046284 215115.26618027306),ROOSEVELT AVENUE BRIDGE,Flushing Line,Flushing Line,WB,2021-03-10 21:15:00,56.0,37.0,63.0,87.0,41.0,21,2,45.0
32970,Brooklyn,2021,3,10,21,15,134,191114,POINT (988207.4245194928 151130.52481856258),CROPSEY AVENUE BRIDGE,Coney Island Creek Shoreline,Dead end,NB,2021-03-10 21:15:00,118.0,129.0,171.0,214.0,114.0,21,2,125.0
32970,Brooklyn,2021,3,10,21,30,114,191114,POINT (988207.4245194928 151130.52481856258),CROPSEY AVENUE BRIDGE,Coney Island Creek Shoreline,Dead end,NB,2021-03-10 21:30:00,134.0,118.0,147.0,198.0,118.0,21,2,100.0
32970,Queens,2021,3,10,21,30,41,177615,POINT (1028931.8143046284 215115.26618027306),ROOSEVELT AVENUE BRIDGE,Flushing Line,Flushing Line,WB,2021-03-10 21:30:00,48.0,56.0,62.0,73.0,46.0,21,2,51.0
32970,Brooklyn,2021,3,10,21,30,140,157501,POINT (988148.6889210109 151103.24158873298),CROPSEY AVENUE BRIDGE,Cropsey Avenue,Dead end,SB,2021-03-10 21:30:00,135.0,163.0,189.0,241.0,118.0,21,2,133.0
32970,Queens,2021,3,10,21,30,46,177615,POINT (1028931.8143046284 215115.26618027306),ROOSEVELT AVENUE BRIDGE,Flushing Line,Flushing Line,EB,2021-03-10 21:30:00,56.0,57.0,59.0,86.0,56.0,21,2,63.0
32970,Brooklyn,2021,3,10,21,45,118,157501,POINT (988148.6889210109 151103.24158873298),CROPSEY AVENUE BRIDGE,Cropsey Avenue,Dead end,SB,2021-03-10 21:45:00,140.0,135.0,175.0,232.0,117.0,21,2,138.0
32970,Queens,2021,3,10,21,45,56,177615,POINT (1028931.8143046284 215115.26618027306),ROOSEVELT AVENUE BRIDGE,Flushing Line,Flushing Line,EB,2021-03-10 21:45:00,46.0,56.0,78.0,88.0,36.0,21,2,41.0
32970,Queens,2021,3,10,21,45,46,177615,POINT (1028931.8143046284 215115.26618027306),ROOSEVELT AVENUE BRIDGE,Flushing Line,Flushing Line,WB,2021-03-10 21:45:00,41.0,48.0,37.0,88.0,50.0,21,2,33.0
32970,Brooklyn,2021,3,10,21,45,118,191114,POINT (988207.4245194928 151130.52481856258),CROPSEY AVENUE BRIDGE,Coney Island Creek Shoreline,Dead end,NB,2021-03-10 21:45:00,114.0,134.0,129.0,171.0,98.0,21,2,119.0
32970,Brooklyn,2021,3,10,22,0,98,191114,POINT (988207.4245194928 151130.52481856258),CROPSEY AVENUE BRIDGE,Coney Island Creek Shoreline,Dead end,NB,2021-03-10 22:00:00,118.0,114.0,118.0,153.0,102.0,22,2,95.0
32970,Brooklyn,2021,3,10,22,0,117,157501,POINT (988148.6889210109 151103.24158873298),CROPSEY AVENUE BRIDGE,Cropsey Avenue,Dead end,SB,2021-03-10 22:00:00,118.0,140.0,163.0,237.0,120.0,22,2,130.0
32970,Queens,2021,3,10,22,0,36,177615,POINT (1028931.8143046284 215115.26618027306),ROOSEVELT AVENUE BRIDGE,Flushing Line,Flushing Line,EB,2021-03-10 22:00:00,56.0,46.0,57.0,84.0,42.0,22,2,52.0
32970,Queens,2021,3,10,22,0,50,177615,POINT (1028931.8143046284 215115.26618027306),ROOSEVELT AVENUE BRIDGE,Flushing Line,Flushing Line,WB,2021-03-10 22:00:00,46.0,41.0,56.0,60.0,31.0,22,2,39.0
32970,Queens,2021,3,10,22,15,31,177615,POINT (1028931.8143046284 215115.26618027306),ROOSEVELT AVENUE BRIDGE,Flushing Line,Flushing Line,WB,2021-03-10 22:15:00,50.0,46.0,48.0,63.0,39.0,22,2,37.0
32970,Brooklyn,2021,3,10,22,15,102,191114,POINT (988207.4245194928 151130.52481856258),CROPSEY AVENUE BRIDGE,Coney Island Creek Shoreline,Dead end,NB,2021-03-10 22:15:00,98.0,118.0,134.0,171.0,97.0,22,2,115.0
32970,Brooklyn,2021,3,10,22,15,120,157501,POINT (988148.6889210109 151103.24158873298),CROPSEY AVENUE BRIDGE,Cropsey Avenue,Dead end,SB,2021-03-10 22:15:00,117.0,118.0,135.0,198.0,115.0,22,2,130.0
32970,Queens,2021,3,10,22,15,42,177615,POINT (1028931.8143046284 215115.26618027306),ROOSEVELT AVENUE BRIDGE,Flushing Line,Flushing Line,EB,2021-03-10 22:15:00,36.0,56.0,56.0,78.0,133.0,22,2,35.0
32970,Brooklyn,2021,3,10,22,30,97,191114,POINT (988207.4245194928 151130.52481856258),CROPSEY AVENUE BRIDGE,Coney Island Creek Shoreline,Dead end,NB,2021-03-10 22:30:00,102.0,98.0,114.0,147.0,94.0,22,2,77.0
32970,Queens,2021,3,10,22,30,39,177615,POINT (1028931.8143046284 215115.26618027306),ROOSEVELT AVENUE BRIDGE,Flushing Line,Flushing Line,WB,2021-03-10 22:30:00,31.0,50.0,41.0,62.0,35.0,22,2,32.0
32970,Brooklyn,2021,3,10,22,30,115,157501,POINT (988148.6889210109 151103.24158873298),CROPSEY AVENUE BRIDGE,Cropsey Avenue,Dead end,SB,2021-03-10 22:30:00,120.0,117.0,140.0,189.0,119.0,22,2,126.0
32970,Queens,2021,3,10,22,30,133,177615,POINT (1028931.8143046284 215115.26618027306),ROOSEVELT AVENUE BRIDGE,Flushing Line,Flushing Line,EB,2021-03-10 22:30:00,42.0,36.0,46.0,59.0,88.0,22,2,26.0
32970,Brooklyn,2021,3,10,22,45,119,157501,POINT (988148.6889210109 151103.24158873298),CROPSEY AVENUE BRIDGE,Cropsey Avenue,Dead end,SB,2021-03-10 22:45:00,115.0,120.0,118.0,175.0,95.0,22,2,112.0
32970,Queens,2021,3,10,22,45,88,177615,POINT (1028931.8143046284 215115.26618027306),ROOSEVELT AVENUE BRIDGE,Flushing Line,Flushing Line,EB,2021-03-10 22:45:00,133.0,42.0,56.0,78.0,30.0,22,2,37.0
32970,Queens,2021,3,10,22,45,35,177615,POINT (1028931.8143046284 215115.26618027306),ROOSEVELT AVENUE BRIDGE,Flushing Line,Flushing Line,WB,2021-03-10 22:45:00,39.0,31.0,46.0,37.0,21.0,22,2,23.0
32970,Brooklyn,2021,3,10,22,45,94,191114,POINT (988207.4245194928 151130.52481856258),CROPSEY AVENUE BRIDGE,Coney Island Creek Shoreline,Dead end,NB,2021-03-10 22:45:00,97.0,102.0,118.0,129.0,72.0,22,2,73.0
32970,Brooklyn,2021,3,10,23,0,72,191114,POINT (988207.4245194928 151130.52481856258),CROPSEY AVENUE BRIDGE,Coney Island Creek Shoreline,Dead end,NB,2021-03-10 23:00:00,94.0,97.0,98.0,118.0,63.0,23,2,97.0
32970,Brooklyn,2021,3,10,23,0,95,157501,POINT (988148.6889210109 151103.24158873298),CROPSEY AVENUE BRIDGE,Cropsey Avenue,Dead end,SB,2021-03-10 23:00:00,119.0,115.0,117.0,163.0,89.0,23,2,105.0
32970,Queens,2021,3,10,23,0,30,177615,POINT (1028931.8143046284 215115.26618027306),ROOSEVELT AVENUE BRIDGE,Flushing Line,Flushing Line,EB,2021-03-10 23:00:00,88.0,133.0,36.0,57.0,35.0,23,2,30.0
32970,Queens,2021,3,10,23,0,21,177615,POINT (1028931.8143046284 215115.26618027306),ROOSEVELT AVENUE BRIDGE,Flushing Line,Flushing Line,WB,2021-03-10 23:00:00,35.0,39.0,50.0,56.0,19.0,23,2,20.0
32970,Brooklyn,2021,3,10,23,15,63,191114,POINT (988207.4245194928 151130.52481856258),CROPSEY AVENUE BRIDGE,Coney Island Creek Shoreline,Dead end,NB,2021-03-10 23:15:00,72.0,94.0,102.0,134.0,64.0,23,2,86.0
32970,Queens,2021,3,10,23,15,19,177615,POINT (1028931.8143046284 215115.26618027306),ROOSEVELT AVENUE BRIDGE,Flushing Line,Flushing Line,WB,2021-03-10 23:15:00,21.0,35.0,31.0,48.0,24.0,23,2,29.0
32970,Brooklyn,2021,3,10,23,15,89,157501,POINT (988148.6889210109 151103.24158873298),CROPSEY AVENUE BRIDGE,Cropsey Avenue,Dead end,SB,2021-03-10 23:15:00,95.0,119.0,120.0,135.0,101.0,23,2,89.0
32970,Queens,2021,3,10,23,15,35,177615,POINT (1028931.8143046284 215115.26618027306),ROOSEVELT AVENUE BRIDGE,Flushing Line,Flushing Line,EB,2021-03-10 23:15:00,30.0,88.0,42.0,56.0,37.0,23,2,28.0
32970,Brooklyn,2021,3,10,23,30,101,157501,POINT (988148.6889210109 151103.24158873298),CROPSEY AVENUE BRIDGE,Cropsey Avenue,Dead end,SB,2021-03-10 23:30:00,89.0,95.0,115.0,140.0,74.0,23,2,87.0
32970,Queens,2021,3,10,23,30,37,177615,POINT (1028931.8143046284 215115.26618027306),ROOSEVELT AVENUE BRIDGE,Flushing Line,Flushing Line,EB,2021-03-10 23:30:00,35.0,30.0,133.0,46.0,34.0,23,2,28.0
32970,Queens,2021,3,10,23,30,24,177615,POINT (1028931.8143046284 215115.26618027306),ROOSEVELT AVENUE BRIDGE,Flushing Line,Flushing Line,WB,2021-03-10 23:30:00,19.0,21.0,39.0,41.0,26.0,23,2,22.0
32970,Brooklyn,2021,3,10,23,30,64,191114,POINT (988207.4245194928 151130.52481856258),CROPSEY AVENUE BRIDGE,Coney Island Creek Shoreline,Dead end,NB,2021-03-10 23:30:00,63.0,72.0,97.0,114.0,71.0,23,2,69.0
32970,Brooklyn,2021,3,10,23,45,74,157501,POINT (988148.6889210109 151103.24158873298),CROPSEY AVENUE BRIDGE,Cropsey Avenue,Dead end,SB,2021-03-10 23:45:00,101.0,89.0,119.0,118.0,67.0,23,2,86.0
32970,Queens,2021,3,10,23,45,34,177615,POINT (1028931.8143046284 215115.26618027306),ROOSEVELT AVENUE BRIDGE,Flushing Line,Flushing Line,EB,2021-03-10 23:45:00,37.0,35.0,88.0,56.0,21.0,23,2,25.0
32970,Queens,2021,3,10,23,45,26,177615,POINT (1028931.8143046284 215115.26618027306),ROOSEVELT AVENUE BRIDGE,Flushing Line,Flushing Line,WB,2021-03-10 23:45:00,24.0,19.0,35.0,46.0,21.0,23,2,24.0
32970,Brooklyn,2021,3,10,23,45,71,191114,POINT (988207.4245194928 151130.52481856258),CROPSEY AVENUE BRIDGE,Coney Island Creek Shoreline,Dead end,NB,2021-03-10 23:45:00,64.0,63.0,94.0,118.0,55.0,23,2,84.0
32970,Queens,2021,3,11,0,0,21,177615,POINT (1028931.8143046284 215115.26618027306),ROOSEVELT AVENUE BRIDGE,Flushing Line,Flushing Line,WB,2021-03-11 00:00:00,26.0,24.0,21.0,50.0,15.0,0,3,17.0
32970,Brooklyn,2021,3,11,0,0,55,191114,POINT (988207.4245194928 151130.52481856258),CROPSEY AVENUE BRIDGE,Coney Island Creek Shoreline,Dead end,NB,2021-03-11 00:00:00,71.0,64.0,72.0,98.0,38.0,0,3,57.0
32970,Queens,2021,3,11,0,0,21,177615,POINT (1028931.8143046284 215115.26618027306),ROOSEVELT AVENUE BRIDGE,Flushing Line,Flushing Line,EB,2021-03-11 00:00:00,34.0,37.0,30.0,36.0,13.0,0,3,19.0
32970,Brooklyn,2021,3,11,0,0,67,157501,POINT (988148.6889210109 151103.24158873298),CROPSEY AVENUE BRIDGE,Cropsey Avenue,Dead end,SB,2021-03-11 00:00:00,74.0,101.0,95.0,117.0,62.0,0,3,64.0
32970,Brooklyn,2021,3,11,0,15,62,157501,POINT (988148.6889210109 151103.24158873298),CROPSEY AVENUE BRIDGE,Cropsey Avenue,Dead end,SB,2021-03-11 00:15:00,67.0,74.0,89.0,120.0,54.0,0,3,58.0
32970,Queens,2021,3,11,0,15,13,177615,POINT (1028931.8143046284 215115.26618027306),ROOSEVELT AVENUE BRIDGE,Flushing Line,Flushing Line,EB,2021-03-11 00:15:00,21.0,34.0,35.0,42.0,23.0,0,3,14.0
32970,Queens,2021,3,11,0,15,15,177615,POINT (1028931.8143046284 215115.26618027306),ROOSEVELT AVENUE BRIDGE,Flushing Line,Flushing Line,WB,2021-03-11 00:15:00,21.0,26.0,19.0,31.0,14.0,0,3,9.0
32970,Brooklyn,2021,3,11,0,15,38,191114,POINT (988207.4245194928 151130.52481856258),CROPSEY AVENUE BRIDGE,Coney Island Creek Shoreline,Dead end,NB,2021-03-11 00:15:00,55.0,71.0,63.0,102.0,46.0,0,3,47.0
32970,Brooklyn,2021,3,11,0,30,54,157501,POINT (988148.6889210109 151103.24158873298),CROPSEY AVENUE BRIDGE,Cropsey Avenue,Dead end,SB,2021-03-11 00:30:00,62.0,67.0,101.0,115.0,56.0,0,3,54.0
32970,Queens,2021,3,11,0,30,23,177615,POINT (1028931.8143046284 215115.26618027306),ROOSEVELT AVENUE BRIDGE,Flushing Line,Flushing Line,EB,2021-03-11 00:30:00,13.0,21.0,37.0,133.0,18.0,0,3,17.0
32970,Queens,2021,3,11,0,30,14,177615,POINT (1028931.8143046284 215115.26618027306),ROOSEVELT AVENUE BRIDGE,Flushing Line,Flushing Line,WB,2021-03-11 00:30:00,15.0,21.0,24.0,39.0,11.0,0,3,17.0
32970,Brooklyn,2021,3,11,0,30,46,191114,POINT (988207.4245194928 151130.52481856258),CROPSEY AVENUE BRIDGE,Coney Island Creek Shoreline,Dead end,NB,2021-03-11 00:30:00,38.0,55.0,64.0,97.0,36.0,0,3,55.0
32970,Queens,2021,3,11,0,45,18,177615,POINT (1028931.8143046284 215115.26618027306),ROOSEVELT AVENUE BRIDGE,Flushing Line,Flushing Line,EB,2021-03-11 00:45:00,23.0,13.0,34.0,88.0,14.0,0,3,10.0
32970,Brooklyn,2021,3,11,0,45,56,157501,POINT (988148.6889210109 151103.24158873298),CROPSEY AVENUE BRIDGE,Cropsey Avenue,Dead end,SB,2021-03-11 00:45:00,54.0,62.0,74.0,119.0,32.0,0,3,67.0
32970,Queens,2021,3,11,0,45,11,177615,POINT (1028931.8143046284 215115.26618027306),ROOSEVELT AVENUE BRIDGE,Flushing Line,Flushing Line,WB,2021-03-11 00:45:00,14.0,15.0,26.0,35.0,16.0,0,3,14.0
32970,Brooklyn,2021,3,11,0,45,36,191114,POINT (988207.4245194928 151130.52481856258),CROPSEY AVENUE BRIDGE,Coney Island Creek Shoreline,Dead end,NB,2021-03-11 00:45:00,46.0,38.0,71.0,94.0,41.0,0,3,43.0
32970,Brooklyn,2021,3,11,1,0,41,191114,POINT (988207.4245194928 151130.52481856258),CROPSEY AVENUE BRIDGE,Coney Island Creek Shoreline,Dead end,NB,2021-03-11 01:00:00,36.0,46.0,55.0,72.0,34.0,1,3,63.0
32970,Queens,2021,3,11,1,0,16,177615,POINT (1028931.8143046284 215115.26618027306),ROOSEVELT AVENUE BRIDGE,Flushing Line,Flushing Line,WB,2021-03-11 01:00:00,11.0,14.0,21.0,21.0,13.0,1,3,18.0
32970,Brooklyn,2021,3,11,1,0,32,157501,POINT (988148.6889210109 151103.24158873298),CROPSEY AVENUE BRIDGE,Cropsey Avenue,Dead end,SB,2021-03-11 01:00:00,56.0,54.0,67.0,95.0,39.0,1,3,34.0
32970,Queens,2021,3,11,1,0,14,177615,POINT (1028931.8143046284 215115.26618027306),ROOSEVELT AVENUE BRIDGE,Flushing Line,Flushing Line,EB,2021-03-11 01:00:00,18.0,23.0,21.0,30.0,13.0,1,3,14.0
32970,Brooklyn,2021,3,11,1,15,34,191114,POINT (988207.4245194928 151130.52481856258),CROPSEY AVENUE BRIDGE,Coney Island Creek Shoreline,Dead end,NB,2021-03-11 01:15:00,41.0,36.0,38.0,63.0,36.0,1,3,28.0
32970,Brooklyn,2021,3,11,1,15,39,157501,POINT (988148.6889210109 151103.24158873298),CROPSEY AVENUE BRIDGE,Cropsey Avenue,Dead end,SB,2021-03-11 01:15:00,32.0,56.0,62.0,89.0,33.0,1,3,41.0
32970,Queens,2021,3,11,1,15,13,177615,POINT (1028931.8143046284 215115.26618027306),ROOSEVELT AVENUE BRIDGE,Flushing Line,Flushing Line,EB,2021-03-11 01:15:00,14.0,18.0,13.0,35.0,14.0,1,3,25.0
32970,Queens,2021,3,11,1,15,13,177615,POINT (1028931.8143046284 215115.26618027306),ROOSEVELT AVENUE BRIDGE,Flushing Line,Flushing Line,WB,2021-03-11 01:15:00,16.0,11.0,15.0,19.0,16.0,1,3,19.0
32970,Queens,2021,3,11,1,30,16,177615,POINT (1028931.8143046284 215115.26618027306),ROOSEVELT AVENUE BRIDGE,Flushing Line,Flushing Line,WB,2021-03-11 01:30:00,13.0,16.0,14.0,24.0,11.0,1,3,10.0
32970,Brooklyn,2021,3,11,1,30,36,191114,POINT (988207.4245194928 151130.52481856258),CROPSEY AVENUE BRIDGE,Coney Island Creek Shoreline,Dead end,NB,2021-03-11 01:30:00,34.0,41.0,46.0,64.0,30.0,1,3,30.0
32970,Brooklyn,2021,3,11,1,30,33,157501,POINT (988148.6889210109 151103.24158873298),CROPSEY AVENUE BRIDGE,Cropsey Avenue,Dead end,SB,2021-03-11 01:30:00,39.0,32.0,54.0,101.0,24.0,1,3,33.0
32970,Queens,2021,3,11,1,30,14,177615,POINT (1028931.8143046284 215115.26618027306),ROOSEVELT AVENUE BRIDGE,Flushing Line,Flushing Line,EB,2021-03-11 01:30:00,13.0,14.0,23.0,37.0,9.0,1,3,18.0
32970,Brooklyn,2021,3,11,1,45,30,191114,POINT (988207.4245194928 151130.52481856258),CROPSEY AVENUE BRIDGE,Coney Island Creek Shoreline,Dead end,NB,2021-03-11 01:45:00,36.0,34.0,36.0,71.0,30.0,1,3,33.0
32970,Queens,2021,3,11,1,45,11,177615,POINT (1028931.8143046284 215115.26618027306),ROOSEVELT AVENUE BRIDGE,Flushing Line,Flushing Line,WB,2021-03-11 01:45:00,16.0,13.0,11.0,26.0,16.0,1,3,9.0
32970,Brooklyn,2021,3,11,1,45,24,157501,POINT (988148.6889210109 151103.24158873298),CROPSEY AVENUE BRIDGE,Cropsey Avenue,Dead end,SB,2021-03-11 01:45:00,33.0,39.0,56.0,74.0,32.0,1,3,27.0
32970,Queens,2021,3,11,1,45,9,177615,POINT (1028931.8143046284 215115.26618027306),ROOSEVELT AVENUE BRIDGE,Flushing Line,Flushing Line,EB,2021-03-11 01:45:00,14.0,13.0,18.0,34.0,14.0,1,3,13.0
32970,Brooklyn,2021,3,11,2,0,32,157501,POINT (988148.6889210109 151103.24158873298),CROPSEY AVENUE BRIDGE,Cropsey Avenue,Dead end,SB,2021-03-11 02:00:00,24.0,33.0,32.0,67.0,33.0,2,3,27.0
32970,Queens,2021,3,11,2,0,14,177615,POINT (1028931.8143046284 215115.26618027306),ROOSEVELT AVENUE BRIDGE,Flushing Line,Flushing Line,EB,2021-03-11 02:00:00,9.0,14.0,14.0,21.0,12.0,2,3,13.0
32970,Queens,2021,3,11,2,0,16,177615,POINT (1028931.8143046284 215115.26618027306),ROOSEVELT AVENUE BRIDGE,Flushing Line,Flushing Line,WB,2021-03-11 02:00:00,11.0,16.0,16.0,21.0,16.0,2,3,15.0
32970,Brooklyn,2021,3,11,2,0,30,191114,POINT (988207.4245194928 151130.52481856258),CROPSEY AVENUE BRIDGE,Coney Island Creek Shoreline,Dead end,NB,2021-03-11 02:00:00,30.0,36.0,41.0,55.0,25.0,2,3,28.0
32970,Brooklyn,2021,3,11,2,15,25,191114,POINT (988207.4245194928 151130.52481856258),CROPSEY AVENUE BRIDGE,Coney Island Creek Shoreline,Dead end,NB,2021-03-11 02:15:00,30.0,30.0,34.0,38.0,33.0,2,3,15.0
32970,Brooklyn,2021,3,11,2,15,33,157501,POINT (988148.6889210109 151103.24158873298),CROPSEY AVENUE BRIDGE,Cropsey Avenue,Dead end,SB,2021-03-11 02:15:00,32.0,24.0,39.0,62.0,24.0,2,3,28.0
32970,Queens,2021,3,11,2,15,12,177615,POINT (1028931.8143046284 215115.26618027306),ROOSEVELT AVENUE BRIDGE,Flushing Line,Flushing Line,EB,2021-03-11 02:15:00,14.0,9.0,13.0,13.0,20.0,2,3,12.0
32970,Queens,2021,3,11,2,15,16,177615,POINT (1028931.8143046284 215115.26618027306),ROOSEVELT AVENUE BRIDGE,Flushing Line,Flushing Line,WB,2021-03-11 02:15:00,16.0,11.0,13.0,15.0,8.0,2,3,10.0
32970,Brooklyn,2021,3,11,2,30,33,191114,POINT (988207.4245194928 151130.52481856258),CROPSEY AVENUE BRIDGE,Coney Island Creek Shoreline,Dead end,NB,2021-03-11 02:30:00,25.0,30.0,36.0,46.0,23.0,2,3,28.0
32970,Queens,2021,3,11,2,30,8,177615,POINT (1028931.8143046284 215115.26618027306),ROOSEVELT AVENUE BRIDGE,Flushing Line,Flushing Line,WB,2021-03-11 02:30:00,16.0,16.0,16.0,14.0,9.0,2,3,8.0
32970,Queens,2021,3,11,2,30,20,177615,POINT (1028931.8143046284 215115.26618027306),ROOSEVELT AVENUE BRIDGE,Flushing Line,Flushing Line,EB,2021-03-11 02:30:00,12.0,14.0,14.0,23.0,17.0,2,3,15.0
32970,Brooklyn,2021,3,11,2,30,24,157501,POINT (988148.6889210109 151103.24158873298),CROPSEY AVENUE BRIDGE,Cropsey Avenue,Dead end,SB,2021-03-11 02:30:00,33.0,32.0,33.0,54.0,27.0,2,3,31.0
32970,Brooklyn,2021,3,11,2,45,23,191114,POINT (988207.4245194928 151130.52481856258),CROPSEY AVENUE BRIDGE,Coney Island Creek Shoreline,Dead end,NB,2021-03-11 02:45:00,33.0,25.0,30.0,36.0,13.0,2,3,18.0
32970,Brooklyn,2021,3,11,2,45,27,157501,POINT (988148.6889210109 151103.24158873298),CROPSEY AVENUE BRIDGE,Cropsey Avenue,Dead end,SB,2021-03-11 02:45:00,24.0,33.0,24.0,56.0,24.0,2,3,21.0
32970,Queens,2021,3,11,2,45,17,177615,POINT (1028931.8143046284 215115.26618027306),ROOSEVELT AVENUE BRIDGE,Flushing Line,Flushing Line,EB,2021-03-11 02:45:00,20.0,12.0,9.0,18.0,13.0,2,3,8.0
32970,Queens,2021,3,11,2,45,9,177615,POINT (1028931.8143046284 215115.26618027306),ROOSEVELT AVENUE BRIDGE,Flushing Line,Flushing Line,WB,2021-03-11 02:45:00,8.0,16.0,11.0,11.0,6.0,2,3,7.0
32970,Queens,2021,3,11,3,0,13,177615,POINT (1028931.8143046284 215115.26618027306),ROOSEVELT AVENUE BRIDGE,Flushing Line,Flushing Line,EB,2021-03-11 03:00:00,17.0,20.0,14.0,14.0,13.0,3,3,14.0
32970,Queens,2021,3,11,3,0,6,177615,POINT (1028931.8143046284 215115.26618027306),ROOSEVELT AVENUE BRIDGE,Flushing Line,Flushing Line,WB,2021-03-11 03:00:00,9.0,8.0,16.0,16.0,3.0,3,3,5.0
32970,Brooklyn,2021,3,11,3,0,24,157501,POINT (988148.6889210109 151103.24158873298),CROPSEY AVENUE BRIDGE,Cropsey Avenue,Dead end,SB,2021-03-11 03:00:00,27.0,24.0,32.0,32.0,19.0,3,3,27.0
32970,Brooklyn,2021,3,11,3,0,13,191114,POINT (988207.4245194928 151130.52481856258),CROPSEY AVENUE BRIDGE,Coney Island Creek Shoreline,Dead end,NB,2021-03-11 03:00:00,23.0,33.0,30.0,41.0,23.0,3,3,18.0
32970,Brooklyn,2021,3,11,3,15,23,191114,POINT (988207.4245194928 151130.52481856258),CROPSEY AVENUE BRIDGE,Coney Island Creek Shoreline,Dead end,NB,2021-03-11 03:15:00,13.0,23.0,25.0,34.0,14.0,3,3,28.0
32970,Queens,2021,3,11,3,15,3,177615,POINT (1028931.8143046284 215115.26618027306),ROOSEVELT AVENUE BRIDGE,Flushing Line,Flushing Line,WB,2021-03-11 03:15:00,6.0,9.0,16.0,13.0,10.0,3,3,5.0
32970,Queens,2021,3,11,3,15,13,177615,POINT (1028931.8143046284 215115.26618027306),ROOSEVELT AVENUE BRIDGE,Flushing Line,Flushing Line,EB,2021-03-11 03:15:00,13.0,17.0,12.0,13.0,14.0,3,3,10.0
32970,Brooklyn,2021,3,11,3,15,19,157501,POINT (988148.6889210109 151103.24158873298),CROPSEY AVENUE BRIDGE,Cropsey Avenue,Dead end,SB,2021-03-11 03:15:00,24.0,27.0,33.0,39.0,24.0,3,3,21.0
32970,Brooklyn,2021,3,11,3,30,24,157501,POINT (988148.6889210109 151103.24158873298),CROPSEY AVENUE BRIDGE,Cropsey Avenue,Dead end,SB,2021-03-11 03:30:00,19.0,24.0,24.0,33.0,28.0,3,3,18.0
32970,Queens,2021,3,11,3,30,14,177615,POINT (1028931.8143046284 215115.26618027306),ROOSEVELT AVENUE BRIDGE,Flushing Line,Flushing Line,EB,2021-03-11 03:30:00,13.0,13.0,20.0,14.0,10.0,3,3,18.0
32970,Queens,2021,3,11,3,30,10,177615,POINT (1028931.8143046284 215115.26618027306),ROOSEVELT AVENUE BRIDGE,Flushing Line,Flushing Line,WB,2021-03-11 03:30:00,3.0,6.0,8.0,16.0,8.0,3,3,10.0
32970,Brooklyn,2021,3,11,3,30,14,191114,POINT (988207.4245194928 151130.52481856258),CROPSEY AVENUE BRIDGE,Coney Island Creek Shoreline,Dead end,NB,2021-03-11 03:30:00,23.0,13.0,33.0,36.0,17.0,3,3,24.0
32970,Brooklyn,2021,3,11,3,45,28,157501,POINT (988148.6889210109 151103.24158873298),CROPSEY AVENUE BRIDGE,Cropsey Avenue,Dead end,SB,2021-03-11 03:45:00,24.0,19.0,27.0,24.0,21.0,3,3,25.0
32970,Queens,2021,3,11,3,45,10,177615,POINT (1028931.8143046284 215115.26618027306),ROOSEVELT AVENUE BRIDGE,Flushing Line,Flushing Line,EB,2021-03-11 03:45:00,14.0,13.0,17.0,9.0,20.0,3,3,13.0
32970,Queens,2021,3,11,3,45,8,177615,POINT (1028931.8143046284 215115.26618027306),ROOSEVELT AVENUE BRIDGE,Flushing Line,Flushing Line,WB,2021-03-11 03:45:00,10.0,3.0,9.0,11.0,20.0,3,3,7.0
32970,Brooklyn,2021,3,11,3,45,17,191114,POINT (988207.4245194928 151130.52481856258),CROPSEY AVENUE BRIDGE,Coney Island Creek Shoreline,Dead end,NB,2021-03-11 03:45:00,14.0,23.0,23.0,30.0,37.0,3,3,22.0
32970,Brooklyn,2021,3,11,4,0,37,191114,POINT (988207.4245194928 151130.52481856258),CROPSEY AVENUE BRIDGE,Coney Island Creek Shoreline,Dead end,NB,2021-03-11 04:00:00,17.0,14.0,13.0,30.0,35.0,4,3,31.0
32970,Queens,2021,3,11,4,0,20,177615,POINT (1028931.8143046284 215115.26618027306),ROOSEVELT AVENUE BRIDGE,Flushing Line,Flushing Line,WB,2021-03-11 04:00:00,8.0,10.0,6.0,16.0,10.0,4,3,9.0
32970,Queens,2021,3,11,4,0,20,177615,POINT (1028931.8143046284 215115.26618027306),ROOSEVELT AVENUE BRIDGE,Flushing Line,Flushing Line,EB,2021-03-11 04:00:00,10.0,14.0,13.0,14.0,14.0,4,3,18.0
32970,Brooklyn,2021,3,11,4,0,21,157501,POINT (988148.6889210109 151103.24158873298),CROPSEY AVENUE BRIDGE,Cropsey Avenue,Dead end,SB,2021-03-11 04:00:00,28.0,24.0,24.0,32.0,38.0,4,3,31.0
32970,Brooklyn,2021,3,11,4,15,38,157501,POINT (988148.6889210109 151103.24158873298),CROPSEY AVENUE BRIDGE,Cropsey Avenue,Dead end,SB,2021-03-11 04:15:00,21.0,28.0,19.0,33.0,32.0,4,3,30.0
32970,Queens,2021,3,11,4,15,14,177615,POINT (1028931.8143046284 215115.26618027306),ROOSEVELT AVENUE BRIDGE,Flushing Line,Flushing Line,EB,2021-03-11 04:15:00,20.0,10.0,13.0,12.0,22.0,4,3,12.0
32970,Queens,2021,3,11,4,15,10,177615,POINT (1028931.8143046284 215115.26618027306),ROOSEVELT AVENUE BRIDGE,Flushing Line,Flushing Line,WB,2021-03-11 04:15:00,20.0,8.0,3.0,16.0,15.0,4,3,13.0
32970,Brooklyn,2021,3,11,4,15,35,191114,POINT (988207.4245194928 151130.52481856258),CROPSEY AVENUE BRIDGE,Coney Island Creek Shoreline,Dead end,NB,2021-03-11 04:15:00,37.0,17.0,23.0,25.0,46.0,4,3,26.0
32970,Brooklyn,2021,3,11,4,30,32,157501,POINT (988148.6889210109 151103.24158873298),CROPSEY AVENUE BRIDGE,Cropsey Avenue,Dead end,SB,2021-03-11 04:30:00,38.0,21.0,24.0,24.0,49.0,4,3,42.0
32970,Queens,2021,3,11,4,30,22,177615,POINT (1028931.8143046284 215115.26618027306),ROOSEVELT AVENUE BRIDGE,Flushing Line,Flushing Line,EB,2021-03-11 04:30:00,14.0,20.0,14.0,20.0,15.0,4,3,23.0
32970,Queens,2021,3,11,4,30,15,177615,POINT (1028931.8143046284 215115.26618027306),ROOSEVELT AVENUE BRIDGE,Flushing Line,Flushing Line,WB,2021-03-11 04:30:00,10.0,20.0,10.0,8.0,19.0,4,3,11.0
32970,Brooklyn,2021,3,11,4,30,46,191114,POINT (988207.4245194928 151130.52481856258),CROPSEY AVENUE BRIDGE,Coney Island Creek Shoreline,Dead end,NB,2021-03-11 04:30:00,35.0,37.0,14.0,33.0,42.0,4,3,33.0
32970,Queens,2021,3,11,4,45,19,177615,POINT (1028931.8143046284 215115.26618027306),ROOSEVELT AVENUE BRIDGE,Flushing Line,Flushing Line,WB,2021-03-11 04:45:00,15.0,10.0,8.0,9.0,20.0,4,3,20.0
32970,Brooklyn,2021,3,11,4,45,42,191114,POINT (988207.4245194928 151130.52481856258),CROPSEY AVENUE BRIDGE,Coney Island Creek Shoreline,Dead end,NB,2021-03-11 04:45:00,46.0,35.0,17.0,23.0,64.0,4,3,57.0
32970,Brooklyn,2021,3,11,4,45,49,157501,POINT (988148.6889210109 151103.24158873298),CROPSEY AVENUE BRIDGE,Cropsey Avenue,Dead end,SB,2021-03-11 04:45:00,32.0,38.0,28.0,27.0,44.0,4,3,62.0
32970,Queens,2021,3,11,4,45,15,177615,POINT (1028931.8143046284 215115.26618027306),ROOSEVELT AVENUE BRIDGE,Flushing Line,Flushing Line,EB,2021-03-11 04:45:00,22.0,14.0,10.0,17.0,17.0,4,3,15.0
32970,Brooklyn,2021,3,11,5,0,44,157501,POINT (988148.6889210109 151103.24158873298),CROPSEY AVENUE BRIDGE,Cropsey Avenue,Dead end,SB,2021-03-11 05:00:00,49.0,32.0,21.0,24.0,73.0,5,3,47.0
32970,Queens,2021,3,11,5,0,17,177615,POINT (1028931.8143046284 215115.26618027306),ROOSEVELT AVENUE BRIDGE,Flushing Line,Flushing Line,EB,2021-03-11 05:00:00,15.0,22.0,20.0,13.0,28.0,5,3,18.0
32970,Queens,2021,3,11,5,0,20,177615,POINT (1028931.8143046284 215115.26618027306),ROOSEVELT AVENUE BRIDGE,Flushing Line,Flushing Line,WB,2021-03-11 05:00:00,19.0,15.0,20.0,6.0,21.0,5,3,18.0
32970,Brooklyn,2021,3,11,5,0,64,191114,POINT (988207.4245194928 151130.52481856258),CROPSEY AVENUE BRIDGE,Coney Island Creek Shoreline,Dead end,NB,2021-03-11 05:00:00,42.0,46.0,37.0,13.0,65.0,5,3,55.0
32970,Brooklyn,2021,3,11,5,15,73,157501,POINT (988148.6889210109 151103.24158873298),CROPSEY AVENUE BRIDGE,Cropsey Avenue,Dead end,SB,2021-03-11 05:15:00,44.0,49.0,38.0,19.0,96.0,5,3,73.0
32970,Queens,2021,3,11,5,15,28,177615,POINT (1028931.8143046284 215115.26618027306),ROOSEVELT AVENUE BRIDGE,Flushing Line,Flushing Line,EB,2021-03-11 05:15:00,17.0,15.0,14.0,13.0,29.0,5,3,19.0
32970,Queens,2021,3,11,5,15,21,177615,POINT (1028931.8143046284 215115.26618027306),ROOSEVELT AVENUE BRIDGE,Flushing Line,Flushing Line,WB,2021-03-11 05:15:00,20.0,19.0,10.0,3.0,29.0,5,3,23.0
32970,Brooklyn,2021,3,11,5,15,65,191114,POINT (988207.4245194928 151130.52481856258),CROPSEY AVENUE BRIDGE,Coney Island Creek Shoreline,Dead end,NB,2021-03-11 05:15:00,64.0,42.0,35.0,23.0,75.0,5,3,64.0
32970,Queens,2021,3,11,5,30,29,177615,POINT (1028931.8143046284 215115.26618027306),ROOSEVELT AVENUE BRIDGE,Flushing Line,Flushing Line,WB,2021-03-11 05:30:00,21.0,20.0,15.0,10.0,43.0,5,3,35.0
32970,Brooklyn,2021,3,11,5,30,75,191114,POINT (988207.4245194928 151130.52481856258),CROPSEY AVENUE BRIDGE,Coney Island Creek Shoreline,Dead end,NB,2021-03-11 05:30:00,65.0,64.0,46.0,14.0,96.0,5,3,69.0
32970,Brooklyn,2021,3,11,5,30,96,157501,POINT (988148.6889210109 151103.24158873298),CROPSEY AVENUE BRIDGE,Cropsey Avenue,Dead end,SB,2021-03-11 05:30:00,73.0,44.0,32.0,24.0,129.0,5,3,82.0
32970,Queens,2021,3,11,5,30,29,177615,POINT (1028931.8143046284 215115.26618027306),ROOSEVELT AVENUE BRIDGE,Flushing Line,Flushing Line,EB,2021-03-11 05:30:00,28.0,17.0,22.0,14.0,43.0,5,3,34.0
32970,Brooklyn,2021,3,11,5,45,129,157501,POINT (988148.6889210109 151103.24158873298),CROPSEY AVENUE BRIDGE,Cropsey Avenue,Dead end,SB,2021-03-11 05:45:00,96.0,73.0,49.0,28.0,141.0,5,3,140.0
32970,Queens,2021,3,11,5,45,43,177615,POINT (1028931.8143046284 215115.26618027306),ROOSEVELT AVENUE BRIDGE,Flushing Line,Flushing Line,EB,2021-03-11 05:45:00,29.0,28.0,15.0,10.0,32.0,5,3,37.0
32970,Queens,2021,3,11,5,45,43,177615,POINT (1028931.8143046284 215115.26618027306),ROOSEVELT AVENUE BRIDGE,Flushing Line,Flushing Line,WB,2021-03-11 05:45:00,29.0,21.0,19.0,8.0,55.0,5,3,42.0
32970,Brooklyn,2021,3,11,5,45,96,191114,POINT (988207.4245194928 151130.52481856258),CROPSEY AVENUE BRIDGE,Coney Island Creek Shoreline,Dead end,NB,2021-03-11 05:45:00,75.0,65.0,42.0,17.0,123.0,5,3,82.0
32970,Brooklyn,2021,3,11,6,0,141,157501,POINT (988148.6889210109 151103.24158873298),CROPSEY AVENUE BRIDGE,Cropsey Avenue,Dead end,SB,2021-03-11 06:00:00,129.0,96.0,44.0,21.0,190.0,6,3,140.0
32970,Queens,2021,3,11,6,0,32,177615,POINT (1028931.8143046284 215115.26618027306),ROOSEVELT AVENUE BRIDGE,Flushing Line,Flushing Line,EB,2021-03-11 06:00:00,43.0,29.0,17.0,20.0,46.0,6,3,36.0
32970,Queens,2021,3,11,6,0,55,177615,POINT (1028931.8143046284 215115.26618027306),ROOSEVELT AVENUE BRIDGE,Flushing Line,Flushing Line,WB,2021-03-11 06:00:00,43.0,29.0,20.0,20.0,50.0,6,3,44.0
32970,Brooklyn,2021,3,11,6,0,123,191114,POINT (988207.4245194928 151130.52481856258),CROPSEY AVENUE BRIDGE,Coney Island Creek Shoreline,Dead end,NB,2021-03-11 06:00:00,96.0,75.0,64.0,37.0,126.0,6,3,113.0
32970,Brooklyn,2021,3,11,6,15,126,191114,POINT (988207.4245194928 151130.52481856258),CROPSEY AVENUE BRIDGE,Coney Island Creek Shoreline,Dead end,NB,2021-03-11 06:15:00,123.0,96.0,65.0,35.0,156.0,6,3,133.0
32970,Brooklyn,2021,3,11,6,15,190,157501,POINT (988148.6889210109 151103.24158873298),CROPSEY AVENUE BRIDGE,Cropsey Avenue,Dead end,SB,2021-03-11 06:15:00,141.0,129.0,73.0,38.0,244.0,6,3,192.0
32970,Queens,2021,3,11,6,15,46,177615,POINT (1028931.8143046284 215115.26618027306),ROOSEVELT AVENUE BRIDGE,Flushing Line,Flushing Line,EB,2021-03-11 06:15:00,32.0,43.0,28.0,14.0,52.0,6,3,34.0
32970,Queens,2021,3,11,6,15,50,177615,POINT (1028931.8143046284 215115.26618027306),ROOSEVELT AVENUE BRIDGE,Flushing Line,Flushing Line,WB,2021-03-11 06:15:00,55.0,43.0,21.0,10.0,69.0,6,3,51.0
32970,Brooklyn,2021,3,11,6,30,156,191114,POINT (988207.4245194928 151130.52481856258),CROPSEY AVENUE BRIDGE,Coney Island Creek Shoreline,Dead end,NB,2021-03-11 06:30:00,126.0,123.0,75.0,46.0,174.0,6,3,170.0
32970,Queens,2021,3,11,6,30,69,177615,POINT (1028931.8143046284 215115.26618027306),ROOSEVELT AVENUE BRIDGE,Flushing Line,Flushing Line,WB,2021-03-11 06:30:00,50.0,55.0,29.0,15.0,81.0,6,3,66.0
32970,Queens,2021,3,11,6,30,52,177615,POINT (1028931.8143046284 215115.26618027306),ROOSEVELT AVENUE BRIDGE,Flushing Line,Flushing Line,EB,2021-03-11 06:30:00,46.0,32.0,29.0,22.0,62.0,6,3,49.0
32970,Brooklyn,2021,3,11,6,30,244,157501,POINT (988148.6889210109 151103.24158873298),CROPSEY AVENUE BRIDGE,Cropsey Avenue,Dead end,SB,2021-03-11 06:30:00,190.0,141.0,96.0,32.0,277.0,6,3,240.0
32970,Brooklyn,2021,3,11,6,45,277,157501,POINT (988148.6889210109 151103.24158873298),CROPSEY AVENUE BRIDGE,Cropsey Avenue,Dead end,SB,2021-03-11 06:45:00,244.0,190.0,129.0,49.0,232.0,6,3,281.0
32970,Queens,2021,3,11,6,45,62,177615,POINT (1028931.8143046284 215115.26618027306),ROOSEVELT AVENUE BRIDGE,Flushing Line,Flushing Line,EB,2021-03-11 06:45:00,52.0,46.0,43.0,15.0,68.0,6,3,70.0
32970,Queens,2021,3,11,6,45,81,177615,POINT (1028931.8143046284 215115.26618027306),ROOSEVELT AVENUE BRIDGE,Flushing Line,Flushing Line,WB,2021-03-11 06:45:00,69.0,50.0,43.0,19.0,90.0,6,3,93.0
32970,Brooklyn,2021,3,11,6,45,174,191114,POINT (988207.4245194928 151130.52481856258),CROPSEY AVENUE BRIDGE,Coney Island Creek Shoreline,Dead end,NB,2021-03-11 06:45:00,156.0,126.0,96.0,42.0,207.0,6,3,180.0
32970,Brooklyn,2021,3,11,7,0,232,157501,POINT (988148.6889210109 151103.24158873298),CROPSEY AVENUE BRIDGE,Cropsey Avenue,Dead end,SB,2021-03-11 07:00:00,277.0,244.0,141.0,44.0,269.0,7,3,235.0
32970,Queens,2021,3,11,7,0,68,177615,POINT (1028931.8143046284 215115.26618027306),ROOSEVELT AVENUE BRIDGE,Flushing Line,Flushing Line,EB,2021-03-11 07:00:00,62.0,52.0,32.0,17.0,72.0,7,3,63.0
32970,Queens,2021,3,11,7,0,90,177615,POINT (1028931.8143046284 215115.26618027306),ROOSEVELT AVENUE BRIDGE,Flushing Line,Flushing Line,WB,2021-03-11 07:00:00,81.0,69.0,55.0,20.0,103.0,7,3,88.0
32970,Brooklyn,2021,3,11,7,0,207,191114,POINT (988207.4245194928 151130.52481856258),CROPSEY AVENUE BRIDGE,Coney Island Creek Shoreline,Dead end,NB,2021-03-11 07:00:00,174.0,156.0,123.0,64.0,210.0,7,3,203.0
32970,Brooklyn,2021,3,11,7,15,210,191114,POINT (988207.4245194928 151130.52481856258),CROPSEY AVENUE BRIDGE,Coney Island Creek Shoreline,Dead end,NB,2021-03-11 07:15:00,207.0,174.0,126.0,65.0,235.0,7,3,226.0
32970,Queens,2021,3,11,7,15,103,177615,POINT (1028931.8143046284 215115.26618027306),ROOSEVELT AVENUE BRIDGE,Flushing Line,Flushing Line,WB,2021-03-11 07:15:00,90.0,81.0,50.0,21.0,100.0,7,3,113.0
32970,Queens,2021,3,11,7,15,72,177615,POINT (1028931.8143046284 215115.26618027306),ROOSEVELT AVENUE BRIDGE,Flushing Line,Flushing Line,EB,2021-03-11 07:15:00,68.0,62.0,46.0,28.0,88.0,7,3,62.0
32970,Brooklyn,2021,3,11,7,15,269,157501,POINT (988148.6889210109 151103.24158873298),CROPSEY AVENUE BRIDGE,Cropsey Avenue,Dead end,SB,2021-03-11 07:15:00,232.0,277.0,190.0,73.0,262.0,7,3,254.0
32970,Brooklyn,2021,3,11,7,30,262,157501,POINT (988148.6889210109 151103.24158873298),CROPSEY AVENUE BRIDGE,Cropsey Avenue,Dead end,SB,2021-03-11 07:30:00,269.0,232.0,244.0,96.0,305.0,7,3,267.0
32970,Queens,2021,3,11,7,30,88,177615,POINT (1028931.8143046284 215115.26618027306),ROOSEVELT AVENUE BRIDGE,Flushing Line,Flushing Line,EB,2021-03-11 07:30:00,72.0,68.0,52.0,29.0,78.0,7,3,57.0
32970,Queens,2021,3,11,7,30,100,177615,POINT (1028931.8143046284 215115.26618027306),ROOSEVELT AVENUE BRIDGE,Flushing Line,Flushing Line,WB,2021-03-11 07:30:00,103.0,90.0,69.0,29.0,100.0,7,3,101.0
32970,Brooklyn,2021,3,11,7,30,235,191114,POINT (988207.4245194928 151130.52481856258),CROPSEY AVENUE BRIDGE,Coney Island Creek Shoreline,Dead end,NB,2021-03-11 07:30:00,210.0,207.0,156.0,75.0,216.0,7,3,235.0
32970,Brooklyn,2021,3,11,7,45,305,157501,POINT (988148.6889210109 151103.24158873298),CROPSEY AVENUE BRIDGE,Cropsey Avenue,Dead end,SB,2021-03-11 07:45:00,262.0,269.0,277.0,129.0,296.0,7,3,304.0
32970,Queens,2021,3,11,7,45,78,177615,POINT (1028931.8143046284 215115.26618027306),ROOSEVELT AVENUE BRIDGE,Flushing Line,Flushing Line,EB,2021-03-11 07:45:00,88.0,72.0,62.0,43.0,81.0,7,3,78.0
32970,Queens,2021,3,11,7,45,100,177615,POINT (1028931.8143046284 215115.26618027306),ROOSEVELT AVENUE BRIDGE,Flushing Line,Flushing Line,WB,2021-03-11 07:45:00,100.0,103.0,81.0,43.0,91.0,7,3,101.0
32970,Brooklyn,2021,3,11,7,45,216,191114,POINT (988207.4245194928 151130.52481856258),CROPSEY AVENUE BRIDGE,Coney Island Creek Shoreline,Dead end,NB,2021-03-11 07:45:00,235.0,210.0,174.0,96.0,270.0,7,3,208.0
32970,Brooklyn,2021,3,11,8,0,270,191114,POINT (988207.4245194928 151130.52481856258),CROPSEY AVENUE BRIDGE,Coney Island Creek Shoreline,Dead end,NB,2021-03-11 08:00:00,216.0,235.0,207.0,123.0,243.0,8,3,252.0
32970,Queens,2021,3,11,8,0,91,177615,POINT (1028931.8143046284 215115.26618027306),ROOSEVELT AVENUE BRIDGE,Flushing Line,Flushing Line,WB,2021-03-11 08:00:00,100.0,100.0,90.0,55.0,110.0,8,3,91.0
32970,Brooklyn,2021,3,11,8,0,296,157501,POINT (988148.6889210109 151103.24158873298),CROPSEY AVENUE BRIDGE,Cropsey Avenue,Dead end,SB,2021-03-11 08:00:00,305.0,262.0,232.0,141.0,290.0,8,3,279.0
32970,Queens,2021,3,11,8,0,81,177615,POINT (1028931.8143046284 215115.26618027306),ROOSEVELT AVENUE BRIDGE,Flushing Line,Flushing Line,EB,2021-03-11 08:00:00,78.0,88.0,68.0,32.0,88.0,8,3,71.0
32970,Brooklyn,2021,3,11,8,15,290,157501,POINT (988148.6889210109 151103.24158873298),CROPSEY AVENUE BRIDGE,Cropsey Avenue,Dead end,SB,2021-03-11 08:15:00,296.0,305.0,269.0,190.0,258.0,8,3,252.0
32970,Queens,2021,3,11,8,15,88,177615,POINT (1028931.8143046284 215115.26618027306),ROOSEVELT AVENUE BRIDGE,Flushing Line,Flushing Line,EB,2021-03-11 08:15:00,81.0,78.0,72.0,46.0,86.0,8,3,91.0
32970,Queens,2021,3,11,8,15,110,177615,POINT (1028931.8143046284 215115.26618027306),ROOSEVELT AVENUE BRIDGE,Flushing Line,Flushing Line,WB,2021-03-11 08:15:00,91.0,100.0,103.0,50.0,89.0,8,3,91.0
32970,Brooklyn,2021,3,11,8,15,243,191114,POINT (988207.4245194928 151130.52481856258),CROPSEY AVENUE BRIDGE,Coney Island Creek Shoreline,Dead end,NB,2021-03-11 08:15:00,270.0,216.0,210.0,126.0,267.0,8,3,247.0
32970,Brooklyn,2021,3,11,8,30,258,157501,POINT (988148.6889210109 151103.24158873298),CROPSEY AVENUE BRIDGE,Cropsey Avenue,Dead end,SB,2021-03-11 08:30:00,290.0,296.0,262.0,244.0,265.0,8,3,278.0
32970,Queens,2021,3,11,8,30,86,177615,POINT (1028931.8143046284 215115.26618027306),ROOSEVELT AVENUE BRIDGE,Flushing Line,Flushing Line,EB,2021-03-11 08:30:00,88.0,81.0,88.0,52.0,98.0,8,3,78.0
32970,Queens,2021,3,11,8,30,89,177615,POINT (1028931.8143046284 215115.26618027306),ROOSEVELT AVENUE BRIDGE,Flushing Line,Flushing Line,WB,2021-03-11 08:30:00,110.0,91.0,100.0,69.0,103.0,8,3,98.0
32970,Brooklyn,2021,3,11,8,30,267,191114,POINT (988207.4245194928 151130.52481856258),CROPSEY AVENUE BRIDGE,Coney Island Creek Shoreline,Dead end,NB,2021-03-11 08:30:00,243.0,270.0,235.0,156.0,218.0,8,3,236.0
32970,Queens,2021,3,11,8,45,103,177615,POINT (1028931.8143046284 215115.26618027306),ROOSEVELT AVENUE BRIDGE,Flushing Line,Flushing Line,WB,2021-03-11 08:45:00,89.0,110.0,100.0,81.0,80.0,8,3,93.0
32970,Brooklyn,2021,3,11,8,45,218,191114,POINT (988207.4245194928 151130.52481856258),CROPSEY AVENUE BRIDGE,Coney Island Creek Shoreline,Dead end,NB,2021-03-11 08:45:00,267.0,243.0,216.0,174.0,221.0,8,3,210.0
32970,Queens,2021,3,11,8,45,98,177615,POINT (1028931.8143046284 215115.26618027306),ROOSEVELT AVENUE BRIDGE,Flushing Line,Flushing Line,EB,2021-03-11 08:45:00,86.0,88.0,78.0,62.0,89.0,8,3,120.0
32970,Brooklyn,2021,3,11,8,45,265,157501,POINT (988148.6889210109 151103.24158873298),CROPSEY AVENUE BRIDGE,Cropsey Avenue,Dead end,SB,2021-03-11 08:45:00,258.0,290.0,305.0,277.0,272.0,8,3,298.0
32970,Brooklyn,2021,3,11,9,0,272,157501,POINT (988148.6889210109 151103.24158873298),CROPSEY AVENUE BRIDGE,Cropsey Avenue,Dead end,SB,2021-03-11 09:00:00,265.0,258.0,296.0,232.0,263.0,9,3,244.0
32970,Queens,2021,3,11,9,0,89,177615,POINT (1028931.8143046284 215115.26618027306),ROOSEVELT AVENUE BRIDGE,Flushing Line,Flushing Line,EB,2021-03-11 09:00:00,98.0,86.0,81.0,68.0,88.0,9,3,91.0
32970,Queens,2021,3,11,9,0,80,177615,POINT (1028931.8143046284 215115.26618027306),ROOSEVELT AVENUE BRIDGE,Flushing Line,Flushing Line,WB,2021-03-11 09:00:00,103.0,89.0,91.0,90.0,99.0,9,3,96.0
32970,Brooklyn,2021,3,11,9,0,221,191114,POINT (988207.4245194928 151130.52481856258),CROPSEY AVENUE BRIDGE,Coney Island Creek Shoreline,Dead end,NB,2021-03-11 09:00:00,218.0,267.0,270.0,207.0,250.0,9,3,195.0
32970,Brooklyn,2021,3,11,9,15,263,157501,POINT (988148.6889210109 151103.24158873298),CROPSEY AVENUE BRIDGE,Cropsey Avenue,Dead end,SB,2021-03-11 09:15:00,272.0,265.0,290.0,269.0,283.0,9,3,294.0
32970,Queens,2021,3,11,9,15,88,177615,POINT (1028931.8143046284 215115.26618027306),ROOSEVELT AVENUE BRIDGE,Flushing Line,Flushing Line,EB,2021-03-11 09:15:00,89.0,98.0,88.0,72.0,84.0,9,3,94.0
32970,Queens,2021,3,11,9,15,99,177615,POINT (1028931.8143046284 215115.26618027306),ROOSEVELT AVENUE BRIDGE,Flushing Line,Flushing Line,WB,2021-03-11 09:15:00,80.0,103.0,110.0,103.0,79.0,9,3,97.0
32970,Brooklyn,2021,3,11,9,15,250,191114,POINT (988207.4245194928 151130.52481856258),CROPSEY AVENUE BRIDGE,Coney Island Creek Shoreline,Dead end,NB,2021-03-11 09:15:00,221.0,218.0,243.0,210.0,235.0,9,3,216.0
32970,Queens,2021,3,11,9,30,84,177615,POINT (1028931.8143046284 215115.26618027306),ROOSEVELT AVENUE BRIDGE,Flushing Line,Flushing Line,EB,2021-03-11 09:30:00,88.0,89.0,86.0,88.0,98.0,9,3,120.0
32970,Queens,2021,3,11,9,30,79,177615,POINT (1028931.8143046284 215115.26618027306),ROOSEVELT AVENUE BRIDGE,Flushing Line,Flushing Line,WB,2021-03-11 09:30:00,99.0,80.0,89.0,100.0,97.0,9,3,92.0
32970,Brooklyn,2021,3,11,9,30,283,157501,POINT (988148.6889210109 151103.24158873298),CROPSEY AVENUE BRIDGE,Cropsey Avenue,Dead end,SB,2021-03-11 09:30:00,263.0,272.0,258.0,262.0,260.0,9,3,259.0
32970,Brooklyn,2021,3,11,9,30,235,191114,POINT (988207.4245194928 151130.52481856258),CROPSEY AVENUE BRIDGE,Coney Island Creek Shoreline,Dead end,NB,2021-03-11 09:30:00,250.0,221.0,267.0,235.0,247.0,9,3,245.0
32970,Brooklyn,2021,3,11,9,45,247,191114,POINT (988207.4245194928 151130.52481856258),CROPSEY AVENUE BRIDGE,Coney Island Creek Shoreline,Dead end,NB,2021-03-11 09:45:00,235.0,250.0,218.0,216.0,187.0,9,3,216.0
32970,Queens,2021,3,11,9,45,97,177615,POINT (1028931.8143046284 215115.26618027306),ROOSEVELT AVENUE BRIDGE,Flushing Line,Flushing Line,WB,2021-03-11 09:45:00,79.0,99.0,103.0,100.0,86.0,9,3,62.0
32970,Brooklyn,2021,3,11,9,45,260,157501,POINT (988148.6889210109 151103.24158873298),CROPSEY AVENUE BRIDGE,Cropsey Avenue,Dead end,SB,2021-03-11 09:45:00,283.0,263.0,265.0,305.0,266.0,9,3,284.0
32970,Queens,2021,3,11,9,45,98,177615,POINT (1028931.8143046284 215115.26618027306),ROOSEVELT AVENUE BRIDGE,Flushing Line,Flushing Line,EB,2021-03-11 09:45:00,84.0,88.0,98.0,78.0,115.0,9,3,115.0
32970,Brooklyn,2021,3,11,10,0,266,157501,POINT (988148.6889210109 151103.24158873298),CROPSEY AVENUE BRIDGE,Cropsey Avenue,Dead end,SB,2021-03-11 10:00:00,260.0,283.0,272.0,296.0,257.0,10,3,234.0
32970,Queens,2021,3,11,10,0,115,177615,POINT (1028931.8143046284 215115.26618027306),ROOSEVELT AVENUE BRIDGE,Flushing Line,Flushing Line,EB,2021-03-11 10:00:00,98.0,84.0,89.0,81.0,107.0,10,3,111.0
32970,Queens,2021,3,11,10,0,86,177615,POINT (1028931.8143046284 215115.26618027306),ROOSEVELT AVENUE BRIDGE,Flushing Line,Flushing Line,WB,2021-03-11 10:00:00,97.0,79.0,80.0,91.0,78.0,10,3,76.0
32970,Brooklyn,2021,3,11,10,0,187,191114,POINT (988207.4245194928 151130.52481856258),CROPSEY AVENUE BRIDGE,Coney Island Creek Shoreline,Dead end,NB,2021-03-11 10:00:00,247.0,235.0,221.0,270.0,215.0,10,3,227.0
32970,Brooklyn,2021,3,11,10,15,257,157501,POINT (988148.6889210109 151103.24158873298),CROPSEY AVENUE BRIDGE,Cropsey Avenue,Dead end,SB,2021-03-11 10:15:00,266.0,260.0,263.0,290.0,280.0,10,3,255.0
32970,Queens,2021,3,11,10,15,107,177615,POINT (1028931.8143046284 215115.26618027306),ROOSEVELT AVENUE BRIDGE,Flushing Line,Flushing Line,EB,2021-03-11 10:15:00,115.0,98.0,88.0,88.0,82.0,10,3,109.0
32970,Queens,2021,3,11,10,15,78,177615,POINT (1028931.8143046284 215115.26618027306),ROOSEVELT AVENUE BRIDGE,Flushing Line,Flushing Line,WB,2021-03-11 10:15:00,86.0,97.0,99.0,110.0,83.0,10,3,102.0
32970,Brooklyn,2021,3,11,10,15,215,191114,POINT (988207.4245194928 151130.52481856258),CROPSEY AVENUE BRIDGE,Coney Island Creek Shoreline,Dead end,NB,2021-03-11 10:15:00,187.0,247.0,250.0,243.0,205.0,10,3,191.0
32970,Queens,2021,3,11,10,30,83,177615,POINT (1028931.8143046284 215115.26618027306),ROOSEVELT AVENUE BRIDGE,Flushing Line,Flushing Line,WB,2021-03-11 10:30:00,78.0,86.0,79.0,89.0,73.0,10,3,88.0
32970,Brooklyn,2021,3,11,10,30,280,157501,POINT (988148.6889210109 151103.24158873298),CROPSEY AVENUE BRIDGE,Cropsey Avenue,Dead end,SB,2021-03-11 10:30:00,257.0,266.0,283.0,258.0,297.0,10,3,232.0
32970,Queens,2021,3,11,10,30,82,177615,POINT (1028931.8143046284 215115.26618027306),ROOSEVELT AVENUE BRIDGE,Flushing Line,Flushing Line,EB,2021-03-11 10:30:00,107.0,115.0,84.0,86.0,100.0,10,3,98.0
32970,Brooklyn,2021,3,11,10,30,205,191114,POINT (988207.4245194928 151130.52481856258),CROPSEY AVENUE BRIDGE,Coney Island Creek Shoreline,Dead end,NB,2021-03-11 10:30:00,215.0,187.0,235.0,267.0,223.0,10,3,217.0
32970,Brooklyn,2021,3,11,10,45,223,191114,POINT (988207.4245194928 151130.52481856258),CROPSEY AVENUE BRIDGE,Coney Island Creek Shoreline,Dead end,NB,2021-03-11 10:45:00,205.0,215.0,247.0,218.0,258.0,10,3,219.0
32970,Queens,2021,3,11,10,45,73,177615,POINT (1028931.8143046284 215115.26618027306),ROOSEVELT AVENUE BRIDGE,Flushing Line,Flushing Line,WB,2021-03-11 10:45:00,83.0,78.0,97.0,103.0,91.0,10,3,89.0
32970,Brooklyn,2021,3,11,10,45,297,157501,POINT (988148.6889210109 151103.24158873298),CROPSEY AVENUE BRIDGE,Cropsey Avenue,Dead end,SB,2021-03-11 10:45:00,280.0,257.0,260.0,265.0,301.0,10,3,291.0
32970,Queens,2021,3,11,10,45,100,177615,POINT (1028931.8143046284 215115.26618027306),ROOSEVELT AVENUE BRIDGE,Flushing Line,Flushing Line,EB,2021-03-11 10:45:00,82.0,107.0,98.0,98.0,93.0,10,3,96.0
32970,Brooklyn,2021,3,11,11,0,301,157501,POINT (988148.6889210109 151103.24158873298),CROPSEY AVENUE BRIDGE,Cropsey Avenue,Dead end,SB,2021-03-11 11:00:00,297.0,280.0,266.0,272.0,286.0,11,3,238.0
32970,Queens,2021,3,11,11,0,93,177615,POINT (1028931.8143046284 215115.26618027306),ROOSEVELT AVENUE BRIDGE,Flushing Line,Flushing Line,EB,2021-03-11 11:00:00,100.0,82.0,115.0,89.0,88.0,11,3,92.0
32970,Queens,2021,3,11,11,0,91,177615,POINT (1028931.8143046284 215115.26618027306),ROOSEVELT AVENUE BRIDGE,Flushing Line,Flushing Line,WB,2021-03-11 11:00:00,73.0,83.0,86.0,80.0,90.0,11,3,95.0
32970,Brooklyn,2021,3,11,11,0,258,191114,POINT (988207.4245194928 151130.52481856258),CROPSEY AVENUE BRIDGE,Coney Island Creek Shoreline,Dead end,NB,2021-03-11 11:00:00,223.0,205.0,187.0,221.0,288.0,11,3,218.0
32970,Brooklyn,2021,3,11,11,15,288,191114,POINT (988207.4245194928 151130.52481856258),CROPSEY AVENUE BRIDGE,Coney Island Creek Shoreline,Dead end,NB,2021-03-11 11:15:00,258.0,223.0,215.0,250.0,254.0,11,3,228.0
32970,Queens,2021,3,11,11,15,90,177615,POINT (1028931.8143046284 215115.26618027306),ROOSEVELT AVENUE BRIDGE,Flushing Line,Flushing Line,WB,2021-03-11 11:15:00,91.0,73.0,78.0,99.0,87.0,11,3,86.0
32970,Queens,2021,3,11,11,15,88,177615,POINT (1028931.8143046284 215115.26618027306),ROOSEVELT AVENUE BRIDGE,Flushing Line,Flushing Line,EB,2021-03-11 11:15:00,93.0,100.0,107.0,88.0,124.0,11,3,98.0
32970,Brooklyn,2021,3,11,11,15,286,157501,POINT (988148.6889210109 151103.24158873298),CROPSEY AVENUE BRIDGE,Cropsey Avenue,Dead end,SB,2021-03-11 11:15:00,301.0,297.0,257.0,263.0,308.0,11,3,265.0
32970,Brooklyn,2021,3,11,11,30,254,191114,POINT (988207.4245194928 151130.52481856258),CROPSEY AVENUE BRIDGE,Coney Island Creek Shoreline,Dead end,NB,2021-03-11 11:30:00,288.0,258.0,205.0,235.0,254.0,11,3,227.0
32970,Queens,2021,3,11,11,30,87,177615,POINT (1028931.8143046284 215115.26618027306),ROOSEVELT AVENUE BRIDGE,Flushing Line,Flushing Line,WB,2021-03-11 11:30:00,90.0,91.0,83.0,79.0,81.0,11,3,100.0
32970,Brooklyn,2021,3,11,11,30,308,157501,POINT (988148.6889210109 151103.24158873298),CROPSEY AVENUE BRIDGE,Cropsey Avenue,Dead end,SB,2021-03-11 11:30:00,286.0,301.0,280.0,283.0,322.0,11,3,295.0
32970,Queens,2021,3,11,11,30,124,177615,POINT (1028931.8143046284 215115.26618027306),ROOSEVELT AVENUE BRIDGE,Flushing Line,Flushing Line,EB,2021-03-11 11:30:00,88.0,93.0,82.0,84.0,110.0,11,3,90.0
32970,Brooklyn,2021,3,11,11,45,322,157501,POINT (988148.6889210109 151103.24158873298),CROPSEY AVENUE BRIDGE,Cropsey Avenue,Dead end,SB,2021-03-11 11:45:00,308.0,286.0,297.0,260.0,346.0,11,3,292.0
32970,Queens,2021,3,11,11,45,110,177615,POINT (1028931.8143046284 215115.26618027306),ROOSEVELT AVENUE BRIDGE,Flushing Line,Flushing Line,EB,2021-03-11 11:45:00,124.0,88.0,100.0,98.0,86.0,11,3,113.0
32970,Queens,2021,3,11,11,45,81,177615,POINT (1028931.8143046284 215115.26618027306),ROOSEVELT AVENUE BRIDGE,Flushing Line,Flushing Line,WB,2021-03-11 11:45:00,87.0,90.0,73.0,97.0,114.0,11,3,90.0
32970,Brooklyn,2021,3,11,11,45,254,191114,POINT (988207.4245194928 151130.52481856258),CROPSEY AVENUE BRIDGE,Coney Island Creek Shoreline,Dead end,NB,2021-03-11 11:45:00,254.0,288.0,223.0,247.0,231.0,11,3,211.0
32970,Brooklyn,2021,3,11,12,0,231,191114,POINT (988207.4245194928 151130.52481856258),CROPSEY AVENUE BRIDGE,Coney Island Creek Shoreline,Dead end,NB,2021-03-11 12:00:00,254.0,254.0,258.0,187.0,238.0,12,3,221.0
32970,Brooklyn,2021,3,11,12,0,346,157501,POINT (988148.6889210109 151103.24158873298),CROPSEY AVENUE BRIDGE,Cropsey Avenue,Dead end,SB,2021-03-11 12:00:00,322.0,308.0,301.0,266.0,312.0,12,3,299.0
32970,Queens,2021,3,11,12,0,86,177615,POINT (1028931.8143046284 215115.26618027306),ROOSEVELT AVENUE BRIDGE,Flushing Line,Flushing Line,EB,2021-03-11 12:00:00,110.0,124.0,93.0,115.0,123.0,12,3,100.0
32970,Queens,2021,3,11,12,0,114,177615,POINT (1028931.8143046284 215115.26618027306),ROOSEVELT AVENUE BRIDGE,Flushing Line,Flushing Line,WB,2021-03-11 12:00:00,81.0,87.0,91.0,86.0,94.0,12,3,94.0
32970,Brooklyn,2021,3,11,12,15,312,157501,POINT (988148.6889210109 151103.24158873298),CROPSEY AVENUE BRIDGE,Cropsey Avenue,Dead end,SB,2021-03-11 12:15:00,346.0,322.0,286.0,257.0,347.0,12,3,298.0
32970,Queens,2021,3,11,12,15,123,177615,POINT (1028931.8143046284 215115.26618027306),ROOSEVELT AVENUE BRIDGE,Flushing Line,Flushing Line,EB,2021-03-11 12:15:00,86.0,110.0,88.0,107.0,105.0,12,3,113.0
32970,Queens,2021,3,11,12,15,94,177615,POINT (1028931.8143046284 215115.26618027306),ROOSEVELT AVENUE BRIDGE,Flushing Line,Flushing Line,WB,2021-03-11 12:15:00,114.0,81.0,90.0,78.0,90.0,12,3,71.0
32970,Brooklyn,2021,3,11,12,15,238,191114,POINT (988207.4245194928 151130.52481856258),CROPSEY AVENUE BRIDGE,Coney Island Creek Shoreline,Dead end,NB,2021-03-11 12:15:00,231.0,254.0,288.0,215.0,228.0,12,3,245.0
32970,Queens,2021,3,11,12,30,90,177615,POINT (1028931.8143046284 215115.26618027306),ROOSEVELT AVENUE BRIDGE,Flushing Line,Flushing Line,WB,2021-03-11 12:30:00,94.0,114.0,87.0,83.0,77.0,12,3,88.0
32970,Brooklyn,2021,3,11,12,30,228,191114,POINT (988207.4245194928 151130.52481856258),CROPSEY AVENUE BRIDGE,Coney Island Creek Shoreline,Dead end,NB,2021-03-11 12:30:00,238.0,231.0,254.0,205.0,261.0,12,3,244.0
32970,Brooklyn,2021,3,11,12,30,347,157501,POINT (988148.6889210109 151103.24158873298),CROPSEY AVENUE BRIDGE,Cropsey Avenue,Dead end,SB,2021-03-11 12:30:00,312.0,346.0,308.0,280.0,319.0,12,3,299.0
32970,Queens,2021,3,11,12,30,105,177615,POINT (1028931.8143046284 215115.26618027306),ROOSEVELT AVENUE BRIDGE,Flushing Line,Flushing Line,EB,2021-03-11 12:30:00,123.0,86.0,124.0,82.0,96.0,12,3,84.0
32970,Queens,2021,3,11,12,45,77,177615,POINT (1028931.8143046284 215115.26618027306),ROOSEVELT AVENUE BRIDGE,Flushing Line,Flushing Line,WB,2021-03-11 12:45:00,90.0,94.0,81.0,73.0,94.0,12,3,104.0
32970,Brooklyn,2021,3,11,12,45,261,191114,POINT (988207.4245194928 151130.52481856258),CROPSEY AVENUE BRIDGE,Coney Island Creek Shoreline,Dead end,NB,2021-03-11 12:45:00,228.0,238.0,254.0,223.0,272.0,12,3,223.0
32970,Brooklyn,2021,3,11,12,45,319,157501,POINT (988148.6889210109 151103.24158873298),CROPSEY AVENUE BRIDGE,Cropsey Avenue,Dead end,SB,2021-03-11 12:45:00,347.0,312.0,322.0,297.0,283.0,12,3,288.0
32970,Queens,2021,3,11,12,45,96,177615,POINT (1028931.8143046284 215115.26618027306),ROOSEVELT AVENUE BRIDGE,Flushing Line,Flushing Line,EB,2021-03-11 12:45:00,105.0,123.0,110.0,100.0,96.0,12,3,113.0
32970,Brooklyn,2021,3,11,13,0,272,191114,POINT (988207.4245194928 151130.52481856258),CROPSEY AVENUE BRIDGE,Coney Island Creek Shoreline,Dead end,NB,2021-03-11 13:00:00,261.0,228.0,231.0,258.0,240.0,13,3,238.0
32970,Queens,2021,3,11,13,0,94,177615,POINT (1028931.8143046284 215115.26618027306),ROOSEVELT AVENUE BRIDGE,Flushing Line,Flushing Line,WB,2021-03-11 13:00:00,77.0,90.0,114.0,91.0,127.0,13,3,109.0
32970,Brooklyn,2021,3,11,13,0,283,157501,POINT (988148.6889210109 151103.24158873298),CROPSEY AVENUE BRIDGE,Cropsey Avenue,Dead end,SB,2021-03-11 13:00:00,319.0,347.0,346.0,301.0,332.0,13,3,336.0
32970,Queens,2021,3,11,13,0,96,177615,POINT (1028931.8143046284 215115.26618027306),ROOSEVELT AVENUE BRIDGE,Flushing Line,Flushing Line,EB,2021-03-11 13:00:00,96.0,105.0,86.0,93.0,120.0,13,3,112.0
32970,Brooklyn,2021,3,11,13,15,332,157501,POINT (988148.6889210109 151103.24158873298),CROPSEY AVENUE BRIDGE,Cropsey Avenue,Dead end,SB,2021-03-11 13:15:00,283.0,319.0,312.0,286.0,290.0,13,3,329.0
32970,Queens,2021,3,11,13,15,120,177615,POINT (1028931.8143046284 215115.26618027306),ROOSEVELT AVENUE BRIDGE,Flushing Line,Flushing Line,EB,2021-03-11 13:15:00,96.0,96.0,123.0,88.0,106.0,13,3,96.0
32970,Queens,2021,3,11,13,15,127,177615,POINT (1028931.8143046284 215115.26618027306),ROOSEVELT AVENUE BRIDGE,Flushing Line,Flushing Line,WB,2021-03-11 13:15:00,94.0,77.0,94.0,90.0,85.0,13,3,103.0
32970,Brooklyn,2021,3,11,13,15,240,191114,POINT (988207.4245194928 151130.52481856258),CROPSEY AVENUE BRIDGE,Coney Island Creek Shoreline,Dead end,NB,2021-03-11 13:15:00,272.0,261.0,238.0,288.0,226.0,13,3,244.0
32970,Brooklyn,2021,3,11,13,30,290,157501,POINT (988148.6889210109 151103.24158873298),CROPSEY AVENUE BRIDGE,Cropsey Avenue,Dead end,SB,2021-03-11 13:30:00,332.0,283.0,347.0,308.0,322.0,13,3,320.0
32970,Queens,2021,3,11,13,30,106,177615,POINT (1028931.8143046284 215115.26618027306),ROOSEVELT AVENUE BRIDGE,Flushing Line,Flushing Line,EB,2021-03-11 13:30:00,120.0,96.0,105.0,124.0,117.0,13,3,120.0
32970,Queens,2021,3,11,13,30,85,177615,POINT (1028931.8143046284 215115.26618027306),ROOSEVELT AVENUE BRIDGE,Flushing Line,Flushing Line,WB,2021-03-11 13:30:00,127.0,94.0,90.0,87.0,112.0,13,3,89.0
32970,Brooklyn,2021,3,11,13,30,226,191114,POINT (988207.4245194928 151130.52481856258),CROPSEY AVENUE BRIDGE,Coney Island Creek Shoreline,Dead end,NB,2021-03-11 13:30:00,240.0,272.0,228.0,254.0,269.0,13,3,265.0
32970,Brooklyn,2021,3,11,13,45,269,191114,POINT (988207.4245194928 151130.52481856258),CROPSEY AVENUE BRIDGE,Coney Island Creek Shoreline,Dead end,NB,2021-03-11 13:45:00,226.0,240.0,261.0,254.0,270.0,13,3,235.0
32970,Queens,2021,3,11,13,45,112,177615,POINT (1028931.8143046284 215115.26618027306),ROOSEVELT AVENUE BRIDGE,Flushing Line,Flushing Line,WB,2021-03-11 13:45:00,85.0,127.0,77.0,81.0,110.0,13,3,80.0
32970,Brooklyn,2021,3,11,13,45,322,157501,POINT (988148.6889210109 151103.24158873298),CROPSEY AVENUE BRIDGE,Cropsey Avenue,Dead end,SB,2021-03-11 13:45:00,290.0,332.0,319.0,322.0,303.0,13,3,360.0
32970,Queens,2021,3,11,13,45,117,177615,POINT (1028931.8143046284 215115.26618027306),ROOSEVELT AVENUE BRIDGE,Flushing Line,Flushing Line,EB,2021-03-11 13:45:00,106.0,120.0,96.0,110.0,126.0,13,3,126.0
32970,Brooklyn,2021,3,11,14,0,303,157501,POINT (988148.6889210109 151103.24158873298),CROPSEY AVENUE BRIDGE,Cropsey Avenue,Dead end,SB,2021-03-11 14:00:00,322.0,290.0,283.0,346.0,302.0,14,3,305.0
32970,Queens,2021,3,11,14,0,126,177615,POINT (1028931.8143046284 215115.26618027306),ROOSEVELT AVENUE BRIDGE,Flushing Line,Flushing Line,EB,2021-03-11 14:00:00,117.0,106.0,96.0,86.0,131.0,14,3,120.0
32970,Queens,2021,3,11,14,0,110,177615,POINT (1028931.8143046284 215115.26618027306),ROOSEVELT AVENUE BRIDGE,Flushing Line,Flushing Line,WB,2021-03-11 14:00:00,112.0,85.0,94.0,114.0,95.0,14,3,102.0
32970,Brooklyn,2021,3,11,14,0,270,191114,POINT (988207.4245194928 151130.52481856258),CROPSEY AVENUE BRIDGE,Coney Island Creek Shoreline,Dead end,NB,2021-03-11 14:00:00,269.0,226.0,272.0,231.0,287.0,14,3,266.0
32970,Brooklyn,2021,3,11,14,15,302,157501,POINT (988148.6889210109 151103.24158873298),CROPSEY AVENUE BRIDGE,Cropsey Avenue,Dead end,SB,2021-03-11 14:15:00,303.0,322.0,332.0,312.0,287.0,14,3,297.0
32970,Queens,2021,3,11,14,15,131,177615,POINT (1028931.8143046284 215115.26618027306),ROOSEVELT AVENUE BRIDGE,Flushing Line,Flushing Line,EB,2021-03-11 14:15:00,126.0,117.0,120.0,123.0,136.0,14,3,135.0
32970,Queens,2021,3,11,14,15,95,177615,POINT (1028931.8143046284 215115.26618027306),ROOSEVELT AVENUE BRIDGE,Flushing Line,Flushing Line,WB,2021-03-11 14:15:00,110.0,112.0,127.0,94.0,94.0,14,3,93.0
32970,Brooklyn,2021,3,11,14,15,287,191114,POINT (988207.4245194928 151130.52481856258),CROPSEY AVENUE BRIDGE,Coney Island Creek Shoreline,Dead end,NB,2021-03-11 14:15:00,270.0,269.0,240.0,238.0,275.0,14,3,292.0
32970,Queens,2021,3,11,14,30,94,177615,POINT (1028931.8143046284 215115.26618027306),ROOSEVELT AVENUE BRIDGE,Flushing Line,Flushing Line,WB,2021-03-11 14:30:00,95.0,110.0,85.0,90.0,93.0,14,3,88.0
32970,Brooklyn,2021,3,11,14,30,275,191114,POINT (988207.4245194928 151130.52481856258),CROPSEY AVENUE BRIDGE,Coney Island Creek Shoreline,Dead end,NB,2021-03-11 14:30:00,287.0,270.0,226.0,228.0,277.0,14,3,328.0
32970,Queens,2021,3,11,14,30,136,177615,POINT (1028931.8143046284 215115.26618027306),ROOSEVELT AVENUE BRIDGE,Flushing Line,Flushing Line,EB,2021-03-11 14:30:00,131.0,126.0,106.0,105.0,133.0,14,3,123.0
32970,Brooklyn,2021,3,11,14,30,287,157501,POINT (988148.6889210109 151103.24158873298),CROPSEY AVENUE BRIDGE,Cropsey Avenue,Dead end,SB,2021-03-11 14:30:00,302.0,303.0,290.0,347.0,279.0,14,3,269.0
32970,Brooklyn,2021,3,11,14,45,279,157501,POINT (988148.6889210109 151103.24158873298),CROPSEY AVENUE BRIDGE,Cropsey Avenue,Dead end,SB,2021-03-11 14:45:00,287.0,302.0,322.0,319.0,289.0,14,3,305.0
32970,Queens,2021,3,11,14,45,133,177615,POINT (1028931.8143046284 215115.26618027306),ROOSEVELT AVENUE BRIDGE,Flushing Line,Flushing Line,EB,2021-03-11 14:45:00,136.0,131.0,117.0,96.0,119.0,14,3,129.0
32970,Queens,2021,3,11,14,45,93,177615,POINT (1028931.8143046284 215115.26618027306),ROOSEVELT AVENUE BRIDGE,Flushing Line,Flushing Line,WB,2021-03-11 14:45:00,94.0,95.0,112.0,77.0,106.0,14,3,110.0
32970,Brooklyn,2021,3,11,14,45,277,191114,POINT (988207.4245194928 151130.52481856258),CROPSEY AVENUE BRIDGE,Coney Island Creek Shoreline,Dead end,NB,2021-03-11 14:45:00,275.0,287.0,269.0,261.0,275.0,14,3,305.0
32970,Brooklyn,2021,3,11,15,0,275,191114,POINT (988207.4245194928 151130.52481856258),CROPSEY AVENUE BRIDGE,Coney Island Creek Shoreline,Dead end,NB,2021-03-11 15:00:00,277.0,275.0,270.0,272.0,283.0,15,3,265.0
32970,Brooklyn,2021,3,11,15,0,289,157501,POINT (988148.6889210109 151103.24158873298),CROPSEY AVENUE BRIDGE,Cropsey Avenue,Dead end,SB,2021-03-11 15:00:00,279.0,287.0,303.0,283.0,319.0,15,3,279.0
32970,Queens,2021,3,11,15,0,119,177615,POINT (1028931.8143046284 215115.26618027306),ROOSEVELT AVENUE BRIDGE,Flushing Line,Flushing Line,EB,2021-03-11 15:00:00,133.0,136.0,126.0,96.0,120.0,15,3,140.0
32970,Queens,2021,3,11,15,0,106,177615,POINT (1028931.8143046284 215115.26618027306),ROOSEVELT AVENUE BRIDGE,Flushing Line,Flushing Line,WB,2021-03-11 15:00:00,93.0,94.0,110.0,94.0,91.0,15,3,98.0
32970,Brooklyn,2021,3,11,15,15,319,157501,POINT (988148.6889210109 151103.24158873298),CROPSEY AVENUE BRIDGE,Cropsey Avenue,Dead end,SB,2021-03-11 15:15:00,289.0,279.0,302.0,332.0,263.0,15,3,263.0
32970,Queens,2021,3,11,15,15,120,177615,POINT (1028931.8143046284 215115.26618027306),ROOSEVELT AVENUE BRIDGE,Flushing Line,Flushing Line,EB,2021-03-11 15:15:00,119.0,133.0,131.0,120.0,107.0,15,3,122.0
32970,Queens,2021,3,11,15,15,91,177615,POINT (1028931.8143046284 215115.26618027306),ROOSEVELT AVENUE BRIDGE,Flushing Line,Flushing Line,WB,2021-03-11 15:15:00,106.0,93.0,95.0,127.0,86.0,15,3,119.0
32970,Brooklyn,2021,3,11,15,15,283,191114,POINT (988207.4245194928 151130.52481856258),CROPSEY AVENUE BRIDGE,Coney Island Creek Shoreline,Dead end,NB,2021-03-11 15:15:00,275.0,277.0,287.0,240.0,274.0,15,3,299.0
32970,Queens,2021,3,11,15,30,86,177615,POINT (1028931.8143046284 215115.26618027306),ROOSEVELT AVENUE BRIDGE,Flushing Line,Flushing Line,WB,2021-03-11 15:30:00,91.0,106.0,94.0,85.0,103.0,15,3,98.0
32970,Brooklyn,2021,3,11,15,30,274,191114,POINT (988207.4245194928 151130.52481856258),CROPSEY AVENUE BRIDGE,Coney Island Creek Shoreline,Dead end,NB,2021-03-11 15:30:00,283.0,275.0,275.0,226.0,298.0,15,3,320.0
32970,Brooklyn,2021,3,11,15,30,263,157501,POINT (988148.6889210109 151103.24158873298),CROPSEY AVENUE BRIDGE,Cropsey Avenue,Dead end,SB,2021-03-11 15:30:00,319.0,289.0,287.0,290.0,289.0,15,3,243.0
32970,Queens,2021,3,11,15,30,107,177615,POINT (1028931.8143046284 215115.26618027306),ROOSEVELT AVENUE BRIDGE,Flushing Line,Flushing Line,EB,2021-03-11 15:30:00,120.0,119.0,136.0,106.0,115.0,15,3,106.0
32970,Queens,2021,3,11,15,45,115,177615,POINT (1028931.8143046284 215115.26618027306),ROOSEVELT AVENUE BRIDGE,Flushing Line,Flushing Line,EB,2021-03-11 15:45:00,107.0,120.0,133.0,117.0,124.0,15,3,120.0
32970,Queens,2021,3,11,15,45,103,177615,POINT (1028931.8143046284 215115.26618027306),ROOSEVELT AVENUE BRIDGE,Flushing Line,Flushing Line,WB,2021-03-11 15:45:00,86.0,91.0,93.0,112.0,74.0,15,3,108.0
32970,Brooklyn,2021,3,11,15,45,289,157501,POINT (988148.6889210109 151103.24158873298),CROPSEY AVENUE BRIDGE,Cropsey Avenue,Dead end,SB,2021-03-11 15:45:00,263.0,319.0,279.0,322.0,297.0,15,3,253.0
32970,Brooklyn,2021,3,11,15,45,298,191114,POINT (988207.4245194928 151130.52481856258),CROPSEY AVENUE BRIDGE,Coney Island Creek Shoreline,Dead end,NB,2021-03-11 15:45:00,274.0,283.0,277.0,269.0,284.0,15,3,283.0
32970,Queens,2021,3,11,16,0,74,177615,POINT (1028931.8143046284 215115.26618027306),ROOSEVELT AVENUE BRIDGE,Flushing Line,Flushing Line,WB,2021-03-11 16:00:00,103.0,86.0,106.0,110.0,125.0,16,3,98.0
32970,Brooklyn,2021,3,11,16,0,284,191114,POINT (988207.4245194928 151130.52481856258),CROPSEY AVENUE BRIDGE,Coney Island Creek Shoreline,Dead end,NB,2021-03-11 16:00:00,298.0,274.0,275.0,270.0,261.0,16,3,285.0
32970,Queens,2021,3,11,16,0,124,177615,POINT (1028931.8143046284 215115.26618027306),ROOSEVELT AVENUE BRIDGE,Flushing Line,Flushing Line,EB,2021-03-11 16:00:00,115.0,107.0,119.0,126.0,128.0,16,3,116.0
32970,Brooklyn,2021,3,11,16,0,297,157501,POINT (988148.6889210109 151103.24158873298),CROPSEY AVENUE BRIDGE,Cropsey Avenue,Dead end,SB,2021-03-11 16:00:00,289.0,263.0,289.0,303.0,302.0,16,3,294.0
32970,Brooklyn,2021,3,11,16,15,302,157501,POINT (988148.6889210109 151103.24158873298),CROPSEY AVENUE BRIDGE,Cropsey Avenue,Dead end,SB,2021-03-11 16:15:00,297.0,289.0,319.0,302.0,269.0,16,3,247.0
32970,Queens,2021,3,11,16,15,128,177615,POINT (1028931.8143046284 215115.26618027306),ROOSEVELT AVENUE BRIDGE,Flushing Line,Flushing Line,EB,2021-03-11 16:15:00,124.0,115.0,120.0,131.0,139.0,16,3,119.0
32970,Queens,2021,3,11,16,15,125,177615,POINT (1028931.8143046284 215115.26618027306),ROOSEVELT AVENUE BRIDGE,Flushing Line,Flushing Line,WB,2021-03-11 16:15:00,74.0,103.0,91.0,95.0,96.0,16,3,118.0
32970,Brooklyn,2021,3,11,16,15,261,191114,POINT (988207.4245194928 151130.52481856258),CROPSEY AVENUE BRIDGE,Coney Island Creek Shoreline,Dead end,NB,2021-03-11 16:15:00,284.0,298.0,283.0,287.0,258.0,16,3,264.0
32970,Brooklyn,2021,3,11,16,30,269,157501,POINT (988148.6889210109 151103.24158873298),CROPSEY AVENUE BRIDGE,Cropsey Avenue,Dead end,SB,2021-03-11 16:30:00,302.0,297.0,263.0,287.0,282.0,16,3,254.0
32970,Queens,2021,3,11,16,30,139,177615,POINT (1028931.8143046284 215115.26618027306),ROOSEVELT AVENUE BRIDGE,Flushing Line,Flushing Line,EB,2021-03-11 16:30:00,128.0,124.0,107.0,136.0,138.0,16,3,137.0
32970,Queens,2021,3,11,16,30,96,177615,POINT (1028931.8143046284 215115.26618027306),ROOSEVELT AVENUE BRIDGE,Flushing Line,Flushing Line,WB,2021-03-11 16:30:00,125.0,74.0,86.0,94.0,112.0,16,3,111.0
32970,Brooklyn,2021,3,11,16,30,258,191114,POINT (988207.4245194928 151130.52481856258),CROPSEY AVENUE BRIDGE,Coney Island Creek Shoreline,Dead end,NB,2021-03-11 16:30:00,261.0,284.0,274.0,275.0,266.0,16,3,292.0
32970,Brooklyn,2021,3,11,16,45,266,191114,POINT (988207.4245194928 151130.52481856258),CROPSEY AVENUE BRIDGE,Coney Island Creek Shoreline,Dead end,NB,2021-03-11 16:45:00,258.0,261.0,298.0,277.0,263.0,16,3,237.0
32970,Queens,2021,3,11,16,45,112,177615,POINT (1028931.8143046284 215115.26618027306),ROOSEVELT AVENUE BRIDGE,Flushing Line,Flushing Line,WB,2021-03-11 16:45:00,96.0,125.0,103.0,93.0,103.0,16,3,106.0
32970,Brooklyn,2021,3,11,16,45,282,157501,POINT (988148.6889210109 151103.24158873298),CROPSEY AVENUE BRIDGE,Cropsey Avenue,Dead end,SB,2021-03-11 16:45:00,269.0,302.0,289.0,279.0,287.0,16,3,242.0
32970,Queens,2021,3,11,16,45,138,177615,POINT (1028931.8143046284 215115.26618027306),ROOSEVELT AVENUE BRIDGE,Flushing Line,Flushing Line,EB,2021-03-11 16:45:00,139.0,128.0,115.0,133.0,141.0,16,3,144.0
32970,Brooklyn,2021,3,11,17,0,287,157501,POINT (988148.6889210109 151103.24158873298),CROPSEY AVENUE BRIDGE,Cropsey Avenue,Dead end,SB,2021-03-11 17:00:00,282.0,269.0,297.0,289.0,281.0,17,3,288.0
32970,Queens,2021,3,11,17,0,141,177615,POINT (1028931.8143046284 215115.26618027306),ROOSEVELT AVENUE BRIDGE,Flushing Line,Flushing Line,EB,2021-03-11 17:00:00,138.0,139.0,124.0,119.0,126.0,17,3,169.0
32970,Queens,2021,3,11,17,0,103,177615,POINT (1028931.8143046284 215115.26618027306),ROOSEVELT AVENUE BRIDGE,Flushing Line,Flushing Line,WB,2021-03-11 17:00:00,112.0,96.0,74.0,106.0,126.0,17,3,97.0
32970,Brooklyn,2021,3,11,17,0,263,191114,POINT (988207.4245194928 151130.52481856258),CROPSEY AVENUE BRIDGE,Coney Island Creek Shoreline,Dead end,NB,2021-03-11 17:00:00,266.0,258.0,284.0,275.0,296.0,17,3,251.0
32970,Brooklyn,2021,3,11,17,15,281,157501,POINT (988148.6889210109 151103.24158873298),CROPSEY AVENUE BRIDGE,Cropsey Avenue,Dead end,SB,2021-03-11 17:15:00,287.0,282.0,302.0,319.0,287.0,17,3,283.0
32970,Queens,2021,3,11,17,15,126,177615,POINT (1028931.8143046284 215115.26618027306),ROOSEVELT AVENUE BRIDGE,Flushing Line,Flushing Line,EB,2021-03-11 17:15:00,141.0,138.0,128.0,120.0,160.0,17,3,147.0
32970,Queens,2021,3,11,17,15,126,177615,POINT (1028931.8143046284 215115.26618027306),ROOSEVELT AVENUE BRIDGE,Flushing Line,Flushing Line,WB,2021-03-11 17:15:00,103.0,112.0,125.0,91.0,97.0,17,3,84.0
32970,Brooklyn,2021,3,11,17,15,296,191114,POINT (988207.4245194928 151130.52481856258),CROPSEY AVENUE BRIDGE,Coney Island Creek Shoreline,Dead end,NB,2021-03-11 17:15:00,263.0,266.0,261.0,283.0,258.0,17,3,275.0
32970,Brooklyn,2021,3,11,17,30,258,191114,POINT (988207.4245194928 151130.52481856258),CROPSEY AVENUE BRIDGE,Coney Island Creek Shoreline,Dead end,NB,2021-03-11 17:30:00,296.0,263.0,258.0,274.0,262.0,17,3,255.0
32970,Queens,2021,3,11,17,30,97,177615,POINT (1028931.8143046284 215115.26618027306),ROOSEVELT AVENUE BRIDGE,Flushing Line,Flushing Line,WB,2021-03-11 17:30:00,126.0,103.0,96.0,86.0,118.0,17,3,131.0
32970,Queens,2021,3,11,17,30,160,177615,POINT (1028931.8143046284 215115.26618027306),ROOSEVELT AVENUE BRIDGE,Flushing Line,Flushing Line,EB,2021-03-11 17:30:00,126.0,141.0,139.0,107.0,129.0,17,3,160.0
32970,Brooklyn,2021,3,11,17,30,287,157501,POINT (988148.6889210109 151103.24158873298),CROPSEY AVENUE BRIDGE,Cropsey Avenue,Dead end,SB,2021-03-11 17:30:00,281.0,287.0,269.0,263.0,265.0,17,3,263.0
32970,Brooklyn,2021,3,11,17,45,265,157501,POINT (988148.6889210109 151103.24158873298),CROPSEY AVENUE BRIDGE,Cropsey Avenue,Dead end,SB,2021-03-11 17:45:00,287.0,281.0,282.0,289.0,304.0,17,3,274.0
32970,Queens,2021,3,11,17,45,129,177615,POINT (1028931.8143046284 215115.26618027306),ROOSEVELT AVENUE BRIDGE,Flushing Line,Flushing Line,EB,2021-03-11 17:45:00,160.0,126.0,138.0,115.0,124.0,17,3,132.0
32970,Queens,2021,3,11,17,45,118,177615,POINT (1028931.8143046284 215115.26618027306),ROOSEVELT AVENUE BRIDGE,Flushing Line,Flushing Line,WB,2021-03-11 17:45:00,97.0,126.0,112.0,103.0,111.0,17,3,105.0
32970,Brooklyn,2021,3,11,17,45,262,191114,POINT (988207.4245194928 151130.52481856258),CROPSEY AVENUE BRIDGE,Coney Island Creek Shoreline,Dead end,NB,2021-03-11 17:45:00,258.0,296.0,266.0,298.0,257.0,17,3,262.0
32970,Brooklyn,2021,3,11,18,0,304,157501,POINT (988148.6889210109 151103.24158873298),CROPSEY AVENUE BRIDGE,Cropsey Avenue,Dead end,SB,2021-03-11 18:00:00,265.0,287.0,287.0,297.0,250.0,18,3,291.0
32970,Queens,2021,3,11,18,0,124,177615,POINT (1028931.8143046284 215115.26618027306),ROOSEVELT AVENUE BRIDGE,Flushing Line,Flushing Line,EB,2021-03-11 18:00:00,129.0,160.0,141.0,124.0,119.0,18,3,144.0
32970,Queens,2021,3,11,18,0,111,177615,POINT (1028931.8143046284 215115.26618027306),ROOSEVELT AVENUE BRIDGE,Flushing Line,Flushing Line,WB,2021-03-11 18:00:00,118.0,97.0,103.0,74.0,90.0,18,3,102.0
32970,Brooklyn,2021,3,11,18,0,257,191114,POINT (988207.4245194928 151130.52481856258),CROPSEY AVENUE BRIDGE,Coney Island Creek Shoreline,Dead end,NB,2021-03-11 18:00:00,262.0,258.0,263.0,284.0,237.0,18,3,228.0
32970,Brooklyn,2021,3,11,18,15,237,191114,POINT (988207.4245194928 151130.52481856258),CROPSEY AVENUE BRIDGE,Coney Island Creek Shoreline,Dead end,NB,2021-03-11 18:15:00,257.0,262.0,296.0,261.0,229.0,18,3,235.0
32970,Queens,2021,3,11,18,15,90,177615,POINT (1028931.8143046284 215115.26618027306),ROOSEVELT AVENUE BRIDGE,Flushing Line,Flushing Line,WB,2021-03-11 18:15:00,111.0,118.0,126.0,125.0,95.0,18,3,99.0
32970,Queens,2021,3,11,18,15,119,177615,POINT (1028931.8143046284 215115.26618027306),ROOSEVELT AVENUE BRIDGE,Flushing Line,Flushing Line,EB,2021-03-11 18:15:00,124.0,129.0,126.0,128.0,122.0,18,3,111.0
32970,Brooklyn,2021,3,11,18,15,250,157501,POINT (988148.6889210109 151103.24158873298),CROPSEY AVENUE BRIDGE,Cropsey Avenue,Dead end,SB,2021-03-11 18:15:00,304.0,265.0,281.0,302.0,257.0,18,3,241.0
32970,Brooklyn,2021,3,11,18,30,257,157501,POINT (988148.6889210109 151103.24158873298),CROPSEY AVENUE BRIDGE,Cropsey Avenue,Dead end,SB,2021-03-11 18:30:00,250.0,304.0,287.0,269.0,293.0,18,3,295.0
32970,Queens,2021,3,11,18,30,122,177615,POINT (1028931.8143046284 215115.26618027306),ROOSEVELT AVENUE BRIDGE,Flushing Line,Flushing Line,EB,2021-03-11 18:30:00,119.0,124.0,160.0,139.0,99.0,18,3,137.0
32970,Queens,2021,3,11,18,30,95,177615,POINT (1028931.8143046284 215115.26618027306),ROOSEVELT AVENUE BRIDGE,Flushing Line,Flushing Line,WB,2021-03-11 18:30:00,90.0,111.0,97.0,96.0,79.0,18,3,84.0
32970,Brooklyn,2021,3,11,18,30,229,191114,POINT (988207.4245194928 151130.52481856258),CROPSEY AVENUE BRIDGE,Coney Island Creek Shoreline,Dead end,NB,2021-03-11 18:30:00,237.0,257.0,258.0,258.0,221.0,18,3,201.0
32970,Brooklyn,2021,3,11,18,45,293,157501,POINT (988148.6889210109 151103.24158873298),CROPSEY AVENUE BRIDGE,Cropsey Avenue,Dead end,SB,2021-03-11 18:45:00,257.0,250.0,265.0,282.0,264.0,18,3,286.0
32970,Queens,2021,3,11,18,45,99,177615,POINT (1028931.8143046284 215115.26618027306),ROOSEVELT AVENUE BRIDGE,Flushing Line,Flushing Line,EB,2021-03-11 18:45:00,122.0,119.0,129.0,138.0,94.0,18,3,115.0
32970,Queens,2021,3,11,18,45,79,177615,POINT (1028931.8143046284 215115.26618027306),ROOSEVELT AVENUE BRIDGE,Flushing Line,Flushing Line,WB,2021-03-11 18:45:00,95.0,90.0,118.0,112.0,81.0,18,3,82.0
32970,Brooklyn,2021,3,11,18,45,221,191114,POINT (988207.4245194928 151130.52481856258),CROPSEY AVENUE BRIDGE,Coney Island Creek Shoreline,Dead end,NB,2021-03-11 18:45:00,229.0,237.0,262.0,266.0,200.0,18,3,191.0
32970,Queens,2021,3,11,19,0,81,177615,POINT (1028931.8143046284 215115.26618027306),ROOSEVELT AVENUE BRIDGE,Flushing Line,Flushing Line,WB,2021-03-11 19:00:00,79.0,95.0,111.0,103.0,83.0,19,3,79.0
32970,Brooklyn,2021,3,11,19,0,200,191114,POINT (988207.4245194928 151130.52481856258),CROPSEY AVENUE BRIDGE,Coney Island Creek Shoreline,Dead end,NB,2021-03-11 19:00:00,221.0,229.0,257.0,263.0,231.0,19,3,209.0
32970,Brooklyn,2021,3,11,19,0,264,157501,POINT (988148.6889210109 151103.24158873298),CROPSEY AVENUE BRIDGE,Cropsey Avenue,Dead end,SB,2021-03-11 19:00:00,293.0,257.0,304.0,287.0,276.0,19,3,290.0
32970,Queens,2021,3,11,19,0,94,177615,POINT (1028931.8143046284 215115.26618027306),ROOSEVELT AVENUE BRIDGE,Flushing Line,Flushing Line,EB,2021-03-11 19:00:00,99.0,122.0,124.0,141.0,88.0,19,3,109.0
32970,Brooklyn,2021,3,11,19,15,276,157501,POINT (988148.6889210109 151103.24158873298),CROPSEY AVENUE BRIDGE,Cropsey Avenue,Dead end,SB,2021-03-11 19:15:00,264.0,293.0,250.0,281.0,261.0,19,3,264.0
32970,Queens,2021,3,11,19,15,88,177615,POINT (1028931.8143046284 215115.26618027306),ROOSEVELT AVENUE BRIDGE,Flushing Line,Flushing Line,EB,2021-03-11 19:15:00,94.0,99.0,119.0,126.0,102.0,19,3,119.0
32970,Queens,2021,3,11,19,15,83,177615,POINT (1028931.8143046284 215115.26618027306),ROOSEVELT AVENUE BRIDGE,Flushing Line,Flushing Line,WB,2021-03-11 19:15:00,81.0,79.0,90.0,126.0,70.0,19,3,87.0
32970,Brooklyn,2021,3,11,19,15,231,191114,POINT (988207.4245194928 151130.52481856258),CROPSEY AVENUE BRIDGE,Coney Island Creek Shoreline,Dead end,NB,2021-03-11 19:15:00,200.0,221.0,237.0,296.0,204.0,19,3,214.0
32970,Brooklyn,2021,3,11,19,30,261,157501,POINT (988148.6889210109 151103.24158873298),CROPSEY AVENUE BRIDGE,Cropsey Avenue,Dead end,SB,2021-03-11 19:30:00,276.0,264.0,257.0,287.0,274.0,19,3,241.0
32970,Queens,2021,3,11,19,30,102,177615,POINT (1028931.8143046284 215115.26618027306),ROOSEVELT AVENUE BRIDGE,Flushing Line,Flushing Line,EB,2021-03-11 19:30:00,88.0,94.0,122.0,160.0,100.0,19,3,86.0
32970,Queens,2021,3,11,19,30,70,177615,POINT (1028931.8143046284 215115.26618027306),ROOSEVELT AVENUE BRIDGE,Flushing Line,Flushing Line,WB,2021-03-11 19:30:00,83.0,81.0,95.0,97.0,76.0,19,3,73.0
32970,Brooklyn,2021,3,11,19,30,204,191114,POINT (988207.4245194928 151130.52481856258),CROPSEY AVENUE BRIDGE,Coney Island Creek Shoreline,Dead end,NB,2021-03-11 19:30:00,231.0,200.0,229.0,258.0,197.0,19,3,198.0
32970,Brooklyn,2021,3,11,19,45,197,191114,POINT (988207.4245194928 151130.52481856258),CROPSEY AVENUE BRIDGE,Coney Island Creek Shoreline,Dead end,NB,2021-03-11 19:45:00,204.0,231.0,221.0,262.0,171.0,19,3,171.0
32970,Queens,2021,3,11,19,45,76,177615,POINT (1028931.8143046284 215115.26618027306),ROOSEVELT AVENUE BRIDGE,Flushing Line,Flushing Line,WB,2021-03-11 19:45:00,70.0,83.0,79.0,118.0,59.0,19,3,88.0
32970,Queens,2021,3,11,19,45,100,177615,POINT (1028931.8143046284 215115.26618027306),ROOSEVELT AVENUE BRIDGE,Flushing Line,Flushing Line,EB,2021-03-11 19:45:00,102.0,88.0,99.0,129.0,60.0,19,3,88.0
32970,Brooklyn,2021,3,11,19,45,274,157501,POINT (988148.6889210109 151103.24158873298),CROPSEY AVENUE BRIDGE,Cropsey Avenue,Dead end,SB,2021-03-11 19:45:00,261.0,276.0,293.0,265.0,197.0,19,3,232.0
32970,Brooklyn,2021,3,11,20,0,197,157501,POINT (988148.6889210109 151103.24158873298),CROPSEY AVENUE BRIDGE,Cropsey Avenue,Dead end,SB,2021-03-11 20:00:00,274.0,261.0,264.0,304.0,200.0,20,3,237.0
32970,Queens,2021,3,11,20,0,60,177615,POINT (1028931.8143046284 215115.26618027306),ROOSEVELT AVENUE BRIDGE,Flushing Line,Flushing Line,EB,2021-03-11 20:00:00,100.0,102.0,94.0,124.0,70.0,20,3,84.0
32970,Queens,2021,3,11,20,0,59,177615,POINT (1028931.8143046284 215115.26618027306),ROOSEVELT AVENUE BRIDGE,Flushing Line,Flushing Line,WB,2021-03-11 20:00:00,76.0,70.0,81.0,111.0,68.0,20,3,60.0
32970,Brooklyn,2021,3,11,20,0,171,191114,POINT (988207.4245194928 151130.52481856258),CROPSEY AVENUE BRIDGE,Coney Island Creek Shoreline,Dead end,NB,2021-03-11 20:00:00,197.0,204.0,200.0,257.0,197.0,20,3,153.0
32970,Brooklyn,2021,3,11,20,15,200,157501,POINT (988148.6889210109 151103.24158873298),CROPSEY AVENUE BRIDGE,Cropsey Avenue,Dead end,SB,2021-03-11 20:15:00,197.0,274.0,276.0,250.0,196.0,20,3,198.0
32970,Queens,2021,3,11,20,15,70,177615,POINT (1028931.8143046284 215115.26618027306),ROOSEVELT AVENUE BRIDGE,Flushing Line,Flushing Line,EB,2021-03-11 20:15:00,60.0,100.0,88.0,119.0,80.0,20,3,78.0
32970,Queens,2021,3,11,20,15,68,177615,POINT (1028931.8143046284 215115.26618027306),ROOSEVELT AVENUE BRIDGE,Flushing Line,Flushing Line,WB,2021-03-11 20:15:00,59.0,76.0,83.0,90.0,45.0,20,3,63.0
32970,Brooklyn,2021,3,11,20,15,197,191114,POINT (988207.4245194928 151130.52481856258),CROPSEY AVENUE BRIDGE,Coney Island Creek Shoreline,Dead end,NB,2021-03-11 20:15:00,171.0,197.0,231.0,237.0,183.0,20,3,171.0
32970,Queens,2021,3,11,20,30,45,177615,POINT (1028931.8143046284 215115.26618027306),ROOSEVELT AVENUE BRIDGE,Flushing Line,Flushing Line,WB,2021-03-11 20:30:00,68.0,59.0,70.0,95.0,60.0,20,3,62.0
32970,Brooklyn,2021,3,11,20,30,183,191114,POINT (988207.4245194928 151130.52481856258),CROPSEY AVENUE BRIDGE,Coney Island Creek Shoreline,Dead end,NB,2021-03-11 20:30:00,197.0,171.0,204.0,229.0,146.0,20,3,147.0
32970,Brooklyn,2021,3,11,20,30,196,157501,POINT (988148.6889210109 151103.24158873298),CROPSEY AVENUE BRIDGE,Cropsey Avenue,Dead end,SB,2021-03-11 20:30:00,200.0,197.0,261.0,257.0,166.0,20,3,189.0
32970,Queens,2021,3,11,20,30,80,177615,POINT (1028931.8143046284 215115.26618027306),ROOSEVELT AVENUE BRIDGE,Flushing Line,Flushing Line,EB,2021-03-11 20:30:00,70.0,60.0,102.0,122.0,65.0,20,3,59.0
32970,Brooklyn,2021,3,11,20,45,166,157501,POINT (988148.6889210109 151103.24158873298),CROPSEY AVENUE BRIDGE,Cropsey Avenue,Dead end,SB,2021-03-11 20:45:00,196.0,200.0,274.0,293.0,171.0,20,3,175.0
32970,Queens,2021,3,11,20,45,65,177615,POINT (1028931.8143046284 215115.26618027306),ROOSEVELT AVENUE BRIDGE,Flushing Line,Flushing Line,EB,2021-03-11 20:45:00,80.0,70.0,100.0,99.0,61.0,20,3,78.0
32970,Queens,2021,3,11,20,45,60,177615,POINT (1028931.8143046284 215115.26618027306),ROOSEVELT AVENUE BRIDGE,Flushing Line,Flushing Line,WB,2021-03-11 20:45:00,45.0,68.0,76.0,79.0,42.0,20,3,37.0
32970,Brooklyn,2021,3,11,20,45,146,191114,POINT (988207.4245194928 151130.52481856258),CROPSEY AVENUE BRIDGE,Coney Island Creek Shoreline,Dead end,NB,2021-03-11 20:45:00,183.0,197.0,197.0,221.0,132.0,20,3,129.0
32970,Brooklyn,2021,3,11,21,0,171,157501,POINT (988148.6889210109 151103.24158873298),CROPSEY AVENUE BRIDGE,Cropsey Avenue,Dead end,SB,2021-03-11 21:00:00,166.0,196.0,197.0,264.0,146.0,21,3,163.0
32970,Queens,2021,3,11,21,0,61,177615,POINT (1028931.8143046284 215115.26618027306),ROOSEVELT AVENUE BRIDGE,Flushing Line,Flushing Line,EB,2021-03-11 21:00:00,65.0,80.0,60.0,94.0,53.0,21,3,57.0
32970,Queens,2021,3,11,21,0,42,177615,POINT (1028931.8143046284 215115.26618027306),ROOSEVELT AVENUE BRIDGE,Flushing Line,Flushing Line,WB,2021-03-11 21:00:00,60.0,45.0,59.0,81.0,52.0,21,3,56.0
32970,Brooklyn,2021,3,11,21,0,132,191114,POINT (988207.4245194928 151130.52481856258),CROPSEY AVENUE BRIDGE,Coney Island Creek Shoreline,Dead end,NB,2021-03-11 21:00:00,146.0,183.0,171.0,200.0,121.0,21,3,118.0
32970,Queens,2021,3,11,21,15,52,177615,POINT (1028931.8143046284 215115.26618027306),ROOSEVELT AVENUE BRIDGE,Flushing Line,Flushing Line,WB,2021-03-11 21:15:00,42.0,60.0,68.0,83.0,40.0,21,3,48.0
32970,Brooklyn,2021,3,11,21,15,121,191114,POINT (988207.4245194928 151130.52481856258),CROPSEY AVENUE BRIDGE,Coney Island Creek Shoreline,Dead end,NB,2021-03-11 21:15:00,132.0,146.0,197.0,231.0,102.0,21,3,134.0
32970,Brooklyn,2021,3,11,21,15,146,157501,POINT (988148.6889210109 151103.24158873298),CROPSEY AVENUE BRIDGE,Cropsey Avenue,Dead end,SB,2021-03-11 21:15:00,171.0,166.0,200.0,276.0,170.0,21,3,135.0
32970,Queens,2021,3,11,21,15,53,177615,POINT (1028931.8143046284 215115.26618027306),ROOSEVELT AVENUE BRIDGE,Flushing Line,Flushing Line,EB,2021-03-11 21:15:00,61.0,65.0,70.0,88.0,41.0,21,3,56.0
32970,Brooklyn,2021,3,11,21,30,170,157501,POINT (988148.6889210109 151103.24158873298),CROPSEY AVENUE BRIDGE,Cropsey Avenue,Dead end,SB,2021-03-11 21:30:00,146.0,171.0,196.0,261.0,144.0,21,3,140.0
32970,Queens,2021,3,11,21,30,41,177615,POINT (1028931.8143046284 215115.26618027306),ROOSEVELT AVENUE BRIDGE,Flushing Line,Flushing Line,EB,2021-03-11 21:30:00,53.0,61.0,80.0,102.0,61.0,21,3,46.0
32970,Queens,2021,3,11,21,30,40,177615,POINT (1028931.8143046284 215115.26618027306),ROOSEVELT AVENUE BRIDGE,Flushing Line,Flushing Line,WB,2021-03-11 21:30:00,52.0,42.0,45.0,70.0,44.0,21,3,41.0
32970,Brooklyn,2021,3,11,21,30,102,191114,POINT (988207.4245194928 151130.52481856258),CROPSEY AVENUE BRIDGE,Coney Island Creek Shoreline,Dead end,NB,2021-03-11 21:30:00,121.0,132.0,183.0,204.0,95.0,21,3,114.0
32970,Brooklyn,2021,3,11,21,45,144,157501,POINT (988148.6889210109 151103.24158873298),CROPSEY AVENUE BRIDGE,Cropsey Avenue,Dead end,SB,2021-03-11 21:45:00,170.0,146.0,166.0,274.0,128.0,21,3,118.0
32970,Queens,2021,3,11,21,45,61,177615,POINT (1028931.8143046284 215115.26618027306),ROOSEVELT AVENUE BRIDGE,Flushing Line,Flushing Line,EB,2021-03-11 21:45:00,41.0,53.0,65.0,100.0,43.0,21,3,56.0
32970,Queens,2021,3,11,21,45,44,177615,POINT (1028931.8143046284 215115.26618027306),ROOSEVELT AVENUE BRIDGE,Flushing Line,Flushing Line,WB,2021-03-11 21:45:00,40.0,52.0,60.0,76.0,35.0,21,3,46.0
32970,Brooklyn,2021,3,11,21,45,95,191114,POINT (988207.4245194928 151130.52481856258),CROPSEY AVENUE BRIDGE,Coney Island Creek Shoreline,Dead end,NB,2021-03-11 21:45:00,102.0,121.0,146.0,197.0,135.0,21,3,118.0
32970,Brooklyn,2021,3,11,22,0,135,191114,POINT (988207.4245194928 151130.52481856258),CROPSEY AVENUE BRIDGE,Coney Island Creek Shoreline,Dead end,NB,2021-03-11 22:00:00,95.0,102.0,132.0,171.0,101.0,22,3,98.0
32970,Brooklyn,2021,3,11,22,0,128,157501,POINT (988148.6889210109 151103.24158873298),CROPSEY AVENUE BRIDGE,Cropsey Avenue,Dead end,SB,2021-03-11 22:00:00,144.0,170.0,171.0,197.0,151.0,22,3,117.0
32970,Queens,2021,3,11,22,0,43,177615,POINT (1028931.8143046284 215115.26618027306),ROOSEVELT AVENUE BRIDGE,Flushing Line,Flushing Line,EB,2021-03-11 22:00:00,61.0,41.0,61.0,60.0,42.0,22,3,36.0
32970,Queens,2021,3,11,22,0,35,177615,POINT (1028931.8143046284 215115.26618027306),ROOSEVELT AVENUE BRIDGE,Flushing Line,Flushing Line,WB,2021-03-11 22:00:00,44.0,40.0,42.0,59.0,38.0,22,3,50.0
32970,Queens,2021,3,11,22,15,38,177615,POINT (1028931.8143046284 215115.26618027306),ROOSEVELT AVENUE BRIDGE,Flushing Line,Flushing Line,WB,2021-03-11 22:15:00,35.0,44.0,52.0,68.0,46.0,22,3,31.0
32970,Brooklyn,2021,3,11,22,15,101,191114,POINT (988207.4245194928 151130.52481856258),CROPSEY AVENUE BRIDGE,Coney Island Creek Shoreline,Dead end,NB,2021-03-11 22:15:00,135.0,95.0,121.0,197.0,83.0,22,3,102.0
32970,Brooklyn,2021,3,11,22,15,151,157501,POINT (988148.6889210109 151103.24158873298),CROPSEY AVENUE BRIDGE,Cropsey Avenue,Dead end,SB,2021-03-11 22:15:00,128.0,144.0,146.0,200.0,136.0,22,3,120.0
32970,Queens,2021,3,11,22,15,42,177615,POINT (1028931.8143046284 215115.26618027306),ROOSEVELT AVENUE BRIDGE,Flushing Line,Flushing Line,EB,2021-03-11 22:15:00,43.0,61.0,53.0,70.0,33.0,22,3,42.0
32970,Brooklyn,2021,3,11,22,30,136,157501,POINT (988148.6889210109 151103.24158873298),CROPSEY AVENUE BRIDGE,Cropsey Avenue,Dead end,SB,2021-03-11 22:30:00,151.0,128.0,170.0,196.0,98.0,22,3,115.0
32970,Queens,2021,3,11,22,30,33,177615,POINT (1028931.8143046284 215115.26618027306),ROOSEVELT AVENUE BRIDGE,Flushing Line,Flushing Line,EB,2021-03-11 22:30:00,42.0,43.0,41.0,80.0,39.0,22,3,133.0
32970,Queens,2021,3,11,22,30,46,177615,POINT (1028931.8143046284 215115.26618027306),ROOSEVELT AVENUE BRIDGE,Flushing Line,Flushing Line,WB,2021-03-11 22:30:00,38.0,35.0,40.0,45.0,38.0,22,3,39.0
32970,Brooklyn,2021,3,11,22,30,83,191114,POINT (988207.4245194928 151130.52481856258),CROPSEY AVENUE BRIDGE,Coney Island Creek Shoreline,Dead end,NB,2021-03-11 22:30:00,101.0,135.0,102.0,183.0,89.0,22,3,97.0
32970,Brooklyn,2021,3,11,22,45,98,157501,POINT (988148.6889210109 151103.24158873298),CROPSEY AVENUE BRIDGE,Cropsey Avenue,Dead end,SB,2021-03-11 22:45:00,136.0,151.0,144.0,166.0,100.0,22,3,119.0
32970,Queens,2021,3,11,22,45,39,177615,POINT (1028931.8143046284 215115.26618027306),ROOSEVELT AVENUE BRIDGE,Flushing Line,Flushing Line,EB,2021-03-11 22:45:00,33.0,42.0,61.0,65.0,28.0,22,3,88.0
32970,Queens,2021,3,11,22,45,38,177615,POINT (1028931.8143046284 215115.26618027306),ROOSEVELT AVENUE BRIDGE,Flushing Line,Flushing Line,WB,2021-03-11 22:45:00,46.0,38.0,44.0,60.0,27.0,22,3,35.0
32970,Brooklyn,2021,3,11,22,45,89,191114,POINT (988207.4245194928 151130.52481856258),CROPSEY AVENUE BRIDGE,Coney Island Creek Shoreline,Dead end,NB,2021-03-11 22:45:00,83.0,101.0,95.0,146.0,109.0,22,3,94.0
32970,Brooklyn,2021,3,11,23,0,109,191114,POINT (988207.4245194928 151130.52481856258),CROPSEY AVENUE BRIDGE,Coney Island Creek Shoreline,Dead end,NB,2021-03-11 23:00:00,89.0,83.0,135.0,132.0,79.0,23,3,72.0
32970,Queens,2021,3,11,23,0,27,177615,POINT (1028931.8143046284 215115.26618027306),ROOSEVELT AVENUE BRIDGE,Flushing Line,Flushing Line,WB,2021-03-11 23:00:00,38.0,46.0,35.0,42.0,36.0,23,3,21.0
32970,Brooklyn,2021,3,11,23,0,100,157501,POINT (988148.6889210109 151103.24158873298),CROPSEY AVENUE BRIDGE,Cropsey Avenue,Dead end,SB,2021-03-11 23:00:00,98.0,136.0,128.0,171.0,93.0,23,3,95.0
32970,Queens,2021,3,11,23,0,28,177615,POINT (1028931.8143046284 215115.26618027306),ROOSEVELT AVENUE BRIDGE,Flushing Line,Flushing Line,EB,2021-03-11 23:00:00,39.0,33.0,43.0,61.0,29.0,23,3,30.0
32970,Brooklyn,2021,3,11,23,15,93,157501,POINT (988148.6889210109 151103.24158873298),CROPSEY AVENUE BRIDGE,Cropsey Avenue,Dead end,SB,2021-03-11 23:15:00,100.0,98.0,151.0,146.0,92.0,23,3,89.0
32970,Queens,2021,3,11,23,15,29,177615,POINT (1028931.8143046284 215115.26618027306),ROOSEVELT AVENUE BRIDGE,Flushing Line,Flushing Line,EB,2021-03-11 23:15:00,28.0,39.0,42.0,53.0,30.0,23,3,35.0
32970,Queens,2021,3,11,23,15,36,177615,POINT (1028931.8143046284 215115.26618027306),ROOSEVELT AVENUE BRIDGE,Flushing Line,Flushing Line,WB,2021-03-11 23:15:00,27.0,38.0,38.0,52.0,17.0,23,3,19.0
32970,Brooklyn,2021,3,11,23,15,79,191114,POINT (988207.4245194928 151130.52481856258),CROPSEY AVENUE BRIDGE,Coney Island Creek Shoreline,Dead end,NB,2021-03-11 23:15:00,109.0,89.0,101.0,121.0,69.0,23,3,63.0
32970,Brooklyn,2021,3,11,23,30,69,191114,POINT (988207.4245194928 151130.52481856258),CROPSEY AVENUE BRIDGE,Coney Island Creek Shoreline,Dead end,NB,2021-03-11 23:30:00,79.0,109.0,83.0,102.0,76.0,23,3,64.0
32970,Brooklyn,2021,3,11,23,30,92,157501,POINT (988148.6889210109 151103.24158873298),CROPSEY AVENUE BRIDGE,Cropsey Avenue,Dead end,SB,2021-03-11 23:30:00,93.0,100.0,136.0,170.0,108.0,23,3,101.0
32970,Queens,2021,3,11,23,30,30,177615,POINT (1028931.8143046284 215115.26618027306),ROOSEVELT AVENUE BRIDGE,Flushing Line,Flushing Line,EB,2021-03-11 23:30:00,29.0,28.0,33.0,41.0,27.0,23,3,37.0
32970,Queens,2021,3,11,23,30,17,177615,POINT (1028931.8143046284 215115.26618027306),ROOSEVELT AVENUE BRIDGE,Flushing Line,Flushing Line,WB,2021-03-11 23:30:00,36.0,27.0,46.0,40.0,25.0,23,3,24.0
32970,Queens,2021,3,11,23,45,25,177615,POINT (1028931.8143046284 215115.26618027306),ROOSEVELT AVENUE BRIDGE,Flushing Line,Flushing Line,WB,2021-03-11 23:45:00,17.0,36.0,38.0,44.0,24.0,23,3,26.0
32970,Brooklyn,2021,3,11,23,45,76,191114,POINT (988207.4245194928 151130.52481856258),CROPSEY AVENUE BRIDGE,Coney Island Creek Shoreline,Dead end,NB,2021-03-11 23:45:00,69.0,79.0,89.0,95.0,64.0,23,3,71.0
32970,Brooklyn,2021,3,11,23,45,108,157501,POINT (988148.6889210109 151103.24158873298),CROPSEY AVENUE BRIDGE,Cropsey Avenue,Dead end,SB,2021-03-11 23:45:00,92.0,93.0,98.0,144.0,76.0,23,3,74.0
32970,Queens,2021,3,11,23,45,27,177615,POINT (1028931.8143046284 215115.26618027306),ROOSEVELT AVENUE BRIDGE,Flushing Line,Flushing Line,EB,2021-03-11 23:45:00,30.0,29.0,39.0,61.0,30.0,23,3,34.0
32970,Brooklyn,2021,3,12,0,0,64,191114,POINT (988207.4245194928 151130.52481856258),CROPSEY AVENUE BRIDGE,Coney Island Creek Shoreline,Dead end,NB,2021-03-12 00:00:00,76.0,69.0,109.0,135.0,53.0,0,4,55.0
32970,Queens,2021,3,12,0,0,24,177615,POINT (1028931.8143046284 215115.26618027306),ROOSEVELT AVENUE BRIDGE,Flushing Line,Flushing Line,WB,2021-03-12 00:00:00,25.0,17.0,27.0,35.0,29.0,0,4,21.0
32970,Brooklyn,2021,3,12,0,0,76,157501,POINT (988148.6889210109 151103.24158873298),CROPSEY AVENUE BRIDGE,Cropsey Avenue,Dead end,SB,2021-03-12 00:00:00,108.0,92.0,100.0,128.0,70.0,0,4,67.0
32970,Queens,2021,3,12,0,0,30,177615,POINT (1028931.8143046284 215115.26618027306),ROOSEVELT AVENUE BRIDGE,Flushing Line,Flushing Line,EB,2021-03-12 00:00:00,27.0,30.0,28.0,43.0,21.0,0,4,21.0
32970,Brooklyn,2021,3,12,0,15,70,157501,POINT (988148.6889210109 151103.24158873298),CROPSEY AVENUE BRIDGE,Cropsey Avenue,Dead end,SB,2021-03-12 00:15:00,76.0,108.0,93.0,151.0,47.0,0,4,62.0
32970,Queens,2021,3,12,0,15,21,177615,POINT (1028931.8143046284 215115.26618027306),ROOSEVELT AVENUE BRIDGE,Flushing Line,Flushing Line,EB,2021-03-12 00:15:00,30.0,27.0,29.0,42.0,25.0,0,4,13.0
32970,Queens,2021,3,12,0,15,29,177615,POINT (1028931.8143046284 215115.26618027306),ROOSEVELT AVENUE BRIDGE,Flushing Line,Flushing Line,WB,2021-03-12 00:15:00,24.0,25.0,36.0,38.0,14.0,0,4,15.0
32970,Brooklyn,2021,3,12,0,15,53,191114,POINT (988207.4245194928 151130.52481856258),CROPSEY AVENUE BRIDGE,Coney Island Creek Shoreline,Dead end,NB,2021-03-12 00:15:00,64.0,76.0,79.0,101.0,57.0,0,4,38.0
32970,Brooklyn,2021,3,12,0,30,57,191114,POINT (988207.4245194928 151130.52481856258),CROPSEY AVENUE BRIDGE,Coney Island Creek Shoreline,Dead end,NB,2021-03-12 00:30:00,53.0,64.0,69.0,83.0,40.0,0,4,46.0
32970,Brooklyn,2021,3,12,0,30,47,157501,POINT (988148.6889210109 151103.24158873298),CROPSEY AVENUE BRIDGE,Cropsey Avenue,Dead end,SB,2021-03-12 00:30:00,70.0,76.0,92.0,136.0,66.0,0,4,54.0
32970,Queens,2021,3,12,0,30,25,177615,POINT (1028931.8143046284 215115.26618027306),ROOSEVELT AVENUE BRIDGE,Flushing Line,Flushing Line,EB,2021-03-12 00:30:00,21.0,30.0,30.0,33.0,15.0,0,4,23.0
32970,Queens,2021,3,12,0,30,14,177615,POINT (1028931.8143046284 215115.26618027306),ROOSEVELT AVENUE BRIDGE,Flushing Line,Flushing Line,WB,2021-03-12 00:30:00,29.0,24.0,17.0,46.0,13.0,0,4,14.0
32970,Brooklyn,2021,3,12,0,45,40,191114,POINT (988207.4245194928 151130.52481856258),CROPSEY AVENUE BRIDGE,Coney Island Creek Shoreline,Dead end,NB,2021-03-12 00:45:00,57.0,53.0,76.0,89.0,39.0,0,4,36.0
32970,Queens,2021,3,12,0,45,13,177615,POINT (1028931.8143046284 215115.26618027306),ROOSEVELT AVENUE BRIDGE,Flushing Line,Flushing Line,WB,2021-03-12 00:45:00,14.0,29.0,25.0,38.0,22.0,0,4,11.0
32970,Brooklyn,2021,3,12,0,45,66,157501,POINT (988148.6889210109 151103.24158873298),CROPSEY AVENUE BRIDGE,Cropsey Avenue,Dead end,SB,2021-03-12 00:45:00,47.0,70.0,108.0,98.0,46.0,0,4,56.0
32970,Queens,2021,3,12,0,45,15,177615,POINT (1028931.8143046284 215115.26618027306),ROOSEVELT AVENUE BRIDGE,Flushing Line,Flushing Line,EB,2021-03-12 00:45:00,25.0,21.0,27.0,39.0,19.0,0,4,18.0
32970,Brooklyn,2021,3,12,1,0,46,157501,POINT (988148.6889210109 151103.24158873298),CROPSEY AVENUE BRIDGE,Cropsey Avenue,Dead end,SB,2021-03-12 01:00:00,66.0,47.0,76.0,100.0,37.0,1,4,32.0
32970,Queens,2021,3,12,1,0,19,177615,POINT (1028931.8143046284 215115.26618027306),ROOSEVELT AVENUE BRIDGE,Flushing Line,Flushing Line,EB,2021-03-12 01:00:00,15.0,25.0,30.0,28.0,17.0,1,4,14.0
32970,Queens,2021,3,12,1,0,22,177615,POINT (1028931.8143046284 215115.26618027306),ROOSEVELT AVENUE BRIDGE,Flushing Line,Flushing Line,WB,2021-03-12 01:00:00,13.0,14.0,24.0,27.0,17.0,1,4,16.0
32970,Brooklyn,2021,3,12,1,0,39,191114,POINT (988207.4245194928 151130.52481856258),CROPSEY AVENUE BRIDGE,Coney Island Creek Shoreline,Dead end,NB,2021-03-12 01:00:00,40.0,57.0,64.0,109.0,45.0,1,4,41.0
32970,Brooklyn,2021,3,12,1,15,37,157501,POINT (988148.6889210109 151103.24158873298),CROPSEY AVENUE BRIDGE,Cropsey Avenue,Dead end,SB,2021-03-12 01:15:00,46.0,66.0,70.0,93.0,33.0,1,4,39.0
32970,Queens,2021,3,12,1,15,17,177615,POINT (1028931.8143046284 215115.26618027306),ROOSEVELT AVENUE BRIDGE,Flushing Line,Flushing Line,EB,2021-03-12 01:15:00,19.0,15.0,21.0,29.0,13.0,1,4,13.0
32970,Queens,2021,3,12,1,15,17,177615,POINT (1028931.8143046284 215115.26618027306),ROOSEVELT AVENUE BRIDGE,Flushing Line,Flushing Line,WB,2021-03-12 01:15:00,22.0,13.0,29.0,36.0,11.0,1,4,13.0
32970,Brooklyn,2021,3,12,1,15,45,191114,POINT (988207.4245194928 151130.52481856258),CROPSEY AVENUE BRIDGE,Coney Island Creek Shoreline,Dead end,NB,2021-03-12 01:15:00,39.0,40.0,53.0,79.0,32.0,1,4,34.0
32970,Queens,2021,3,12,1,30,11,177615,POINT (1028931.8143046284 215115.26618027306),ROOSEVELT AVENUE BRIDGE,Flushing Line,Flushing Line,WB,2021-03-12 01:30:00,17.0,22.0,14.0,17.0,13.0,1,4,16.0
32970,Brooklyn,2021,3,12,1,30,32,191114,POINT (988207.4245194928 151130.52481856258),CROPSEY AVENUE BRIDGE,Coney Island Creek Shoreline,Dead end,NB,2021-03-12 01:30:00,45.0,39.0,57.0,69.0,25.0,1,4,36.0
32970,Queens,2021,3,12,1,30,13,177615,POINT (1028931.8143046284 215115.26618027306),ROOSEVELT AVENUE BRIDGE,Flushing Line,Flushing Line,EB,2021-03-12 01:30:00,17.0,19.0,25.0,30.0,20.0,1,4,14.0
32970,Brooklyn,2021,3,12,1,30,33,157501,POINT (988148.6889210109 151103.24158873298),CROPSEY AVENUE BRIDGE,Cropsey Avenue,Dead end,SB,2021-03-12 01:30:00,37.0,46.0,47.0,92.0,44.0,1,4,33.0
32970,Brooklyn,2021,3,12,1,45,44,157501,POINT (988148.6889210109 151103.24158873298),CROPSEY AVENUE BRIDGE,Cropsey Avenue,Dead end,SB,2021-03-12 01:45:00,33.0,37.0,66.0,108.0,36.0,1,4,24.0
32970,Queens,2021,3,12,1,45,20,177615,POINT (1028931.8143046284 215115.26618027306),ROOSEVELT AVENUE BRIDGE,Flushing Line,Flushing Line,EB,2021-03-12 01:45:00,13.0,17.0,15.0,27.0,11.0,1,4,9.0
32970,Queens,2021,3,12,1,45,13,177615,POINT (1028931.8143046284 215115.26618027306),ROOSEVELT AVENUE BRIDGE,Flushing Line,Flushing Line,WB,2021-03-12 01:45:00,11.0,17.0,13.0,25.0,8.0,1,4,11.0
32970,Brooklyn,2021,3,12,1,45,25,191114,POINT (988207.4245194928 151130.52481856258),CROPSEY AVENUE BRIDGE,Coney Island Creek Shoreline,Dead end,NB,2021-03-12 01:45:00,32.0,45.0,40.0,76.0,35.0,1,4,30.0
32970,Brooklyn,2021,3,12,2,0,36,157501,POINT (988148.6889210109 151103.24158873298),CROPSEY AVENUE BRIDGE,Cropsey Avenue,Dead end,SB,2021-03-12 02:00:00,44.0,33.0,46.0,76.0,34.0,2,4,32.0
32970,Queens,2021,3,12,2,0,11,177615,POINT (1028931.8143046284 215115.26618027306),ROOSEVELT AVENUE BRIDGE,Flushing Line,Flushing Line,EB,2021-03-12 02:00:00,20.0,13.0,19.0,30.0,12.0,2,4,14.0
32970,Queens,2021,3,12,2,0,8,177615,POINT (1028931.8143046284 215115.26618027306),ROOSEVELT AVENUE BRIDGE,Flushing Line,Flushing Line,WB,2021-03-12 02:00:00,13.0,11.0,22.0,24.0,14.0,2,4,16.0
32970,Brooklyn,2021,3,12,2,0,35,191114,POINT (988207.4245194928 151130.52481856258),CROPSEY AVENUE BRIDGE,Coney Island Creek Shoreline,Dead end,NB,2021-03-12 02:00:00,25.0,32.0,39.0,64.0,29.0,2,4,30.0
32970,Queens,2021,3,12,2,15,14,177615,POINT (1028931.8143046284 215115.26618027306),ROOSEVELT AVENUE BRIDGE,Flushing Line,Flushing Line,WB,2021-03-12 02:15:00,8.0,13.0,17.0,29.0,10.0,2,4,16.0
32970,Brooklyn,2021,3,12,2,15,29,191114,POINT (988207.4245194928 151130.52481856258),CROPSEY AVENUE BRIDGE,Coney Island Creek Shoreline,Dead end,NB,2021-03-12 02:15:00,35.0,25.0,45.0,53.0,29.0,2,4,25.0
32970,Queens,2021,3,12,2,15,12,177615,POINT (1028931.8143046284 215115.26618027306),ROOSEVELT AVENUE BRIDGE,Flushing Line,Flushing Line,EB,2021-03-12 02:15:00,11.0,20.0,17.0,21.0,23.0,2,4,12.0
32970,Brooklyn,2021,3,12,2,15,34,157501,POINT (988148.6889210109 151103.24158873298),CROPSEY AVENUE BRIDGE,Cropsey Avenue,Dead end,SB,2021-03-12 02:15:00,36.0,44.0,37.0,70.0,23.0,2,4,33.0
32970,Brooklyn,2021,3,12,2,30,23,157501,POINT (988148.6889210109 151103.24158873298),CROPSEY AVENUE BRIDGE,Cropsey Avenue,Dead end,SB,2021-03-12 02:30:00,34.0,36.0,33.0,47.0,19.0,2,4,24.0
32970,Queens,2021,3,12,2,30,23,177615,POINT (1028931.8143046284 215115.26618027306),ROOSEVELT AVENUE BRIDGE,Flushing Line,Flushing Line,EB,2021-03-12 02:30:00,12.0,11.0,13.0,25.0,9.0,2,4,20.0
32970,Queens,2021,3,12,2,30,10,177615,POINT (1028931.8143046284 215115.26618027306),ROOSEVELT AVENUE BRIDGE,Flushing Line,Flushing Line,WB,2021-03-12 02:30:00,14.0,8.0,11.0,14.0,10.0,2,4,8.0
32970,Brooklyn,2021,3,12,2,30,29,191114,POINT (988207.4245194928 151130.52481856258),CROPSEY AVENUE BRIDGE,Coney Island Creek Shoreline,Dead end,NB,2021-03-12 02:30:00,29.0,35.0,32.0,57.0,29.0,2,4,33.0
32970,Brooklyn,2021,3,12,2,45,19,157501,POINT (988148.6889210109 151103.24158873298),CROPSEY AVENUE BRIDGE,Cropsey Avenue,Dead end,SB,2021-03-12 02:45:00,23.0,34.0,44.0,66.0,31.0,2,4,27.0
32970,Queens,2021,3,12,2,45,9,177615,POINT (1028931.8143046284 215115.26618027306),ROOSEVELT AVENUE BRIDGE,Flushing Line,Flushing Line,EB,2021-03-12 02:45:00,23.0,12.0,20.0,15.0,10.0,2,4,17.0
32970,Queens,2021,3,12,2,45,10,177615,POINT (1028931.8143046284 215115.26618027306),ROOSEVELT AVENUE BRIDGE,Flushing Line,Flushing Line,WB,2021-03-12 02:45:00,10.0,14.0,13.0,13.0,11.0,2,4,9.0
32970,Brooklyn,2021,3,12,2,45,29,191114,POINT (988207.4245194928 151130.52481856258),CROPSEY AVENUE BRIDGE,Coney Island Creek Shoreline,Dead end,NB,2021-03-12 02:45:00,29.0,29.0,25.0,40.0,22.0,2,4,23.0
32970,Brooklyn,2021,3,12,3,0,22,191114,POINT (988207.4245194928 151130.52481856258),CROPSEY AVENUE BRIDGE,Coney Island Creek Shoreline,Dead end,NB,2021-03-12 03:00:00,29.0,29.0,35.0,39.0,32.0,3,4,13.0
32970,Queens,2021,3,12,3,0,11,177615,POINT (1028931.8143046284 215115.26618027306),ROOSEVELT AVENUE BRIDGE,Flushing Line,Flushing Line,WB,2021-03-12 03:00:00,10.0,10.0,8.0,22.0,11.0,3,4,6.0
32970,Queens,2021,3,12,3,0,10,177615,POINT (1028931.8143046284 215115.26618027306),ROOSEVELT AVENUE BRIDGE,Flushing Line,Flushing Line,EB,2021-03-12 03:00:00,9.0,23.0,11.0,19.0,9.0,3,4,13.0
32970,Brooklyn,2021,3,12,3,0,31,157501,POINT (988148.6889210109 151103.24158873298),CROPSEY AVENUE BRIDGE,Cropsey Avenue,Dead end,SB,2021-03-12 03:00:00,19.0,23.0,36.0,46.0,26.0,3,4,24.0
32970,Brooklyn,2021,3,12,3,15,26,157501,POINT (988148.6889210109 151103.24158873298),CROPSEY AVENUE BRIDGE,Cropsey Avenue,Dead end,SB,2021-03-12 03:15:00,31.0,19.0,34.0,37.0,25.0,3,4,19.0
32970,Queens,2021,3,12,3,15,9,177615,POINT (1028931.8143046284 215115.26618027306),ROOSEVELT AVENUE BRIDGE,Flushing Line,Flushing Line,EB,2021-03-12 03:15:00,10.0,9.0,12.0,17.0,15.0,3,4,13.0
32970,Queens,2021,3,12,3,15,11,177615,POINT (1028931.8143046284 215115.26618027306),ROOSEVELT AVENUE BRIDGE,Flushing Line,Flushing Line,WB,2021-03-12 03:15:00,11.0,10.0,14.0,17.0,3.0,3,4,3.0
32970,Brooklyn,2021,3,12,3,15,32,191114,POINT (988207.4245194928 151130.52481856258),CROPSEY AVENUE BRIDGE,Coney Island Creek Shoreline,Dead end,NB,2021-03-12 03:15:00,22.0,29.0,29.0,45.0,20.0,3,4,23.0
32970,Brooklyn,2021,3,12,3,30,25,157501,POINT (988148.6889210109 151103.24158873298),CROPSEY AVENUE BRIDGE,Cropsey Avenue,Dead end,SB,2021-03-12 03:30:00,26.0,31.0,23.0,33.0,29.0,3,4,24.0
32970,Queens,2021,3,12,3,30,15,177615,POINT (1028931.8143046284 215115.26618027306),ROOSEVELT AVENUE BRIDGE,Flushing Line,Flushing Line,EB,2021-03-12 03:30:00,9.0,10.0,23.0,13.0,15.0,3,4,14.0
32970,Queens,2021,3,12,3,30,3,177615,POINT (1028931.8143046284 215115.26618027306),ROOSEVELT AVENUE BRIDGE,Flushing Line,Flushing Line,WB,2021-03-12 03:30:00,11.0,11.0,10.0,11.0,12.0,3,4,10.0
32970,Brooklyn,2021,3,12,3,30,20,191114,POINT (988207.4245194928 151130.52481856258),CROPSEY AVENUE BRIDGE,Coney Island Creek Shoreline,Dead end,NB,2021-03-12 03:30:00,32.0,22.0,29.0,32.0,26.0,3,4,14.0
32970,Brooklyn,2021,3,12,3,45,26,191114,POINT (988207.4245194928 151130.52481856258),CROPSEY AVENUE BRIDGE,Coney Island Creek Shoreline,Dead end,NB,2021-03-12 03:45:00,20.0,32.0,29.0,25.0,24.0,3,4,17.0
32970,Queens,2021,3,12,3,45,12,177615,POINT (1028931.8143046284 215115.26618027306),ROOSEVELT AVENUE BRIDGE,Flushing Line,Flushing Line,WB,2021-03-12 03:45:00,3.0,11.0,10.0,13.0,12.0,3,4,8.0
32970,Queens,2021,3,12,3,45,15,177615,POINT (1028931.8143046284 215115.26618027306),ROOSEVELT AVENUE BRIDGE,Flushing Line,Flushing Line,EB,2021-03-12 03:45:00,15.0,9.0,9.0,20.0,16.0,3,4,10.0
32970,Brooklyn,2021,3,12,3,45,29,157501,POINT (988148.6889210109 151103.24158873298),CROPSEY AVENUE BRIDGE,Cropsey Avenue,Dead end,SB,2021-03-12 03:45:00,25.0,26.0,19.0,44.0,23.0,3,4,28.0
32970,Brooklyn,2021,3,12,4,0,23,157501,POINT (988148.6889210109 151103.24158873298),CROPSEY AVENUE BRIDGE,Cropsey Avenue,Dead end,SB,2021-03-12 04:00:00,29.0,25.0,31.0,36.0,33.0,4,4,21.0
32970,Queens,2021,3,12,4,0,16,177615,POINT (1028931.8143046284 215115.26618027306),ROOSEVELT AVENUE BRIDGE,Flushing Line,Flushing Line,EB,2021-03-12 04:00:00,15.0,15.0,10.0,11.0,17.0,4,4,20.0
32970,Queens,2021,3,12,4,0,12,177615,POINT (1028931.8143046284 215115.26618027306),ROOSEVELT AVENUE BRIDGE,Flushing Line,Flushing Line,WB,2021-03-12 04:00:00,12.0,3.0,11.0,8.0,11.0,4,4,20.0
32970,Brooklyn,2021,3,12,4,0,24,191114,POINT (988207.4245194928 151130.52481856258),CROPSEY AVENUE BRIDGE,Coney Island Creek Shoreline,Dead end,NB,2021-03-12 04:00:00,26.0,20.0,22.0,35.0,41.0,4,4,37.0
32970,Brooklyn,2021,3,12,4,15,33,157501,POINT (988148.6889210109 151103.24158873298),CROPSEY AVENUE BRIDGE,Cropsey Avenue,Dead end,SB,2021-03-12 04:15:00,23.0,29.0,26.0,34.0,39.0,4,4,38.0
32970,Queens,2021,3,12,4,15,17,177615,POINT (1028931.8143046284 215115.26618027306),ROOSEVELT AVENUE BRIDGE,Flushing Line,Flushing Line,EB,2021-03-12 04:15:00,16.0,15.0,9.0,12.0,21.0,4,4,14.0
32970,Queens,2021,3,12,4,15,11,177615,POINT (1028931.8143046284 215115.26618027306),ROOSEVELT AVENUE BRIDGE,Flushing Line,Flushing Line,WB,2021-03-12 04:15:00,12.0,12.0,11.0,14.0,15.0,4,4,10.0
32970,Brooklyn,2021,3,12,4,15,41,191114,POINT (988207.4245194928 151130.52481856258),CROPSEY AVENUE BRIDGE,Coney Island Creek Shoreline,Dead end,NB,2021-03-12 04:15:00,24.0,26.0,32.0,29.0,34.0,4,4,35.0
32970,Queens,2021,3,12,4,30,15,177615,POINT (1028931.8143046284 215115.26618027306),ROOSEVELT AVENUE BRIDGE,Flushing Line,Flushing Line,WB,2021-03-12 04:30:00,11.0,12.0,3.0,10.0,12.0,4,4,15.0
32970,Brooklyn,2021,3,12,4,30,34,191114,POINT (988207.4245194928 151130.52481856258),CROPSEY AVENUE BRIDGE,Coney Island Creek Shoreline,Dead end,NB,2021-03-12 04:30:00,41.0,24.0,20.0,29.0,39.0,4,4,46.0
32970,Brooklyn,2021,3,12,4,30,39,157501,POINT (988148.6889210109 151103.24158873298),CROPSEY AVENUE BRIDGE,Cropsey Avenue,Dead end,SB,2021-03-12 04:30:00,33.0,23.0,25.0,23.0,51.0,4,4,32.0
32970,Queens,2021,3,12,4,30,21,177615,POINT (1028931.8143046284 215115.26618027306),ROOSEVELT AVENUE BRIDGE,Flushing Line,Flushing Line,EB,2021-03-12 04:30:00,17.0,16.0,15.0,23.0,17.0,4,4,22.0
32970,Brooklyn,2021,3,12,4,45,39,191114,POINT (988207.4245194928 151130.52481856258),CROPSEY AVENUE BRIDGE,Coney Island Creek Shoreline,Dead end,NB,2021-03-12 04:45:00,34.0,41.0,26.0,29.0,45.0,4,4,42.0
32970,Queens,2021,3,12,4,45,12,177615,POINT (1028931.8143046284 215115.26618027306),ROOSEVELT AVENUE BRIDGE,Flushing Line,Flushing Line,WB,2021-03-12 04:45:00,15.0,11.0,12.0,10.0,26.0,4,4,19.0
32970,Queens,2021,3,12,4,45,17,177615,POINT (1028931.8143046284 215115.26618027306),ROOSEVELT AVENUE BRIDGE,Flushing Line,Flushing Line,EB,2021-03-12 04:45:00,21.0,17.0,15.0,9.0,20.0,4,4,15.0
32970,Brooklyn,2021,3,12,4,45,51,157501,POINT (988148.6889210109 151103.24158873298),CROPSEY AVENUE BRIDGE,Cropsey Avenue,Dead end,SB,2021-03-12 04:45:00,39.0,33.0,29.0,19.0,51.0,4,4,49.0
32970,Brooklyn,2021,3,12,5,0,51,157501,POINT (988148.6889210109 151103.24158873298),CROPSEY AVENUE BRIDGE,Cropsey Avenue,Dead end,SB,2021-03-12 05:00:00,51.0,39.0,23.0,31.0,59.0,5,4,44.0
32970,Queens,2021,3,12,5,0,20,177615,POINT (1028931.8143046284 215115.26618027306),ROOSEVELT AVENUE BRIDGE,Flushing Line,Flushing Line,EB,2021-03-12 05:00:00,17.0,21.0,16.0,10.0,28.0,5,4,17.0
32970,Queens,2021,3,12,5,0,26,177615,POINT (1028931.8143046284 215115.26618027306),ROOSEVELT AVENUE BRIDGE,Flushing Line,Flushing Line,WB,2021-03-12 05:00:00,12.0,15.0,12.0,11.0,22.0,5,4,20.0
32970,Brooklyn,2021,3,12,5,0,45,191114,POINT (988207.4245194928 151130.52481856258),CROPSEY AVENUE BRIDGE,Coney Island Creek Shoreline,Dead end,NB,2021-03-12 05:00:00,39.0,34.0,24.0,22.0,80.0,5,4,64.0
32970,Brooklyn,2021,3,12,5,15,59,157501,POINT (988148.6889210109 151103.24158873298),CROPSEY AVENUE BRIDGE,Cropsey Avenue,Dead end,SB,2021-03-12 05:15:00,51.0,51.0,33.0,26.0,85.0,5,4,73.0
32970,Queens,2021,3,12,5,15,28,177615,POINT (1028931.8143046284 215115.26618027306),ROOSEVELT AVENUE BRIDGE,Flushing Line,Flushing Line,EB,2021-03-12 05:15:00,20.0,17.0,17.0,9.0,26.0,5,4,28.0
32970,Queens,2021,3,12,5,15,22,177615,POINT (1028931.8143046284 215115.26618027306),ROOSEVELT AVENUE BRIDGE,Flushing Line,Flushing Line,WB,2021-03-12 05:15:00,26.0,12.0,11.0,11.0,32.0,5,4,21.0
32970,Brooklyn,2021,3,12,5,15,80,191114,POINT (988207.4245194928 151130.52481856258),CROPSEY AVENUE BRIDGE,Coney Island Creek Shoreline,Dead end,NB,2021-03-12 05:15:00,45.0,39.0,41.0,32.0,61.0,5,4,65.0
32970,Brooklyn,2021,3,12,5,30,61,191114,POINT (988207.4245194928 151130.52481856258),CROPSEY AVENUE BRIDGE,Coney Island Creek Shoreline,Dead end,NB,2021-03-12 05:30:00,80.0,45.0,34.0,20.0,88.0,5,4,75.0
32970,Queens,2021,3,12,5,30,32,177615,POINT (1028931.8143046284 215115.26618027306),ROOSEVELT AVENUE BRIDGE,Flushing Line,Flushing Line,WB,2021-03-12 05:30:00,22.0,26.0,15.0,3.0,33.0,5,4,29.0
32970,Queens,2021,3,12,5,30,26,177615,POINT (1028931.8143046284 215115.26618027306),ROOSEVELT AVENUE BRIDGE,Flushing Line,Flushing Line,EB,2021-03-12 05:30:00,28.0,20.0,21.0,15.0,37.0,5,4,29.0
32970,Brooklyn,2021,3,12,5,30,85,157501,POINT (988148.6889210109 151103.24158873298),CROPSEY AVENUE BRIDGE,Cropsey Avenue,Dead end,SB,2021-03-12 05:30:00,59.0,51.0,39.0,25.0,116.0,5,4,96.0
32970,Brooklyn,2021,3,12,5,45,116,157501,POINT (988148.6889210109 151103.24158873298),CROPSEY AVENUE BRIDGE,Cropsey Avenue,Dead end,SB,2021-03-12 05:45:00,85.0,59.0,51.0,29.0,139.0,5,4,129.0
32970,Queens,2021,3,12,5,45,37,177615,POINT (1028931.8143046284 215115.26618027306),ROOSEVELT AVENUE BRIDGE,Flushing Line,Flushing Line,EB,2021-03-12 05:45:00,26.0,28.0,17.0,15.0,37.0,5,4,43.0
32970,Queens,2021,3,12,5,45,33,177615,POINT (1028931.8143046284 215115.26618027306),ROOSEVELT AVENUE BRIDGE,Flushing Line,Flushing Line,WB,2021-03-12 05:45:00,32.0,22.0,12.0,12.0,51.0,5,4,43.0
32970,Brooklyn,2021,3,12,5,45,88,191114,POINT (988207.4245194928 151130.52481856258),CROPSEY AVENUE BRIDGE,Coney Island Creek Shoreline,Dead end,NB,2021-03-12 05:45:00,61.0,80.0,39.0,26.0,131.0,5,4,96.0
32970,Brooklyn,2021,3,12,6,0,139,157501,POINT (988148.6889210109 151103.24158873298),CROPSEY AVENUE BRIDGE,Cropsey Avenue,Dead end,SB,2021-03-12 06:00:00,116.0,85.0,51.0,23.0,198.0,6,4,141.0
32970,Queens,2021,3,12,6,0,37,177615,POINT (1028931.8143046284 215115.26618027306),ROOSEVELT AVENUE BRIDGE,Flushing Line,Flushing Line,EB,2021-03-12 06:00:00,37.0,26.0,20.0,16.0,42.0,6,4,32.0
32970,Queens,2021,3,12,6,0,51,177615,POINT (1028931.8143046284 215115.26618027306),ROOSEVELT AVENUE BRIDGE,Flushing Line,Flushing Line,WB,2021-03-12 06:00:00,33.0,32.0,26.0,12.0,41.0,6,4,55.0
32970,Brooklyn,2021,3,12,6,0,131,191114,POINT (988207.4245194928 151130.52481856258),CROPSEY AVENUE BRIDGE,Coney Island Creek Shoreline,Dead end,NB,2021-03-12 06:00:00,88.0,61.0,45.0,24.0,132.0,6,4,123.0
32970,Brooklyn,2021,3,12,6,15,132,191114,POINT (988207.4245194928 151130.52481856258),CROPSEY AVENUE BRIDGE,Coney Island Creek Shoreline,Dead end,NB,2021-03-12 06:15:00,131.0,88.0,80.0,41.0,176.0,6,4,126.0
32970,Queens,2021,3,12,6,15,41,177615,POINT (1028931.8143046284 215115.26618027306),ROOSEVELT AVENUE BRIDGE,Flushing Line,Flushing Line,WB,2021-03-12 06:15:00,51.0,33.0,22.0,11.0,67.0,6,4,50.0
32970,Queens,2021,3,12,6,15,42,177615,POINT (1028931.8143046284 215115.26618027306),ROOSEVELT AVENUE BRIDGE,Flushing Line,Flushing Line,EB,2021-03-12 06:15:00,37.0,37.0,28.0,17.0,60.0,6,4,46.0
32970,Brooklyn,2021,3,12,6,15,198,157501,POINT (988148.6889210109 151103.24158873298),CROPSEY AVENUE BRIDGE,Cropsey Avenue,Dead end,SB,2021-03-12 06:15:00,139.0,116.0,59.0,33.0,230.0,6,4,190.0
32970,Brooklyn,2021,3,12,6,30,230,157501,POINT (988148.6889210109 151103.24158873298),CROPSEY AVENUE BRIDGE,Cropsey Avenue,Dead end,SB,2021-03-12 06:30:00,198.0,139.0,85.0,39.0,263.0,6,4,244.0
32970,Queens,2021,3,12,6,30,60,177615,POINT (1028931.8143046284 215115.26618027306),ROOSEVELT AVENUE BRIDGE,Flushing Line,Flushing Line,EB,2021-03-12 06:30:00,42.0,37.0,26.0,21.0,70.0,6,4,52.0
32970,Queens,2021,3,12,6,30,67,177615,POINT (1028931.8143046284 215115.26618027306),ROOSEVELT AVENUE BRIDGE,Flushing Line,Flushing Line,WB,2021-03-12 06:30:00,41.0,51.0,32.0,15.0,93.0,6,4,69.0
32970,Brooklyn,2021,3,12,6,30,176,191114,POINT (988207.4245194928 151130.52481856258),CROPSEY AVENUE BRIDGE,Coney Island Creek Shoreline,Dead end,NB,2021-03-12 06:30:00,132.0,131.0,61.0,34.0,162.0,6,4,156.0
32970,Brooklyn,2021,3,12,6,45,263,157501,POINT (988148.6889210109 151103.24158873298),CROPSEY AVENUE BRIDGE,Cropsey Avenue,Dead end,SB,2021-03-12 06:45:00,230.0,198.0,116.0,51.0,210.0,6,4,277.0
32970,Queens,2021,3,12,6,45,70,177615,POINT (1028931.8143046284 215115.26618027306),ROOSEVELT AVENUE BRIDGE,Flushing Line,Flushing Line,EB,2021-03-12 06:45:00,60.0,42.0,37.0,17.0,71.0,6,4,62.0
32970,Queens,2021,3,12,6,45,93,177615,POINT (1028931.8143046284 215115.26618027306),ROOSEVELT AVENUE BRIDGE,Flushing Line,Flushing Line,WB,2021-03-12 06:45:00,67.0,41.0,33.0,12.0,85.0,6,4,81.0
32970,Brooklyn,2021,3,12,6,45,162,191114,POINT (988207.4245194928 151130.52481856258),CROPSEY AVENUE BRIDGE,Coney Island Creek Shoreline,Dead end,NB,2021-03-12 06:45:00,176.0,132.0,88.0,39.0,194.0,6,4,174.0
32970,Brooklyn,2021,3,12,7,0,194,191114,POINT (988207.4245194928 151130.52481856258),CROPSEY AVENUE BRIDGE,Coney Island Creek Shoreline,Dead end,NB,2021-03-12 07:00:00,162.0,176.0,131.0,45.0,233.0,7,4,207.0
32970,Queens,2021,3,12,7,0,85,177615,POINT (1028931.8143046284 215115.26618027306),ROOSEVELT AVENUE BRIDGE,Flushing Line,Flushing Line,WB,2021-03-12 07:00:00,93.0,67.0,51.0,26.0,103.0,7,4,90.0
32970,Queens,2021,3,12,7,0,71,177615,POINT (1028931.8143046284 215115.26618027306),ROOSEVELT AVENUE BRIDGE,Flushing Line,Flushing Line,EB,2021-03-12 07:00:00,70.0,60.0,37.0,20.0,64.0,7,4,68.0
32970,Brooklyn,2021,3,12,7,0,210,157501,POINT (988148.6889210109 151103.24158873298),CROPSEY AVENUE BRIDGE,Cropsey Avenue,Dead end,SB,2021-03-12 07:00:00,263.0,230.0,139.0,51.0,245.0,7,4,232.0
32970,Brooklyn,2021,3,12,7,15,245,157501,POINT (988148.6889210109 151103.24158873298),CROPSEY AVENUE BRIDGE,Cropsey Avenue,Dead end,SB,2021-03-12 07:15:00,210.0,263.0,198.0,59.0,255.0,7,4,269.0
32970,Queens,2021,3,12,7,15,64,177615,POINT (1028931.8143046284 215115.26618027306),ROOSEVELT AVENUE BRIDGE,Flushing Line,Flushing Line,EB,2021-03-12 07:15:00,71.0,70.0,42.0,28.0,66.0,7,4,72.0
32970,Queens,2021,3,12,7,15,103,177615,POINT (1028931.8143046284 215115.26618027306),ROOSEVELT AVENUE BRIDGE,Flushing Line,Flushing Line,WB,2021-03-12 07:15:00,85.0,93.0,41.0,22.0,99.0,7,4,103.0
32970,Brooklyn,2021,3,12,7,15,233,191114,POINT (988207.4245194928 151130.52481856258),CROPSEY AVENUE BRIDGE,Coney Island Creek Shoreline,Dead end,NB,2021-03-12 07:15:00,194.0,162.0,132.0,80.0,228.0,7,4,210.0
32970,Brooklyn,2021,3,12,7,30,255,157501,POINT (988148.6889210109 151103.24158873298),CROPSEY AVENUE BRIDGE,Cropsey Avenue,Dead end,SB,2021-03-12 07:30:00,245.0,210.0,230.0,85.0,324.0,7,4,262.0
32970,Queens,2021,3,12,7,30,66,177615,POINT (1028931.8143046284 215115.26618027306),ROOSEVELT AVENUE BRIDGE,Flushing Line,Flushing Line,EB,2021-03-12 07:30:00,64.0,71.0,60.0,26.0,95.0,7,4,88.0
32970,Queens,2021,3,12,7,30,99,177615,POINT (1028931.8143046284 215115.26618027306),ROOSEVELT AVENUE BRIDGE,Flushing Line,Flushing Line,WB,2021-03-12 07:30:00,103.0,85.0,67.0,32.0,79.0,7,4,100.0
32970,Brooklyn,2021,3,12,7,30,228,191114,POINT (988207.4245194928 151130.52481856258),CROPSEY AVENUE BRIDGE,Coney Island Creek Shoreline,Dead end,NB,2021-03-12 07:30:00,233.0,194.0,176.0,61.0,240.0,7,4,235.0
32970,Brooklyn,2021,3,12,7,45,240,191114,POINT (988207.4245194928 151130.52481856258),CROPSEY AVENUE BRIDGE,Coney Island Creek Shoreline,Dead end,NB,2021-03-12 07:45:00,228.0,233.0,162.0,88.0,259.0,7,4,216.0
32970,Queens,2021,3,12,7,45,79,177615,POINT (1028931.8143046284 215115.26618027306),ROOSEVELT AVENUE BRIDGE,Flushing Line,Flushing Line,WB,2021-03-12 07:45:00,99.0,103.0,93.0,33.0,80.0,7,4,100.0
32970,Queens,2021,3,12,7,45,95,177615,POINT (1028931.8143046284 215115.26618027306),ROOSEVELT AVENUE BRIDGE,Flushing Line,Flushing Line,EB,2021-03-12 07:45:00,66.0,64.0,70.0,37.0,82.0,7,4,78.0
32970,Brooklyn,2021,3,12,7,45,324,157501,POINT (988148.6889210109 151103.24158873298),CROPSEY AVENUE BRIDGE,Cropsey Avenue,Dead end,SB,2021-03-12 07:45:00,255.0,245.0,263.0,116.0,300.0,7,4,305.0
32970,Brooklyn,2021,3,12,8,0,300,157501,POINT (988148.6889210109 151103.24158873298),CROPSEY AVENUE BRIDGE,Cropsey Avenue,Dead end,SB,2021-03-12 08:00:00,324.0,255.0,210.0,139.0,294.0,8,4,296.0
32970,Queens,2021,3,12,8,0,82,177615,POINT (1028931.8143046284 215115.26618027306),ROOSEVELT AVENUE BRIDGE,Flushing Line,Flushing Line,EB,2021-03-12 08:00:00,95.0,66.0,71.0,37.0,66.0,8,4,81.0
32970,Queens,2021,3,12,8,0,80,177615,POINT (1028931.8143046284 215115.26618027306),ROOSEVELT AVENUE BRIDGE,Flushing Line,Flushing Line,WB,2021-03-12 08:00:00,79.0,99.0,85.0,51.0,94.0,8,4,91.0
32970,Brooklyn,2021,3,12,8,0,259,191114,POINT (988207.4245194928 151130.52481856258),CROPSEY AVENUE BRIDGE,Coney Island Creek Shoreline,Dead end,NB,2021-03-12 08:00:00,240.0,228.0,194.0,131.0,271.0,8,4,270.0
32970,Brooklyn,2021,3,12,8,15,294,157501,POINT (988148.6889210109 151103.24158873298),CROPSEY AVENUE BRIDGE,Cropsey Avenue,Dead end,SB,2021-03-12 08:15:00,300.0,324.0,245.0,198.0,279.0,8,4,290.0
32970,Queens,2021,3,12,8,15,66,177615,POINT (1028931.8143046284 215115.26618027306),ROOSEVELT AVENUE BRIDGE,Flushing Line,Flushing Line,EB,2021-03-12 08:15:00,82.0,95.0,64.0,42.0,96.0,8,4,88.0
32970,Queens,2021,3,12,8,15,94,177615,POINT (1028931.8143046284 215115.26618027306),ROOSEVELT AVENUE BRIDGE,Flushing Line,Flushing Line,WB,2021-03-12 08:15:00,80.0,79.0,103.0,41.0,113.0,8,4,110.0
32970,Brooklyn,2021,3,12,8,15,271,191114,POINT (988207.4245194928 151130.52481856258),CROPSEY AVENUE BRIDGE,Coney Island Creek Shoreline,Dead end,NB,2021-03-12 08:15:00,259.0,240.0,233.0,132.0,252.0,8,4,243.0
32970,Brooklyn,2021,3,12,8,30,252,191114,POINT (988207.4245194928 151130.52481856258),CROPSEY AVENUE BRIDGE,Coney Island Creek Shoreline,Dead end,NB,2021-03-12 08:30:00,271.0,259.0,228.0,176.0,222.0,8,4,267.0
32970,Queens,2021,3,12,8,30,113,177615,POINT (1028931.8143046284 215115.26618027306),ROOSEVELT AVENUE BRIDGE,Flushing Line,Flushing Line,WB,2021-03-12 08:30:00,94.0,80.0,99.0,67.0,94.0,8,4,89.0
32970,Queens,2021,3,12,8,30,96,177615,POINT (1028931.8143046284 215115.26618027306),ROOSEVELT AVENUE BRIDGE,Flushing Line,Flushing Line,EB,2021-03-12 08:30:00,66.0,82.0,66.0,60.0,108.0,8,4,86.0
32970,Brooklyn,2021,3,12,8,30,279,157501,POINT (988148.6889210109 151103.24158873298),CROPSEY AVENUE BRIDGE,Cropsey Avenue,Dead end,SB,2021-03-12 08:30:00,294.0,300.0,255.0,230.0,276.0,8,4,258.0
32970,Brooklyn,2021,3,12,8,45,276,157501,POINT (988148.6889210109 151103.24158873298),CROPSEY AVENUE BRIDGE,Cropsey Avenue,Dead end,SB,2021-03-12 08:45:00,279.0,294.0,324.0,263.0,254.0,8,4,265.0
32970,Queens,2021,3,12,8,45,108,177615,POINT (1028931.8143046284 215115.26618027306),ROOSEVELT AVENUE BRIDGE,Flushing Line,Flushing Line,EB,2021-03-12 08:45:00,96.0,66.0,95.0,70.0,115.0,8,4,98.0
32970,Queens,2021,3,12,8,45,94,177615,POINT (1028931.8143046284 215115.26618027306),ROOSEVELT AVENUE BRIDGE,Flushing Line,Flushing Line,WB,2021-03-12 08:45:00,113.0,94.0,79.0,93.0,73.0,8,4,103.0
32970,Brooklyn,2021,3,12,8,45,222,191114,POINT (988207.4245194928 151130.52481856258),CROPSEY AVENUE BRIDGE,Coney Island Creek Shoreline,Dead end,NB,2021-03-12 08:45:00,252.0,271.0,240.0,162.0,238.0,8,4,218.0
32970,Brooklyn,2021,3,12,9,0,254,157501,POINT (988148.6889210109 151103.24158873298),CROPSEY AVENUE BRIDGE,Cropsey Avenue,Dead end,SB,2021-03-12 09:00:00,276.0,279.0,300.0,210.0,268.0,9,4,272.0
32970,Queens,2021,3,12,9,0,115,177615,POINT (1028931.8143046284 215115.26618027306),ROOSEVELT AVENUE BRIDGE,Flushing Line,Flushing Line,EB,2021-03-12 09:00:00,108.0,96.0,82.0,71.0,110.0,9,4,89.0
32970,Queens,2021,3,12,9,0,73,177615,POINT (1028931.8143046284 215115.26618027306),ROOSEVELT AVENUE BRIDGE,Flushing Line,Flushing Line,WB,2021-03-12 09:00:00,94.0,113.0,80.0,85.0,88.0,9,4,80.0
32970,Brooklyn,2021,3,12,9,0,238,191114,POINT (988207.4245194928 151130.52481856258),CROPSEY AVENUE BRIDGE,Coney Island Creek Shoreline,Dead end,NB,2021-03-12 09:00:00,222.0,252.0,259.0,194.0,242.0,9,4,221.0
32970,Brooklyn,2021,3,12,9,15,242,191114,POINT (988207.4245194928 151130.52481856258),CROPSEY AVENUE BRIDGE,Coney Island Creek Shoreline,Dead end,NB,2021-03-12 09:15:00,238.0,222.0,271.0,233.0,248.0,9,4,250.0
32970,Queens,2021,3,12,9,15,88,177615,POINT (1028931.8143046284 215115.26618027306),ROOSEVELT AVENUE BRIDGE,Flushing Line,Flushing Line,WB,2021-03-12 09:15:00,73.0,94.0,94.0,103.0,94.0,9,4,99.0
32970,Queens,2021,3,12,9,15,110,177615,POINT (1028931.8143046284 215115.26618027306),ROOSEVELT AVENUE BRIDGE,Flushing Line,Flushing Line,EB,2021-03-12 09:15:00,115.0,108.0,66.0,64.0,108.0,9,4,88.0
32970,Brooklyn,2021,3,12,9,15,268,157501,POINT (988148.6889210109 151103.24158873298),CROPSEY AVENUE BRIDGE,Cropsey Avenue,Dead end,SB,2021-03-12 09:15:00,254.0,276.0,294.0,245.0,262.0,9,4,263.0
32970,Brooklyn,2021,3,12,9,30,262,157501,POINT (988148.6889210109 151103.24158873298),CROPSEY AVENUE BRIDGE,Cropsey Avenue,Dead end,SB,2021-03-12 09:30:00,268.0,254.0,279.0,255.0,255.0,9,4,283.0
32970,Queens,2021,3,12,9,30,108,177615,POINT (1028931.8143046284 215115.26618027306),ROOSEVELT AVENUE BRIDGE,Flushing Line,Flushing Line,EB,2021-03-12 09:30:00,110.0,115.0,96.0,66.0,107.0,9,4,84.0
32970,Queens,2021,3,12,9,30,94,177615,POINT (1028931.8143046284 215115.26618027306),ROOSEVELT AVENUE BRIDGE,Flushing Line,Flushing Line,WB,2021-03-12 09:30:00,88.0,73.0,113.0,99.0,94.0,9,4,79.0
32970,Brooklyn,2021,3,12,9,30,248,191114,POINT (988207.4245194928 151130.52481856258),CROPSEY AVENUE BRIDGE,Coney Island Creek Shoreline,Dead end,NB,2021-03-12 09:30:00,242.0,238.0,252.0,228.0,206.0,9,4,235.0
32970,Brooklyn,2021,3,12,9,45,255,157501,POINT (988148.6889210109 151103.24158873298),CROPSEY AVENUE BRIDGE,Cropsey Avenue,Dead end,SB,2021-03-12 09:45:00,262.0,268.0,276.0,324.0,273.0,9,4,260.0
32970,Queens,2021,3,12,9,45,107,177615,POINT (1028931.8143046284 215115.26618027306),ROOSEVELT AVENUE BRIDGE,Flushing Line,Flushing Line,EB,2021-03-12 09:45:00,108.0,110.0,108.0,95.0,112.0,9,4,98.0
32970,Queens,2021,3,12,9,45,94,177615,POINT (1028931.8143046284 215115.26618027306),ROOSEVELT AVENUE BRIDGE,Flushing Line,Flushing Line,WB,2021-03-12 09:45:00,94.0,88.0,94.0,79.0,90.0,9,4,97.0
32970,Brooklyn,2021,3,12,9,45,206,191114,POINT (988207.4245194928 151130.52481856258),CROPSEY AVENUE BRIDGE,Coney Island Creek Shoreline,Dead end,NB,2021-03-12 09:45:00,248.0,242.0,222.0,240.0,200.0,9,4,247.0
32970,Brooklyn,2021,3,12,10,0,200,191114,POINT (988207.4245194928 151130.52481856258),CROPSEY AVENUE BRIDGE,Coney Island Creek Shoreline,Dead end,NB,2021-03-12 10:00:00,206.0,248.0,238.0,259.0,236.0,10,4,187.0
32970,Queens,2021,3,12,10,0,90,177615,POINT (1028931.8143046284 215115.26618027306),ROOSEVELT AVENUE BRIDGE,Flushing Line,Flushing Line,WB,2021-03-12 10:00:00,94.0,94.0,73.0,80.0,105.0,10,4,86.0
32970,Queens,2021,3,12,10,0,112,177615,POINT (1028931.8143046284 215115.26618027306),ROOSEVELT AVENUE BRIDGE,Flushing Line,Flushing Line,EB,2021-03-12 10:00:00,107.0,108.0,115.0,82.0,105.0,10,4,115.0
32970,Brooklyn,2021,3,12,10,0,273,157501,POINT (988148.6889210109 151103.24158873298),CROPSEY AVENUE BRIDGE,Cropsey Avenue,Dead end,SB,2021-03-12 10:00:00,255.0,262.0,254.0,300.0,282.0,10,4,266.0
32970,Brooklyn,2021,3,12,10,15,282,157501,POINT (988148.6889210109 151103.24158873298),CROPSEY AVENUE BRIDGE,Cropsey Avenue,Dead end,SB,2021-03-12 10:15:00,273.0,255.0,268.0,294.0,264.0,10,4,257.0
32970,Queens,2021,3,12,10,15,105,177615,POINT (1028931.8143046284 215115.26618027306),ROOSEVELT AVENUE BRIDGE,Flushing Line,Flushing Line,EB,2021-03-12 10:15:00,112.0,107.0,110.0,66.0,94.0,10,4,107.0
32970,Queens,2021,3,12,10,15,105,177615,POINT (1028931.8143046284 215115.26618027306),ROOSEVELT AVENUE BRIDGE,Flushing Line,Flushing Line,WB,2021-03-12 10:15:00,90.0,94.0,88.0,94.0,88.0,10,4,78.0
32970,Brooklyn,2021,3,12,10,15,236,191114,POINT (988207.4245194928 151130.52481856258),CROPSEY AVENUE BRIDGE,Coney Island Creek Shoreline,Dead end,NB,2021-03-12 10:15:00,200.0,206.0,242.0,271.0,218.0,10,4,215.0
32970,Brooklyn,2021,3,12,10,30,264,157501,POINT (988148.6889210109 151103.24158873298),CROPSEY AVENUE BRIDGE,Cropsey Avenue,Dead end,SB,2021-03-12 10:30:00,282.0,273.0,262.0,279.0,261.0,10,4,280.0
32970,Queens,2021,3,12,10,30,94,177615,POINT (1028931.8143046284 215115.26618027306),ROOSEVELT AVENUE BRIDGE,Flushing Line,Flushing Line,EB,2021-03-12 10:30:00,105.0,112.0,108.0,96.0,104.0,10,4,82.0
32970,Queens,2021,3,12,10,30,88,177615,POINT (1028931.8143046284 215115.26618027306),ROOSEVELT AVENUE BRIDGE,Flushing Line,Flushing Line,WB,2021-03-12 10:30:00,105.0,90.0,94.0,113.0,93.0,10,4,83.0
32970,Brooklyn,2021,3,12,10,30,218,191114,POINT (988207.4245194928 151130.52481856258),CROPSEY AVENUE BRIDGE,Coney Island Creek Shoreline,Dead end,NB,2021-03-12 10:30:00,236.0,200.0,248.0,252.0,229.0,10,4,205.0
32970,Queens,2021,3,12,10,45,104,177615,POINT (1028931.8143046284 215115.26618027306),ROOSEVELT AVENUE BRIDGE,Flushing Line,Flushing Line,EB,2021-03-12 10:45:00,94.0,105.0,107.0,108.0,95.0,10,4,100.0
32970,Queens,2021,3,12,10,45,93,177615,POINT (1028931.8143046284 215115.26618027306),ROOSEVELT AVENUE BRIDGE,Flushing Line,Flushing Line,WB,2021-03-12 10:45:00,88.0,105.0,94.0,94.0,92.0,10,4,73.0
32970,Brooklyn,2021,3,12,10,45,261,157501,POINT (988148.6889210109 151103.24158873298),CROPSEY AVENUE BRIDGE,Cropsey Avenue,Dead end,SB,2021-03-12 10:45:00,264.0,282.0,255.0,276.0,262.0,10,4,297.0
32970,Brooklyn,2021,3,12,10,45,229,191114,POINT (988207.4245194928 151130.52481856258),CROPSEY AVENUE BRIDGE,Coney Island Creek Shoreline,Dead end,NB,2021-03-12 10:45:00,218.0,236.0,206.0,222.0,241.0,10,4,223.0
32970,Brooklyn,2021,3,12,11,0,241,191114,POINT (988207.4245194928 151130.52481856258),CROPSEY AVENUE BRIDGE,Coney Island Creek Shoreline,Dead end,NB,2021-03-12 11:00:00,229.0,218.0,200.0,238.0,237.0,11,4,258.0
32970,Queens,2021,3,12,11,0,92,177615,POINT (1028931.8143046284 215115.26618027306),ROOSEVELT AVENUE BRIDGE,Flushing Line,Flushing Line,WB,2021-03-12 11:00:00,93.0,88.0,90.0,73.0,102.0,11,4,91.0
32970,Queens,2021,3,12,11,0,95,177615,POINT (1028931.8143046284 215115.26618027306),ROOSEVELT AVENUE BRIDGE,Flushing Line,Flushing Line,EB,2021-03-12 11:00:00,104.0,94.0,112.0,115.0,115.0,11,4,93.0
32970,Brooklyn,2021,3,12,11,0,262,157501,POINT (988148.6889210109 151103.24158873298),CROPSEY AVENUE BRIDGE,Cropsey Avenue,Dead end,SB,2021-03-12 11:00:00,261.0,264.0,273.0,254.0,281.0,11,4,301.0
32970,Brooklyn,2021,3,12,11,15,281,157501,POINT (988148.6889210109 151103.24158873298),CROPSEY AVENUE BRIDGE,Cropsey Avenue,Dead end,SB,2021-03-12 11:15:00,262.0,261.0,282.0,268.0,269.0,11,4,286.0
32970,Queens,2021,3,12,11,15,115,177615,POINT (1028931.8143046284 215115.26618027306),ROOSEVELT AVENUE BRIDGE,Flushing Line,Flushing Line,EB,2021-03-12 11:15:00,95.0,104.0,105.0,110.0,125.0,11,4,88.0
32970,Queens,2021,3,12,11,15,102,177615,POINT (1028931.8143046284 215115.26618027306),ROOSEVELT AVENUE BRIDGE,Flushing Line,Flushing Line,WB,2021-03-12 11:15:00,92.0,93.0,105.0,88.0,104.0,11,4,90.0
32970,Brooklyn,2021,3,12,11,15,237,191114,POINT (988207.4245194928 151130.52481856258),CROPSEY AVENUE BRIDGE,Coney Island Creek Shoreline,Dead end,NB,2021-03-12 11:15:00,241.0,229.0,236.0,242.0,219.0,11,4,288.0
32970,Brooklyn,2021,3,12,11,30,269,157501,POINT (988148.6889210109 151103.24158873298),CROPSEY AVENUE BRIDGE,Cropsey Avenue,Dead end,SB,2021-03-12 11:30:00,281.0,262.0,264.0,262.0,292.0,11,4,308.0
32970,Queens,2021,3,12,11,30,125,177615,POINT (1028931.8143046284 215115.26618027306),ROOSEVELT AVENUE BRIDGE,Flushing Line,Flushing Line,EB,2021-03-12 11:30:00,115.0,95.0,94.0,108.0,102.0,11,4,124.0
32970,Queens,2021,3,12,11,30,104,177615,POINT (1028931.8143046284 215115.26618027306),ROOSEVELT AVENUE BRIDGE,Flushing Line,Flushing Line,WB,2021-03-12 11:30:00,102.0,92.0,88.0,94.0,105.0,11,4,87.0
32970,Brooklyn,2021,3,12,11,30,219,191114,POINT (988207.4245194928 151130.52481856258),CROPSEY AVENUE BRIDGE,Coney Island Creek Shoreline,Dead end,NB,2021-03-12 11:30:00,237.0,241.0,218.0,248.0,250.0,11,4,254.0
32970,Brooklyn,2021,3,12,11,45,250,191114,POINT (988207.4245194928 151130.52481856258),CROPSEY AVENUE BRIDGE,Coney Island Creek Shoreline,Dead end,NB,2021-03-12 11:45:00,219.0,237.0,229.0,206.0,265.0,11,4,254.0
32970,Queens,2021,3,12,11,45,105,177615,POINT (1028931.8143046284 215115.26618027306),ROOSEVELT AVENUE BRIDGE,Flushing Line,Flushing Line,WB,2021-03-12 11:45:00,104.0,102.0,93.0,94.0,117.0,11,4,81.0
32970,Brooklyn,2021,3,12,11,45,292,157501,POINT (988148.6889210109 151103.24158873298),CROPSEY AVENUE BRIDGE,Cropsey Avenue,Dead end,SB,2021-03-12 11:45:00,269.0,281.0,261.0,255.0,317.0,11,4,322.0
32970,Queens,2021,3,12,11,45,102,177615,POINT (1028931.8143046284 215115.26618027306),ROOSEVELT AVENUE BRIDGE,Flushing Line,Flushing Line,EB,2021-03-12 11:45:00,125.0,115.0,104.0,107.0,117.0,11,4,110.0
32970,Brooklyn,2021,3,12,12,0,317,157501,POINT (988148.6889210109 151103.24158873298),CROPSEY AVENUE BRIDGE,Cropsey Avenue,Dead end,SB,2021-03-12 12:00:00,292.0,269.0,262.0,273.0,326.0,12,4,346.0
32970,Queens,2021,3,12,12,0,117,177615,POINT (1028931.8143046284 215115.26618027306),ROOSEVELT AVENUE BRIDGE,Flushing Line,Flushing Line,EB,2021-03-12 12:00:00,102.0,125.0,95.0,112.0,96.0,12,4,86.0
32970,Queens,2021,3,12,12,0,117,177615,POINT (1028931.8143046284 215115.26618027306),ROOSEVELT AVENUE BRIDGE,Flushing Line,Flushing Line,WB,2021-03-12 12:00:00,105.0,104.0,92.0,90.0,106.0,12,4,114.0
32970,Brooklyn,2021,3,12,12,0,265,191114,POINT (988207.4245194928 151130.52481856258),CROPSEY AVENUE BRIDGE,Coney Island Creek Shoreline,Dead end,NB,2021-03-12 12:00:00,250.0,219.0,241.0,200.0,217.0,12,4,231.0
32970,Brooklyn,2021,3,12,12,15,326,157501,POINT (988148.6889210109 151103.24158873298),CROPSEY AVENUE BRIDGE,Cropsey Avenue,Dead end,SB,2021-03-12 12:15:00,317.0,292.0,281.0,282.0,316.0,12,4,312.0
32970,Queens,2021,3,12,12,15,96,177615,POINT (1028931.8143046284 215115.26618027306),ROOSEVELT AVENUE BRIDGE,Flushing Line,Flushing Line,EB,2021-03-12 12:15:00,117.0,102.0,115.0,105.0,117.0,12,4,123.0
32970,Queens,2021,3,12,12,15,106,177615,POINT (1028931.8143046284 215115.26618027306),ROOSEVELT AVENUE BRIDGE,Flushing Line,Flushing Line,WB,2021-03-12 12:15:00,117.0,105.0,102.0,105.0,99.0,12,4,94.0
32970,Brooklyn,2021,3,12,12,15,217,191114,POINT (988207.4245194928 151130.52481856258),CROPSEY AVENUE BRIDGE,Coney Island Creek Shoreline,Dead end,NB,2021-03-12 12:15:00,265.0,250.0,237.0,236.0,233.0,12,4,238.0
32970,Brooklyn,2021,3,12,12,30,233,191114,POINT (988207.4245194928 151130.52481856258),CROPSEY AVENUE BRIDGE,Coney Island Creek Shoreline,Dead end,NB,2021-03-12 12:30:00,217.0,265.0,219.0,218.0,226.0,12,4,228.0
32970,Queens,2021,3,12,12,30,99,177615,POINT (1028931.8143046284 215115.26618027306),ROOSEVELT AVENUE BRIDGE,Flushing Line,Flushing Line,WB,2021-03-12 12:30:00,106.0,117.0,104.0,88.0,96.0,12,4,90.0
32970,Queens,2021,3,12,12,30,117,177615,POINT (1028931.8143046284 215115.26618027306),ROOSEVELT AVENUE BRIDGE,Flushing Line,Flushing Line,EB,2021-03-12 12:30:00,96.0,117.0,125.0,94.0,105.0,12,4,105.0
32970,Brooklyn,2021,3,12,12,30,316,157501,POINT (988148.6889210109 151103.24158873298),CROPSEY AVENUE BRIDGE,Cropsey Avenue,Dead end,SB,2021-03-12 12:30:00,326.0,317.0,269.0,264.0,318.0,12,4,347.0
32970,Brooklyn,2021,3,12,12,45,318,157501,POINT (988148.6889210109 151103.24158873298),CROPSEY AVENUE BRIDGE,Cropsey Avenue,Dead end,SB,2021-03-12 12:45:00,316.0,326.0,292.0,261.0,292.0,12,4,319.0
32970,Queens,2021,3,12,12,45,105,177615,POINT (1028931.8143046284 215115.26618027306),ROOSEVELT AVENUE BRIDGE,Flushing Line,Flushing Line,EB,2021-03-12 12:45:00,117.0,96.0,102.0,104.0,115.0,12,4,96.0
32970,Queens,2021,3,12,12,45,96,177615,POINT (1028931.8143046284 215115.26618027306),ROOSEVELT AVENUE BRIDGE,Flushing Line,Flushing Line,WB,2021-03-12 12:45:00,99.0,106.0,105.0,93.0,113.0,12,4,77.0
32970,Brooklyn,2021,3,12,12,45,226,191114,POINT (988207.4245194928 151130.52481856258),CROPSEY AVENUE BRIDGE,Coney Island Creek Shoreline,Dead end,NB,2021-03-12 12:45:00,233.0,217.0,250.0,229.0,241.0,12,4,261.0
32970,Brooklyn,2021,3,12,13,0,292,157501,POINT (988148.6889210109 151103.24158873298),CROPSEY AVENUE BRIDGE,Cropsey Avenue,Dead end,SB,2021-03-12 13:00:00,318.0,316.0,317.0,262.0,331.0,13,4,283.0
32970,Queens,2021,3,12,13,0,115,177615,POINT (1028931.8143046284 215115.26618027306),ROOSEVELT AVENUE BRIDGE,Flushing Line,Flushing Line,EB,2021-03-12 13:00:00,105.0,117.0,117.0,95.0,123.0,13,4,96.0
32970,Queens,2021,3,12,13,0,113,177615,POINT (1028931.8143046284 215115.26618027306),ROOSEVELT AVENUE BRIDGE,Flushing Line,Flushing Line,WB,2021-03-12 13:00:00,96.0,99.0,117.0,92.0,90.0,13,4,94.0
32970,Brooklyn,2021,3,12,13,0,241,191114,POINT (988207.4245194928 151130.52481856258),CROPSEY AVENUE BRIDGE,Coney Island Creek Shoreline,Dead end,NB,2021-03-12 13:00:00,226.0,233.0,265.0,241.0,239.0,13,4,272.0
32970,Brooklyn,2021,3,12,13,15,239,191114,POINT (988207.4245194928 151130.52481856258),CROPSEY AVENUE BRIDGE,Coney Island Creek Shoreline,Dead end,NB,2021-03-12 13:15:00,241.0,226.0,217.0,237.0,245.0,13,4,240.0
32970,Queens,2021,3,12,13,15,90,177615,POINT (1028931.8143046284 215115.26618027306),ROOSEVELT AVENUE BRIDGE,Flushing Line,Flushing Line,WB,2021-03-12 13:15:00,113.0,96.0,106.0,102.0,72.0,13,4,127.0
32970,Queens,2021,3,12,13,15,123,177615,POINT (1028931.8143046284 215115.26618027306),ROOSEVELT AVENUE BRIDGE,Flushing Line,Flushing Line,EB,2021-03-12 13:15:00,115.0,105.0,96.0,115.0,110.0,13,4,120.0
32970,Brooklyn,2021,3,12,13,15,331,157501,POINT (988148.6889210109 151103.24158873298),CROPSEY AVENUE BRIDGE,Cropsey Avenue,Dead end,SB,2021-03-12 13:15:00,292.0,318.0,326.0,281.0,303.0,13,4,332.0
32970,Brooklyn,2021,3,12,13,30,303,157501,POINT (988148.6889210109 151103.24158873298),CROPSEY AVENUE BRIDGE,Cropsey Avenue,Dead end,SB,2021-03-12 13:30:00,331.0,292.0,316.0,269.0,383.0,13,4,290.0
32970,Queens,2021,3,12,13,30,110,177615,POINT (1028931.8143046284 215115.26618027306),ROOSEVELT AVENUE BRIDGE,Flushing Line,Flushing Line,EB,2021-03-12 13:30:00,123.0,115.0,117.0,125.0,102.0,13,4,106.0
32970,Queens,2021,3,12,13,30,72,177615,POINT (1028931.8143046284 215115.26618027306),ROOSEVELT AVENUE BRIDGE,Flushing Line,Flushing Line,WB,2021-03-12 13:30:00,90.0,113.0,99.0,104.0,112.0,13,4,85.0
32970,Brooklyn,2021,3,12,13,30,245,191114,POINT (988207.4245194928 151130.52481856258),CROPSEY AVENUE BRIDGE,Coney Island Creek Shoreline,Dead end,NB,2021-03-12 13:30:00,239.0,241.0,233.0,219.0,255.0,13,4,226.0
32970,Brooklyn,2021,3,12,13,45,383,157501,POINT (988148.6889210109 151103.24158873298),CROPSEY AVENUE BRIDGE,Cropsey Avenue,Dead end,SB,2021-03-12 13:45:00,303.0,331.0,318.0,292.0,336.0,13,4,322.0
32970,Queens,2021,3,12,13,45,102,177615,POINT (1028931.8143046284 215115.26618027306),ROOSEVELT AVENUE BRIDGE,Flushing Line,Flushing Line,EB,2021-03-12 13:45:00,110.0,123.0,105.0,102.0,134.0,13,4,117.0
32970,Queens,2021,3,12,13,45,112,177615,POINT (1028931.8143046284 215115.26618027306),ROOSEVELT AVENUE BRIDGE,Flushing Line,Flushing Line,WB,2021-03-12 13:45:00,72.0,90.0,96.0,105.0,90.0,13,4,112.0
32970,Brooklyn,2021,3,12,13,45,255,191114,POINT (988207.4245194928 151130.52481856258),CROPSEY AVENUE BRIDGE,Coney Island Creek Shoreline,Dead end,NB,2021-03-12 13:45:00,245.0,239.0,226.0,250.0,265.0,13,4,269.0
32970,Queens,2021,3,12,14,0,90,177615,POINT (1028931.8143046284 215115.26618027306),ROOSEVELT AVENUE BRIDGE,Flushing Line,Flushing Line,WB,2021-03-12 14:00:00,112.0,72.0,113.0,117.0,91.0,14,4,110.0
32970,Brooklyn,2021,3,12,14,0,265,191114,POINT (988207.4245194928 151130.52481856258),CROPSEY AVENUE BRIDGE,Coney Island Creek Shoreline,Dead end,NB,2021-03-12 14:00:00,255.0,245.0,241.0,265.0,317.0,14,4,270.0
32970,Brooklyn,2021,3,12,14,0,336,157501,POINT (988148.6889210109 151103.24158873298),CROPSEY AVENUE BRIDGE,Cropsey Avenue,Dead end,SB,2021-03-12 14:00:00,383.0,303.0,292.0,317.0,287.0,14,4,303.0
32970,Queens,2021,3,12,14,0,134,177615,POINT (1028931.8143046284 215115.26618027306),ROOSEVELT AVENUE BRIDGE,Flushing Line,Flushing Line,EB,2021-03-12 14:00:00,102.0,110.0,115.0,117.0,127.0,14,4,126.0
32970,Brooklyn,2021,3,12,14,15,287,157501,POINT (988148.6889210109 151103.24158873298),CROPSEY AVENUE BRIDGE,Cropsey Avenue,Dead end,SB,2021-03-12 14:15:00,336.0,383.0,331.0,326.0,298.0,14,4,302.0
32970,Queens,2021,3,12,14,15,127,177615,POINT (1028931.8143046284 215115.26618027306),ROOSEVELT AVENUE BRIDGE,Flushing Line,Flushing Line,EB,2021-03-12 14:15:00,134.0,102.0,123.0,96.0,124.0,14,4,131.0
32970,Queens,2021,3,12,14,15,91,177615,POINT (1028931.8143046284 215115.26618027306),ROOSEVELT AVENUE BRIDGE,Flushing Line,Flushing Line,WB,2021-03-12 14:15:00,90.0,112.0,90.0,106.0,97.0,14,4,95.0
32970,Brooklyn,2021,3,12,14,15,317,191114,POINT (988207.4245194928 151130.52481856258),CROPSEY AVENUE BRIDGE,Coney Island Creek Shoreline,Dead end,NB,2021-03-12 14:15:00,265.0,255.0,239.0,217.0,305.0,14,4,287.0
32970,Brooklyn,2021,3,12,14,30,298,157501,POINT (988148.6889210109 151103.24158873298),CROPSEY AVENUE BRIDGE,Cropsey Avenue,Dead end,SB,2021-03-12 14:30:00,287.0,336.0,303.0,316.0,298.0,14,4,287.0
32970,Queens,2021,3,12,14,30,124,177615,POINT (1028931.8143046284 215115.26618027306),ROOSEVELT AVENUE BRIDGE,Flushing Line,Flushing Line,EB,2021-03-12 14:30:00,127.0,134.0,110.0,117.0,133.0,14,4,136.0
32970,Queens,2021,3,12,14,30,97,177615,POINT (1028931.8143046284 215115.26618027306),ROOSEVELT AVENUE BRIDGE,Flushing Line,Flushing Line,WB,2021-03-12 14:30:00,91.0,90.0,72.0,99.0,101.0,14,4,94.0
32970,Brooklyn,2021,3,12,14,30,305,191114,POINT (988207.4245194928 151130.52481856258),CROPSEY AVENUE BRIDGE,Coney Island Creek Shoreline,Dead end,NB,2021-03-12 14:30:00,317.0,265.0,245.0,233.0,285.0,14,4,275.0
32970,Brooklyn,2021,3,12,14,45,285,191114,POINT (988207.4245194928 151130.52481856258),CROPSEY AVENUE BRIDGE,Coney Island Creek Shoreline,Dead end,NB,2021-03-12 14:45:00,305.0,317.0,255.0,226.0,288.0,14,4,277.0
32970,Queens,2021,3,12,14,45,101,177615,POINT (1028931.8143046284 215115.26618027306),ROOSEVELT AVENUE BRIDGE,Flushing Line,Flushing Line,WB,2021-03-12 14:45:00,97.0,91.0,112.0,96.0,87.0,14,4,93.0
32970,Queens,2021,3,12,14,45,133,177615,POINT (1028931.8143046284 215115.26618027306),ROOSEVELT AVENUE BRIDGE,Flushing Line,Flushing Line,EB,2021-03-12 14:45:00,124.0,127.0,102.0,105.0,130.0,14,4,133.0
32970,Brooklyn,2021,3,12,14,45,298,157501,POINT (988148.6889210109 151103.24158873298),CROPSEY AVENUE BRIDGE,Cropsey Avenue,Dead end,SB,2021-03-12 14:45:00,298.0,287.0,383.0,318.0,284.0,14,4,279.0
32970,Brooklyn,2021,3,12,15,0,284,157501,POINT (988148.6889210109 151103.24158873298),CROPSEY AVENUE BRIDGE,Cropsey Avenue,Dead end,SB,2021-03-12 15:00:00,298.0,298.0,336.0,292.0,265.0,15,4,289.0
32970,Queens,2021,3,12,15,0,130,177615,POINT (1028931.8143046284 215115.26618027306),ROOSEVELT AVENUE BRIDGE,Flushing Line,Flushing Line,EB,2021-03-12 15:00:00,133.0,124.0,134.0,115.0,133.0,15,4,119.0
32970,Queens,2021,3,12,15,0,87,177615,POINT (1028931.8143046284 215115.26618027306),ROOSEVELT AVENUE BRIDGE,Flushing Line,Flushing Line,WB,2021-03-12 15:00:00,101.0,97.0,90.0,113.0,119.0,15,4,106.0
32970,Brooklyn,2021,3,12,15,0,288,191114,POINT (988207.4245194928 151130.52481856258),CROPSEY AVENUE BRIDGE,Coney Island Creek Shoreline,Dead end,NB,2021-03-12 15:00:00,285.0,305.0,265.0,241.0,308.0,15,4,275.0
32970,Brooklyn,2021,3,12,15,15,265,157501,POINT (988148.6889210109 151103.24158873298),CROPSEY AVENUE BRIDGE,Cropsey Avenue,Dead end,SB,2021-03-12 15:15:00,284.0,298.0,287.0,331.0,304.0,15,4,319.0
32970,Queens,2021,3,12,15,15,133,177615,POINT (1028931.8143046284 215115.26618027306),ROOSEVELT AVENUE BRIDGE,Flushing Line,Flushing Line,EB,2021-03-12 15:15:00,130.0,133.0,127.0,123.0,140.0,15,4,120.0
32970,Queens,2021,3,12,15,15,119,177615,POINT (1028931.8143046284 215115.26618027306),ROOSEVELT AVENUE BRIDGE,Flushing Line,Flushing Line,WB,2021-03-12 15:15:00,87.0,101.0,91.0,90.0,98.0,15,4,91.0
32970,Brooklyn,2021,3,12,15,15,308,191114,POINT (988207.4245194928 151130.52481856258),CROPSEY AVENUE BRIDGE,Coney Island Creek Shoreline,Dead end,NB,2021-03-12 15:15:00,288.0,285.0,317.0,239.0,328.0,15,4,283.0
32970,Queens,2021,3,12,15,30,98,177615,POINT (1028931.8143046284 215115.26618027306),ROOSEVELT AVENUE BRIDGE,Flushing Line,Flushing Line,WB,2021-03-12 15:30:00,119.0,87.0,97.0,72.0,123.0,15,4,86.0
32970,Brooklyn,2021,3,12,15,30,328,191114,POINT (988207.4245194928 151130.52481856258),CROPSEY AVENUE BRIDGE,Coney Island Creek Shoreline,Dead end,NB,2021-03-12 15:30:00,308.0,288.0,305.0,245.0,293.0,15,4,274.0
32970,Brooklyn,2021,3,12,15,30,304,157501,POINT (988148.6889210109 151103.24158873298),CROPSEY AVENUE BRIDGE,Cropsey Avenue,Dead end,SB,2021-03-12 15:30:00,265.0,284.0,298.0,303.0,295.0,15,4,263.0
32970,Queens,2021,3,12,15,30,140,177615,POINT (1028931.8143046284 215115.26618027306),ROOSEVELT AVENUE BRIDGE,Flushing Line,Flushing Line,EB,2021-03-12 15:30:00,133.0,130.0,124.0,110.0,139.0,15,4,107.0
32970,Brooklyn,2021,3,12,15,45,295,157501,POINT (988148.6889210109 151103.24158873298),CROPSEY AVENUE BRIDGE,Cropsey Avenue,Dead end,SB,2021-03-12 15:45:00,304.0,265.0,298.0,383.0,281.0,15,4,289.0
32970,Queens,2021,3,12,15,45,139,177615,POINT (1028931.8143046284 215115.26618027306),ROOSEVELT AVENUE BRIDGE,Flushing Line,Flushing Line,EB,2021-03-12 15:45:00,140.0,133.0,133.0,102.0,129.0,15,4,115.0
32970,Queens,2021,3,12,15,45,123,177615,POINT (1028931.8143046284 215115.26618027306),ROOSEVELT AVENUE BRIDGE,Flushing Line,Flushing Line,WB,2021-03-12 15:45:00,98.0,119.0,101.0,112.0,113.0,15,4,103.0
32970,Brooklyn,2021,3,12,15,45,293,191114,POINT (988207.4245194928 151130.52481856258),CROPSEY AVENUE BRIDGE,Coney Island Creek Shoreline,Dead end,NB,2021-03-12 15:45:00,328.0,308.0,285.0,255.0,309.0,15,4,298.0
32970,Brooklyn,2021,3,12,16,0,281,157501,POINT (988148.6889210109 151103.24158873298),CROPSEY AVENUE BRIDGE,Cropsey Avenue,Dead end,SB,2021-03-12 16:00:00,295.0,304.0,284.0,336.0,274.0,16,4,297.0
32970,Queens,2021,3,12,16,0,129,177615,POINT (1028931.8143046284 215115.26618027306),ROOSEVELT AVENUE BRIDGE,Flushing Line,Flushing Line,EB,2021-03-12 16:00:00,139.0,140.0,130.0,134.0,145.0,16,4,124.0
32970,Queens,2021,3,12,16,0,113,177615,POINT (1028931.8143046284 215115.26618027306),ROOSEVELT AVENUE BRIDGE,Flushing Line,Flushing Line,WB,2021-03-12 16:00:00,123.0,98.0,87.0,90.0,112.0,16,4,74.0
32970,Brooklyn,2021,3,12,16,0,309,191114,POINT (988207.4245194928 151130.52481856258),CROPSEY AVENUE BRIDGE,Coney Island Creek Shoreline,Dead end,NB,2021-03-12 16:00:00,293.0,328.0,288.0,265.0,317.0,16,4,284.0
32970,Queens,2021,3,12,16,15,112,177615,POINT (1028931.8143046284 215115.26618027306),ROOSEVELT AVENUE BRIDGE,Flushing Line,Flushing Line,WB,2021-03-12 16:15:00,113.0,123.0,119.0,91.0,94.0,16,4,125.0
32970,Brooklyn,2021,3,12,16,15,317,191114,POINT (988207.4245194928 151130.52481856258),CROPSEY AVENUE BRIDGE,Coney Island Creek Shoreline,Dead end,NB,2021-03-12 16:15:00,309.0,293.0,308.0,317.0,271.0,16,4,261.0
32970,Brooklyn,2021,3,12,16,15,274,157501,POINT (988148.6889210109 151103.24158873298),CROPSEY AVENUE BRIDGE,Cropsey Avenue,Dead end,SB,2021-03-12 16:15:00,281.0,295.0,265.0,287.0,290.0,16,4,302.0
32970,Queens,2021,3,12,16,15,145,177615,POINT (1028931.8143046284 215115.26618027306),ROOSEVELT AVENUE BRIDGE,Flushing Line,Flushing Line,EB,2021-03-12 16:15:00,129.0,139.0,133.0,127.0,167.0,16,4,128.0
32970,Brooklyn,2021,3,12,16,30,290,157501,POINT (988148.6889210109 151103.24158873298),CROPSEY AVENUE BRIDGE,Cropsey Avenue,Dead end,SB,2021-03-12 16:30:00,274.0,281.0,304.0,298.0,300.0,16,4,269.0
32970,Queens,2021,3,12,16,30,167,177615,POINT (1028931.8143046284 215115.26618027306),ROOSEVELT AVENUE BRIDGE,Flushing Line,Flushing Line,EB,2021-03-12 16:30:00,145.0,129.0,140.0,124.0,161.0,16,4,139.0
32970,Queens,2021,3,12,16,30,94,177615,POINT (1028931.8143046284 215115.26618027306),ROOSEVELT AVENUE BRIDGE,Flushing Line,Flushing Line,WB,2021-03-12 16:30:00,112.0,113.0,98.0,97.0,126.0,16,4,96.0
32970,Brooklyn,2021,3,12,16,30,271,191114,POINT (988207.4245194928 151130.52481856258),CROPSEY AVENUE BRIDGE,Coney Island Creek Shoreline,Dead end,NB,2021-03-12 16:30:00,317.0,309.0,328.0,305.0,254.0,16,4,258.0
32970,Brooklyn,2021,3,12,16,45,300,157501,POINT (988148.6889210109 151103.24158873298),CROPSEY AVENUE BRIDGE,Cropsey Avenue,Dead end,SB,2021-03-12 16:45:00,290.0,274.0,295.0,298.0,285.0,16,4,282.0
32970,Queens,2021,3,12,16,45,161,177615,POINT (1028931.8143046284 215115.26618027306),ROOSEVELT AVENUE BRIDGE,Flushing Line,Flushing Line,EB,2021-03-12 16:45:00,167.0,145.0,139.0,133.0,166.0,16,4,138.0
32970,Queens,2021,3,12,16,45,126,177615,POINT (1028931.8143046284 215115.26618027306),ROOSEVELT AVENUE BRIDGE,Flushing Line,Flushing Line,WB,2021-03-12 16:45:00,94.0,112.0,123.0,101.0,115.0,16,4,112.0
32970,Brooklyn,2021,3,12,16,45,254,191114,POINT (988207.4245194928 151130.52481856258),CROPSEY AVENUE BRIDGE,Coney Island Creek Shoreline,Dead end,NB,2021-03-12 16:45:00,271.0,317.0,293.0,285.0,275.0,16,4,266.0
32970,Brooklyn,2021,3,12,17,0,275,191114,POINT (988207.4245194928 151130.52481856258),CROPSEY AVENUE BRIDGE,Coney Island Creek Shoreline,Dead end,NB,2021-03-12 17:00:00,254.0,271.0,309.0,288.0,285.0,17,4,263.0
32970,Brooklyn,2021,3,12,17,0,285,157501,POINT (988148.6889210109 151103.24158873298),CROPSEY AVENUE BRIDGE,Cropsey Avenue,Dead end,SB,2021-03-12 17:00:00,300.0,290.0,281.0,284.0,274.0,17,4,287.0
32970,Queens,2021,3,12,17,0,166,177615,POINT (1028931.8143046284 215115.26618027306),ROOSEVELT AVENUE BRIDGE,Flushing Line,Flushing Line,EB,2021-03-12 17:00:00,161.0,167.0,129.0,130.0,166.0,17,4,141.0
32970,Queens,2021,3,12,17,0,115,177615,POINT (1028931.8143046284 215115.26618027306),ROOSEVELT AVENUE BRIDGE,Flushing Line,Flushing Line,WB,2021-03-12 17:00:00,126.0,94.0,113.0,87.0,110.0,17,4,103.0
32970,Queens,2021,3,12,17,15,110,177615,POINT (1028931.8143046284 215115.26618027306),ROOSEVELT AVENUE BRIDGE,Flushing Line,Flushing Line,WB,2021-03-12 17:15:00,115.0,126.0,112.0,119.0,134.0,17,4,126.0
32970,Brooklyn,2021,3,12,17,15,285,191114,POINT (988207.4245194928 151130.52481856258),CROPSEY AVENUE BRIDGE,Coney Island Creek Shoreline,Dead end,NB,2021-03-12 17:15:00,275.0,254.0,317.0,308.0,239.0,17,4,296.0
32970,Brooklyn,2021,3,12,17,15,274,157501,POINT (988148.6889210109 151103.24158873298),CROPSEY AVENUE BRIDGE,Cropsey Avenue,Dead end,SB,2021-03-12 17:15:00,285.0,300.0,274.0,265.0,315.0,17,4,281.0
32970,Queens,2021,3,12,17,15,166,177615,POINT (1028931.8143046284 215115.26618027306),ROOSEVELT AVENUE BRIDGE,Flushing Line,Flushing Line,EB,2021-03-12 17:15:00,166.0,161.0,145.0,133.0,160.0,17,4,126.0
32970,Brooklyn,2021,3,12,17,30,239,191114,POINT (988207.4245194928 151130.52481856258),CROPSEY AVENUE BRIDGE,Coney Island Creek Shoreline,Dead end,NB,2021-03-12 17:30:00,285.0,275.0,271.0,328.0,249.0,17,4,258.0
32970,Queens,2021,3,12,17,30,134,177615,POINT (1028931.8143046284 215115.26618027306),ROOSEVELT AVENUE BRIDGE,Flushing Line,Flushing Line,WB,2021-03-12 17:30:00,110.0,115.0,94.0,98.0,101.0,17,4,97.0
32970,Queens,2021,3,12,17,30,160,177615,POINT (1028931.8143046284 215115.26618027306),ROOSEVELT AVENUE BRIDGE,Flushing Line,Flushing Line,EB,2021-03-12 17:30:00,166.0,166.0,167.0,140.0,139.0,17,4,160.0
32970,Brooklyn,2021,3,12,17,30,315,157501,POINT (988148.6889210109 151103.24158873298),CROPSEY AVENUE BRIDGE,Cropsey Avenue,Dead end,SB,2021-03-12 17:30:00,274.0,285.0,290.0,304.0,312.0,17,4,287.0
32970,Brooklyn,2021,3,12,17,45,312,157501,POINT (988148.6889210109 151103.24158873298),CROPSEY AVENUE BRIDGE,Cropsey Avenue,Dead end,SB,2021-03-12 17:45:00,315.0,274.0,300.0,295.0,295.0,17,4,265.0
32970,Queens,2021,3,12,17,45,139,177615,POINT (1028931.8143046284 215115.26618027306),ROOSEVELT AVENUE BRIDGE,Flushing Line,Flushing Line,EB,2021-03-12 17:45:00,160.0,166.0,161.0,139.0,123.0,17,4,129.0
32970,Queens,2021,3,12,17,45,101,177615,POINT (1028931.8143046284 215115.26618027306),ROOSEVELT AVENUE BRIDGE,Flushing Line,Flushing Line,WB,2021-03-12 17:45:00,134.0,110.0,126.0,123.0,96.0,17,4,118.0
32970,Brooklyn,2021,3,12,17,45,249,191114,POINT (988207.4245194928 151130.52481856258),CROPSEY AVENUE BRIDGE,Coney Island Creek Shoreline,Dead end,NB,2021-03-12 17:45:00,239.0,285.0,254.0,293.0,272.0,17,4,262.0
32970,Brooklyn,2021,3,12,18,0,295,157501,POINT (988148.6889210109 151103.24158873298),CROPSEY AVENUE BRIDGE,Cropsey Avenue,Dead end,SB,2021-03-12 18:00:00,312.0,315.0,285.0,281.0,297.0,18,4,304.0
32970,Queens,2021,3,12,18,0,123,177615,POINT (1028931.8143046284 215115.26618027306),ROOSEVELT AVENUE BRIDGE,Flushing Line,Flushing Line,EB,2021-03-12 18:00:00,139.0,160.0,166.0,129.0,124.0,18,4,124.0
32970,Queens,2021,3,12,18,0,96,177615,POINT (1028931.8143046284 215115.26618027306),ROOSEVELT AVENUE BRIDGE,Flushing Line,Flushing Line,WB,2021-03-12 18:00:00,101.0,134.0,115.0,113.0,109.0,18,4,111.0
32970,Brooklyn,2021,3,12,18,0,272,191114,POINT (988207.4245194928 151130.52481856258),CROPSEY AVENUE BRIDGE,Coney Island Creek Shoreline,Dead end,NB,2021-03-12 18:00:00,249.0,239.0,275.0,309.0,230.0,18,4,257.0
32970,Brooklyn,2021,3,12,18,15,297,157501,POINT (988148.6889210109 151103.24158873298),CROPSEY AVENUE BRIDGE,Cropsey Avenue,Dead end,SB,2021-03-12 18:15:00,295.0,312.0,274.0,274.0,261.0,18,4,250.0
32970,Queens,2021,3,12,18,15,124,177615,POINT (1028931.8143046284 215115.26618027306),ROOSEVELT AVENUE BRIDGE,Flushing Line,Flushing Line,EB,2021-03-12 18:15:00,123.0,139.0,166.0,145.0,127.0,18,4,119.0
32970,Queens,2021,3,12,18,15,109,177615,POINT (1028931.8143046284 215115.26618027306),ROOSEVELT AVENUE BRIDGE,Flushing Line,Flushing Line,WB,2021-03-12 18:15:00,96.0,101.0,110.0,112.0,101.0,18,4,90.0
32970,Brooklyn,2021,3,12,18,15,230,191114,POINT (988207.4245194928 151130.52481856258),CROPSEY AVENUE BRIDGE,Coney Island Creek Shoreline,Dead end,NB,2021-03-12 18:15:00,272.0,249.0,285.0,317.0,231.0,18,4,237.0
32970,Brooklyn,2021,3,12,18,30,231,191114,POINT (988207.4245194928 151130.52481856258),CROPSEY AVENUE BRIDGE,Coney Island Creek Shoreline,Dead end,NB,2021-03-12 18:30:00,230.0,272.0,239.0,271.0,239.0,18,4,229.0
32970,Queens,2021,3,12,18,30,101,177615,POINT (1028931.8143046284 215115.26618027306),ROOSEVELT AVENUE BRIDGE,Flushing Line,Flushing Line,WB,2021-03-12 18:30:00,109.0,96.0,134.0,94.0,106.0,18,4,95.0
32970,Brooklyn,2021,3,12,18,30,261,157501,POINT (988148.6889210109 151103.24158873298),CROPSEY AVENUE BRIDGE,Cropsey Avenue,Dead end,SB,2021-03-12 18:30:00,297.0,295.0,315.0,290.0,240.0,18,4,257.0
32970,Queens,2021,3,12,18,30,127,177615,POINT (1028931.8143046284 215115.26618027306),ROOSEVELT AVENUE BRIDGE,Flushing Line,Flushing Line,EB,2021-03-12 18:30:00,124.0,123.0,160.0,167.0,126.0,18,4,122.0
32970,Brooklyn,2021,3,12,18,45,240,157501,POINT (988148.6889210109 151103.24158873298),CROPSEY AVENUE BRIDGE,Cropsey Avenue,Dead end,SB,2021-03-12 18:45:00,261.0,297.0,312.0,300.0,250.0,18,4,293.0
32970,Queens,2021,3,12,18,45,126,177615,POINT (1028931.8143046284 215115.26618027306),ROOSEVELT AVENUE BRIDGE,Flushing Line,Flushing Line,EB,2021-03-12 18:45:00,127.0,124.0,139.0,161.0,132.0,18,4,99.0
32970,Queens,2021,3,12,18,45,106,177615,POINT (1028931.8143046284 215115.26618027306),ROOSEVELT AVENUE BRIDGE,Flushing Line,Flushing Line,WB,2021-03-12 18:45:00,101.0,109.0,101.0,126.0,100.0,18,4,79.0
32970,Brooklyn,2021,3,12,18,45,239,191114,POINT (988207.4245194928 151130.52481856258),CROPSEY AVENUE BRIDGE,Coney Island Creek Shoreline,Dead end,NB,2021-03-12 18:45:00,231.0,230.0,249.0,254.0,225.0,18,4,221.0
32970,Brooklyn,2021,3,12,19,0,250,157501,POINT (988148.6889210109 151103.24158873298),CROPSEY AVENUE BRIDGE,Cropsey Avenue,Dead end,SB,2021-03-12 19:00:00,240.0,261.0,295.0,285.0,229.0,19,4,264.0
32970,Queens,2021,3,12,19,0,132,177615,POINT (1028931.8143046284 215115.26618027306),ROOSEVELT AVENUE BRIDGE,Flushing Line,Flushing Line,EB,2021-03-12 19:00:00,126.0,127.0,123.0,166.0,103.0,19,4,94.0
32970,Queens,2021,3,12,19,0,100,177615,POINT (1028931.8143046284 215115.26618027306),ROOSEVELT AVENUE BRIDGE,Flushing Line,Flushing Line,WB,2021-03-12 19:00:00,106.0,101.0,96.0,115.0,102.0,19,4,81.0
32970,Brooklyn,2021,3,12,19,0,225,191114,POINT (988207.4245194928 151130.52481856258),CROPSEY AVENUE BRIDGE,Coney Island Creek Shoreline,Dead end,NB,2021-03-12 19:00:00,239.0,231.0,272.0,275.0,220.0,19,4,200.0
32970,Brooklyn,2021,3,12,19,15,220,191114,POINT (988207.4245194928 151130.52481856258),CROPSEY AVENUE BRIDGE,Coney Island Creek Shoreline,Dead end,NB,2021-03-12 19:15:00,225.0,239.0,230.0,285.0,233.0,19,4,231.0
32970,Queens,2021,3,12,19,15,102,177615,POINT (1028931.8143046284 215115.26618027306),ROOSEVELT AVENUE BRIDGE,Flushing Line,Flushing Line,WB,2021-03-12 19:15:00,100.0,106.0,109.0,110.0,98.0,19,4,83.0
32970,Brooklyn,2021,3,12,19,15,229,157501,POINT (988148.6889210109 151103.24158873298),CROPSEY AVENUE BRIDGE,Cropsey Avenue,Dead end,SB,2021-03-12 19:15:00,250.0,240.0,297.0,274.0,254.0,19,4,276.0
32970,Queens,2021,3,12,19,15,103,177615,POINT (1028931.8143046284 215115.26618027306),ROOSEVELT AVENUE BRIDGE,Flushing Line,Flushing Line,EB,2021-03-12 19:15:00,132.0,126.0,124.0,166.0,112.0,19,4,88.0
32970,Brooklyn,2021,3,12,19,30,254,157501,POINT (988148.6889210109 151103.24158873298),CROPSEY AVENUE BRIDGE,Cropsey Avenue,Dead end,SB,2021-03-12 19:30:00,229.0,250.0,261.0,315.0,213.0,19,4,261.0
32970,Queens,2021,3,12,19,30,112,177615,POINT (1028931.8143046284 215115.26618027306),ROOSEVELT AVENUE BRIDGE,Flushing Line,Flushing Line,EB,2021-03-12 19:30:00,103.0,132.0,127.0,160.0,109.0,19,4,102.0
32970,Queens,2021,3,12,19,30,98,177615,POINT (1028931.8143046284 215115.26618027306),ROOSEVELT AVENUE BRIDGE,Flushing Line,Flushing Line,WB,2021-03-12 19:30:00,102.0,100.0,101.0,134.0,83.0,19,4,70.0
32970,Brooklyn,2021,3,12,19,30,233,191114,POINT (988207.4245194928 151130.52481856258),CROPSEY AVENUE BRIDGE,Coney Island Creek Shoreline,Dead end,NB,2021-03-12 19:30:00,220.0,225.0,231.0,239.0,220.0,19,4,204.0
32970,Brooklyn,2021,3,12,19,45,213,157501,POINT (988148.6889210109 151103.24158873298),CROPSEY AVENUE BRIDGE,Cropsey Avenue,Dead end,SB,2021-03-12 19:45:00,254.0,229.0,240.0,312.0,217.0,19,4,274.0
32970,Queens,2021,3,12,19,45,109,177615,POINT (1028931.8143046284 215115.26618027306),ROOSEVELT AVENUE BRIDGE,Flushing Line,Flushing Line,EB,2021-03-12 19:45:00,112.0,103.0,126.0,139.0,99.0,19,4,100.0
32970,Queens,2021,3,12,19,45,83,177615,POINT (1028931.8143046284 215115.26618027306),ROOSEVELT AVENUE BRIDGE,Flushing Line,Flushing Line,WB,2021-03-12 19:45:00,98.0,102.0,106.0,101.0,93.0,19,4,76.0
32970,Brooklyn,2021,3,12,19,45,220,191114,POINT (988207.4245194928 151130.52481856258),CROPSEY AVENUE BRIDGE,Coney Island Creek Shoreline,Dead end,NB,2021-03-12 19:45:00,233.0,220.0,239.0,249.0,184.0,19,4,197.0
32970,Queens,2021,3,12,20,0,93,177615,POINT (1028931.8143046284 215115.26618027306),ROOSEVELT AVENUE BRIDGE,Flushing Line,Flushing Line,WB,2021-03-12 20:00:00,83.0,98.0,100.0,96.0,101.0,20,4,59.0
32970,Brooklyn,2021,3,12,20,0,184,191114,POINT (988207.4245194928 151130.52481856258),CROPSEY AVENUE BRIDGE,Coney Island Creek Shoreline,Dead end,NB,2021-03-12 20:00:00,220.0,233.0,225.0,272.0,195.0,20,4,171.0
32970,Queens,2021,3,12,20,0,99,177615,POINT (1028931.8143046284 215115.26618027306),ROOSEVELT AVENUE BRIDGE,Flushing Line,Flushing Line,EB,2021-03-12 20:00:00,109.0,112.0,132.0,123.0,97.0,20,4,60.0
32970,Brooklyn,2021,3,12,20,0,217,157501,POINT (988148.6889210109 151103.24158873298),CROPSEY AVENUE BRIDGE,Cropsey Avenue,Dead end,SB,2021-03-12 20:00:00,213.0,254.0,250.0,295.0,202.0,20,4,197.0
32970,Brooklyn,2021,3,12,20,15,202,157501,POINT (988148.6889210109 151103.24158873298),CROPSEY AVENUE BRIDGE,Cropsey Avenue,Dead end,SB,2021-03-12 20:15:00,217.0,213.0,229.0,297.0,210.0,20,4,200.0
32970,Queens,2021,3,12,20,15,97,177615,POINT (1028931.8143046284 215115.26618027306),ROOSEVELT AVENUE BRIDGE,Flushing Line,Flushing Line,EB,2021-03-12 20:15:00,99.0,109.0,103.0,124.0,88.0,20,4,70.0
32970,Queens,2021,3,12,20,15,101,177615,POINT (1028931.8143046284 215115.26618027306),ROOSEVELT AVENUE BRIDGE,Flushing Line,Flushing Line,WB,2021-03-12 20:15:00,93.0,83.0,102.0,109.0,76.0,20,4,68.0
32970,Brooklyn,2021,3,12,20,15,195,191114,POINT (988207.4245194928 151130.52481856258),CROPSEY AVENUE BRIDGE,Coney Island Creek Shoreline,Dead end,NB,2021-03-12 20:15:00,184.0,220.0,220.0,230.0,169.0,20,4,197.0
32970,Brooklyn,2021,3,12,20,30,210,157501,POINT (988148.6889210109 151103.24158873298),CROPSEY AVENUE BRIDGE,Cropsey Avenue,Dead end,SB,2021-03-12 20:30:00,202.0,217.0,254.0,261.0,208.0,20,4,196.0
32970,Queens,2021,3,12,20,30,88,177615,POINT (1028931.8143046284 215115.26618027306),ROOSEVELT AVENUE BRIDGE,Flushing Line,Flushing Line,EB,2021-03-12 20:30:00,97.0,99.0,112.0,127.0,99.0,20,4,80.0
32970,Queens,2021,3,12,20,30,76,177615,POINT (1028931.8143046284 215115.26618027306),ROOSEVELT AVENUE BRIDGE,Flushing Line,Flushing Line,WB,2021-03-12 20:30:00,101.0,93.0,98.0,101.0,75.0,20,4,45.0
32970,Brooklyn,2021,3,12,20,30,169,191114,POINT (988207.4245194928 151130.52481856258),CROPSEY AVENUE BRIDGE,Coney Island Creek Shoreline,Dead end,NB,2021-03-12 20:30:00,195.0,184.0,233.0,231.0,155.0,20,4,183.0
32970,Brooklyn,2021,3,12,20,45,155,191114,POINT (988207.4245194928 151130.52481856258),CROPSEY AVENUE BRIDGE,Coney Island Creek Shoreline,Dead end,NB,2021-03-12 20:45:00,169.0,195.0,220.0,239.0,150.0,20,4,146.0
32970,Queens,2021,3,12,20,45,75,177615,POINT (1028931.8143046284 215115.26618027306),ROOSEVELT AVENUE BRIDGE,Flushing Line,Flushing Line,WB,2021-03-12 20:45:00,76.0,101.0,83.0,106.0,55.0,20,4,60.0
32970,Brooklyn,2021,3,12,20,45,208,157501,POINT (988148.6889210109 151103.24158873298),CROPSEY AVENUE BRIDGE,Cropsey Avenue,Dead end,SB,2021-03-12 20:45:00,210.0,202.0,213.0,240.0,184.0,20,4,166.0
32970,Queens,2021,3,12,20,45,99,177615,POINT (1028931.8143046284 215115.26618027306),ROOSEVELT AVENUE BRIDGE,Flushing Line,Flushing Line,EB,2021-03-12 20:45:00,88.0,97.0,109.0,126.0,73.0,20,4,65.0
32970,Brooklyn,2021,3,12,21,0,184,157501,POINT (988148.6889210109 151103.24158873298),CROPSEY AVENUE BRIDGE,Cropsey Avenue,Dead end,SB,2021-03-12 21:00:00,208.0,210.0,217.0,250.0,156.0,21,4,171.0
32970,Queens,2021,3,12,21,0,73,177615,POINT (1028931.8143046284 215115.26618027306),ROOSEVELT AVENUE BRIDGE,Flushing Line,Flushing Line,EB,2021-03-12 21:00:00,99.0,88.0,99.0,132.0,73.0,21,4,61.0
32970,Queens,2021,3,12,21,0,55,177615,POINT (1028931.8143046284 215115.26618027306),ROOSEVELT AVENUE BRIDGE,Flushing Line,Flushing Line,WB,2021-03-12 21:00:00,75.0,76.0,93.0,100.0,52.0,21,4,42.0
32970,Brooklyn,2021,3,12,21,0,150,191114,POINT (988207.4245194928 151130.52481856258),CROPSEY AVENUE BRIDGE,Coney Island Creek Shoreline,Dead end,NB,2021-03-12 21:00:00,155.0,169.0,184.0,225.0,143.0,21,4,132.0
32970,Brooklyn,2021,3,12,21,15,156,157501,POINT (988148.6889210109 151103.24158873298),CROPSEY AVENUE BRIDGE,Cropsey Avenue,Dead end,SB,2021-03-12 21:15:00,184.0,208.0,202.0,229.0,143.0,21,4,146.0
32970,Queens,2021,3,12,21,15,73,177615,POINT (1028931.8143046284 215115.26618027306),ROOSEVELT AVENUE BRIDGE,Flushing Line,Flushing Line,EB,2021-03-12 21:15:00,73.0,99.0,97.0,103.0,60.0,21,4,53.0
32970,Queens,2021,3,12,21,15,52,177615,POINT (1028931.8143046284 215115.26618027306),ROOSEVELT AVENUE BRIDGE,Flushing Line,Flushing Line,WB,2021-03-12 21:15:00,55.0,75.0,101.0,102.0,62.0,21,4,52.0
32970,Brooklyn,2021,3,12,21,15,143,191114,POINT (988207.4245194928 151130.52481856258),CROPSEY AVENUE BRIDGE,Coney Island Creek Shoreline,Dead end,NB,2021-03-12 21:15:00,150.0,155.0,195.0,220.0,112.0,21,4,121.0
32970,Brooklyn,2021,3,12,21,30,112,191114,POINT (988207.4245194928 151130.52481856258),CROPSEY AVENUE BRIDGE,Coney Island Creek Shoreline,Dead end,NB,2021-03-12 21:30:00,143.0,150.0,169.0,233.0,145.0,21,4,102.0
32970,Queens,2021,3,12,21,30,62,177615,POINT (1028931.8143046284 215115.26618027306),ROOSEVELT AVENUE BRIDGE,Flushing Line,Flushing Line,WB,2021-03-12 21:30:00,52.0,55.0,76.0,98.0,53.0,21,4,40.0
32970,Brooklyn,2021,3,12,21,30,143,157501,POINT (988148.6889210109 151103.24158873298),CROPSEY AVENUE BRIDGE,Cropsey Avenue,Dead end,SB,2021-03-12 21:30:00,156.0,184.0,210.0,254.0,175.0,21,4,170.0
32970,Queens,2021,3,12,21,30,60,177615,POINT (1028931.8143046284 215115.26618027306),ROOSEVELT AVENUE BRIDGE,Flushing Line,Flushing Line,EB,2021-03-12 21:30:00,73.0,73.0,88.0,112.0,46.0,21,4,41.0
32970,Brooklyn,2021,3,12,21,45,175,157501,POINT (988148.6889210109 151103.24158873298),CROPSEY AVENUE BRIDGE,Cropsey Avenue,Dead end,SB,2021-03-12 21:45:00,143.0,156.0,208.0,213.0,147.0,21,4,144.0
32970,Queens,2021,3,12,21,45,46,177615,POINT (1028931.8143046284 215115.26618027306),ROOSEVELT AVENUE BRIDGE,Flushing Line,Flushing Line,EB,2021-03-12 21:45:00,60.0,73.0,99.0,109.0,61.0,21,4,61.0
32970,Queens,2021,3,12,21,45,53,177615,POINT (1028931.8143046284 215115.26618027306),ROOSEVELT AVENUE BRIDGE,Flushing Line,Flushing Line,WB,2021-03-12 21:45:00,62.0,52.0,75.0,83.0,42.0,21,4,44.0
32970,Brooklyn,2021,3,12,21,45,145,191114,POINT (988207.4245194928 151130.52481856258),CROPSEY AVENUE BRIDGE,Coney Island Creek Shoreline,Dead end,NB,2021-03-12 21:45:00,112.0,143.0,155.0,220.0,138.0,21,4,95.0
32970,Brooklyn,2021,3,12,22,0,147,157501,POINT (988148.6889210109 151103.24158873298),CROPSEY AVENUE BRIDGE,Cropsey Avenue,Dead end,SB,2021-03-12 22:00:00,175.0,143.0,184.0,217.0,163.0,22,4,128.0
32970,Queens,2021,3,12,22,0,61,177615,POINT (1028931.8143046284 215115.26618027306),ROOSEVELT AVENUE BRIDGE,Flushing Line,Flushing Line,EB,2021-03-12 22:00:00,46.0,60.0,73.0,99.0,58.0,22,4,43.0
32970,Queens,2021,3,12,22,0,42,177615,POINT (1028931.8143046284 215115.26618027306),ROOSEVELT AVENUE BRIDGE,Flushing Line,Flushing Line,WB,2021-03-12 22:00:00,53.0,62.0,55.0,93.0,49.0,22,4,35.0
32970,Brooklyn,2021,3,12,22,0,138,191114,POINT (988207.4245194928 151130.52481856258),CROPSEY AVENUE BRIDGE,Coney Island Creek Shoreline,Dead end,NB,2021-03-12 22:00:00,145.0,112.0,150.0,184.0,126.0,22,4,135.0
32970,Brooklyn,2021,3,12,22,15,126,191114,POINT (988207.4245194928 151130.52481856258),CROPSEY AVENUE BRIDGE,Coney Island Creek Shoreline,Dead end,NB,2021-03-12 22:15:00,138.0,145.0,143.0,195.0,107.0,22,4,101.0
32970,Queens,2021,3,12,22,15,49,177615,POINT (1028931.8143046284 215115.26618027306),ROOSEVELT AVENUE BRIDGE,Flushing Line,Flushing Line,WB,2021-03-12 22:15:00,42.0,53.0,52.0,101.0,47.0,22,4,38.0
32970,Queens,2021,3,12,22,15,58,177615,POINT (1028931.8143046284 215115.26618027306),ROOSEVELT AVENUE BRIDGE,Flushing Line,Flushing Line,EB,2021-03-12 22:15:00,61.0,46.0,73.0,97.0,60.0,22,4,42.0
32970,Brooklyn,2021,3,12,22,15,163,157501,POINT (988148.6889210109 151103.24158873298),CROPSEY AVENUE BRIDGE,Cropsey Avenue,Dead end,SB,2021-03-12 22:15:00,147.0,175.0,156.0,202.0,137.0,22,4,151.0
32970,Brooklyn,2021,3,12,22,30,137,157501,POINT (988148.6889210109 151103.24158873298),CROPSEY AVENUE BRIDGE,Cropsey Avenue,Dead end,SB,2021-03-12 22:30:00,163.0,147.0,143.0,210.0,128.0,22,4,136.0
32970,Queens,2021,3,12,22,30,60,177615,POINT (1028931.8143046284 215115.26618027306),ROOSEVELT AVENUE BRIDGE,Flushing Line,Flushing Line,EB,2021-03-12 22:30:00,58.0,61.0,60.0,88.0,47.0,22,4,33.0
32970,Queens,2021,3,12,22,30,47,177615,POINT (1028931.8143046284 215115.26618027306),ROOSEVELT AVENUE BRIDGE,Flushing Line,Flushing Line,WB,2021-03-12 22:30:00,49.0,42.0,62.0,76.0,46.0,22,4,46.0
32970,Brooklyn,2021,3,12,22,30,107,191114,POINT (988207.4245194928 151130.52481856258),CROPSEY AVENUE BRIDGE,Coney Island Creek Shoreline,Dead end,NB,2021-03-12 22:30:00,126.0,138.0,112.0,169.0,85.0,22,4,83.0
32970,Brooklyn,2021,3,12,22,45,128,157501,POINT (988148.6889210109 151103.24158873298),CROPSEY AVENUE BRIDGE,Cropsey Avenue,Dead end,SB,2021-03-12 22:45:00,137.0,163.0,175.0,208.0,129.0,22,4,98.0
32970,Queens,2021,3,12,22,45,47,177615,POINT (1028931.8143046284 215115.26618027306),ROOSEVELT AVENUE BRIDGE,Flushing Line,Flushing Line,EB,2021-03-12 22:45:00,60.0,58.0,46.0,99.0,46.0,22,4,39.0
32970,Queens,2021,3,12,22,45,46,177615,POINT (1028931.8143046284 215115.26618027306),ROOSEVELT AVENUE BRIDGE,Flushing Line,Flushing Line,WB,2021-03-12 22:45:00,47.0,49.0,53.0,75.0,32.0,22,4,38.0
32970,Brooklyn,2021,3,12,22,45,85,191114,POINT (988207.4245194928 151130.52481856258),CROPSEY AVENUE BRIDGE,Coney Island Creek Shoreline,Dead end,NB,2021-03-12 22:45:00,107.0,126.0,145.0,155.0,90.0,22,4,89.0
32970,Brooklyn,2021,3,12,23,0,90,191114,POINT (988207.4245194928 151130.52481856258),CROPSEY AVENUE BRIDGE,Coney Island Creek Shoreline,Dead end,NB,2021-03-12 23:00:00,85.0,107.0,138.0,150.0,101.0,23,4,109.0
32970,Queens,2021,3,12,23,0,32,177615,POINT (1028931.8143046284 215115.26618027306),ROOSEVELT AVENUE BRIDGE,Flushing Line,Flushing Line,WB,2021-03-12 23:00:00,46.0,47.0,42.0,55.0,38.0,23,4,27.0
32970,Queens,2021,3,12,23,0,46,177615,POINT (1028931.8143046284 215115.26618027306),ROOSEVELT AVENUE BRIDGE,Flushing Line,Flushing Line,EB,2021-03-12 23:00:00,47.0,60.0,61.0,73.0,58.0,23,4,28.0
32970,Brooklyn,2021,3,12,23,0,129,157501,POINT (988148.6889210109 151103.24158873298),CROPSEY AVENUE BRIDGE,Cropsey Avenue,Dead end,SB,2021-03-12 23:00:00,128.0,137.0,147.0,184.0,128.0,23,4,100.0
32970,Brooklyn,2021,3,12,23,15,128,157501,POINT (988148.6889210109 151103.24158873298),CROPSEY AVENUE BRIDGE,Cropsey Avenue,Dead end,SB,2021-03-12 23:15:00,129.0,128.0,163.0,156.0,136.0,23,4,93.0
32970,Queens,2021,3,12,23,15,58,177615,POINT (1028931.8143046284 215115.26618027306),ROOSEVELT AVENUE BRIDGE,Flushing Line,Flushing Line,EB,2021-03-12 23:15:00,46.0,47.0,58.0,73.0,43.0,23,4,29.0
32970,Queens,2021,3,12,23,15,38,177615,POINT (1028931.8143046284 215115.26618027306),ROOSEVELT AVENUE BRIDGE,Flushing Line,Flushing Line,WB,2021-03-12 23:15:00,32.0,46.0,49.0,52.0,36.0,23,4,36.0
32970,Brooklyn,2021,3,12,23,15,101,191114,POINT (988207.4245194928 151130.52481856258),CROPSEY AVENUE BRIDGE,Coney Island Creek Shoreline,Dead end,NB,2021-03-12 23:15:00,90.0,85.0,126.0,143.0,99.0,23,4,79.0
32970,Brooklyn,2021,3,12,23,30,136,157501,POINT (988148.6889210109 151103.24158873298),CROPSEY AVENUE BRIDGE,Cropsey Avenue,Dead end,SB,2021-03-12 23:30:00,128.0,129.0,137.0,143.0,112.0,23,4,92.0
32970,Queens,2021,3,12,23,30,43,177615,POINT (1028931.8143046284 215115.26618027306),ROOSEVELT AVENUE BRIDGE,Flushing Line,Flushing Line,EB,2021-03-12 23:30:00,58.0,46.0,60.0,60.0,36.0,23,4,30.0
32970,Queens,2021,3,12,23,30,36,177615,POINT (1028931.8143046284 215115.26618027306),ROOSEVELT AVENUE BRIDGE,Flushing Line,Flushing Line,WB,2021-03-12 23:30:00,38.0,32.0,47.0,62.0,40.0,23,4,17.0
32970,Brooklyn,2021,3,12,23,30,99,191114,POINT (988207.4245194928 151130.52481856258),CROPSEY AVENUE BRIDGE,Coney Island Creek Shoreline,Dead end,NB,2021-03-12 23:30:00,101.0,90.0,107.0,112.0,95.0,23,4,69.0
32970,Brooklyn,2021,3,12,23,45,95,191114,POINT (988207.4245194928 151130.52481856258),CROPSEY AVENUE BRIDGE,Coney Island Creek Shoreline,Dead end,NB,2021-03-12 23:45:00,99.0,101.0,85.0,145.0,81.0,23,4,76.0
32970,Queens,2021,3,12,23,45,40,177615,POINT (1028931.8143046284 215115.26618027306),ROOSEVELT AVENUE BRIDGE,Flushing Line,Flushing Line,WB,2021-03-12 23:45:00,36.0,38.0,46.0,53.0,32.0,23,4,25.0
32970,Queens,2021,3,12,23,45,36,177615,POINT (1028931.8143046284 215115.26618027306),ROOSEVELT AVENUE BRIDGE,Flushing Line,Flushing Line,EB,2021-03-12 23:45:00,43.0,58.0,47.0,46.0,35.0,23,4,27.0
32970,Brooklyn,2021,3,12,23,45,112,157501,POINT (988148.6889210109 151103.24158873298),CROPSEY AVENUE BRIDGE,Cropsey Avenue,Dead end,SB,2021-03-12 23:45:00,136.0,128.0,128.0,175.0,95.0,23,4,108.0
32970,Brooklyn,2021,3,13,0,0,95,157501,POINT (988148.6889210109 151103.24158873298),CROPSEY AVENUE BRIDGE,Cropsey Avenue,Dead end,SB,2021-03-13 00:00:00,112.0,136.0,129.0,147.0,91.0,0,5,76.0
32970,Queens,2021,3,13,0,0,35,177615,POINT (1028931.8143046284 215115.26618027306),ROOSEVELT AVENUE BRIDGE,Flushing Line,Flushing Line,EB,2021-03-13 00:00:00,36.0,43.0,46.0,61.0,37.0,0,5,30.0
32970,Queens,2021,3,13,0,0,32,177615,POINT (1028931.8143046284 215115.26618027306),ROOSEVELT AVENUE BRIDGE,Flushing Line,Flushing Line,WB,2021-03-13 00:00:00,40.0,36.0,32.0,42.0,22.0,0,5,24.0
32970,Brooklyn,2021,3,13,0,0,81,191114,POINT (988207.4245194928 151130.52481856258),CROPSEY AVENUE BRIDGE,Coney Island Creek Shoreline,Dead end,NB,2021-03-13 00:00:00,95.0,99.0,90.0,138.0,78.0,0,5,64.0
32970,Brooklyn,2021,3,13,0,15,91,157501,POINT (988148.6889210109 151103.24158873298),CROPSEY AVENUE BRIDGE,Cropsey Avenue,Dead end,SB,2021-03-13 00:15:00,95.0,112.0,128.0,163.0,73.0,0,5,70.0
32970,Queens,2021,3,13,0,15,37,177615,POINT (1028931.8143046284 215115.26618027306),ROOSEVELT AVENUE BRIDGE,Flushing Line,Flushing Line,EB,2021-03-13 00:15:00,35.0,36.0,58.0,58.0,35.0,0,5,21.0
32970,Queens,2021,3,13,0,15,22,177615,POINT (1028931.8143046284 215115.26618027306),ROOSEVELT AVENUE BRIDGE,Flushing Line,Flushing Line,WB,2021-03-13 00:15:00,32.0,40.0,38.0,49.0,22.0,0,5,29.0
32970,Brooklyn,2021,3,13,0,15,78,191114,POINT (988207.4245194928 151130.52481856258),CROPSEY AVENUE BRIDGE,Coney Island Creek Shoreline,Dead end,NB,2021-03-13 00:15:00,81.0,95.0,101.0,126.0,76.0,0,5,53.0
32970,Brooklyn,2021,3,13,0,30,76,191114,POINT (988207.4245194928 151130.52481856258),CROPSEY AVENUE BRIDGE,Coney Island Creek Shoreline,Dead end,NB,2021-03-13 00:30:00,78.0,81.0,99.0,107.0,54.0,0,5,57.0
32970,Queens,2021,3,13,0,30,22,177615,POINT (1028931.8143046284 215115.26618027306),ROOSEVELT AVENUE BRIDGE,Flushing Line,Flushing Line,WB,2021-03-13 00:30:00,22.0,32.0,36.0,47.0,17.0,0,5,14.0
32970,Brooklyn,2021,3,13,0,30,73,157501,POINT (988148.6889210109 151103.24158873298),CROPSEY AVENUE BRIDGE,Cropsey Avenue,Dead end,SB,2021-03-13 00:30:00,91.0,95.0,136.0,137.0,62.0,0,5,47.0
32970,Queens,2021,3,13,0,30,35,177615,POINT (1028931.8143046284 215115.26618027306),ROOSEVELT AVENUE BRIDGE,Flushing Line,Flushing Line,EB,2021-03-13 00:30:00,37.0,35.0,43.0,60.0,26.0,0,5,25.0
32970,Brooklyn,2021,3,13,0,45,62,157501,POINT (988148.6889210109 151103.24158873298),CROPSEY AVENUE BRIDGE,Cropsey Avenue,Dead end,SB,2021-03-13 00:45:00,73.0,91.0,112.0,128.0,66.0,0,5,66.0
32970,Queens,2021,3,13,0,45,26,177615,POINT (1028931.8143046284 215115.26618027306),ROOSEVELT AVENUE BRIDGE,Flushing Line,Flushing Line,EB,2021-03-13 00:45:00,35.0,37.0,36.0,47.0,27.0,0,5,15.0
32970,Queens,2021,3,13,0,45,17,177615,POINT (1028931.8143046284 215115.26618027306),ROOSEVELT AVENUE BRIDGE,Flushing Line,Flushing Line,WB,2021-03-13 00:45:00,22.0,22.0,40.0,46.0,13.0,0,5,13.0
32970,Brooklyn,2021,3,13,0,45,54,191114,POINT (988207.4245194928 151130.52481856258),CROPSEY AVENUE BRIDGE,Coney Island Creek Shoreline,Dead end,NB,2021-03-13 00:45:00,76.0,78.0,95.0,85.0,54.0,0,5,40.0
32970,Brooklyn,2021,3,13,1,0,66,157501,POINT (988148.6889210109 151103.24158873298),CROPSEY AVENUE BRIDGE,Cropsey Avenue,Dead end,SB,2021-03-13 01:00:00,62.0,73.0,95.0,129.0,72.0,1,5,46.0
32970,Queens,2021,3,13,1,0,27,177615,POINT (1028931.8143046284 215115.26618027306),ROOSEVELT AVENUE BRIDGE,Flushing Line,Flushing Line,EB,2021-03-13 01:00:00,26.0,35.0,35.0,46.0,17.0,1,5,19.0
32970,Queens,2021,3,13,1,0,13,177615,POINT (1028931.8143046284 215115.26618027306),ROOSEVELT AVENUE BRIDGE,Flushing Line,Flushing Line,WB,2021-03-13 01:00:00,17.0,22.0,32.0,32.0,19.0,1,5,22.0
32970,Brooklyn,2021,3,13,1,0,54,191114,POINT (988207.4245194928 151130.52481856258),CROPSEY AVENUE BRIDGE,Coney Island Creek Shoreline,Dead end,NB,2021-03-13 01:00:00,54.0,76.0,81.0,90.0,48.0,1,5,39.0
32970,Brooklyn,2021,3,13,1,15,48,191114,POINT (988207.4245194928 151130.52481856258),CROPSEY AVENUE BRIDGE,Coney Island Creek Shoreline,Dead end,NB,2021-03-13 01:15:00,54.0,54.0,78.0,101.0,58.0,1,5,45.0
32970,Queens,2021,3,13,1,15,19,177615,POINT (1028931.8143046284 215115.26618027306),ROOSEVELT AVENUE BRIDGE,Flushing Line,Flushing Line,WB,2021-03-13 01:15:00,13.0,17.0,22.0,38.0,18.0,1,5,17.0
32970,Queens,2021,3,13,1,15,17,177615,POINT (1028931.8143046284 215115.26618027306),ROOSEVELT AVENUE BRIDGE,Flushing Line,Flushing Line,EB,2021-03-13 01:15:00,27.0,26.0,37.0,58.0,18.0,1,5,17.0
32970,Brooklyn,2021,3,13,1,15,72,157501,POINT (988148.6889210109 151103.24158873298),CROPSEY AVENUE BRIDGE,Cropsey Avenue,Dead end,SB,2021-03-13 01:15:00,66.0,62.0,91.0,128.0,58.0,1,5,37.0
32970,Brooklyn,2021,3,13,1,30,58,157501,POINT (988148.6889210109 151103.24158873298),CROPSEY AVENUE BRIDGE,Cropsey Avenue,Dead end,SB,2021-03-13 01:30:00,72.0,66.0,73.0,136.0,60.0,1,5,33.0
32970,Queens,2021,3,13,1,30,18,177615,POINT (1028931.8143046284 215115.26618027306),ROOSEVELT AVENUE BRIDGE,Flushing Line,Flushing Line,EB,2021-03-13 01:30:00,17.0,27.0,35.0,43.0,17.0,1,5,13.0
32970,Queens,2021,3,13,1,30,18,177615,POINT (1028931.8143046284 215115.26618027306),ROOSEVELT AVENUE BRIDGE,Flushing Line,Flushing Line,WB,2021-03-13 01:30:00,19.0,13.0,22.0,36.0,7.0,1,5,11.0
32970,Brooklyn,2021,3,13,1,30,58,191114,POINT (988207.4245194928 151130.52481856258),CROPSEY AVENUE BRIDGE,Coney Island Creek Shoreline,Dead end,NB,2021-03-13 01:30:00,48.0,54.0,76.0,99.0,42.0,1,5,32.0
32970,Brooklyn,2021,3,13,1,45,60,157501,POINT (988148.6889210109 151103.24158873298),CROPSEY AVENUE BRIDGE,Cropsey Avenue,Dead end,SB,2021-03-13 01:45:00,58.0,72.0,62.0,112.0,49.0,1,5,44.0
32970,Queens,2021,3,13,1,45,17,177615,POINT (1028931.8143046284 215115.26618027306),ROOSEVELT AVENUE BRIDGE,Flushing Line,Flushing Line,EB,2021-03-13 01:45:00,18.0,17.0,26.0,36.0,18.0,1,5,20.0
32970,Queens,2021,3,13,1,45,7,177615,POINT (1028931.8143046284 215115.26618027306),ROOSEVELT AVENUE BRIDGE,Flushing Line,Flushing Line,WB,2021-03-13 01:45:00,18.0,19.0,17.0,40.0,14.0,1,5,13.0
32970,Brooklyn,2021,3,13,1,45,42,191114,POINT (988207.4245194928 151130.52481856258),CROPSEY AVENUE BRIDGE,Coney Island Creek Shoreline,Dead end,NB,2021-03-13 01:45:00,58.0,48.0,54.0,95.0,55.0,1,5,25.0
32970,Brooklyn,2021,3,13,2,0,55,191114,POINT (988207.4245194928 151130.52481856258),CROPSEY AVENUE BRIDGE,Coney Island Creek Shoreline,Dead end,NB,2021-03-13 02:00:00,42.0,58.0,54.0,81.0,41.0,2,5,35.0
32970,Queens,2021,3,13,2,0,14,177615,POINT (1028931.8143046284 215115.26618027306),ROOSEVELT AVENUE BRIDGE,Flushing Line,Flushing Line,WB,2021-03-13 02:00:00,7.0,18.0,13.0,32.0,12.0,2,5,8.0
32970,Queens,2021,3,13,2,0,18,177615,POINT (1028931.8143046284 215115.26618027306),ROOSEVELT AVENUE BRIDGE,Flushing Line,Flushing Line,EB,2021-03-13 02:00:00,17.0,18.0,27.0,35.0,14.0,2,5,11.0
32970,Brooklyn,2021,3,13,2,0,49,157501,POINT (988148.6889210109 151103.24158873298),CROPSEY AVENUE BRIDGE,Cropsey Avenue,Dead end,SB,2021-03-13 02:00:00,60.0,58.0,66.0,95.0,45.0,2,5,36.0
32970,Brooklyn,2021,3,13,2,15,45,157501,POINT (988148.6889210109 151103.24158873298),CROPSEY AVENUE BRIDGE,Cropsey Avenue,Dead end,SB,2021-03-13 02:15:00,49.0,60.0,72.0,91.0,27.0,2,5,34.0
32970,Queens,2021,3,13,2,15,14,177615,POINT (1028931.8143046284 215115.26618027306),ROOSEVELT AVENUE BRIDGE,Flushing Line,Flushing Line,EB,2021-03-13 02:15:00,18.0,17.0,17.0,37.0,10.0,2,5,12.0
32970,Queens,2021,3,13,2,15,12,177615,POINT (1028931.8143046284 215115.26618027306),ROOSEVELT AVENUE BRIDGE,Flushing Line,Flushing Line,WB,2021-03-13 02:15:00,14.0,7.0,19.0,22.0,14.0,2,5,14.0
32970,Brooklyn,2021,3,13,2,15,41,191114,POINT (988207.4245194928 151130.52481856258),CROPSEY AVENUE BRIDGE,Coney Island Creek Shoreline,Dead end,NB,2021-03-13 02:15:00,55.0,42.0,48.0,78.0,31.0,2,5,29.0
32970,Brooklyn,2021,3,13,2,30,27,157501,POINT (988148.6889210109 151103.24158873298),CROPSEY AVENUE BRIDGE,Cropsey Avenue,Dead end,SB,2021-03-13 02:30:00,45.0,49.0,58.0,73.0,28.0,2,5,23.0
32970,Queens,2021,3,13,2,30,10,177615,POINT (1028931.8143046284 215115.26618027306),ROOSEVELT AVENUE BRIDGE,Flushing Line,Flushing Line,EB,2021-03-13 02:30:00,14.0,18.0,18.0,35.0,12.0,2,5,23.0
32970,Queens,2021,3,13,2,30,14,177615,POINT (1028931.8143046284 215115.26618027306),ROOSEVELT AVENUE BRIDGE,Flushing Line,Flushing Line,WB,2021-03-13 02:30:00,12.0,14.0,18.0,22.0,4.0,2,5,10.0
32970,Brooklyn,2021,3,13,2,30,31,191114,POINT (988207.4245194928 151130.52481856258),CROPSEY AVENUE BRIDGE,Coney Island Creek Shoreline,Dead end,NB,2021-03-13 02:30:00,41.0,55.0,58.0,76.0,30.0,2,5,29.0
32970,Queens,2021,3,13,2,45,4,177615,POINT (1028931.8143046284 215115.26618027306),ROOSEVELT AVENUE BRIDGE,Flushing Line,Flushing Line,WB,2021-03-13 02:45:00,14.0,12.0,7.0,17.0,10.0,2,5,10.0
32970,Brooklyn,2021,3,13,2,45,30,191114,POINT (988207.4245194928 151130.52481856258),CROPSEY AVENUE BRIDGE,Coney Island Creek Shoreline,Dead end,NB,2021-03-13 02:45:00,31.0,41.0,42.0,54.0,28.0,2,5,29.0
32970,Brooklyn,2021,3,13,2,45,28,157501,POINT (988148.6889210109 151103.24158873298),CROPSEY AVENUE BRIDGE,Cropsey Avenue,Dead end,SB,2021-03-13 02:45:00,27.0,45.0,60.0,62.0,29.0,2,5,19.0
32970,Queens,2021,3,13,2,45,12,177615,POINT (1028931.8143046284 215115.26618027306),ROOSEVELT AVENUE BRIDGE,Flushing Line,Flushing Line,EB,2021-03-13 02:45:00,10.0,14.0,17.0,26.0,15.0,2,5,9.0
32970,Brooklyn,2021,3,13,3,0,29,157501,POINT (988148.6889210109 151103.24158873298),CROPSEY AVENUE BRIDGE,Cropsey Avenue,Dead end,SB,2021-03-13 03:00:00,28.0,27.0,49.0,66.0,37.0,3,5,31.0
32970,Queens,2021,3,13,3,0,15,177615,POINT (1028931.8143046284 215115.26618027306),ROOSEVELT AVENUE BRIDGE,Flushing Line,Flushing Line,EB,2021-03-13 03:00:00,12.0,10.0,18.0,27.0,11.0,3,5,10.0
32970,Queens,2021,3,13,3,0,10,177615,POINT (1028931.8143046284 215115.26618027306),ROOSEVELT AVENUE BRIDGE,Flushing Line,Flushing Line,WB,2021-03-13 03:00:00,4.0,14.0,14.0,13.0,10.0,3,5,11.0
32970,Brooklyn,2021,3,13,3,0,28,191114,POINT (988207.4245194928 151130.52481856258),CROPSEY AVENUE BRIDGE,Coney Island Creek Shoreline,Dead end,NB,2021-03-13 03:00:00,30.0,31.0,55.0,54.0,25.0,3,5,22.0
32970,Brooklyn,2021,3,13,3,15,37,157501,POINT (988148.6889210109 151103.24158873298),CROPSEY AVENUE BRIDGE,Cropsey Avenue,Dead end,SB,2021-03-13 03:15:00,29.0,28.0,45.0,72.0,33.0,3,5,26.0
32970,Queens,2021,3,13,3,15,11,177615,POINT (1028931.8143046284 215115.26618027306),ROOSEVELT AVENUE BRIDGE,Flushing Line,Flushing Line,EB,2021-03-13 03:15:00,15.0,12.0,14.0,17.0,13.0,3,5,9.0
32970,Queens,2021,3,13,3,15,10,177615,POINT (1028931.8143046284 215115.26618027306),ROOSEVELT AVENUE BRIDGE,Flushing Line,Flushing Line,WB,2021-03-13 03:15:00,10.0,4.0,12.0,19.0,4.0,3,5,11.0
32970,Brooklyn,2021,3,13,3,15,25,191114,POINT (988207.4245194928 151130.52481856258),CROPSEY AVENUE BRIDGE,Coney Island Creek Shoreline,Dead end,NB,2021-03-13 03:15:00,28.0,30.0,41.0,48.0,25.0,3,5,32.0
32970,Brooklyn,2021,3,13,3,30,25,191114,POINT (988207.4245194928 151130.52481856258),CROPSEY AVENUE BRIDGE,Coney Island Creek Shoreline,Dead end,NB,2021-03-13 03:30:00,25.0,28.0,31.0,58.0,18.0,3,5,20.0
32970,Queens,2021,3,13,3,30,4,177615,POINT (1028931.8143046284 215115.26618027306),ROOSEVELT AVENUE BRIDGE,Flushing Line,Flushing Line,WB,2021-03-13 03:30:00,10.0,10.0,14.0,18.0,17.0,3,5,3.0
32970,Brooklyn,2021,3,13,3,30,33,157501,POINT (988148.6889210109 151103.24158873298),CROPSEY AVENUE BRIDGE,Cropsey Avenue,Dead end,SB,2021-03-13 03:30:00,37.0,29.0,27.0,58.0,42.0,3,5,25.0
32970,Queens,2021,3,13,3,30,13,177615,POINT (1028931.8143046284 215115.26618027306),ROOSEVELT AVENUE BRIDGE,Flushing Line,Flushing Line,EB,2021-03-13 03:30:00,11.0,15.0,10.0,18.0,12.0,3,5,15.0
32970,Brooklyn,2021,3,13,3,45,42,157501,POINT (988148.6889210109 151103.24158873298),CROPSEY AVENUE BRIDGE,Cropsey Avenue,Dead end,SB,2021-03-13 03:45:00,33.0,37.0,28.0,60.0,32.0,3,5,29.0
32970,Queens,2021,3,13,3,45,12,177615,POINT (1028931.8143046284 215115.26618027306),ROOSEVELT AVENUE BRIDGE,Flushing Line,Flushing Line,EB,2021-03-13 03:45:00,13.0,11.0,12.0,17.0,15.0,3,5,15.0
32970,Queens,2021,3,13,3,45,17,177615,POINT (1028931.8143046284 215115.26618027306),ROOSEVELT AVENUE BRIDGE,Flushing Line,Flushing Line,WB,2021-03-13 03:45:00,4.0,10.0,4.0,7.0,11.0,3,5,12.0
32970,Brooklyn,2021,3,13,3,45,18,191114,POINT (988207.4245194928 151130.52481856258),CROPSEY AVENUE BRIDGE,Coney Island Creek Shoreline,Dead end,NB,2021-03-13 03:45:00,25.0,25.0,30.0,42.0,27.0,3,5,26.0
32970,Brooklyn,2021,3,13,4,0,32,157501,POINT (988148.6889210109 151103.24158873298),CROPSEY AVENUE BRIDGE,Cropsey Avenue,Dead end,SB,2021-03-13 04:00:00,42.0,33.0,29.0,49.0,16.0,4,5,23.0
32970,Queens,2021,3,13,4,0,15,177615,POINT (1028931.8143046284 215115.26618027306),ROOSEVELT AVENUE BRIDGE,Flushing Line,Flushing Line,EB,2021-03-13 04:00:00,12.0,13.0,15.0,18.0,17.0,4,5,16.0
32970,Queens,2021,3,13,4,0,11,177615,POINT (1028931.8143046284 215115.26618027306),ROOSEVELT AVENUE BRIDGE,Flushing Line,Flushing Line,WB,2021-03-13 04:00:00,17.0,4.0,10.0,14.0,11.0,4,5,12.0
32970,Brooklyn,2021,3,13,4,0,27,191114,POINT (988207.4245194928 151130.52481856258),CROPSEY AVENUE BRIDGE,Coney Island Creek Shoreline,Dead end,NB,2021-03-13 04:00:00,18.0,25.0,28.0,55.0,28.0,4,5,24.0
32970,Brooklyn,2021,3,13,4,15,28,191114,POINT (988207.4245194928 151130.52481856258),CROPSEY AVENUE BRIDGE,Coney Island Creek Shoreline,Dead end,NB,2021-03-13 04:15:00,27.0,18.0,25.0,41.0,28.0,4,5,41.0
32970,Queens,2021,3,13,4,15,11,177615,POINT (1028931.8143046284 215115.26618027306),ROOSEVELT AVENUE BRIDGE,Flushing Line,Flushing Line,WB,2021-03-13 04:15:00,11.0,17.0,10.0,12.0,12.0,4,5,11.0
32970,Brooklyn,2021,3,13,4,15,16,157501,POINT (988148.6889210109 151103.24158873298),CROPSEY AVENUE BRIDGE,Cropsey Avenue,Dead end,SB,2021-03-13 04:15:00,32.0,42.0,37.0,45.0,37.0,4,5,33.0
32970,Queens,2021,3,13,4,15,17,177615,POINT (1028931.8143046284 215115.26618027306),ROOSEVELT AVENUE BRIDGE,Flushing Line,Flushing Line,EB,2021-03-13 04:15:00,15.0,12.0,11.0,14.0,24.0,4,5,17.0
32970,Brooklyn,2021,3,13,4,30,37,157501,POINT (988148.6889210109 151103.24158873298),CROPSEY AVENUE BRIDGE,Cropsey Avenue,Dead end,SB,2021-03-13 04:30:00,16.0,32.0,33.0,27.0,35.0,4,5,39.0
32970,Queens,2021,3,13,4,30,24,177615,POINT (1028931.8143046284 215115.26618027306),ROOSEVELT AVENUE BRIDGE,Flushing Line,Flushing Line,EB,2021-03-13 04:30:00,17.0,15.0,13.0,10.0,13.0,4,5,21.0
32970,Queens,2021,3,13,4,30,12,177615,POINT (1028931.8143046284 215115.26618027306),ROOSEVELT AVENUE BRIDGE,Flushing Line,Flushing Line,WB,2021-03-13 04:30:00,11.0,11.0,4.0,14.0,13.0,4,5,15.0
32970,Brooklyn,2021,3,13,4,30,28,191114,POINT (988207.4245194928 151130.52481856258),CROPSEY AVENUE BRIDGE,Coney Island Creek Shoreline,Dead end,NB,2021-03-13 04:30:00,28.0,27.0,25.0,31.0,28.0,4,5,34.0
32970,Brooklyn,2021,3,13,4,45,35,157501,POINT (988148.6889210109 151103.24158873298),CROPSEY AVENUE BRIDGE,Cropsey Avenue,Dead end,SB,2021-03-13 04:45:00,37.0,16.0,42.0,28.0,43.0,4,5,51.0
32970,Queens,2021,3,13,4,45,13,177615,POINT (1028931.8143046284 215115.26618027306),ROOSEVELT AVENUE BRIDGE,Flushing Line,Flushing Line,EB,2021-03-13 04:45:00,24.0,17.0,12.0,12.0,16.0,4,5,17.0
32970,Queens,2021,3,13,4,45,13,177615,POINT (1028931.8143046284 215115.26618027306),ROOSEVELT AVENUE BRIDGE,Flushing Line,Flushing Line,WB,2021-03-13 04:45:00,12.0,11.0,17.0,4.0,15.0,4,5,12.0
32970,Brooklyn,2021,3,13,4,45,28,191114,POINT (988207.4245194928 151130.52481856258),CROPSEY AVENUE BRIDGE,Coney Island Creek Shoreline,Dead end,NB,2021-03-13 04:45:00,28.0,28.0,18.0,30.0,30.0,4,5,39.0
32970,Brooklyn,2021,3,13,5,0,30,191114,POINT (988207.4245194928 151130.52481856258),CROPSEY AVENUE BRIDGE,Coney Island Creek Shoreline,Dead end,NB,2021-03-13 05:00:00,28.0,28.0,27.0,28.0,40.0,5,5,45.0
32970,Queens,2021,3,13,5,0,15,177615,POINT (1028931.8143046284 215115.26618027306),ROOSEVELT AVENUE BRIDGE,Flushing Line,Flushing Line,WB,2021-03-13 05:00:00,13.0,12.0,11.0,10.0,14.0,5,5,26.0
32970,Brooklyn,2021,3,13,5,0,43,157501,POINT (988148.6889210109 151103.24158873298),CROPSEY AVENUE BRIDGE,Cropsey Avenue,Dead end,SB,2021-03-13 05:00:00,35.0,37.0,32.0,29.0,36.0,5,5,51.0
32970,Queens,2021,3,13,5,0,16,177615,POINT (1028931.8143046284 215115.26618027306),ROOSEVELT AVENUE BRIDGE,Flushing Line,Flushing Line,EB,2021-03-13 05:00:00,13.0,24.0,15.0,15.0,23.0,5,5,20.0
32970,Brooklyn,2021,3,13,5,15,36,157501,POINT (988148.6889210109 151103.24158873298),CROPSEY AVENUE BRIDGE,Cropsey Avenue,Dead end,SB,2021-03-13 05:15:00,43.0,35.0,16.0,37.0,41.0,5,5,59.0
32970,Queens,2021,3,13,5,15,23,177615,POINT (1028931.8143046284 215115.26618027306),ROOSEVELT AVENUE BRIDGE,Flushing Line,Flushing Line,EB,2021-03-13 05:15:00,16.0,13.0,17.0,11.0,22.0,5,5,28.0
32970,Queens,2021,3,13,5,15,14,177615,POINT (1028931.8143046284 215115.26618027306),ROOSEVELT AVENUE BRIDGE,Flushing Line,Flushing Line,WB,2021-03-13 05:15:00,15.0,13.0,11.0,10.0,22.0,5,5,22.0
32970,Brooklyn,2021,3,13,5,15,40,191114,POINT (988207.4245194928 151130.52481856258),CROPSEY AVENUE BRIDGE,Coney Island Creek Shoreline,Dead end,NB,2021-03-13 05:15:00,30.0,28.0,28.0,25.0,40.0,5,5,80.0
32970,Brooklyn,2021,3,13,5,30,41,157501,POINT (988148.6889210109 151103.24158873298),CROPSEY AVENUE BRIDGE,Cropsey Avenue,Dead end,SB,2021-03-13 05:30:00,36.0,43.0,37.0,33.0,58.0,5,5,85.0
32970,Queens,2021,3,13,5,30,22,177615,POINT (1028931.8143046284 215115.26618027306),ROOSEVELT AVENUE BRIDGE,Flushing Line,Flushing Line,EB,2021-03-13 05:30:00,23.0,16.0,24.0,13.0,28.0,5,5,26.0
32970,Queens,2021,3,13,5,30,22,177615,POINT (1028931.8143046284 215115.26618027306),ROOSEVELT AVENUE BRIDGE,Flushing Line,Flushing Line,WB,2021-03-13 05:30:00,14.0,15.0,12.0,4.0,18.0,5,5,32.0
32970,Brooklyn,2021,3,13,5,30,40,191114,POINT (988207.4245194928 151130.52481856258),CROPSEY AVENUE BRIDGE,Coney Island Creek Shoreline,Dead end,NB,2021-03-13 05:30:00,40.0,30.0,28.0,25.0,48.0,5,5,61.0
32970,Queens,2021,3,13,5,45,18,177615,POINT (1028931.8143046284 215115.26618027306),ROOSEVELT AVENUE BRIDGE,Flushing Line,Flushing Line,WB,2021-03-13 05:45:00,22.0,14.0,13.0,17.0,21.0,5,5,33.0
32970,Brooklyn,2021,3,13,5,45,58,157501,POINT (988148.6889210109 151103.24158873298),CROPSEY AVENUE BRIDGE,Cropsey Avenue,Dead end,SB,2021-03-13 05:45:00,41.0,36.0,35.0,42.0,54.0,5,5,116.0
32970,Queens,2021,3,13,5,45,28,177615,POINT (1028931.8143046284 215115.26618027306),ROOSEVELT AVENUE BRIDGE,Flushing Line,Flushing Line,EB,2021-03-13 05:45:00,22.0,23.0,13.0,12.0,28.0,5,5,37.0
32970,Brooklyn,2021,3,13,5,45,48,191114,POINT (988207.4245194928 151130.52481856258),CROPSEY AVENUE BRIDGE,Coney Island Creek Shoreline,Dead end,NB,2021-03-13 05:45:00,40.0,40.0,28.0,18.0,56.0,5,5,88.0
32970,Brooklyn,2021,3,13,6,0,56,191114,POINT (988207.4245194928 151130.52481856258),CROPSEY AVENUE BRIDGE,Coney Island Creek Shoreline,Dead end,NB,2021-03-13 06:00:00,48.0,40.0,30.0,27.0,72.0,6,5,131.0
32970,Queens,2021,3,13,6,0,21,177615,POINT (1028931.8143046284 215115.26618027306),ROOSEVELT AVENUE BRIDGE,Flushing Line,Flushing Line,WB,2021-03-13 06:00:00,18.0,22.0,15.0,11.0,23.0,6,5,51.0
32970,Queens,2021,3,13,6,0,28,177615,POINT (1028931.8143046284 215115.26618027306),ROOSEVELT AVENUE BRIDGE,Flushing Line,Flushing Line,EB,2021-03-13 06:00:00,28.0,22.0,16.0,15.0,27.0,6,5,37.0
32970,Brooklyn,2021,3,13,6,0,54,157501,POINT (988148.6889210109 151103.24158873298),CROPSEY AVENUE BRIDGE,Cropsey Avenue,Dead end,SB,2021-03-13 06:00:00,58.0,41.0,43.0,32.0,59.0,6,5,139.0
32970,Brooklyn,2021,3,13,6,15,59,157501,POINT (988148.6889210109 151103.24158873298),CROPSEY AVENUE BRIDGE,Cropsey Avenue,Dead end,SB,2021-03-13 06:15:00,54.0,58.0,36.0,16.0,93.0,6,5,198.0
32970,Queens,2021,3,13,6,15,27,177615,POINT (1028931.8143046284 215115.26618027306),ROOSEVELT AVENUE BRIDGE,Flushing Line,Flushing Line,EB,2021-03-13 06:15:00,28.0,28.0,23.0,17.0,35.0,6,5,42.0
32970,Queens,2021,3,13,6,15,23,177615,POINT (1028931.8143046284 215115.26618027306),ROOSEVELT AVENUE BRIDGE,Flushing Line,Flushing Line,WB,2021-03-13 06:15:00,21.0,18.0,14.0,11.0,26.0,6,5,41.0
32970,Brooklyn,2021,3,13,6,15,72,191114,POINT (988207.4245194928 151130.52481856258),CROPSEY AVENUE BRIDGE,Coney Island Creek Shoreline,Dead end,NB,2021-03-13 06:15:00,56.0,48.0,40.0,28.0,99.0,6,5,132.0
32970,Brooklyn,2021,3,13,6,30,93,157501,POINT (988148.6889210109 151103.24158873298),CROPSEY AVENUE BRIDGE,Cropsey Avenue,Dead end,SB,2021-03-13 06:30:00,59.0,54.0,41.0,37.0,137.0,6,5,230.0
32970,Queens,2021,3,13,6,30,35,177615,POINT (1028931.8143046284 215115.26618027306),ROOSEVELT AVENUE BRIDGE,Flushing Line,Flushing Line,EB,2021-03-13 06:30:00,27.0,28.0,22.0,24.0,55.0,6,5,60.0
32970,Queens,2021,3,13,6,30,26,177615,POINT (1028931.8143046284 215115.26618027306),ROOSEVELT AVENUE BRIDGE,Flushing Line,Flushing Line,WB,2021-03-13 06:30:00,23.0,21.0,22.0,12.0,46.0,6,5,67.0
32970,Brooklyn,2021,3,13,6,30,99,191114,POINT (988207.4245194928 151130.52481856258),CROPSEY AVENUE BRIDGE,Coney Island Creek Shoreline,Dead end,NB,2021-03-13 06:30:00,72.0,56.0,40.0,28.0,72.0,6,5,176.0
32970,Brooklyn,2021,3,13,6,45,137,157501,POINT (988148.6889210109 151103.24158873298),CROPSEY AVENUE BRIDGE,Cropsey Avenue,Dead end,SB,2021-03-13 06:45:00,93.0,59.0,58.0,35.0,109.0,6,5,263.0
32970,Queens,2021,3,13,6,45,55,177615,POINT (1028931.8143046284 215115.26618027306),ROOSEVELT AVENUE BRIDGE,Flushing Line,Flushing Line,EB,2021-03-13 06:45:00,35.0,27.0,28.0,13.0,44.0,6,5,70.0
32970,Queens,2021,3,13,6,45,46,177615,POINT (1028931.8143046284 215115.26618027306),ROOSEVELT AVENUE BRIDGE,Flushing Line,Flushing Line,WB,2021-03-13 06:45:00,26.0,23.0,18.0,13.0,62.0,6,5,93.0
32970,Brooklyn,2021,3,13,6,45,72,191114,POINT (988207.4245194928 151130.52481856258),CROPSEY AVENUE BRIDGE,Coney Island Creek Shoreline,Dead end,NB,2021-03-13 06:45:00,99.0,72.0,48.0,28.0,104.0,6,5,162.0
32970,Brooklyn,2021,3,13,7,0,104,191114,POINT (988207.4245194928 151130.52481856258),CROPSEY AVENUE BRIDGE,Coney Island Creek Shoreline,Dead end,NB,2021-03-13 07:00:00,72.0,99.0,56.0,30.0,134.0,7,5,194.0
32970,Queens,2021,3,13,7,0,62,177615,POINT (1028931.8143046284 215115.26618027306),ROOSEVELT AVENUE BRIDGE,Flushing Line,Flushing Line,WB,2021-03-13 07:00:00,46.0,26.0,21.0,15.0,55.0,7,5,85.0
32970,Brooklyn,2021,3,13,7,0,109,157501,POINT (988148.6889210109 151103.24158873298),CROPSEY AVENUE BRIDGE,Cropsey Avenue,Dead end,SB,2021-03-13 07:00:00,137.0,93.0,54.0,43.0,120.0,7,5,210.0
32970,Queens,2021,3,13,7,0,44,177615,POINT (1028931.8143046284 215115.26618027306),ROOSEVELT AVENUE BRIDGE,Flushing Line,Flushing Line,EB,2021-03-13 07:00:00,55.0,35.0,28.0,16.0,44.0,7,5,71.0
32970,Brooklyn,2021,3,13,7,15,120,157501,POINT (988148.6889210109 151103.24158873298),CROPSEY AVENUE BRIDGE,Cropsey Avenue,Dead end,SB,2021-03-13 07:15:00,109.0,137.0,59.0,36.0,151.0,7,5,245.0
32970,Queens,2021,3,13,7,15,44,177615,POINT (1028931.8143046284 215115.26618027306),ROOSEVELT AVENUE BRIDGE,Flushing Line,Flushing Line,EB,2021-03-13 07:15:00,44.0,55.0,27.0,23.0,67.0,7,5,64.0
32970,Queens,2021,3,13,7,15,55,177615,POINT (1028931.8143046284 215115.26618027306),ROOSEVELT AVENUE BRIDGE,Flushing Line,Flushing Line,WB,2021-03-13 07:15:00,62.0,46.0,23.0,14.0,66.0,7,5,103.0
32970,Brooklyn,2021,3,13,7,15,134,191114,POINT (988207.4245194928 151130.52481856258),CROPSEY AVENUE BRIDGE,Coney Island Creek Shoreline,Dead end,NB,2021-03-13 07:15:00,104.0,72.0,72.0,40.0,128.0,7,5,233.0
32970,Brooklyn,2021,3,13,7,30,151,157501,POINT (988148.6889210109 151103.24158873298),CROPSEY AVENUE BRIDGE,Cropsey Avenue,Dead end,SB,2021-03-13 07:30:00,120.0,109.0,93.0,41.0,182.0,7,5,255.0
32970,Queens,2021,3,13,7,30,67,177615,POINT (1028931.8143046284 215115.26618027306),ROOSEVELT AVENUE BRIDGE,Flushing Line,Flushing Line,EB,2021-03-13 07:30:00,44.0,44.0,35.0,22.0,96.0,7,5,66.0
32970,Queens,2021,3,13,7,30,66,177615,POINT (1028931.8143046284 215115.26618027306),ROOSEVELT AVENUE BRIDGE,Flushing Line,Flushing Line,WB,2021-03-13 07:30:00,55.0,62.0,26.0,22.0,73.0,7,5,99.0
32970,Brooklyn,2021,3,13,7,30,128,191114,POINT (988207.4245194928 151130.52481856258),CROPSEY AVENUE BRIDGE,Coney Island Creek Shoreline,Dead end,NB,2021-03-13 07:30:00,134.0,104.0,99.0,40.0,141.0,7,5,228.0
32970,Brooklyn,2021,3,13,7,45,141,191114,POINT (988207.4245194928 151130.52481856258),CROPSEY AVENUE BRIDGE,Coney Island Creek Shoreline,Dead end,NB,2021-03-13 07:45:00,128.0,134.0,72.0,48.0,175.0,7,5,240.0
32970,Queens,2021,3,13,7,45,73,177615,POINT (1028931.8143046284 215115.26618027306),ROOSEVELT AVENUE BRIDGE,Flushing Line,Flushing Line,WB,2021-03-13 07:45:00,66.0,55.0,46.0,18.0,70.0,7,5,79.0
32970,Brooklyn,2021,3,13,7,45,182,157501,POINT (988148.6889210109 151103.24158873298),CROPSEY AVENUE BRIDGE,Cropsey Avenue,Dead end,SB,2021-03-13 07:45:00,151.0,120.0,137.0,58.0,151.0,7,5,324.0
32970,Queens,2021,3,13,7,45,96,177615,POINT (1028931.8143046284 215115.26618027306),ROOSEVELT AVENUE BRIDGE,Flushing Line,Flushing Line,EB,2021-03-13 07:45:00,67.0,44.0,55.0,28.0,81.0,7,5,95.0
32970,Brooklyn,2021,3,13,8,0,151,157501,POINT (988148.6889210109 151103.24158873298),CROPSEY AVENUE BRIDGE,Cropsey Avenue,Dead end,SB,2021-03-13 08:00:00,182.0,151.0,109.0,54.0,150.0,8,5,300.0
32970,Queens,2021,3,13,8,0,81,177615,POINT (1028931.8143046284 215115.26618027306),ROOSEVELT AVENUE BRIDGE,Flushing Line,Flushing Line,EB,2021-03-13 08:00:00,96.0,67.0,44.0,28.0,73.0,8,5,82.0
32970,Queens,2021,3,13,8,0,70,177615,POINT (1028931.8143046284 215115.26618027306),ROOSEVELT AVENUE BRIDGE,Flushing Line,Flushing Line,WB,2021-03-13 08:00:00,73.0,66.0,62.0,21.0,97.0,8,5,80.0
32970,Brooklyn,2021,3,13,8,0,175,191114,POINT (988207.4245194928 151130.52481856258),CROPSEY AVENUE BRIDGE,Coney Island Creek Shoreline,Dead end,NB,2021-03-13 08:00:00,141.0,128.0,104.0,56.0,171.0,8,5,259.0
32970,Brooklyn,2021,3,13,8,15,150,157501,POINT (988148.6889210109 151103.24158873298),CROPSEY AVENUE BRIDGE,Cropsey Avenue,Dead end,SB,2021-03-13 08:15:00,151.0,182.0,120.0,59.0,193.0,8,5,294.0
32970,Queens,2021,3,13,8,15,73,177615,POINT (1028931.8143046284 215115.26618027306),ROOSEVELT AVENUE BRIDGE,Flushing Line,Flushing Line,EB,2021-03-13 08:15:00,81.0,96.0,44.0,27.0,85.0,8,5,66.0
32970,Queens,2021,3,13,8,15,97,177615,POINT (1028931.8143046284 215115.26618027306),ROOSEVELT AVENUE BRIDGE,Flushing Line,Flushing Line,WB,2021-03-13 08:15:00,70.0,73.0,55.0,23.0,77.0,8,5,94.0
32970,Brooklyn,2021,3,13,8,15,171,191114,POINT (988207.4245194928 151130.52481856258),CROPSEY AVENUE BRIDGE,Coney Island Creek Shoreline,Dead end,NB,2021-03-13 08:15:00,175.0,141.0,134.0,72.0,148.0,8,5,271.0
32970,Queens,2021,3,13,8,30,77,177615,POINT (1028931.8143046284 215115.26618027306),ROOSEVELT AVENUE BRIDGE,Flushing Line,Flushing Line,WB,2021-03-13 08:30:00,97.0,70.0,66.0,26.0,87.0,8,5,113.0
32970,Brooklyn,2021,3,13,8,30,148,191114,POINT (988207.4245194928 151130.52481856258),CROPSEY AVENUE BRIDGE,Coney Island Creek Shoreline,Dead end,NB,2021-03-13 08:30:00,171.0,175.0,128.0,99.0,159.0,8,5,252.0
32970,Queens,2021,3,13,8,30,85,177615,POINT (1028931.8143046284 215115.26618027306),ROOSEVELT AVENUE BRIDGE,Flushing Line,Flushing Line,EB,2021-03-13 08:30:00,73.0,81.0,67.0,35.0,139.0,8,5,96.0
32970,Brooklyn,2021,3,13,8,30,193,157501,POINT (988148.6889210109 151103.24158873298),CROPSEY AVENUE BRIDGE,Cropsey Avenue,Dead end,SB,2021-03-13 08:30:00,150.0,151.0,151.0,93.0,184.0,8,5,279.0
32970,Brooklyn,2021,3,13,8,45,184,157501,POINT (988148.6889210109 151103.24158873298),CROPSEY AVENUE BRIDGE,Cropsey Avenue,Dead end,SB,2021-03-13 08:45:00,193.0,150.0,182.0,137.0,190.0,8,5,276.0
32970,Queens,2021,3,13,8,45,139,177615,POINT (1028931.8143046284 215115.26618027306),ROOSEVELT AVENUE BRIDGE,Flushing Line,Flushing Line,EB,2021-03-13 08:45:00,85.0,73.0,96.0,55.0,86.0,8,5,108.0
32970,Queens,2021,3,13,8,45,87,177615,POINT (1028931.8143046284 215115.26618027306),ROOSEVELT AVENUE BRIDGE,Flushing Line,Flushing Line,WB,2021-03-13 08:45:00,77.0,97.0,73.0,46.0,71.0,8,5,94.0
32970,Brooklyn,2021,3,13,8,45,159,191114,POINT (988207.4245194928 151130.52481856258),CROPSEY AVENUE BRIDGE,Coney Island Creek Shoreline,Dead end,NB,2021-03-13 08:45:00,148.0,171.0,141.0,72.0,194.0,8,5,222.0
32970,Brooklyn,2021,3,13,9,0,190,157501,POINT (988148.6889210109 151103.24158873298),CROPSEY AVENUE BRIDGE,Cropsey Avenue,Dead end,SB,2021-03-13 09:00:00,184.0,193.0,151.0,109.0,200.0,9,5,254.0
32970,Queens,2021,3,13,9,0,86,177615,POINT (1028931.8143046284 215115.26618027306),ROOSEVELT AVENUE BRIDGE,Flushing Line,Flushing Line,EB,2021-03-13 09:00:00,139.0,85.0,81.0,44.0,108.0,9,5,115.0
32970,Queens,2021,3,13,9,0,71,177615,POINT (1028931.8143046284 215115.26618027306),ROOSEVELT AVENUE BRIDGE,Flushing Line,Flushing Line,WB,2021-03-13 09:00:00,87.0,77.0,70.0,62.0,79.0,9,5,73.0
32970,Brooklyn,2021,3,13,9,0,194,191114,POINT (988207.4245194928 151130.52481856258),CROPSEY AVENUE BRIDGE,Coney Island Creek Shoreline,Dead end,NB,2021-03-13 09:00:00,159.0,148.0,175.0,104.0,198.0,9,5,238.0
32970,Brooklyn,2021,3,13,9,15,198,191114,POINT (988207.4245194928 151130.52481856258),CROPSEY AVENUE BRIDGE,Coney Island Creek Shoreline,Dead end,NB,2021-03-13 09:15:00,194.0,159.0,171.0,134.0,224.0,9,5,242.0
32970,Queens,2021,3,13,9,15,79,177615,POINT (1028931.8143046284 215115.26618027306),ROOSEVELT AVENUE BRIDGE,Flushing Line,Flushing Line,WB,2021-03-13 09:15:00,71.0,87.0,97.0,55.0,95.0,9,5,88.0
32970,Brooklyn,2021,3,13,9,15,200,157501,POINT (988148.6889210109 151103.24158873298),CROPSEY AVENUE BRIDGE,Cropsey Avenue,Dead end,SB,2021-03-13 09:15:00,190.0,184.0,150.0,120.0,188.0,9,5,268.0
32970,Queens,2021,3,13,9,15,108,177615,POINT (1028931.8143046284 215115.26618027306),ROOSEVELT AVENUE BRIDGE,Flushing Line,Flushing Line,EB,2021-03-13 09:15:00,86.0,139.0,73.0,44.0,111.0,9,5,110.0
32970,Brooklyn,2021,3,13,9,30,188,157501,POINT (988148.6889210109 151103.24158873298),CROPSEY AVENUE BRIDGE,Cropsey Avenue,Dead end,SB,2021-03-13 09:30:00,200.0,190.0,193.0,151.0,201.0,9,5,262.0
32970,Queens,2021,3,13,9,30,111,177615,POINT (1028931.8143046284 215115.26618027306),ROOSEVELT AVENUE BRIDGE,Flushing Line,Flushing Line,EB,2021-03-13 09:30:00,108.0,86.0,85.0,67.0,110.0,9,5,108.0
32970,Queens,2021,3,13,9,30,95,177615,POINT (1028931.8143046284 215115.26618027306),ROOSEVELT AVENUE BRIDGE,Flushing Line,Flushing Line,WB,2021-03-13 09:30:00,79.0,71.0,77.0,66.0,87.0,9,5,94.0
32970,Brooklyn,2021,3,13,9,30,224,191114,POINT (988207.4245194928 151130.52481856258),CROPSEY AVENUE BRIDGE,Coney Island Creek Shoreline,Dead end,NB,2021-03-13 09:30:00,198.0,194.0,148.0,128.0,232.0,9,5,248.0
32970,Brooklyn,2021,3,13,9,45,201,157501,POINT (988148.6889210109 151103.24158873298),CROPSEY AVENUE BRIDGE,Cropsey Avenue,Dead end,SB,2021-03-13 09:45:00,188.0,200.0,184.0,182.0,212.0,9,5,255.0
32970,Queens,2021,3,13,9,45,110,177615,POINT (1028931.8143046284 215115.26618027306),ROOSEVELT AVENUE BRIDGE,Flushing Line,Flushing Line,EB,2021-03-13 09:45:00,111.0,108.0,139.0,96.0,126.0,9,5,107.0
32970,Queens,2021,3,13,9,45,87,177615,POINT (1028931.8143046284 215115.26618027306),ROOSEVELT AVENUE BRIDGE,Flushing Line,Flushing Line,WB,2021-03-13 09:45:00,95.0,79.0,87.0,73.0,90.0,9,5,94.0
32970,Brooklyn,2021,3,13,9,45,232,191114,POINT (988207.4245194928 151130.52481856258),CROPSEY AVENUE BRIDGE,Coney Island Creek Shoreline,Dead end,NB,2021-03-13 09:45:00,224.0,198.0,159.0,141.0,223.0,9,5,206.0
32970,Brooklyn,2021,3,13,10,0,223,191114,POINT (988207.4245194928 151130.52481856258),CROPSEY AVENUE BRIDGE,Coney Island Creek Shoreline,Dead end,NB,2021-03-13 10:00:00,232.0,224.0,194.0,175.0,246.0,10,5,200.0
32970,Queens,2021,3,13,10,0,90,177615,POINT (1028931.8143046284 215115.26618027306),ROOSEVELT AVENUE BRIDGE,Flushing Line,Flushing Line,WB,2021-03-13 10:00:00,87.0,95.0,71.0,70.0,97.0,10,5,90.0
32970,Brooklyn,2021,3,13,10,0,212,157501,POINT (988148.6889210109 151103.24158873298),CROPSEY AVENUE BRIDGE,Cropsey Avenue,Dead end,SB,2021-03-13 10:00:00,201.0,188.0,190.0,151.0,187.0,10,5,273.0
32970,Queens,2021,3,13,10,0,126,177615,POINT (1028931.8143046284 215115.26618027306),ROOSEVELT AVENUE BRIDGE,Flushing Line,Flushing Line,EB,2021-03-13 10:00:00,110.0,111.0,86.0,81.0,148.0,10,5,112.0
32970,Brooklyn,2021,3,13,10,15,187,157501,POINT (988148.6889210109 151103.24158873298),CROPSEY AVENUE BRIDGE,Cropsey Avenue,Dead end,SB,2021-03-13 10:15:00,212.0,201.0,200.0,150.0,205.0,10,5,282.0
32970,Queens,2021,3,13,10,15,148,177615,POINT (1028931.8143046284 215115.26618027306),ROOSEVELT AVENUE BRIDGE,Flushing Line,Flushing Line,EB,2021-03-13 10:15:00,126.0,110.0,108.0,73.0,124.0,10,5,105.0
32970,Queens,2021,3,13,10,15,97,177615,POINT (1028931.8143046284 215115.26618027306),ROOSEVELT AVENUE BRIDGE,Flushing Line,Flushing Line,WB,2021-03-13 10:15:00,90.0,87.0,79.0,97.0,115.0,10,5,105.0
32970,Brooklyn,2021,3,13,10,15,246,191114,POINT (988207.4245194928 151130.52481856258),CROPSEY AVENUE BRIDGE,Coney Island Creek Shoreline,Dead end,NB,2021-03-13 10:15:00,223.0,232.0,198.0,171.0,239.0,10,5,236.0
32970,Brooklyn,2021,3,13,10,30,205,157501,POINT (988148.6889210109 151103.24158873298),CROPSEY AVENUE BRIDGE,Cropsey Avenue,Dead end,SB,2021-03-13 10:30:00,187.0,212.0,188.0,193.0,243.0,10,5,264.0
32970,Queens,2021,3,13,10,30,124,177615,POINT (1028931.8143046284 215115.26618027306),ROOSEVELT AVENUE BRIDGE,Flushing Line,Flushing Line,EB,2021-03-13 10:30:00,148.0,126.0,111.0,85.0,128.0,10,5,94.0
32970,Queens,2021,3,13,10,30,115,177615,POINT (1028931.8143046284 215115.26618027306),ROOSEVELT AVENUE BRIDGE,Flushing Line,Flushing Line,WB,2021-03-13 10:30:00,97.0,90.0,95.0,77.0,101.0,10,5,88.0
32970,Brooklyn,2021,3,13,10,30,239,191114,POINT (988207.4245194928 151130.52481856258),CROPSEY AVENUE BRIDGE,Coney Island Creek Shoreline,Dead end,NB,2021-03-13 10:30:00,246.0,223.0,224.0,148.0,209.0,10,5,218.0
32970,Brooklyn,2021,3,13,10,45,209,191114,POINT (988207.4245194928 151130.52481856258),CROPSEY AVENUE BRIDGE,Coney Island Creek Shoreline,Dead end,NB,2021-03-13 10:45:00,239.0,246.0,232.0,159.0,235.0,10,5,229.0
32970,Queens,2021,3,13,10,45,101,177615,POINT (1028931.8143046284 215115.26618027306),ROOSEVELT AVENUE BRIDGE,Flushing Line,Flushing Line,WB,2021-03-13 10:45:00,115.0,97.0,87.0,87.0,97.0,10,5,93.0
32970,Queens,2021,3,13,10,45,128,177615,POINT (1028931.8143046284 215115.26618027306),ROOSEVELT AVENUE BRIDGE,Flushing Line,Flushing Line,EB,2021-03-13 10:45:00,124.0,148.0,110.0,139.0,103.0,10,5,104.0
32970,Brooklyn,2021,3,13,10,45,243,157501,POINT (988148.6889210109 151103.24158873298),CROPSEY AVENUE BRIDGE,Cropsey Avenue,Dead end,SB,2021-03-13 10:45:00,205.0,187.0,201.0,184.0,243.0,10,5,261.0
32970,Brooklyn,2021,3,13,11,0,243,157501,POINT (988148.6889210109 151103.24158873298),CROPSEY AVENUE BRIDGE,Cropsey Avenue,Dead end,SB,2021-03-13 11:00:00,243.0,205.0,212.0,190.0,237.0,11,5,262.0
32970,Queens,2021,3,13,11,0,103,177615,POINT (1028931.8143046284 215115.26618027306),ROOSEVELT AVENUE BRIDGE,Flushing Line,Flushing Line,EB,2021-03-13 11:00:00,128.0,124.0,126.0,86.0,144.0,11,5,95.0
32970,Queens,2021,3,13,11,0,97,177615,POINT (1028931.8143046284 215115.26618027306),ROOSEVELT AVENUE BRIDGE,Flushing Line,Flushing Line,WB,2021-03-13 11:00:00,101.0,115.0,90.0,71.0,118.0,11,5,92.0
32970,Brooklyn,2021,3,13,11,0,235,191114,POINT (988207.4245194928 151130.52481856258),CROPSEY AVENUE BRIDGE,Coney Island Creek Shoreline,Dead end,NB,2021-03-13 11:00:00,209.0,239.0,223.0,194.0,227.0,11,5,241.0
32970,Brooklyn,2021,3,13,11,15,237,157501,POINT (988148.6889210109 151103.24158873298),CROPSEY AVENUE BRIDGE,Cropsey Avenue,Dead end,SB,2021-03-13 11:15:00,243.0,243.0,187.0,200.0,238.0,11,5,281.0
32970,Queens,2021,3,13,11,15,144,177615,POINT (1028931.8143046284 215115.26618027306),ROOSEVELT AVENUE BRIDGE,Flushing Line,Flushing Line,EB,2021-03-13 11:15:00,103.0,128.0,148.0,108.0,139.0,11,5,115.0
32970,Queens,2021,3,13,11,15,118,177615,POINT (1028931.8143046284 215115.26618027306),ROOSEVELT AVENUE BRIDGE,Flushing Line,Flushing Line,WB,2021-03-13 11:15:00,97.0,101.0,97.0,79.0,107.0,11,5,102.0
32970,Brooklyn,2021,3,13,11,15,227,191114,POINT (988207.4245194928 151130.52481856258),CROPSEY AVENUE BRIDGE,Coney Island Creek Shoreline,Dead end,NB,2021-03-13 11:15:00,235.0,209.0,246.0,198.0,249.0,11,5,237.0
32970,Brooklyn,2021,3,13,11,30,249,191114,POINT (988207.4245194928 151130.52481856258),CROPSEY AVENUE BRIDGE,Coney Island Creek Shoreline,Dead end,NB,2021-03-13 11:30:00,227.0,235.0,239.0,224.0,236.0,11,5,219.0
32970,Queens,2021,3,13,11,30,107,177615,POINT (1028931.8143046284 215115.26618027306),ROOSEVELT AVENUE BRIDGE,Flushing Line,Flushing Line,WB,2021-03-13 11:30:00,118.0,97.0,115.0,95.0,114.0,11,5,104.0
32970,Queens,2021,3,13,11,30,139,177615,POINT (1028931.8143046284 215115.26618027306),ROOSEVELT AVENUE BRIDGE,Flushing Line,Flushing Line,EB,2021-03-13 11:30:00,144.0,103.0,124.0,111.0,132.0,11,5,125.0
32970,Brooklyn,2021,3,13,11,30,238,157501,POINT (988148.6889210109 151103.24158873298),CROPSEY AVENUE BRIDGE,Cropsey Avenue,Dead end,SB,2021-03-13 11:30:00,237.0,243.0,205.0,188.0,231.0,11,5,269.0
32970,Brooklyn,2021,3,13,11,45,231,157501,POINT (988148.6889210109 151103.24158873298),CROPSEY AVENUE BRIDGE,Cropsey Avenue,Dead end,SB,2021-03-13 11:45:00,238.0,237.0,243.0,201.0,254.0,11,5,292.0
32970,Queens,2021,3,13,11,45,132,177615,POINT (1028931.8143046284 215115.26618027306),ROOSEVELT AVENUE BRIDGE,Flushing Line,Flushing Line,EB,2021-03-13 11:45:00,139.0,144.0,128.0,110.0,127.0,11,5,102.0
32970,Queens,2021,3,13,11,45,114,177615,POINT (1028931.8143046284 215115.26618027306),ROOSEVELT AVENUE BRIDGE,Flushing Line,Flushing Line,WB,2021-03-13 11:45:00,107.0,118.0,101.0,87.0,109.0,11,5,105.0
32970,Brooklyn,2021,3,13,11,45,236,191114,POINT (988207.4245194928 151130.52481856258),CROPSEY AVENUE BRIDGE,Coney Island Creek Shoreline,Dead end,NB,2021-03-13 11:45:00,249.0,227.0,209.0,232.0,251.0,11,5,250.0
32970,Brooklyn,2021,3,13,12,0,254,157501,POINT (988148.6889210109 151103.24158873298),CROPSEY AVENUE BRIDGE,Cropsey Avenue,Dead end,SB,2021-03-13 12:00:00,231.0,238.0,243.0,212.0,247.0,12,5,317.0
32970,Queens,2021,3,13,12,0,127,177615,POINT (1028931.8143046284 215115.26618027306),ROOSEVELT AVENUE BRIDGE,Flushing Line,Flushing Line,EB,2021-03-13 12:00:00,132.0,139.0,103.0,126.0,144.0,12,5,117.0
32970,Queens,2021,3,13,12,0,109,177615,POINT (1028931.8143046284 215115.26618027306),ROOSEVELT AVENUE BRIDGE,Flushing Line,Flushing Line,WB,2021-03-13 12:00:00,114.0,107.0,97.0,90.0,125.0,12,5,117.0
32970,Brooklyn,2021,3,13,12,0,251,191114,POINT (988207.4245194928 151130.52481856258),CROPSEY AVENUE BRIDGE,Coney Island Creek Shoreline,Dead end,NB,2021-03-13 12:00:00,236.0,249.0,235.0,223.0,250.0,12,5,265.0
32970,Brooklyn,2021,3,13,12,15,250,191114,POINT (988207.4245194928 151130.52481856258),CROPSEY AVENUE BRIDGE,Coney Island Creek Shoreline,Dead end,NB,2021-03-13 12:15:00,251.0,236.0,227.0,246.0,225.0,12,5,217.0
32970,Queens,2021,3,13,12,15,125,177615,POINT (1028931.8143046284 215115.26618027306),ROOSEVELT AVENUE BRIDGE,Flushing Line,Flushing Line,WB,2021-03-13 12:15:00,109.0,114.0,118.0,97.0,102.0,12,5,106.0
32970,Queens,2021,3,13,12,15,144,177615,POINT (1028931.8143046284 215115.26618027306),ROOSEVELT AVENUE BRIDGE,Flushing Line,Flushing Line,EB,2021-03-13 12:15:00,127.0,132.0,144.0,148.0,136.0,12,5,96.0
32970,Brooklyn,2021,3,13,12,15,247,157501,POINT (988148.6889210109 151103.24158873298),CROPSEY AVENUE BRIDGE,Cropsey Avenue,Dead end,SB,2021-03-13 12:15:00,254.0,231.0,237.0,187.0,264.0,12,5,326.0
32970,Brooklyn,2021,3,13,12,30,264,157501,POINT (988148.6889210109 151103.24158873298),CROPSEY AVENUE BRIDGE,Cropsey Avenue,Dead end,SB,2021-03-13 12:30:00,247.0,254.0,238.0,205.0,261.0,12,5,316.0
32970,Queens,2021,3,13,12,30,136,177615,POINT (1028931.8143046284 215115.26618027306),ROOSEVELT AVENUE BRIDGE,Flushing Line,Flushing Line,EB,2021-03-13 12:30:00,144.0,127.0,139.0,124.0,145.0,12,5,117.0
32970,Queens,2021,3,13,12,30,102,177615,POINT (1028931.8143046284 215115.26618027306),ROOSEVELT AVENUE BRIDGE,Flushing Line,Flushing Line,WB,2021-03-13 12:30:00,125.0,109.0,107.0,115.0,118.0,12,5,99.0
32970,Brooklyn,2021,3,13,12,30,225,191114,POINT (988207.4245194928 151130.52481856258),CROPSEY AVENUE BRIDGE,Coney Island Creek Shoreline,Dead end,NB,2021-03-13 12:30:00,250.0,251.0,249.0,239.0,249.0,12,5,233.0
32970,Brooklyn,2021,3,13,12,45,261,157501,POINT (988148.6889210109 151103.24158873298),CROPSEY AVENUE BRIDGE,Cropsey Avenue,Dead end,SB,2021-03-13 12:45:00,264.0,247.0,231.0,243.0,245.0,12,5,318.0
32970,Queens,2021,3,13,12,45,145,177615,POINT (1028931.8143046284 215115.26618027306),ROOSEVELT AVENUE BRIDGE,Flushing Line,Flushing Line,EB,2021-03-13 12:45:00,136.0,144.0,132.0,128.0,146.0,12,5,105.0
32970,Queens,2021,3,13,12,45,118,177615,POINT (1028931.8143046284 215115.26618027306),ROOSEVELT AVENUE BRIDGE,Flushing Line,Flushing Line,WB,2021-03-13 12:45:00,102.0,125.0,114.0,101.0,125.0,12,5,96.0
32970,Brooklyn,2021,3,13,12,45,249,191114,POINT (988207.4245194928 151130.52481856258),CROPSEY AVENUE BRIDGE,Coney Island Creek Shoreline,Dead end,NB,2021-03-13 12:45:00,225.0,250.0,236.0,209.0,265.0,12,5,226.0
32970,Brooklyn,2021,3,13,13,0,265,191114,POINT (988207.4245194928 151130.52481856258),CROPSEY AVENUE BRIDGE,Coney Island Creek Shoreline,Dead end,NB,2021-03-13 13:00:00,249.0,225.0,251.0,235.0,266.0,13,5,241.0
32970,Queens,2021,3,13,13,0,125,177615,POINT (1028931.8143046284 215115.26618027306),ROOSEVELT AVENUE BRIDGE,Flushing Line,Flushing Line,WB,2021-03-13 13:00:00,118.0,102.0,109.0,97.0,113.0,13,5,113.0
32970,Brooklyn,2021,3,13,13,0,245,157501,POINT (988148.6889210109 151103.24158873298),CROPSEY AVENUE BRIDGE,Cropsey Avenue,Dead end,SB,2021-03-13 13:00:00,261.0,264.0,254.0,243.0,239.0,13,5,292.0
32970,Queens,2021,3,13,13,0,146,177615,POINT (1028931.8143046284 215115.26618027306),ROOSEVELT AVENUE BRIDGE,Flushing Line,Flushing Line,EB,2021-03-13 13:00:00,145.0,136.0,127.0,103.0,137.0,13,5,115.0
32970,Brooklyn,2021,3,13,13,15,239,157501,POINT (988148.6889210109 151103.24158873298),CROPSEY AVENUE BRIDGE,Cropsey Avenue,Dead end,SB,2021-03-13 13:15:00,245.0,261.0,247.0,237.0,265.0,13,5,331.0
32970,Queens,2021,3,13,13,15,137,177615,POINT (1028931.8143046284 215115.26618027306),ROOSEVELT AVENUE BRIDGE,Flushing Line,Flushing Line,EB,2021-03-13 13:15:00,146.0,145.0,144.0,144.0,138.0,13,5,123.0
32970,Queens,2021,3,13,13,15,113,177615,POINT (1028931.8143046284 215115.26618027306),ROOSEVELT AVENUE BRIDGE,Flushing Line,Flushing Line,WB,2021-03-13 13:15:00,125.0,118.0,125.0,118.0,133.0,13,5,90.0
32970,Brooklyn,2021,3,13,13,15,266,191114,POINT (988207.4245194928 151130.52481856258),CROPSEY AVENUE BRIDGE,Coney Island Creek Shoreline,Dead end,NB,2021-03-13 13:15:00,265.0,249.0,250.0,227.0,267.0,13,5,239.0
32970,Brooklyn,2021,3,13,13,30,265,157501,POINT (988148.6889210109 151103.24158873298),CROPSEY AVENUE BRIDGE,Cropsey Avenue,Dead end,SB,2021-03-13 13:30:00,239.0,245.0,264.0,238.0,241.0,13,5,303.0
32970,Queens,2021,3,13,13,30,138,177615,POINT (1028931.8143046284 215115.26618027306),ROOSEVELT AVENUE BRIDGE,Flushing Line,Flushing Line,EB,2021-03-13 13:30:00,137.0,146.0,136.0,139.0,115.0,13,5,110.0
32970,Queens,2021,3,13,13,30,133,177615,POINT (1028931.8143046284 215115.26618027306),ROOSEVELT AVENUE BRIDGE,Flushing Line,Flushing Line,WB,2021-03-13 13:30:00,113.0,125.0,102.0,107.0,138.0,13,5,72.0
32970,Brooklyn,2021,3,13,13,30,267,191114,POINT (988207.4245194928 151130.52481856258),CROPSEY AVENUE BRIDGE,Coney Island Creek Shoreline,Dead end,NB,2021-03-13 13:30:00,266.0,265.0,225.0,249.0,303.0,13,5,245.0
32970,Brooklyn,2021,3,13,13,45,303,191114,POINT (988207.4245194928 151130.52481856258),CROPSEY AVENUE BRIDGE,Coney Island Creek Shoreline,Dead end,NB,2021-03-13 13:45:00,267.0,266.0,249.0,236.0,284.0,13,5,255.0
32970,Queens,2021,3,13,13,45,138,177615,POINT (1028931.8143046284 215115.26618027306),ROOSEVELT AVENUE BRIDGE,Flushing Line,Flushing Line,WB,2021-03-13 13:45:00,133.0,113.0,118.0,114.0,131.0,13,5,112.0
32970,Queens,2021,3,13,13,45,115,177615,POINT (1028931.8143046284 215115.26618027306),ROOSEVELT AVENUE BRIDGE,Flushing Line,Flushing Line,EB,2021-03-13 13:45:00,138.0,137.0,145.0,132.0,128.0,13,5,102.0
32970,Brooklyn,2021,3,13,13,45,241,157501,POINT (988148.6889210109 151103.24158873298),CROPSEY AVENUE BRIDGE,Cropsey Avenue,Dead end,SB,2021-03-13 13:45:00,265.0,239.0,261.0,231.0,272.0,13,5,383.0
32970,Brooklyn,2021,3,13,14,0,272,157501,POINT (988148.6889210109 151103.24158873298),CROPSEY AVENUE BRIDGE,Cropsey Avenue,Dead end,SB,2021-03-13 14:00:00,241.0,265.0,245.0,254.0,255.0,14,5,336.0
32970,Queens,2021,3,13,14,0,128,177615,POINT (1028931.8143046284 215115.26618027306),ROOSEVELT AVENUE BRIDGE,Flushing Line,Flushing Line,EB,2021-03-13 14:00:00,115.0,138.0,146.0,127.0,140.0,14,5,134.0
32970,Queens,2021,3,13,14,0,131,177615,POINT (1028931.8143046284 215115.26618027306),ROOSEVELT AVENUE BRIDGE,Flushing Line,Flushing Line,WB,2021-03-13 14:00:00,138.0,133.0,125.0,109.0,145.0,14,5,90.0
32970,Brooklyn,2021,3,13,14,0,284,191114,POINT (988207.4245194928 151130.52481856258),CROPSEY AVENUE BRIDGE,Coney Island Creek Shoreline,Dead end,NB,2021-03-13 14:00:00,303.0,267.0,265.0,251.0,259.0,14,5,265.0
32970,Brooklyn,2021,3,13,14,15,255,157501,POINT (988148.6889210109 151103.24158873298),CROPSEY AVENUE BRIDGE,Cropsey Avenue,Dead end,SB,2021-03-13 14:15:00,272.0,241.0,239.0,247.0,247.0,14,5,287.0
32970,Queens,2021,3,13,14,15,140,177615,POINT (1028931.8143046284 215115.26618027306),ROOSEVELT AVENUE BRIDGE,Flushing Line,Flushing Line,EB,2021-03-13 14:15:00,128.0,115.0,137.0,144.0,139.0,14,5,127.0
32970,Queens,2021,3,13,14,15,145,177615,POINT (1028931.8143046284 215115.26618027306),ROOSEVELT AVENUE BRIDGE,Flushing Line,Flushing Line,WB,2021-03-13 14:15:00,131.0,138.0,113.0,125.0,152.0,14,5,91.0
32970,Brooklyn,2021,3,13,14,15,259,191114,POINT (988207.4245194928 151130.52481856258),CROPSEY AVENUE BRIDGE,Coney Island Creek Shoreline,Dead end,NB,2021-03-13 14:15:00,284.0,303.0,266.0,250.0,230.0,14,5,317.0
32970,Brooklyn,2021,3,13,14,30,230,191114,POINT (988207.4245194928 151130.52481856258),CROPSEY AVENUE BRIDGE,Coney Island Creek Shoreline,Dead end,NB,2021-03-13 14:30:00,259.0,284.0,267.0,225.0,252.0,14,5,305.0
32970,Queens,2021,3,13,14,30,152,177615,POINT (1028931.8143046284 215115.26618027306),ROOSEVELT AVENUE BRIDGE,Flushing Line,Flushing Line,WB,2021-03-13 14:30:00,145.0,131.0,133.0,102.0,135.0,14,5,97.0
32970,Queens,2021,3,13,14,30,139,177615,POINT (1028931.8143046284 215115.26618027306),ROOSEVELT AVENUE BRIDGE,Flushing Line,Flushing Line,EB,2021-03-13 14:30:00,140.0,128.0,138.0,136.0,132.0,14,5,124.0
32970,Brooklyn,2021,3,13,14,30,247,157501,POINT (988148.6889210109 151103.24158873298),CROPSEY AVENUE BRIDGE,Cropsey Avenue,Dead end,SB,2021-03-13 14:30:00,255.0,272.0,265.0,264.0,302.0,14,5,298.0
32970,Brooklyn,2021,3,13,14,45,302,157501,POINT (988148.6889210109 151103.24158873298),CROPSEY AVENUE BRIDGE,Cropsey Avenue,Dead end,SB,2021-03-13 14:45:00,247.0,255.0,241.0,261.0,316.0,14,5,298.0
32970,Queens,2021,3,13,14,45,132,177615,POINT (1028931.8143046284 215115.26618027306),ROOSEVELT AVENUE BRIDGE,Flushing Line,Flushing Line,EB,2021-03-13 14:45:00,139.0,140.0,115.0,145.0,112.0,14,5,133.0
32970,Queens,2021,3,13,14,45,135,177615,POINT (1028931.8143046284 215115.26618027306),ROOSEVELT AVENUE BRIDGE,Flushing Line,Flushing Line,WB,2021-03-13 14:45:00,152.0,145.0,138.0,118.0,128.0,14,5,101.0
32970,Brooklyn,2021,3,13,14,45,252,191114,POINT (988207.4245194928 151130.52481856258),CROPSEY AVENUE BRIDGE,Coney Island Creek Shoreline,Dead end,NB,2021-03-13 14:45:00,230.0,259.0,303.0,249.0,252.0,14,5,285.0
32970,Brooklyn,2021,3,13,15,0,316,157501,POINT (988148.6889210109 151103.24158873298),CROPSEY AVENUE BRIDGE,Cropsey Avenue,Dead end,SB,2021-03-13 15:00:00,302.0,247.0,272.0,245.0,274.0,15,5,284.0
32970,Queens,2021,3,13,15,0,112,177615,POINT (1028931.8143046284 215115.26618027306),ROOSEVELT AVENUE BRIDGE,Flushing Line,Flushing Line,EB,2021-03-13 15:00:00,132.0,139.0,128.0,146.0,122.0,15,5,130.0
32970,Queens,2021,3,13,15,0,128,177615,POINT (1028931.8143046284 215115.26618027306),ROOSEVELT AVENUE BRIDGE,Flushing Line,Flushing Line,WB,2021-03-13 15:00:00,135.0,152.0,131.0,125.0,126.0,15,5,87.0
32970,Brooklyn,2021,3,13,15,0,252,191114,POINT (988207.4245194928 151130.52481856258),CROPSEY AVENUE BRIDGE,Coney Island Creek Shoreline,Dead end,NB,2021-03-13 15:00:00,252.0,230.0,284.0,265.0,253.0,15,5,288.0
32970,Queens,2021,3,13,15,15,126,177615,POINT (1028931.8143046284 215115.26618027306),ROOSEVELT AVENUE BRIDGE,Flushing Line,Flushing Line,WB,2021-03-13 15:15:00,128.0,135.0,145.0,113.0,153.0,15,5,119.0
32970,Brooklyn,2021,3,13,15,15,253,191114,POINT (988207.4245194928 151130.52481856258),CROPSEY AVENUE BRIDGE,Coney Island Creek Shoreline,Dead end,NB,2021-03-13 15:15:00,252.0,252.0,259.0,266.0,254.0,15,5,308.0
32970,Brooklyn,2021,3,13,15,15,274,157501,POINT (988148.6889210109 151103.24158873298),CROPSEY AVENUE BRIDGE,Cropsey Avenue,Dead end,SB,2021-03-13 15:15:00,316.0,302.0,255.0,239.0,252.0,15,5,265.0
32970,Queens,2021,3,13,15,15,122,177615,POINT (1028931.8143046284 215115.26618027306),ROOSEVELT AVENUE BRIDGE,Flushing Line,Flushing Line,EB,2021-03-13 15:15:00,112.0,132.0,140.0,137.0,142.0,15,5,133.0
32970,Brooklyn,2021,3,13,15,30,252,157501,POINT (988148.6889210109 151103.24158873298),CROPSEY AVENUE BRIDGE,Cropsey Avenue,Dead end,SB,2021-03-13 15:30:00,274.0,316.0,247.0,265.0,259.0,15,5,304.0
32970,Queens,2021,3,13,15,30,142,177615,POINT (1028931.8143046284 215115.26618027306),ROOSEVELT AVENUE BRIDGE,Flushing Line,Flushing Line,EB,2021-03-13 15:30:00,122.0,112.0,139.0,138.0,134.0,15,5,140.0
32970,Queens,2021,3,13,15,30,153,177615,POINT (1028931.8143046284 215115.26618027306),ROOSEVELT AVENUE BRIDGE,Flushing Line,Flushing Line,WB,2021-03-13 15:30:00,126.0,128.0,152.0,133.0,136.0,15,5,98.0
32970,Brooklyn,2021,3,13,15,30,254,191114,POINT (988207.4245194928 151130.52481856258),CROPSEY AVENUE BRIDGE,Coney Island Creek Shoreline,Dead end,NB,2021-03-13 15:30:00,253.0,252.0,230.0,267.0,255.0,15,5,328.0
32970,Brooklyn,2021,3,13,15,45,259,157501,POINT (988148.6889210109 151103.24158873298),CROPSEY AVENUE BRIDGE,Cropsey Avenue,Dead end,SB,2021-03-13 15:45:00,252.0,274.0,302.0,241.0,249.0,15,5,295.0
32970,Queens,2021,3,13,15,45,134,177615,POINT (1028931.8143046284 215115.26618027306),ROOSEVELT AVENUE BRIDGE,Flushing Line,Flushing Line,EB,2021-03-13 15:45:00,142.0,122.0,132.0,115.0,128.0,15,5,139.0
32970,Queens,2021,3,13,15,45,136,177615,POINT (1028931.8143046284 215115.26618027306),ROOSEVELT AVENUE BRIDGE,Flushing Line,Flushing Line,WB,2021-03-13 15:45:00,153.0,126.0,135.0,138.0,136.0,15,5,123.0
32970,Brooklyn,2021,3,13,15,45,255,191114,POINT (988207.4245194928 151130.52481856258),CROPSEY AVENUE BRIDGE,Coney Island Creek Shoreline,Dead end,NB,2021-03-13 15:45:00,254.0,253.0,252.0,303.0,258.0,15,5,293.0
32970,Brooklyn,2021,3,13,16,0,258,191114,POINT (988207.4245194928 151130.52481856258),CROPSEY AVENUE BRIDGE,Coney Island Creek Shoreline,Dead end,NB,2021-03-13 16:00:00,255.0,254.0,252.0,284.0,251.0,16,5,309.0
32970,Queens,2021,3,13,16,0,136,177615,POINT (1028931.8143046284 215115.26618027306),ROOSEVELT AVENUE BRIDGE,Flushing Line,Flushing Line,WB,2021-03-13 16:00:00,136.0,153.0,128.0,131.0,124.0,16,5,113.0
32970,Queens,2021,3,13,16,0,128,177615,POINT (1028931.8143046284 215115.26618027306),ROOSEVELT AVENUE BRIDGE,Flushing Line,Flushing Line,EB,2021-03-13 16:00:00,134.0,142.0,112.0,128.0,127.0,16,5,129.0
32970,Brooklyn,2021,3,13,16,0,249,157501,POINT (988148.6889210109 151103.24158873298),CROPSEY AVENUE BRIDGE,Cropsey Avenue,Dead end,SB,2021-03-13 16:00:00,259.0,252.0,316.0,272.0,257.0,16,5,281.0
32970,Brooklyn,2021,3,13,16,15,257,157501,POINT (988148.6889210109 151103.24158873298),CROPSEY AVENUE BRIDGE,Cropsey Avenue,Dead end,SB,2021-03-13 16:15:00,249.0,259.0,274.0,255.0,264.0,16,5,274.0
32970,Queens,2021,3,13,16,15,127,177615,POINT (1028931.8143046284 215115.26618027306),ROOSEVELT AVENUE BRIDGE,Flushing Line,Flushing Line,EB,2021-03-13 16:15:00,128.0,134.0,122.0,140.0,109.0,16,5,145.0
32970,Queens,2021,3,13,16,15,124,177615,POINT (1028931.8143046284 215115.26618027306),ROOSEVELT AVENUE BRIDGE,Flushing Line,Flushing Line,WB,2021-03-13 16:15:00,136.0,136.0,126.0,145.0,127.0,16,5,112.0
32970,Brooklyn,2021,3,13,16,15,251,191114,POINT (988207.4245194928 151130.52481856258),CROPSEY AVENUE BRIDGE,Coney Island Creek Shoreline,Dead end,NB,2021-03-13 16:15:00,258.0,255.0,253.0,259.0,252.0,16,5,317.0
32970,Brooklyn,2021,3,13,16,30,264,157501,POINT (988148.6889210109 151103.24158873298),CROPSEY AVENUE BRIDGE,Cropsey Avenue,Dead end,SB,2021-03-13 16:30:00,257.0,249.0,252.0,247.0,261.0,16,5,290.0
32970,Queens,2021,3,13,16,30,109,177615,POINT (1028931.8143046284 215115.26618027306),ROOSEVELT AVENUE BRIDGE,Flushing Line,Flushing Line,EB,2021-03-13 16:30:00,127.0,128.0,142.0,139.0,126.0,16,5,167.0
32970,Queens,2021,3,13,16,30,127,177615,POINT (1028931.8143046284 215115.26618027306),ROOSEVELT AVENUE BRIDGE,Flushing Line,Flushing Line,WB,2021-03-13 16:30:00,124.0,136.0,153.0,152.0,141.0,16,5,94.0
32970,Brooklyn,2021,3,13,16,30,252,191114,POINT (988207.4245194928 151130.52481856258),CROPSEY AVENUE BRIDGE,Coney Island Creek Shoreline,Dead end,NB,2021-03-13 16:30:00,251.0,258.0,254.0,230.0,207.0,16,5,271.0
32970,Queens,2021,3,13,16,45,141,177615,POINT (1028931.8143046284 215115.26618027306),ROOSEVELT AVENUE BRIDGE,Flushing Line,Flushing Line,WB,2021-03-13 16:45:00,127.0,124.0,136.0,135.0,134.0,16,5,126.0
32970,Brooklyn,2021,3,13,16,45,207,191114,POINT (988207.4245194928 151130.52481856258),CROPSEY AVENUE BRIDGE,Coney Island Creek Shoreline,Dead end,NB,2021-03-13 16:45:00,252.0,251.0,255.0,252.0,222.0,16,5,254.0
32970,Brooklyn,2021,3,13,16,45,261,157501,POINT (988148.6889210109 151103.24158873298),CROPSEY AVENUE BRIDGE,Cropsey Avenue,Dead end,SB,2021-03-13 16:45:00,264.0,257.0,259.0,302.0,249.0,16,5,300.0
32970,Queens,2021,3,13,16,45,126,177615,POINT (1028931.8143046284 215115.26618027306),ROOSEVELT AVENUE BRIDGE,Flushing Line,Flushing Line,EB,2021-03-13 16:45:00,109.0,127.0,134.0,132.0,132.0,16,5,161.0
32970,Brooklyn,2021,3,13,17,0,249,157501,POINT (988148.6889210109 151103.24158873298),CROPSEY AVENUE BRIDGE,Cropsey Avenue,Dead end,SB,2021-03-13 17:00:00,261.0,264.0,249.0,316.0,246.0,17,5,285.0
32970,Queens,2021,3,13,17,0,132,177615,POINT (1028931.8143046284 215115.26618027306),ROOSEVELT AVENUE BRIDGE,Flushing Line,Flushing Line,EB,2021-03-13 17:00:00,126.0,109.0,128.0,112.0,144.0,17,5,166.0
32970,Queens,2021,3,13,17,0,134,177615,POINT (1028931.8143046284 215115.26618027306),ROOSEVELT AVENUE BRIDGE,Flushing Line,Flushing Line,WB,2021-03-13 17:00:00,141.0,127.0,136.0,128.0,148.0,17,5,115.0
32970,Brooklyn,2021,3,13,17,0,222,191114,POINT (988207.4245194928 151130.52481856258),CROPSEY AVENUE BRIDGE,Coney Island Creek Shoreline,Dead end,NB,2021-03-13 17:00:00,207.0,252.0,258.0,252.0,257.0,17,5,275.0
32970,Brooklyn,2021,3,13,17,15,246,157501,POINT (988148.6889210109 151103.24158873298),CROPSEY AVENUE BRIDGE,Cropsey Avenue,Dead end,SB,2021-03-13 17:15:00,249.0,261.0,257.0,274.0,227.0,17,5,274.0
32970,Queens,2021,3,13,17,15,144,177615,POINT (1028931.8143046284 215115.26618027306),ROOSEVELT AVENUE BRIDGE,Flushing Line,Flushing Line,EB,2021-03-13 17:15:00,132.0,126.0,127.0,122.0,101.0,17,5,166.0
32970,Queens,2021,3,13,17,15,148,177615,POINT (1028931.8143046284 215115.26618027306),ROOSEVELT AVENUE BRIDGE,Flushing Line,Flushing Line,WB,2021-03-13 17:15:00,134.0,141.0,124.0,126.0,136.0,17,5,110.0
32970,Brooklyn,2021,3,13,17,15,257,191114,POINT (988207.4245194928 151130.52481856258),CROPSEY AVENUE BRIDGE,Coney Island Creek Shoreline,Dead end,NB,2021-03-13 17:15:00,222.0,207.0,251.0,253.0,208.0,17,5,285.0
32970,Queens,2021,3,13,17,30,136,177615,POINT (1028931.8143046284 215115.26618027306),ROOSEVELT AVENUE BRIDGE,Flushing Line,Flushing Line,WB,2021-03-13 17:30:00,148.0,134.0,127.0,153.0,114.0,17,5,134.0
32970,Brooklyn,2021,3,13,17,30,208,191114,POINT (988207.4245194928 151130.52481856258),CROPSEY AVENUE BRIDGE,Coney Island Creek Shoreline,Dead end,NB,2021-03-13 17:30:00,257.0,222.0,252.0,254.0,188.0,17,5,239.0
32970,Brooklyn,2021,3,13,17,30,227,157501,POINT (988148.6889210109 151103.24158873298),CROPSEY AVENUE BRIDGE,Cropsey Avenue,Dead end,SB,2021-03-13 17:30:00,246.0,249.0,264.0,252.0,234.0,17,5,315.0
32970,Queens,2021,3,13,17,30,101,177615,POINT (1028931.8143046284 215115.26618027306),ROOSEVELT AVENUE BRIDGE,Flushing Line,Flushing Line,EB,2021-03-13 17:30:00,144.0,132.0,109.0,142.0,124.0,17,5,160.0
32970,Brooklyn,2021,3,13,17,45,234,157501,POINT (988148.6889210109 151103.24158873298),CROPSEY AVENUE BRIDGE,Cropsey Avenue,Dead end,SB,2021-03-13 17:45:00,227.0,246.0,261.0,259.0,226.0,17,5,312.0
32970,Queens,2021,3,13,17,45,124,177615,POINT (1028931.8143046284 215115.26618027306),ROOSEVELT AVENUE BRIDGE,Flushing Line,Flushing Line,EB,2021-03-13 17:45:00,101.0,144.0,126.0,134.0,145.0,17,5,139.0
32970,Queens,2021,3,13,17,45,114,177615,POINT (1028931.8143046284 215115.26618027306),ROOSEVELT AVENUE BRIDGE,Flushing Line,Flushing Line,WB,2021-03-13 17:45:00,136.0,148.0,141.0,136.0,116.0,17,5,101.0
32970,Brooklyn,2021,3,13,17,45,188,191114,POINT (988207.4245194928 151130.52481856258),CROPSEY AVENUE BRIDGE,Coney Island Creek Shoreline,Dead end,NB,2021-03-13 17:45:00,208.0,257.0,207.0,255.0,233.0,17,5,249.0
32970,Brooklyn,2021,3,13,18,0,226,157501,POINT (988148.6889210109 151103.24158873298),CROPSEY AVENUE BRIDGE,Cropsey Avenue,Dead end,SB,2021-03-13 18:00:00,234.0,227.0,249.0,249.0,236.0,18,5,295.0
32970,Queens,2021,3,13,18,0,145,177615,POINT (1028931.8143046284 215115.26618027306),ROOSEVELT AVENUE BRIDGE,Flushing Line,Flushing Line,EB,2021-03-13 18:00:00,124.0,101.0,132.0,128.0,129.0,18,5,123.0
32970,Queens,2021,3,13,18,0,116,177615,POINT (1028931.8143046284 215115.26618027306),ROOSEVELT AVENUE BRIDGE,Flushing Line,Flushing Line,WB,2021-03-13 18:00:00,114.0,136.0,134.0,136.0,115.0,18,5,96.0
32970,Brooklyn,2021,3,13,18,0,233,191114,POINT (988207.4245194928 151130.52481856258),CROPSEY AVENUE BRIDGE,Coney Island Creek Shoreline,Dead end,NB,2021-03-13 18:00:00,188.0,208.0,222.0,258.0,207.0,18,5,272.0
32970,Brooklyn,2021,3,13,18,15,207,191114,POINT (988207.4245194928 151130.52481856258),CROPSEY AVENUE BRIDGE,Coney Island Creek Shoreline,Dead end,NB,2021-03-13 18:15:00,233.0,188.0,257.0,251.0,219.0,18,5,230.0
32970,Brooklyn,2021,3,13,18,15,236,157501,POINT (988148.6889210109 151103.24158873298),CROPSEY AVENUE BRIDGE,Cropsey Avenue,Dead end,SB,2021-03-13 18:15:00,226.0,234.0,246.0,257.0,219.0,18,5,297.0
32970,Queens,2021,3,13,18,15,129,177615,POINT (1028931.8143046284 215115.26618027306),ROOSEVELT AVENUE BRIDGE,Flushing Line,Flushing Line,EB,2021-03-13 18:15:00,145.0,124.0,144.0,127.0,115.0,18,5,124.0
32970,Queens,2021,3,13,18,15,115,177615,POINT (1028931.8143046284 215115.26618027306),ROOSEVELT AVENUE BRIDGE,Flushing Line,Flushing Line,WB,2021-03-13 18:15:00,116.0,114.0,148.0,124.0,103.0,18,5,109.0
32970,Queens,2021,3,13,18,30,103,177615,POINT (1028931.8143046284 215115.26618027306),ROOSEVELT AVENUE BRIDGE,Flushing Line,Flushing Line,WB,2021-03-13 18:30:00,115.0,116.0,136.0,127.0,102.0,18,5,101.0
32970,Brooklyn,2021,3,13,18,30,219,191114,POINT (988207.4245194928 151130.52481856258),CROPSEY AVENUE BRIDGE,Coney Island Creek Shoreline,Dead end,NB,2021-03-13 18:30:00,207.0,233.0,208.0,252.0,211.0,18,5,231.0
32970,Brooklyn,2021,3,13,18,30,219,157501,POINT (988148.6889210109 151103.24158873298),CROPSEY AVENUE BRIDGE,Cropsey Avenue,Dead end,SB,2021-03-13 18:30:00,236.0,226.0,227.0,264.0,252.0,18,5,261.0
32970,Queens,2021,3,13,18,30,115,177615,POINT (1028931.8143046284 215115.26618027306),ROOSEVELT AVENUE BRIDGE,Flushing Line,Flushing Line,EB,2021-03-13 18:30:00,129.0,145.0,101.0,109.0,117.0,18,5,127.0
32970,Queens,2021,3,13,18,45,102,177615,POINT (1028931.8143046284 215115.26618027306),ROOSEVELT AVENUE BRIDGE,Flushing Line,Flushing Line,WB,2021-03-13 18:45:00,103.0,115.0,114.0,141.0,127.0,18,5,106.0
32970,Brooklyn,2021,3,13,18,45,211,191114,POINT (988207.4245194928 151130.52481856258),CROPSEY AVENUE BRIDGE,Coney Island Creek Shoreline,Dead end,NB,2021-03-13 18:45:00,219.0,207.0,188.0,207.0,197.0,18,5,239.0
32970,Brooklyn,2021,3,13,18,45,252,157501,POINT (988148.6889210109 151103.24158873298),CROPSEY AVENUE BRIDGE,Cropsey Avenue,Dead end,SB,2021-03-13 18:45:00,219.0,236.0,234.0,261.0,205.0,18,5,240.0
32970,Queens,2021,3,13,18,45,117,177615,POINT (1028931.8143046284 215115.26618027306),ROOSEVELT AVENUE BRIDGE,Flushing Line,Flushing Line,EB,2021-03-13 18:45:00,115.0,129.0,124.0,126.0,109.0,18,5,126.0
32970,Queens,2021,3,13,19,0,127,177615,POINT (1028931.8143046284 215115.26618027306),ROOSEVELT AVENUE BRIDGE,Flushing Line,Flushing Line,WB,2021-03-13 19:00:00,102.0,103.0,116.0,134.0,85.0,19,5,100.0
32970,Brooklyn,2021,3,13,19,0,197,191114,POINT (988207.4245194928 151130.52481856258),CROPSEY AVENUE BRIDGE,Coney Island Creek Shoreline,Dead end,NB,2021-03-13 19:00:00,211.0,219.0,233.0,222.0,188.0,19,5,225.0
32970,Brooklyn,2021,3,13,19,0,205,157501,POINT (988148.6889210109 151103.24158873298),CROPSEY AVENUE BRIDGE,Cropsey Avenue,Dead end,SB,2021-03-13 19:00:00,252.0,219.0,226.0,249.0,216.0,19,5,250.0
32970,Queens,2021,3,13,19,0,109,177615,POINT (1028931.8143046284 215115.26618027306),ROOSEVELT AVENUE BRIDGE,Flushing Line,Flushing Line,EB,2021-03-13 19:00:00,117.0,115.0,145.0,132.0,93.0,19,5,132.0
32970,Brooklyn,2021,3,13,19,15,216,157501,POINT (988148.6889210109 151103.24158873298),CROPSEY AVENUE BRIDGE,Cropsey Avenue,Dead end,SB,2021-03-13 19:15:00,205.0,252.0,236.0,246.0,245.0,19,5,229.0
32970,Queens,2021,3,13,19,15,93,177615,POINT (1028931.8143046284 215115.26618027306),ROOSEVELT AVENUE BRIDGE,Flushing Line,Flushing Line,EB,2021-03-13 19:15:00,109.0,117.0,129.0,144.0,117.0,19,5,103.0
32970,Queens,2021,3,13,19,15,85,177615,POINT (1028931.8143046284 215115.26618027306),ROOSEVELT AVENUE BRIDGE,Flushing Line,Flushing Line,WB,2021-03-13 19:15:00,127.0,102.0,115.0,148.0,101.0,19,5,102.0
32970,Brooklyn,2021,3,13,19,15,188,191114,POINT (988207.4245194928 151130.52481856258),CROPSEY AVENUE BRIDGE,Coney Island Creek Shoreline,Dead end,NB,2021-03-13 19:15:00,197.0,211.0,207.0,257.0,172.0,19,5,220.0
32970,Brooklyn,2021,3,13,19,30,245,157501,POINT (988148.6889210109 151103.24158873298),CROPSEY AVENUE BRIDGE,Cropsey Avenue,Dead end,SB,2021-03-13 19:30:00,216.0,205.0,219.0,227.0,207.0,19,5,254.0
32970,Queens,2021,3,13,19,30,117,177615,POINT (1028931.8143046284 215115.26618027306),ROOSEVELT AVENUE BRIDGE,Flushing Line,Flushing Line,EB,2021-03-13 19:30:00,93.0,109.0,115.0,101.0,97.0,19,5,112.0
32970,Queens,2021,3,13,19,30,101,177615,POINT (1028931.8143046284 215115.26618027306),ROOSEVELT AVENUE BRIDGE,Flushing Line,Flushing Line,WB,2021-03-13 19:30:00,85.0,127.0,103.0,136.0,82.0,19,5,98.0
32970,Brooklyn,2021,3,13,19,30,172,191114,POINT (988207.4245194928 151130.52481856258),CROPSEY AVENUE BRIDGE,Coney Island Creek Shoreline,Dead end,NB,2021-03-13 19:30:00,188.0,197.0,219.0,208.0,204.0,19,5,233.0
32970,Brooklyn,2021,3,13,19,45,207,157501,POINT (988148.6889210109 151103.24158873298),CROPSEY AVENUE BRIDGE,Cropsey Avenue,Dead end,SB,2021-03-13 19:45:00,245.0,216.0,252.0,234.0,194.0,19,5,213.0
32970,Queens,2021,3,13,19,45,97,177615,POINT (1028931.8143046284 215115.26618027306),ROOSEVELT AVENUE BRIDGE,Flushing Line,Flushing Line,EB,2021-03-13 19:45:00,117.0,93.0,117.0,124.0,88.0,19,5,109.0
32970,Queens,2021,3,13,19,45,82,177615,POINT (1028931.8143046284 215115.26618027306),ROOSEVELT AVENUE BRIDGE,Flushing Line,Flushing Line,WB,2021-03-13 19:45:00,101.0,85.0,102.0,114.0,90.0,19,5,83.0
32970,Brooklyn,2021,3,13,19,45,204,191114,POINT (988207.4245194928 151130.52481856258),CROPSEY AVENUE BRIDGE,Coney Island Creek Shoreline,Dead end,NB,2021-03-13 19:45:00,172.0,188.0,211.0,188.0,180.0,19,5,220.0
32970,Brooklyn,2021,3,13,20,0,180,191114,POINT (988207.4245194928 151130.52481856258),CROPSEY AVENUE BRIDGE,Coney Island Creek Shoreline,Dead end,NB,2021-03-13 20:00:00,204.0,172.0,197.0,233.0,170.0,20,5,184.0
32970,Queens,2021,3,13,20,0,90,177615,POINT (1028931.8143046284 215115.26618027306),ROOSEVELT AVENUE BRIDGE,Flushing Line,Flushing Line,WB,2021-03-13 20:00:00,82.0,101.0,127.0,116.0,81.0,20,5,93.0
32970,Brooklyn,2021,3,13,20,0,194,157501,POINT (988148.6889210109 151103.24158873298),CROPSEY AVENUE BRIDGE,Cropsey Avenue,Dead end,SB,2021-03-13 20:00:00,207.0,245.0,205.0,226.0,209.0,20,5,217.0
32970,Queens,2021,3,13,20,0,88,177615,POINT (1028931.8143046284 215115.26618027306),ROOSEVELT AVENUE BRIDGE,Flushing Line,Flushing Line,EB,2021-03-13 20:00:00,97.0,117.0,109.0,145.0,101.0,20,5,99.0
32970,Brooklyn,2021,3,13,20,15,209,157501,POINT (988148.6889210109 151103.24158873298),CROPSEY AVENUE BRIDGE,Cropsey Avenue,Dead end,SB,2021-03-13 20:15:00,194.0,207.0,216.0,236.0,217.0,20,5,202.0
32970,Queens,2021,3,13,20,15,101,177615,POINT (1028931.8143046284 215115.26618027306),ROOSEVELT AVENUE BRIDGE,Flushing Line,Flushing Line,EB,2021-03-13 20:15:00,88.0,97.0,93.0,129.0,79.0,20,5,97.0
32970,Queens,2021,3,13,20,15,81,177615,POINT (1028931.8143046284 215115.26618027306),ROOSEVELT AVENUE BRIDGE,Flushing Line,Flushing Line,WB,2021-03-13 20:15:00,90.0,82.0,85.0,115.0,68.0,20,5,101.0
32970,Brooklyn,2021,3,13,20,15,170,191114,POINT (988207.4245194928 151130.52481856258),CROPSEY AVENUE BRIDGE,Coney Island Creek Shoreline,Dead end,NB,2021-03-13 20:15:00,180.0,204.0,188.0,207.0,139.0,20,5,195.0
32970,Brooklyn,2021,3,13,20,30,217,157501,POINT (988148.6889210109 151103.24158873298),CROPSEY AVENUE BRIDGE,Cropsey Avenue,Dead end,SB,2021-03-13 20:30:00,209.0,194.0,245.0,219.0,184.0,20,5,210.0
32970,Queens,2021,3,13,20,30,79,177615,POINT (1028931.8143046284 215115.26618027306),ROOSEVELT AVENUE BRIDGE,Flushing Line,Flushing Line,EB,2021-03-13 20:30:00,101.0,88.0,117.0,115.0,67.0,20,5,88.0
32970,Queens,2021,3,13,20,30,68,177615,POINT (1028931.8143046284 215115.26618027306),ROOSEVELT AVENUE BRIDGE,Flushing Line,Flushing Line,WB,2021-03-13 20:30:00,81.0,90.0,101.0,103.0,63.0,20,5,76.0
32970,Brooklyn,2021,3,13,20,30,139,191114,POINT (988207.4245194928 151130.52481856258),CROPSEY AVENUE BRIDGE,Coney Island Creek Shoreline,Dead end,NB,2021-03-13 20:30:00,170.0,180.0,172.0,219.0,169.0,20,5,169.0
32970,Brooklyn,2021,3,13,20,45,169,191114,POINT (988207.4245194928 151130.52481856258),CROPSEY AVENUE BRIDGE,Coney Island Creek Shoreline,Dead end,NB,2021-03-13 20:45:00,139.0,170.0,204.0,211.0,146.0,20,5,155.0
32970,Queens,2021,3,13,20,45,63,177615,POINT (1028931.8143046284 215115.26618027306),ROOSEVELT AVENUE BRIDGE,Flushing Line,Flushing Line,WB,2021-03-13 20:45:00,68.0,81.0,82.0,102.0,57.0,20,5,75.0
32970,Brooklyn,2021,3,13,20,45,184,157501,POINT (988148.6889210109 151103.24158873298),CROPSEY AVENUE BRIDGE,Cropsey Avenue,Dead end,SB,2021-03-13 20:45:00,217.0,209.0,207.0,252.0,184.0,20,5,208.0
32970,Queens,2021,3,13,20,45,67,177615,POINT (1028931.8143046284 215115.26618027306),ROOSEVELT AVENUE BRIDGE,Flushing Line,Flushing Line,EB,2021-03-13 20:45:00,79.0,101.0,97.0,117.0,81.0,20,5,99.0
32970,Brooklyn,2021,3,13,21,0,184,157501,POINT (988148.6889210109 151103.24158873298),CROPSEY AVENUE BRIDGE,Cropsey Avenue,Dead end,SB,2021-03-13 21:00:00,184.0,217.0,194.0,205.0,173.0,21,5,184.0
32970,Queens,2021,3,13,21,0,81,177615,POINT (1028931.8143046284 215115.26618027306),ROOSEVELT AVENUE BRIDGE,Flushing Line,Flushing Line,EB,2021-03-13 21:00:00,67.0,79.0,88.0,109.0,57.0,21,5,73.0
32970,Queens,2021,3,13,21,0,57,177615,POINT (1028931.8143046284 215115.26618027306),ROOSEVELT AVENUE BRIDGE,Flushing Line,Flushing Line,WB,2021-03-13 21:00:00,63.0,68.0,90.0,127.0,54.0,21,5,55.0
32970,Brooklyn,2021,3,13,21,0,146,191114,POINT (988207.4245194928 151130.52481856258),CROPSEY AVENUE BRIDGE,Coney Island Creek Shoreline,Dead end,NB,2021-03-13 21:00:00,169.0,139.0,180.0,197.0,138.0,21,5,150.0
32970,Brooklyn,2021,3,13,21,15,138,191114,POINT (988207.4245194928 151130.52481856258),CROPSEY AVENUE BRIDGE,Coney Island Creek Shoreline,Dead end,NB,2021-03-13 21:15:00,146.0,169.0,170.0,188.0,124.0,21,5,143.0
32970,Brooklyn,2021,3,13,21,15,173,157501,POINT (988148.6889210109 151103.24158873298),CROPSEY AVENUE BRIDGE,Cropsey Avenue,Dead end,SB,2021-03-13 21:15:00,184.0,184.0,209.0,216.0,145.0,21,5,156.0
32970,Queens,2021,3,13,21,15,57,177615,POINT (1028931.8143046284 215115.26618027306),ROOSEVELT AVENUE BRIDGE,Flushing Line,Flushing Line,EB,2021-03-13 21:15:00,81.0,67.0,101.0,93.0,58.0,21,5,73.0
32970,Queens,2021,3,13,21,15,54,177615,POINT (1028931.8143046284 215115.26618027306),ROOSEVELT AVENUE BRIDGE,Flushing Line,Flushing Line,WB,2021-03-13 21:15:00,57.0,63.0,81.0,85.0,64.0,21,5,52.0
32970,Brooklyn,2021,3,13,21,30,124,191114,POINT (988207.4245194928 151130.52481856258),CROPSEY AVENUE BRIDGE,Coney Island Creek Shoreline,Dead end,NB,2021-03-13 21:30:00,138.0,146.0,139.0,172.0,104.0,21,5,112.0
32970,Queens,2021,3,13,21,30,64,177615,POINT (1028931.8143046284 215115.26618027306),ROOSEVELT AVENUE BRIDGE,Flushing Line,Flushing Line,WB,2021-03-13 21:30:00,54.0,57.0,68.0,101.0,49.0,21,5,62.0
32970,Queens,2021,3,13,21,30,58,177615,POINT (1028931.8143046284 215115.26618027306),ROOSEVELT AVENUE BRIDGE,Flushing Line,Flushing Line,EB,2021-03-13 21:30:00,57.0,81.0,79.0,117.0,63.0,21,5,60.0
32970,Brooklyn,2021,3,13,21,30,145,157501,POINT (988148.6889210109 151103.24158873298),CROPSEY AVENUE BRIDGE,Cropsey Avenue,Dead end,SB,2021-03-13 21:30:00,173.0,184.0,217.0,245.0,154.0,21,5,143.0
32970,Brooklyn,2021,3,13,21,45,104,191114,POINT (988207.4245194928 151130.52481856258),CROPSEY AVENUE BRIDGE,Coney Island Creek Shoreline,Dead end,NB,2021-03-13 21:45:00,124.0,138.0,169.0,204.0,139.0,21,5,145.0
32970,Brooklyn,2021,3,13,21,45,154,157501,POINT (988148.6889210109 151103.24158873298),CROPSEY AVENUE BRIDGE,Cropsey Avenue,Dead end,SB,2021-03-13 21:45:00,145.0,173.0,184.0,207.0,133.0,21,5,175.0
32970,Queens,2021,3,13,21,45,63,177615,POINT (1028931.8143046284 215115.26618027306),ROOSEVELT AVENUE BRIDGE,Flushing Line,Flushing Line,EB,2021-03-13 21:45:00,58.0,57.0,67.0,97.0,48.0,21,5,46.0
32970,Queens,2021,3,13,21,45,49,177615,POINT (1028931.8143046284 215115.26618027306),ROOSEVELT AVENUE BRIDGE,Flushing Line,Flushing Line,WB,2021-03-13 21:45:00,64.0,54.0,63.0,82.0,52.0,21,5,53.0
32970,Queens,2021,3,13,22,0,52,177615,POINT (1028931.8143046284 215115.26618027306),ROOSEVELT AVENUE BRIDGE,Flushing Line,Flushing Line,WB,2021-03-13 22:00:00,49.0,64.0,57.0,90.0,38.0,22,5,42.0
32970,Brooklyn,2021,3,13,22,0,139,191114,POINT (988207.4245194928 151130.52481856258),CROPSEY AVENUE BRIDGE,Coney Island Creek Shoreline,Dead end,NB,2021-03-13 22:00:00,104.0,124.0,146.0,180.0,116.0,22,5,138.0
32970,Brooklyn,2021,3,13,22,0,133,157501,POINT (988148.6889210109 151103.24158873298),CROPSEY AVENUE BRIDGE,Cropsey Avenue,Dead end,SB,2021-03-13 22:00:00,154.0,145.0,184.0,194.0,144.0,22,5,147.0
32970,Queens,2021,3,13,22,0,48,177615,POINT (1028931.8143046284 215115.26618027306),ROOSEVELT AVENUE BRIDGE,Flushing Line,Flushing Line,EB,2021-03-13 22:00:00,63.0,58.0,81.0,88.0,53.0,22,5,61.0
32970,Brooklyn,2021,3,13,22,15,116,191114,POINT (988207.4245194928 151130.52481856258),CROPSEY AVENUE BRIDGE,Coney Island Creek Shoreline,Dead end,NB,2021-03-13 22:15:00,139.0,104.0,138.0,170.0,116.0,22,5,126.0
32970,Queens,2021,3,13,22,15,38,177615,POINT (1028931.8143046284 215115.26618027306),ROOSEVELT AVENUE BRIDGE,Flushing Line,Flushing Line,WB,2021-03-13 22:15:00,52.0,49.0,54.0,81.0,28.0,22,5,49.0
32970,Queens,2021,3,13,22,15,53,177615,POINT (1028931.8143046284 215115.26618027306),ROOSEVELT AVENUE BRIDGE,Flushing Line,Flushing Line,EB,2021-03-13 22:15:00,48.0,63.0,57.0,101.0,56.0,22,5,58.0
32970,Brooklyn,2021,3,13,22,15,144,157501,POINT (988148.6889210109 151103.24158873298),CROPSEY AVENUE BRIDGE,Cropsey Avenue,Dead end,SB,2021-03-13 22:15:00,133.0,154.0,173.0,209.0,147.0,22,5,163.0
32970,Brooklyn,2021,3,13,22,30,147,157501,POINT (988148.6889210109 151103.24158873298),CROPSEY AVENUE BRIDGE,Cropsey Avenue,Dead end,SB,2021-03-13 22:30:00,144.0,133.0,145.0,217.0,158.0,22,5,137.0
32970,Queens,2021,3,13,22,30,56,177615,POINT (1028931.8143046284 215115.26618027306),ROOSEVELT AVENUE BRIDGE,Flushing Line,Flushing Line,EB,2021-03-13 22:30:00,53.0,48.0,58.0,79.0,35.0,22,5,60.0
32970,Queens,2021,3,13,22,30,28,177615,POINT (1028931.8143046284 215115.26618027306),ROOSEVELT AVENUE BRIDGE,Flushing Line,Flushing Line,WB,2021-03-13 22:30:00,38.0,52.0,64.0,68.0,41.0,22,5,47.0
32970,Brooklyn,2021,3,13,22,30,116,191114,POINT (988207.4245194928 151130.52481856258),CROPSEY AVENUE BRIDGE,Coney Island Creek Shoreline,Dead end,NB,2021-03-13 22:30:00,116.0,139.0,124.0,139.0,104.0,22,5,107.0
32970,Brooklyn,2021,3,13,22,45,158,157501,POINT (988148.6889210109 151103.24158873298),CROPSEY AVENUE BRIDGE,Cropsey Avenue,Dead end,SB,2021-03-13 22:45:00,147.0,144.0,154.0,184.0,120.0,22,5,128.0
32970,Queens,2021,3,13,22,45,35,177615,POINT (1028931.8143046284 215115.26618027306),ROOSEVELT AVENUE BRIDGE,Flushing Line,Flushing Line,EB,2021-03-13 22:45:00,56.0,53.0,63.0,67.0,46.0,22,5,47.0
32970,Queens,2021,3,13,22,45,41,177615,POINT (1028931.8143046284 215115.26618027306),ROOSEVELT AVENUE BRIDGE,Flushing Line,Flushing Line,WB,2021-03-13 22:45:00,28.0,38.0,49.0,63.0,32.0,22,5,46.0
32970,Brooklyn,2021,3,13,22,45,104,191114,POINT (988207.4245194928 151130.52481856258),CROPSEY AVENUE BRIDGE,Coney Island Creek Shoreline,Dead end,NB,2021-03-13 22:45:00,116.0,116.0,104.0,169.0,105.0,22,5,85.0
32970,Brooklyn,2021,3,13,23,0,105,191114,POINT (988207.4245194928 151130.52481856258),CROPSEY AVENUE BRIDGE,Coney Island Creek Shoreline,Dead end,NB,2021-03-13 23:00:00,104.0,116.0,139.0,146.0,102.0,23,5,90.0
32970,Queens,2021,3,13,23,0,32,177615,POINT (1028931.8143046284 215115.26618027306),ROOSEVELT AVENUE BRIDGE,Flushing Line,Flushing Line,WB,2021-03-13 23:00:00,41.0,28.0,52.0,57.0,42.0,23,5,32.0
32970,Queens,2021,3,13,23,0,46,177615,POINT (1028931.8143046284 215115.26618027306),ROOSEVELT AVENUE BRIDGE,Flushing Line,Flushing Line,EB,2021-03-13 23:00:00,35.0,56.0,48.0,81.0,40.0,23,5,46.0
32970,Brooklyn,2021,3,13,23,0,120,157501,POINT (988148.6889210109 151103.24158873298),CROPSEY AVENUE BRIDGE,Cropsey Avenue,Dead end,SB,2021-03-13 23:00:00,158.0,147.0,133.0,184.0,108.0,23,5,129.0
32970,Brooklyn,2021,3,13,23,15,108,157501,POINT (988148.6889210109 151103.24158873298),CROPSEY AVENUE BRIDGE,Cropsey Avenue,Dead end,SB,2021-03-13 23:15:00,120.0,158.0,144.0,173.0,124.0,23,5,128.0
32970,Queens,2021,3,13,23,15,40,177615,POINT (1028931.8143046284 215115.26618027306),ROOSEVELT AVENUE BRIDGE,Flushing Line,Flushing Line,EB,2021-03-13 23:15:00,46.0,35.0,53.0,57.0,44.0,23,5,58.0
32970,Queens,2021,3,13,23,15,42,177615,POINT (1028931.8143046284 215115.26618027306),ROOSEVELT AVENUE BRIDGE,Flushing Line,Flushing Line,WB,2021-03-13 23:15:00,32.0,41.0,38.0,54.0,23.0,23,5,38.0
32970,Brooklyn,2021,3,13,23,15,102,191114,POINT (988207.4245194928 151130.52481856258),CROPSEY AVENUE BRIDGE,Coney Island Creek Shoreline,Dead end,NB,2021-03-13 23:15:00,105.0,104.0,116.0,138.0,90.0,23,5,101.0
32970,Brooklyn,2021,3,13,23,30,124,157501,POINT (988148.6889210109 151103.24158873298),CROPSEY AVENUE BRIDGE,Cropsey Avenue,Dead end,SB,2021-03-13 23:30:00,108.0,120.0,147.0,145.0,103.0,23,5,136.0
32970,Queens,2021,3,13,23,30,44,177615,POINT (1028931.8143046284 215115.26618027306),ROOSEVELT AVENUE BRIDGE,Flushing Line,Flushing Line,EB,2021-03-13 23:30:00,40.0,46.0,56.0,58.0,46.0,23,5,43.0
32970,Queens,2021,3,13,23,30,23,177615,POINT (1028931.8143046284 215115.26618027306),ROOSEVELT AVENUE BRIDGE,Flushing Line,Flushing Line,WB,2021-03-13 23:30:00,42.0,32.0,28.0,64.0,38.0,23,5,36.0
32970,Brooklyn,2021,3,13,23,30,90,191114,POINT (988207.4245194928 151130.52481856258),CROPSEY AVENUE BRIDGE,Coney Island Creek Shoreline,Dead end,NB,2021-03-13 23:30:00,102.0,105.0,116.0,124.0,93.0,23,5,99.0
32970,Brooklyn,2021,3,13,23,45,93,191114,POINT (988207.4245194928 151130.52481856258),CROPSEY AVENUE BRIDGE,Coney Island Creek Shoreline,Dead end,NB,2021-03-13 23:45:00,90.0,102.0,104.0,104.0,78.0,23,5,95.0
32970,Queens,2021,3,13,23,45,38,177615,POINT (1028931.8143046284 215115.26618027306),ROOSEVELT AVENUE BRIDGE,Flushing Line,Flushing Line,WB,2021-03-13 23:45:00,23.0,42.0,41.0,49.0,34.0,23,5,40.0
32970,Brooklyn,2021,3,13,23,45,103,157501,POINT (988148.6889210109 151103.24158873298),CROPSEY AVENUE BRIDGE,Cropsey Avenue,Dead end,SB,2021-03-13 23:45:00,124.0,108.0,158.0,154.0,107.0,23,5,112.0
32970,Queens,2021,3,13,23,45,46,177615,POINT (1028931.8143046284 215115.26618027306),ROOSEVELT AVENUE BRIDGE,Flushing Line,Flushing Line,EB,2021-03-13 23:45:00,44.0,40.0,35.0,63.0,37.0,23,5,36.0
32970,Brooklyn,2021,3,14,0,0,107,157501,POINT (988148.6889210109 151103.24158873298),CROPSEY AVENUE BRIDGE,Cropsey Avenue,Dead end,SB,2021-03-14 00:00:00,103.0,124.0,120.0,133.0,97.0,0,6,95.0
32970,Queens,2021,3,14,0,0,37,177615,POINT (1028931.8143046284 215115.26618027306),ROOSEVELT AVENUE BRIDGE,Flushing Line,Flushing Line,EB,2021-03-14 00:00:00,46.0,44.0,46.0,48.0,33.0,0,6,35.0
32970,Queens,2021,3,14,0,0,34,177615,POINT (1028931.8143046284 215115.26618027306),ROOSEVELT AVENUE BRIDGE,Flushing Line,Flushing Line,WB,2021-03-14 00:00:00,38.0,23.0,32.0,52.0,30.0,0,6,32.0
32970,Brooklyn,2021,3,14,0,0,78,191114,POINT (988207.4245194928 151130.52481856258),CROPSEY AVENUE BRIDGE,Coney Island Creek Shoreline,Dead end,NB,2021-03-14 00:00:00,93.0,90.0,105.0,139.0,73.0,0,6,81.0
32970,Brooklyn,2021,3,14,0,15,97,157501,POINT (988148.6889210109 151103.24158873298),CROPSEY AVENUE BRIDGE,Cropsey Avenue,Dead end,SB,2021-03-14 00:15:00,107.0,103.0,108.0,144.0,85.0,0,6,91.0
32970,Queens,2021,3,14,0,15,33,177615,POINT (1028931.8143046284 215115.26618027306),ROOSEVELT AVENUE BRIDGE,Flushing Line,Flushing Line,EB,2021-03-14 00:15:00,37.0,46.0,40.0,53.0,20.0,0,6,37.0
32970,Queens,2021,3,14,0,15,30,177615,POINT (1028931.8143046284 215115.26618027306),ROOSEVELT AVENUE BRIDGE,Flushing Line,Flushing Line,WB,2021-03-14 00:15:00,34.0,38.0,42.0,38.0,23.0,0,6,22.0
32970,Brooklyn,2021,3,14,0,15,73,191114,POINT (988207.4245194928 151130.52481856258),CROPSEY AVENUE BRIDGE,Coney Island Creek Shoreline,Dead end,NB,2021-03-14 00:15:00,78.0,93.0,102.0,116.0,76.0,0,6,78.0
32970,Queens,2021,3,14,0,30,23,177615,POINT (1028931.8143046284 215115.26618027306),ROOSEVELT AVENUE BRIDGE,Flushing Line,Flushing Line,WB,2021-03-14 00:30:00,30.0,34.0,23.0,28.0,18.0,0,6,22.0
32970,Brooklyn,2021,3,14,0,30,76,191114,POINT (988207.4245194928 151130.52481856258),CROPSEY AVENUE BRIDGE,Coney Island Creek Shoreline,Dead end,NB,2021-03-14 00:30:00,73.0,78.0,90.0,116.0,63.0,0,6,76.0
32970,Queens,2021,3,14,0,30,20,177615,POINT (1028931.8143046284 215115.26618027306),ROOSEVELT AVENUE BRIDGE,Flushing Line,Flushing Line,EB,2021-03-14 00:30:00,33.0,37.0,44.0,56.0,31.0,0,6,35.0
32970,Brooklyn,2021,3,14,0,30,85,157501,POINT (988148.6889210109 151103.24158873298),CROPSEY AVENUE BRIDGE,Cropsey Avenue,Dead end,SB,2021-03-14 00:30:00,97.0,107.0,124.0,147.0,72.0,0,6,73.0
32970,Brooklyn,2021,3,14,0,45,72,157501,POINT (988148.6889210109 151103.24158873298),CROPSEY AVENUE BRIDGE,Cropsey Avenue,Dead end,SB,2021-03-14 00:45:00,85.0,97.0,103.0,158.0,58.0,0,6,62.0
32970,Queens,2021,3,14,0,45,31,177615,POINT (1028931.8143046284 215115.26618027306),ROOSEVELT AVENUE BRIDGE,Flushing Line,Flushing Line,EB,2021-03-14 00:45:00,20.0,33.0,46.0,35.0,27.0,0,6,26.0
32970,Queens,2021,3,14,0,45,18,177615,POINT (1028931.8143046284 215115.26618027306),ROOSEVELT AVENUE BRIDGE,Flushing Line,Flushing Line,WB,2021-03-14 00:45:00,23.0,30.0,38.0,41.0,14.0,0,6,17.0
32970,Brooklyn,2021,3,14,0,45,63,191114,POINT (988207.4245194928 151130.52481856258),CROPSEY AVENUE BRIDGE,Coney Island Creek Shoreline,Dead end,NB,2021-03-14 00:45:00,76.0,73.0,93.0,104.0,55.0,0,6,54.0
32970,Brooklyn,2021,3,14,1,0,58,157501,POINT (988148.6889210109 151103.24158873298),CROPSEY AVENUE BRIDGE,Cropsey Avenue,Dead end,SB,2021-03-14 01:00:00,72.0,85.0,107.0,120.0,58.0,1,6,66.0
32970,Queens,2021,3,14,1,0,27,177615,POINT (1028931.8143046284 215115.26618027306),ROOSEVELT AVENUE BRIDGE,Flushing Line,Flushing Line,EB,2021-03-14 01:00:00,31.0,20.0,37.0,46.0,23.0,1,6,27.0
32970,Queens,2021,3,14,1,0,14,177615,POINT (1028931.8143046284 215115.26618027306),ROOSEVELT AVENUE BRIDGE,Flushing Line,Flushing Line,WB,2021-03-14 01:00:00,18.0,23.0,34.0,32.0,25.0,1,6,13.0
32970,Brooklyn,2021,3,14,1,0,55,191114,POINT (988207.4245194928 151130.52481856258),CROPSEY AVENUE BRIDGE,Coney Island Creek Shoreline,Dead end,NB,2021-03-14 01:00:00,63.0,76.0,78.0,105.0,30.0,1,6,54.0
32970,Queens,2021,3,14,1,15,23,177615,POINT (1028931.8143046284 215115.26618027306),ROOSEVELT AVENUE BRIDGE,Flushing Line,Flushing Line,EB,2021-03-14 01:15:00,27.0,31.0,33.0,40.0,26.0,1,6,17.0
32970,Queens,2021,3,14,1,15,25,177615,POINT (1028931.8143046284 215115.26618027306),ROOSEVELT AVENUE BRIDGE,Flushing Line,Flushing Line,WB,2021-03-14 01:15:00,14.0,18.0,30.0,42.0,17.0,1,6,19.0
32970,Brooklyn,2021,3,14,1,15,58,157501,POINT (988148.6889210109 151103.24158873298),CROPSEY AVENUE BRIDGE,Cropsey Avenue,Dead end,SB,2021-03-14 01:15:00,58.0,72.0,97.0,108.0,42.0,1,6,72.0
32970,Brooklyn,2021,3,14,1,15,30,191114,POINT (988207.4245194928 151130.52481856258),CROPSEY AVENUE BRIDGE,Coney Island Creek Shoreline,Dead end,NB,2021-03-14 01:15:00,55.0,63.0,73.0,102.0,52.0,1,6,48.0
32970,Brooklyn,2021,3,14,1,30,52,191114,POINT (988207.4245194928 151130.52481856258),CROPSEY AVENUE BRIDGE,Coney Island Creek Shoreline,Dead end,NB,2021-03-14 01:30:00,30.0,55.0,76.0,90.0,32.0,1,6,58.0
32970,Queens,2021,3,14,1,30,17,177615,POINT (1028931.8143046284 215115.26618027306),ROOSEVELT AVENUE BRIDGE,Flushing Line,Flushing Line,WB,2021-03-14 01:30:00,25.0,14.0,23.0,23.0,9.0,1,6,18.0
32970,Brooklyn,2021,3,14,1,30,42,157501,POINT (988148.6889210109 151103.24158873298),CROPSEY AVENUE BRIDGE,Cropsey Avenue,Dead end,SB,2021-03-14 01:30:00,58.0,58.0,85.0,124.0,49.0,1,6,58.0
32970,Queens,2021,3,14,1,30,26,177615,POINT (1028931.8143046284 215115.26618027306),ROOSEVELT AVENUE BRIDGE,Flushing Line,Flushing Line,EB,2021-03-14 01:30:00,23.0,27.0,20.0,44.0,18.0,1,6,18.0
32970,Brooklyn,2021,3,14,1,45,49,157501,POINT (988148.6889210109 151103.24158873298),CROPSEY AVENUE BRIDGE,Cropsey Avenue,Dead end,SB,2021-03-14 01:45:00,42.0,58.0,72.0,103.0,43.0,1,6,60.0
32970,Queens,2021,3,14,1,45,18,177615,POINT (1028931.8143046284 215115.26618027306),ROOSEVELT AVENUE BRIDGE,Flushing Line,Flushing Line,EB,2021-03-14 01:45:00,26.0,23.0,31.0,46.0,20.0,1,6,17.0
32970,Queens,2021,3,14,1,45,9,177615,POINT (1028931.8143046284 215115.26618027306),ROOSEVELT AVENUE BRIDGE,Flushing Line,Flushing Line,WB,2021-03-14 01:45:00,17.0,25.0,18.0,38.0,9.0,1,6,7.0
32970,Brooklyn,2021,3,14,1,45,32,191114,POINT (988207.4245194928 151130.52481856258),CROPSEY AVENUE BRIDGE,Coney Island Creek Shoreline,Dead end,NB,2021-03-14 01:45:00,52.0,30.0,63.0,93.0,54.0,1,6,42.0
32970,Brooklyn,2021,3,14,2,0,43,157501,POINT (988148.6889210109 151103.24158873298),CROPSEY AVENUE BRIDGE,Cropsey Avenue,Dead end,SB,2021-03-14 02:00:00,49.0,42.0,58.0,107.0,44.0,2,6,49.0
32970,Queens,2021,3,14,2,0,20,177615,POINT (1028931.8143046284 215115.26618027306),ROOSEVELT AVENUE BRIDGE,Flushing Line,Flushing Line,EB,2021-03-14 02:00:00,18.0,26.0,27.0,37.0,19.0,2,6,18.0
32970,Queens,2021,3,14,2,0,9,177615,POINT (1028931.8143046284 215115.26618027306),ROOSEVELT AVENUE BRIDGE,Flushing Line,Flushing Line,WB,2021-03-14 02:00:00,9.0,17.0,14.0,34.0,14.0,2,6,14.0
32970,Brooklyn,2021,3,14,2,0,54,191114,POINT (988207.4245194928 151130.52481856258),CROPSEY AVENUE BRIDGE,Coney Island Creek Shoreline,Dead end,NB,2021-03-14 02:00:00,32.0,52.0,55.0,78.0,40.0,2,6,55.0
32970,Brooklyn,2021,3,14,2,15,40,191114,POINT (988207.4245194928 151130.52481856258),CROPSEY AVENUE BRIDGE,Coney Island Creek Shoreline,Dead end,NB,2021-03-14 02:15:00,54.0,32.0,30.0,73.0,40.0,2,6,41.0
32970,Queens,2021,3,14,2,15,14,177615,POINT (1028931.8143046284 215115.26618027306),ROOSEVELT AVENUE BRIDGE,Flushing Line,Flushing Line,WB,2021-03-14 02:15:00,9.0,9.0,25.0,30.0,15.0,2,6,12.0
32970,Brooklyn,2021,3,14,2,15,44,157501,POINT (988148.6889210109 151103.24158873298),CROPSEY AVENUE BRIDGE,Cropsey Avenue,Dead end,SB,2021-03-14 02:15:00,43.0,49.0,58.0,97.0,36.0,2,6,45.0
32970,Queens,2021,3,14,2,15,19,177615,POINT (1028931.8143046284 215115.26618027306),ROOSEVELT AVENUE BRIDGE,Flushing Line,Flushing Line,EB,2021-03-14 02:15:00,20.0,18.0,23.0,33.0,16.0,2,6,14.0
32970,Brooklyn,2021,3,14,2,30,36,157501,POINT (988148.6889210109 151103.24158873298),CROPSEY AVENUE BRIDGE,Cropsey Avenue,Dead end,SB,2021-03-14 02:30:00,44.0,43.0,42.0,85.0,48.0,2,6,27.0
32970,Queens,2021,3,14,2,30,16,177615,POINT (1028931.8143046284 215115.26618027306),ROOSEVELT AVENUE BRIDGE,Flushing Line,Flushing Line,EB,2021-03-14 02:30:00,19.0,20.0,26.0,20.0,14.0,2,6,10.0
32970,Queens,2021,3,14,2,30,15,177615,POINT (1028931.8143046284 215115.26618027306),ROOSEVELT AVENUE BRIDGE,Flushing Line,Flushing Line,WB,2021-03-14 02:30:00,14.0,9.0,17.0,23.0,9.0,2,6,14.0
32970,Brooklyn,2021,3,14,2,30,40,191114,POINT (988207.4245194928 151130.52481856258),CROPSEY AVENUE BRIDGE,Coney Island Creek Shoreline,Dead end,NB,2021-03-14 02:30:00,40.0,54.0,52.0,76.0,29.0,2,6,31.0
32970,Brooklyn,2021,3,14,2,45,48,157501,POINT (988148.6889210109 151103.24158873298),CROPSEY AVENUE BRIDGE,Cropsey Avenue,Dead end,SB,2021-03-14 02:45:00,36.0,44.0,49.0,72.0,32.0,2,6,28.0
32970,Queens,2021,3,14,2,45,14,177615,POINT (1028931.8143046284 215115.26618027306),ROOSEVELT AVENUE BRIDGE,Flushing Line,Flushing Line,EB,2021-03-14 02:45:00,16.0,19.0,18.0,31.0,17.0,2,6,12.0
32970,Queens,2021,3,14,2,45,9,177615,POINT (1028931.8143046284 215115.26618027306),ROOSEVELT AVENUE BRIDGE,Flushing Line,Flushing Line,WB,2021-03-14 02:45:00,15.0,14.0,9.0,18.0,15.0,2,6,4.0
32970,Brooklyn,2021,3,14,2,45,29,191114,POINT (988207.4245194928 151130.52481856258),CROPSEY AVENUE BRIDGE,Coney Island Creek Shoreline,Dead end,NB,2021-03-14 02:45:00,40.0,40.0,32.0,63.0,43.0,2,6,30.0
32970,Brooklyn,2021,3,14,3,0,43,191114,POINT (988207.4245194928 151130.52481856258),CROPSEY AVENUE BRIDGE,Coney Island Creek Shoreline,Dead end,NB,2021-03-14 03:00:00,29.0,40.0,54.0,55.0,27.0,3,6,28.0
32970,Queens,2021,3,14,3,0,15,177615,POINT (1028931.8143046284 215115.26618027306),ROOSEVELT AVENUE BRIDGE,Flushing Line,Flushing Line,WB,2021-03-14 03:00:00,9.0,15.0,9.0,14.0,9.0,3,6,10.0
32970,Queens,2021,3,14,3,0,17,177615,POINT (1028931.8143046284 215115.26618027306),ROOSEVELT AVENUE BRIDGE,Flushing Line,Flushing Line,EB,2021-03-14 03:00:00,14.0,16.0,20.0,27.0,16.0,3,6,15.0
32970,Brooklyn,2021,3,14,3,0,32,157501,POINT (988148.6889210109 151103.24158873298),CROPSEY AVENUE BRIDGE,Cropsey Avenue,Dead end,SB,2021-03-14 03:00:00,48.0,36.0,43.0,58.0,35.0,3,6,29.0
32970,Brooklyn,2021,3,14,3,15,35,157501,POINT (988148.6889210109 151103.24158873298),CROPSEY AVENUE BRIDGE,Cropsey Avenue,Dead end,SB,2021-03-14 03:15:00,32.0,48.0,44.0,58.0,24.0,3,6,37.0
32970,Queens,2021,3,14,3,15,16,177615,POINT (1028931.8143046284 215115.26618027306),ROOSEVELT AVENUE BRIDGE,Flushing Line,Flushing Line,EB,2021-03-14 03:15:00,17.0,14.0,19.0,23.0,21.0,3,6,11.0
32970,Queens,2021,3,14,3,15,9,177615,POINT (1028931.8143046284 215115.26618027306),ROOSEVELT AVENUE BRIDGE,Flushing Line,Flushing Line,WB,2021-03-14 03:15:00,15.0,9.0,14.0,25.0,14.0,3,6,10.0
32970,Brooklyn,2021,3,14,3,15,27,191114,POINT (988207.4245194928 151130.52481856258),CROPSEY AVENUE BRIDGE,Coney Island Creek Shoreline,Dead end,NB,2021-03-14 03:15:00,43.0,29.0,40.0,30.0,31.0,3,6,25.0
32970,Brooklyn,2021,3,14,3,30,24,157501,POINT (988148.6889210109 151103.24158873298),CROPSEY AVENUE BRIDGE,Cropsey Avenue,Dead end,SB,2021-03-14 03:30:00,35.0,32.0,36.0,42.0,29.0,3,6,33.0
32970,Queens,2021,3,14,3,30,21,177615,POINT (1028931.8143046284 215115.26618027306),ROOSEVELT AVENUE BRIDGE,Flushing Line,Flushing Line,EB,2021-03-14 03:30:00,16.0,17.0,16.0,26.0,26.0,3,6,13.0
32970,Queens,2021,3,14,3,30,14,177615,POINT (1028931.8143046284 215115.26618027306),ROOSEVELT AVENUE BRIDGE,Flushing Line,Flushing Line,WB,2021-03-14 03:30:00,9.0,15.0,15.0,17.0,10.0,3,6,4.0
32970,Brooklyn,2021,3,14,3,30,31,191114,POINT (988207.4245194928 151130.52481856258),CROPSEY AVENUE BRIDGE,Coney Island Creek Shoreline,Dead end,NB,2021-03-14 03:30:00,27.0,43.0,40.0,52.0,23.0,3,6,25.0
32970,Brooklyn,2021,3,14,3,45,23,191114,POINT (988207.4245194928 151130.52481856258),CROPSEY AVENUE BRIDGE,Coney Island Creek Shoreline,Dead end,NB,2021-03-14 03:45:00,31.0,27.0,29.0,32.0,27.0,3,6,18.0
32970,Queens,2021,3,14,3,45,10,177615,POINT (1028931.8143046284 215115.26618027306),ROOSEVELT AVENUE BRIDGE,Flushing Line,Flushing Line,WB,2021-03-14 03:45:00,14.0,9.0,9.0,9.0,7.0,3,6,17.0
32970,Queens,2021,3,14,3,45,26,177615,POINT (1028931.8143046284 215115.26618027306),ROOSEVELT AVENUE BRIDGE,Flushing Line,Flushing Line,EB,2021-03-14 03:45:00,21.0,16.0,14.0,18.0,18.0,3,6,12.0
32970,Brooklyn,2021,3,14,3,45,29,157501,POINT (988148.6889210109 151103.24158873298),CROPSEY AVENUE BRIDGE,Cropsey Avenue,Dead end,SB,2021-03-14 03:45:00,24.0,35.0,48.0,49.0,36.0,3,6,42.0
32970,Brooklyn,2021,3,14,4,0,36,157501,POINT (988148.6889210109 151103.24158873298),CROPSEY AVENUE BRIDGE,Cropsey Avenue,Dead end,SB,2021-03-14 04:00:00,29.0,24.0,32.0,43.0,32.0,4,6,32.0
32970,Queens,2021,3,14,4,0,18,177615,POINT (1028931.8143046284 215115.26618027306),ROOSEVELT AVENUE BRIDGE,Flushing Line,Flushing Line,EB,2021-03-14 04:00:00,26.0,21.0,17.0,20.0,15.0,4,6,15.0
32970,Queens,2021,3,14,4,0,7,177615,POINT (1028931.8143046284 215115.26618027306),ROOSEVELT AVENUE BRIDGE,Flushing Line,Flushing Line,WB,2021-03-14 04:00:00,10.0,14.0,15.0,9.0,14.0,4,6,11.0
32970,Brooklyn,2021,3,14,4,0,27,191114,POINT (988207.4245194928 151130.52481856258),CROPSEY AVENUE BRIDGE,Coney Island Creek Shoreline,Dead end,NB,2021-03-14 04:00:00,23.0,31.0,43.0,54.0,32.0,4,6,27.0
32970,Brooklyn,2021,3,14,4,15,32,157501,POINT (988148.6889210109 151103.24158873298),CROPSEY AVENUE BRIDGE,Cropsey Avenue,Dead end,SB,2021-03-14 04:15:00,36.0,29.0,35.0,44.0,43.0,4,6,16.0
32970,Queens,2021,3,14,4,15,15,177615,POINT (1028931.8143046284 215115.26618027306),ROOSEVELT AVENUE BRIDGE,Flushing Line,Flushing Line,EB,2021-03-14 04:15:00,18.0,26.0,16.0,19.0,17.0,4,6,17.0
32970,Queens,2021,3,14,4,15,14,177615,POINT (1028931.8143046284 215115.26618027306),ROOSEVELT AVENUE BRIDGE,Flushing Line,Flushing Line,WB,2021-03-14 04:15:00,7.0,10.0,9.0,14.0,17.0,4,6,11.0
32970,Brooklyn,2021,3,14,4,15,32,191114,POINT (988207.4245194928 151130.52481856258),CROPSEY AVENUE BRIDGE,Coney Island Creek Shoreline,Dead end,NB,2021-03-14 04:15:00,27.0,23.0,27.0,40.0,30.0,4,6,28.0
32970,Brooklyn,2021,3,14,4,30,30,191114,POINT (988207.4245194928 151130.52481856258),CROPSEY AVENUE BRIDGE,Coney Island Creek Shoreline,Dead end,NB,2021-03-14 04:30:00,32.0,27.0,31.0,40.0,34.0,4,6,28.0
32970,Queens,2021,3,14,4,30,17,177615,POINT (1028931.8143046284 215115.26618027306),ROOSEVELT AVENUE BRIDGE,Flushing Line,Flushing Line,WB,2021-03-14 04:30:00,14.0,7.0,14.0,15.0,13.0,4,6,12.0
32970,Queens,2021,3,14,4,30,17,177615,POINT (1028931.8143046284 215115.26618027306),ROOSEVELT AVENUE BRIDGE,Flushing Line,Flushing Line,EB,2021-03-14 04:30:00,15.0,18.0,21.0,16.0,26.0,4,6,24.0
32970,Brooklyn,2021,3,14,4,30,43,157501,POINT (988148.6889210109 151103.24158873298),CROPSEY AVENUE BRIDGE,Cropsey Avenue,Dead end,SB,2021-03-14 04:30:00,32.0,36.0,24.0,36.0,40.0,4,6,37.0
32970,Brooklyn,2021,3,14,4,45,40,157501,POINT (988148.6889210109 151103.24158873298),CROPSEY AVENUE BRIDGE,Cropsey Avenue,Dead end,SB,2021-03-14 04:45:00,43.0,32.0,29.0,48.0,43.0,4,6,35.0
32970,Queens,2021,3,14,4,45,26,177615,POINT (1028931.8143046284 215115.26618027306),ROOSEVELT AVENUE BRIDGE,Flushing Line,Flushing Line,EB,2021-03-14 04:45:00,17.0,15.0,26.0,14.0,26.0,4,6,13.0
32970,Queens,2021,3,14,4,45,13,177615,POINT (1028931.8143046284 215115.26618027306),ROOSEVELT AVENUE BRIDGE,Flushing Line,Flushing Line,WB,2021-03-14 04:45:00,17.0,14.0,10.0,9.0,14.0,4,6,13.0
32970,Brooklyn,2021,3,14,4,45,34,191114,POINT (988207.4245194928 151130.52481856258),CROPSEY AVENUE BRIDGE,Coney Island Creek Shoreline,Dead end,NB,2021-03-14 04:45:00,30.0,32.0,23.0,29.0,49.0,4,6,28.0
32970,Brooklyn,2021,3,14,5,0,43,157501,POINT (988148.6889210109 151103.24158873298),CROPSEY AVENUE BRIDGE,Cropsey Avenue,Dead end,SB,2021-03-14 05:00:00,40.0,43.0,36.0,32.0,53.0,5,6,43.0
32970,Queens,2021,3,14,5,0,26,177615,POINT (1028931.8143046284 215115.26618027306),ROOSEVELT AVENUE BRIDGE,Flushing Line,Flushing Line,EB,2021-03-14 05:00:00,26.0,17.0,18.0,17.0,18.0,5,6,16.0
32970,Queens,2021,3,14,5,0,14,177615,POINT (1028931.8143046284 215115.26618027306),ROOSEVELT AVENUE BRIDGE,Flushing Line,Flushing Line,WB,2021-03-14 05:00:00,13.0,17.0,7.0,15.0,19.0,5,6,15.0
32970,Brooklyn,2021,3,14,5,0,49,191114,POINT (988207.4245194928 151130.52481856258),CROPSEY AVENUE BRIDGE,Coney Island Creek Shoreline,Dead end,NB,2021-03-14 05:00:00,34.0,30.0,27.0,43.0,53.0,5,6,30.0
32970,Brooklyn,2021,3,14,5,15,53,191114,POINT (988207.4245194928 151130.52481856258),CROPSEY AVENUE BRIDGE,Coney Island Creek Shoreline,Dead end,NB,2021-03-14 05:15:00,49.0,34.0,32.0,27.0,60.0,5,6,40.0
32970,Queens,2021,3,14,5,15,19,177615,POINT (1028931.8143046284 215115.26618027306),ROOSEVELT AVENUE BRIDGE,Flushing Line,Flushing Line,WB,2021-03-14 05:15:00,14.0,13.0,14.0,9.0,16.0,5,6,14.0
32970,Brooklyn,2021,3,14,5,15,53,157501,POINT (988148.6889210109 151103.24158873298),CROPSEY AVENUE BRIDGE,Cropsey Avenue,Dead end,SB,2021-03-14 05:15:00,43.0,40.0,32.0,35.0,72.0,5,6,36.0
32970,Queens,2021,3,14,5,15,18,177615,POINT (1028931.8143046284 215115.26618027306),ROOSEVELT AVENUE BRIDGE,Flushing Line,Flushing Line,EB,2021-03-14 05:15:00,26.0,26.0,15.0,16.0,24.0,5,6,23.0
32970,Brooklyn,2021,3,14,5,30,72,157501,POINT (988148.6889210109 151103.24158873298),CROPSEY AVENUE BRIDGE,Cropsey Avenue,Dead end,SB,2021-03-14 05:30:00,53.0,43.0,43.0,24.0,81.0,5,6,41.0
32970,Queens,2021,3,14,5,30,24,177615,POINT (1028931.8143046284 215115.26618027306),ROOSEVELT AVENUE BRIDGE,Flushing Line,Flushing Line,EB,2021-03-14 05:30:00,18.0,26.0,17.0,21.0,35.0,5,6,22.0
32970,Queens,2021,3,14,5,30,16,177615,POINT (1028931.8143046284 215115.26618027306),ROOSEVELT AVENUE BRIDGE,Flushing Line,Flushing Line,WB,2021-03-14 05:30:00,19.0,14.0,17.0,14.0,24.0,5,6,22.0
32970,Brooklyn,2021,3,14,5,30,60,191114,POINT (988207.4245194928 151130.52481856258),CROPSEY AVENUE BRIDGE,Coney Island Creek Shoreline,Dead end,NB,2021-03-14 05:30:00,53.0,49.0,30.0,31.0,54.0,5,6,40.0
32970,Brooklyn,2021,3,14,5,45,81,157501,POINT (988148.6889210109 151103.24158873298),CROPSEY AVENUE BRIDGE,Cropsey Avenue,Dead end,SB,2021-03-14 05:45:00,72.0,53.0,40.0,29.0,86.0,5,6,58.0
32970,Queens,2021,3,14,5,45,35,177615,POINT (1028931.8143046284 215115.26618027306),ROOSEVELT AVENUE BRIDGE,Flushing Line,Flushing Line,EB,2021-03-14 05:45:00,24.0,18.0,26.0,26.0,30.0,5,6,28.0
32970,Queens,2021,3,14,5,45,24,177615,POINT (1028931.8143046284 215115.26618027306),ROOSEVELT AVENUE BRIDGE,Flushing Line,Flushing Line,WB,2021-03-14 05:45:00,16.0,19.0,13.0,10.0,29.0,5,6,18.0
32970,Brooklyn,2021,3,14,5,45,54,191114,POINT (988207.4245194928 151130.52481856258),CROPSEY AVENUE BRIDGE,Coney Island Creek Shoreline,Dead end,NB,2021-03-14 05:45:00,60.0,53.0,34.0,23.0,62.0,5,6,48.0
32970,Brooklyn,2021,3,14,6,0,62,191114,POINT (988207.4245194928 151130.52481856258),CROPSEY AVENUE BRIDGE,Coney Island Creek Shoreline,Dead end,NB,2021-03-14 06:00:00,54.0,60.0,49.0,27.0,72.0,6,6,56.0
32970,Queens,2021,3,14,6,0,29,177615,POINT (1028931.8143046284 215115.26618027306),ROOSEVELT AVENUE BRIDGE,Flushing Line,Flushing Line,WB,2021-03-14 06:00:00,24.0,16.0,14.0,7.0,33.0,6,6,21.0
32970,Queens,2021,3,14,6,0,30,177615,POINT (1028931.8143046284 215115.26618027306),ROOSEVELT AVENUE BRIDGE,Flushing Line,Flushing Line,EB,2021-03-14 06:00:00,35.0,24.0,26.0,18.0,30.0,6,6,28.0
32970,Brooklyn,2021,3,14,6,0,86,157501,POINT (988148.6889210109 151103.24158873298),CROPSEY AVENUE BRIDGE,Cropsey Avenue,Dead end,SB,2021-03-14 06:00:00,81.0,72.0,43.0,36.0,73.0,6,6,54.0
32970,Brooklyn,2021,3,14,6,15,73,157501,POINT (988148.6889210109 151103.24158873298),CROPSEY AVENUE BRIDGE,Cropsey Avenue,Dead end,SB,2021-03-14 06:15:00,86.0,81.0,53.0,32.0,100.0,6,6,59.0
32970,Queens,2021,3,14,6,15,30,177615,POINT (1028931.8143046284 215115.26618027306),ROOSEVELT AVENUE BRIDGE,Flushing Line,Flushing Line,EB,2021-03-14 06:15:00,30.0,35.0,18.0,15.0,37.0,6,6,27.0
32970,Queens,2021,3,14,6,15,33,177615,POINT (1028931.8143046284 215115.26618027306),ROOSEVELT AVENUE BRIDGE,Flushing Line,Flushing Line,WB,2021-03-14 06:15:00,29.0,24.0,19.0,14.0,39.0,6,6,23.0
32970,Brooklyn,2021,3,14,6,15,72,191114,POINT (988207.4245194928 151130.52481856258),CROPSEY AVENUE BRIDGE,Coney Island Creek Shoreline,Dead end,NB,2021-03-14 06:15:00,62.0,54.0,53.0,32.0,69.0,6,6,72.0
32970,Brooklyn,2021,3,14,6,30,100,157501,POINT (988148.6889210109 151103.24158873298),CROPSEY AVENUE BRIDGE,Cropsey Avenue,Dead end,SB,2021-03-14 06:30:00,73.0,86.0,72.0,43.0,95.0,6,6,93.0
32970,Queens,2021,3,14,6,30,37,177615,POINT (1028931.8143046284 215115.26618027306),ROOSEVELT AVENUE BRIDGE,Flushing Line,Flushing Line,EB,2021-03-14 06:30:00,30.0,30.0,24.0,17.0,36.0,6,6,35.0
32970,Queens,2021,3,14,6,30,39,177615,POINT (1028931.8143046284 215115.26618027306),ROOSEVELT AVENUE BRIDGE,Flushing Line,Flushing Line,WB,2021-03-14 06:30:00,33.0,29.0,16.0,17.0,21.0,6,6,26.0
32970,Brooklyn,2021,3,14,6,30,69,191114,POINT (988207.4245194928 151130.52481856258),CROPSEY AVENUE BRIDGE,Coney Island Creek Shoreline,Dead end,NB,2021-03-14 06:30:00,72.0,62.0,60.0,30.0,98.0,6,6,99.0
32970,Brooklyn,2021,3,14,6,45,98,191114,POINT (988207.4245194928 151130.52481856258),CROPSEY AVENUE BRIDGE,Coney Island Creek Shoreline,Dead end,NB,2021-03-14 06:45:00,69.0,72.0,54.0,34.0,105.0,6,6,72.0
32970,Queens,2021,3,14,6,45,21,177615,POINT (1028931.8143046284 215115.26618027306),ROOSEVELT AVENUE BRIDGE,Flushing Line,Flushing Line,WB,2021-03-14 06:45:00,39.0,33.0,24.0,13.0,33.0,6,6,46.0
32970,Queens,2021,3,14,6,45,36,177615,POINT (1028931.8143046284 215115.26618027306),ROOSEVELT AVENUE BRIDGE,Flushing Line,Flushing Line,EB,2021-03-14 06:45:00,37.0,30.0,35.0,26.0,44.0,6,6,55.0
32970,Brooklyn,2021,3,14,6,45,95,157501,POINT (988148.6889210109 151103.24158873298),CROPSEY AVENUE BRIDGE,Cropsey Avenue,Dead end,SB,2021-03-14 06:45:00,100.0,73.0,81.0,40.0,86.0,6,6,137.0
32970,Brooklyn,2021,3,14,7,0,86,157501,POINT (988148.6889210109 151103.24158873298),CROPSEY AVENUE BRIDGE,Cropsey Avenue,Dead end,SB,2021-03-14 07:00:00,95.0,100.0,86.0,43.0,91.0,7,6,109.0
32970,Queens,2021,3,14,7,0,44,177615,POINT (1028931.8143046284 215115.26618027306),ROOSEVELT AVENUE BRIDGE,Flushing Line,Flushing Line,EB,2021-03-14 07:00:00,36.0,37.0,30.0,26.0,44.0,7,6,44.0
32970,Queens,2021,3,14,7,0,33,177615,POINT (1028931.8143046284 215115.26618027306),ROOSEVELT AVENUE BRIDGE,Flushing Line,Flushing Line,WB,2021-03-14 07:00:00,21.0,39.0,29.0,14.0,39.0,7,6,62.0
32970,Brooklyn,2021,3,14,7,0,105,191114,POINT (988207.4245194928 151130.52481856258),CROPSEY AVENUE BRIDGE,Coney Island Creek Shoreline,Dead end,NB,2021-03-14 07:00:00,98.0,69.0,62.0,49.0,106.0,7,6,104.0
32970,Brooklyn,2021,3,14,7,15,91,157501,POINT (988148.6889210109 151103.24158873298),CROPSEY AVENUE BRIDGE,Cropsey Avenue,Dead end,SB,2021-03-14 07:15:00,86.0,95.0,73.0,53.0,111.0,7,6,120.0
32970,Queens,2021,3,14,7,15,44,177615,POINT (1028931.8143046284 215115.26618027306),ROOSEVELT AVENUE BRIDGE,Flushing Line,Flushing Line,EB,2021-03-14 07:15:00,44.0,36.0,30.0,18.0,39.0,7,6,44.0
32970,Queens,2021,3,14,7,15,39,177615,POINT (1028931.8143046284 215115.26618027306),ROOSEVELT AVENUE BRIDGE,Flushing Line,Flushing Line,WB,2021-03-14 07:15:00,33.0,21.0,33.0,19.0,39.0,7,6,55.0
32970,Brooklyn,2021,3,14,7,15,106,191114,POINT (988207.4245194928 151130.52481856258),CROPSEY AVENUE BRIDGE,Coney Island Creek Shoreline,Dead end,NB,2021-03-14 07:15:00,105.0,98.0,72.0,53.0,107.0,7,6,134.0
32970,Queens,2021,3,14,7,30,39,177615,POINT (1028931.8143046284 215115.26618027306),ROOSEVELT AVENUE BRIDGE,Flushing Line,Flushing Line,WB,2021-03-14 07:30:00,39.0,33.0,39.0,16.0,57.0,7,6,66.0
32970,Brooklyn,2021,3,14,7,30,107,191114,POINT (988207.4245194928 151130.52481856258),CROPSEY AVENUE BRIDGE,Coney Island Creek Shoreline,Dead end,NB,2021-03-14 07:30:00,106.0,105.0,69.0,60.0,123.0,7,6,128.0
32970,Brooklyn,2021,3,14,7,30,111,157501,POINT (988148.6889210109 151103.24158873298),CROPSEY AVENUE BRIDGE,Cropsey Avenue,Dead end,SB,2021-03-14 07:30:00,91.0,86.0,100.0,72.0,116.0,7,6,151.0
32970,Queens,2021,3,14,7,30,39,177615,POINT (1028931.8143046284 215115.26618027306),ROOSEVELT AVENUE BRIDGE,Flushing Line,Flushing Line,EB,2021-03-14 07:30:00,44.0,44.0,37.0,24.0,53.0,7,6,67.0
32970,Brooklyn,2021,3,14,7,45,123,191114,POINT (988207.4245194928 151130.52481856258),CROPSEY AVENUE BRIDGE,Coney Island Creek Shoreline,Dead end,NB,2021-03-14 07:45:00,107.0,106.0,98.0,54.0,131.0,7,6,141.0
32970,Queens,2021,3,14,7,45,57,177615,POINT (1028931.8143046284 215115.26618027306),ROOSEVELT AVENUE BRIDGE,Flushing Line,Flushing Line,WB,2021-03-14 07:45:00,39.0,39.0,21.0,24.0,52.0,7,6,73.0
32970,Queens,2021,3,14,7,45,53,177615,POINT (1028931.8143046284 215115.26618027306),ROOSEVELT AVENUE BRIDGE,Flushing Line,Flushing Line,EB,2021-03-14 07:45:00,39.0,44.0,36.0,35.0,62.0,7,6,96.0
32970,Brooklyn,2021,3,14,7,45,116,157501,POINT (988148.6889210109 151103.24158873298),CROPSEY AVENUE BRIDGE,Cropsey Avenue,Dead end,SB,2021-03-14 07:45:00,111.0,91.0,95.0,81.0,120.0,7,6,182.0
32970,Brooklyn,2021,3,14,8,0,120,157501,POINT (988148.6889210109 151103.24158873298),CROPSEY AVENUE BRIDGE,Cropsey Avenue,Dead end,SB,2021-03-14 08:00:00,116.0,111.0,86.0,86.0,101.0,8,6,151.0
32970,Queens,2021,3,14,8,0,62,177615,POINT (1028931.8143046284 215115.26618027306),ROOSEVELT AVENUE BRIDGE,Flushing Line,Flushing Line,EB,2021-03-14 08:00:00,53.0,39.0,44.0,30.0,65.0,8,6,81.0
32970,Queens,2021,3,14,8,0,52,177615,POINT (1028931.8143046284 215115.26618027306),ROOSEVELT AVENUE BRIDGE,Flushing Line,Flushing Line,WB,2021-03-14 08:00:00,57.0,39.0,33.0,29.0,41.0,8,6,70.0
32970,Brooklyn,2021,3,14,8,0,131,191114,POINT (988207.4245194928 151130.52481856258),CROPSEY AVENUE BRIDGE,Coney Island Creek Shoreline,Dead end,NB,2021-03-14 08:00:00,123.0,107.0,105.0,62.0,148.0,8,6,175.0
32970,Brooklyn,2021,3,14,8,15,101,157501,POINT (988148.6889210109 151103.24158873298),CROPSEY AVENUE BRIDGE,Cropsey Avenue,Dead end,SB,2021-03-14 08:15:00,120.0,116.0,91.0,73.0,120.0,8,6,150.0
32970,Queens,2021,3,14,8,15,65,177615,POINT (1028931.8143046284 215115.26618027306),ROOSEVELT AVENUE BRIDGE,Flushing Line,Flushing Line,EB,2021-03-14 08:15:00,62.0,53.0,44.0,30.0,59.0,8,6,73.0
32970,Queens,2021,3,14,8,15,41,177615,POINT (1028931.8143046284 215115.26618027306),ROOSEVELT AVENUE BRIDGE,Flushing Line,Flushing Line,WB,2021-03-14 08:15:00,52.0,57.0,39.0,33.0,56.0,8,6,97.0
32970,Brooklyn,2021,3,14,8,15,148,191114,POINT (988207.4245194928 151130.52481856258),CROPSEY AVENUE BRIDGE,Coney Island Creek Shoreline,Dead end,NB,2021-03-14 08:15:00,131.0,123.0,106.0,72.0,165.0,8,6,171.0
32970,Brooklyn,2021,3,14,8,30,165,191114,POINT (988207.4245194928 151130.52481856258),CROPSEY AVENUE BRIDGE,Coney Island Creek Shoreline,Dead end,NB,2021-03-14 08:30:00,148.0,131.0,107.0,69.0,149.0,8,6,148.0
32970,Queens,2021,3,14,8,30,56,177615,POINT (1028931.8143046284 215115.26618027306),ROOSEVELT AVENUE BRIDGE,Flushing Line,Flushing Line,WB,2021-03-14 08:30:00,41.0,52.0,39.0,39.0,56.0,8,6,77.0
32970,Queens,2021,3,14,8,30,59,177615,POINT (1028931.8143046284 215115.26618027306),ROOSEVELT AVENUE BRIDGE,Flushing Line,Flushing Line,EB,2021-03-14 08:30:00,65.0,62.0,39.0,37.0,62.0,8,6,85.0
32970,Brooklyn,2021,3,14,8,30,120,157501,POINT (988148.6889210109 151103.24158873298),CROPSEY AVENUE BRIDGE,Cropsey Avenue,Dead end,SB,2021-03-14 08:30:00,101.0,120.0,111.0,100.0,135.0,8,6,193.0
32970,Brooklyn,2021,3,14,8,45,135,157501,POINT (988148.6889210109 151103.24158873298),CROPSEY AVENUE BRIDGE,Cropsey Avenue,Dead end,SB,2021-03-14 08:45:00,120.0,101.0,116.0,95.0,155.0,8,6,184.0
32970,Queens,2021,3,14,8,45,62,177615,POINT (1028931.8143046284 215115.26618027306),ROOSEVELT AVENUE BRIDGE,Flushing Line,Flushing Line,EB,2021-03-14 08:45:00,59.0,65.0,53.0,36.0,94.0,8,6,139.0
32970,Queens,2021,3,14,8,45,56,177615,POINT (1028931.8143046284 215115.26618027306),ROOSEVELT AVENUE BRIDGE,Flushing Line,Flushing Line,WB,2021-03-14 08:45:00,56.0,41.0,57.0,21.0,66.0,8,6,87.0
32970,Brooklyn,2021,3,14,8,45,149,191114,POINT (988207.4245194928 151130.52481856258),CROPSEY AVENUE BRIDGE,Coney Island Creek Shoreline,Dead end,NB,2021-03-14 08:45:00,165.0,148.0,123.0,98.0,150.0,8,6,159.0
32970,Brooklyn,2021,3,14,9,0,155,157501,POINT (988148.6889210109 151103.24158873298),CROPSEY AVENUE BRIDGE,Cropsey Avenue,Dead end,SB,2021-03-14 09:00:00,135.0,120.0,120.0,86.0,165.0,9,6,190.0
32970,Queens,2021,3,14,9,0,94,177615,POINT (1028931.8143046284 215115.26618027306),ROOSEVELT AVENUE BRIDGE,Flushing Line,Flushing Line,EB,2021-03-14 09:00:00,62.0,59.0,62.0,44.0,107.0,9,6,86.0
32970,Queens,2021,3,14,9,0,66,177615,POINT (1028931.8143046284 215115.26618027306),ROOSEVELT AVENUE BRIDGE,Flushing Line,Flushing Line,WB,2021-03-14 09:00:00,56.0,56.0,52.0,33.0,81.0,9,6,71.0
32970,Brooklyn,2021,3,14,9,0,150,191114,POINT (988207.4245194928 151130.52481856258),CROPSEY AVENUE BRIDGE,Coney Island Creek Shoreline,Dead end,NB,2021-03-14 09:00:00,149.0,165.0,131.0,105.0,188.0,9,6,194.0
32970,Brooklyn,2021,3,14,9,15,188,191114,POINT (988207.4245194928 151130.52481856258),CROPSEY AVENUE BRIDGE,Coney Island Creek Shoreline,Dead end,NB,2021-03-14 09:15:00,150.0,149.0,148.0,106.0,187.0,9,6,198.0
32970,Queens,2021,3,14,9,15,81,177615,POINT (1028931.8143046284 215115.26618027306),ROOSEVELT AVENUE BRIDGE,Flushing Line,Flushing Line,WB,2021-03-14 09:15:00,66.0,56.0,41.0,39.0,84.0,9,6,79.0
32970,Queens,2021,3,14,9,15,107,177615,POINT (1028931.8143046284 215115.26618027306),ROOSEVELT AVENUE BRIDGE,Flushing Line,Flushing Line,EB,2021-03-14 09:15:00,94.0,62.0,65.0,44.0,98.0,9,6,108.0
32970,Brooklyn,2021,3,14,9,15,165,157501,POINT (988148.6889210109 151103.24158873298),CROPSEY AVENUE BRIDGE,Cropsey Avenue,Dead end,SB,2021-03-14 09:15:00,155.0,135.0,101.0,91.0,149.0,9,6,200.0
32970,Brooklyn,2021,3,14,9,30,149,157501,POINT (988148.6889210109 151103.24158873298),CROPSEY AVENUE BRIDGE,Cropsey Avenue,Dead end,SB,2021-03-14 09:30:00,165.0,155.0,120.0,111.0,175.0,9,6,188.0
32970,Queens,2021,3,14,9,30,98,177615,POINT (1028931.8143046284 215115.26618027306),ROOSEVELT AVENUE BRIDGE,Flushing Line,Flushing Line,EB,2021-03-14 09:30:00,107.0,94.0,59.0,39.0,84.0,9,6,111.0
32970,Queens,2021,3,14,9,30,84,177615,POINT (1028931.8143046284 215115.26618027306),ROOSEVELT AVENUE BRIDGE,Flushing Line,Flushing Line,WB,2021-03-14 09:30:00,81.0,66.0,56.0,39.0,81.0,9,6,95.0
32970,Brooklyn,2021,3,14,9,30,187,191114,POINT (988207.4245194928 151130.52481856258),CROPSEY AVENUE BRIDGE,Coney Island Creek Shoreline,Dead end,NB,2021-03-14 09:30:00,188.0,150.0,165.0,107.0,191.0,9,6,224.0
32970,Brooklyn,2021,3,14,9,45,175,157501,POINT (988148.6889210109 151103.24158873298),CROPSEY AVENUE BRIDGE,Cropsey Avenue,Dead end,SB,2021-03-14 09:45:00,149.0,165.0,135.0,116.0,197.0,9,6,201.0
32970,Queens,2021,3,14,9,45,84,177615,POINT (1028931.8143046284 215115.26618027306),ROOSEVELT AVENUE BRIDGE,Flushing Line,Flushing Line,EB,2021-03-14 09:45:00,98.0,107.0,62.0,53.0,106.0,9,6,110.0
32970,Queens,2021,3,14,9,45,81,177615,POINT (1028931.8143046284 215115.26618027306),ROOSEVELT AVENUE BRIDGE,Flushing Line,Flushing Line,WB,2021-03-14 09:45:00,84.0,81.0,56.0,57.0,75.0,9,6,87.0
32970,Brooklyn,2021,3,14,9,45,191,191114,POINT (988207.4245194928 151130.52481856258),CROPSEY AVENUE BRIDGE,Coney Island Creek Shoreline,Dead end,NB,2021-03-14 09:45:00,187.0,188.0,149.0,123.0,174.0,9,6,232.0
32970,Brooklyn,2021,3,14,10,0,174,191114,POINT (988207.4245194928 151130.52481856258),CROPSEY AVENUE BRIDGE,Coney Island Creek Shoreline,Dead end,NB,2021-03-14 10:00:00,191.0,187.0,150.0,131.0,204.0,10,6,223.0
32970,Queens,2021,3,14,10,0,75,177615,POINT (1028931.8143046284 215115.26618027306),ROOSEVELT AVENUE BRIDGE,Flushing Line,Flushing Line,WB,2021-03-14 10:00:00,81.0,84.0,66.0,52.0,80.0,10,6,90.0
32970,Queens,2021,3,14,10,0,106,177615,POINT (1028931.8143046284 215115.26618027306),ROOSEVELT AVENUE BRIDGE,Flushing Line,Flushing Line,EB,2021-03-14 10:00:00,84.0,98.0,94.0,62.0,104.0,10,6,126.0
32970,Brooklyn,2021,3,14,10,0,197,157501,POINT (988148.6889210109 151103.24158873298),CROPSEY AVENUE BRIDGE,Cropsey Avenue,Dead end,SB,2021-03-14 10:00:00,175.0,149.0,155.0,120.0,176.0,10,6,212.0
32970,Brooklyn,2021,3,14,10,15,176,157501,POINT (988148.6889210109 151103.24158873298),CROPSEY AVENUE BRIDGE,Cropsey Avenue,Dead end,SB,2021-03-14 10:15:00,197.0,175.0,165.0,101.0,195.0,10,6,187.0
32970,Queens,2021,3,14,10,15,104,177615,POINT (1028931.8143046284 215115.26618027306),ROOSEVELT AVENUE BRIDGE,Flushing Line,Flushing Line,EB,2021-03-14 10:15:00,106.0,84.0,107.0,65.0,111.0,10,6,148.0
32970,Queens,2021,3,14,10,15,80,177615,POINT (1028931.8143046284 215115.26618027306),ROOSEVELT AVENUE BRIDGE,Flushing Line,Flushing Line,WB,2021-03-14 10:15:00,75.0,81.0,81.0,41.0,103.0,10,6,97.0
32970,Brooklyn,2021,3,14,10,15,204,191114,POINT (988207.4245194928 151130.52481856258),CROPSEY AVENUE BRIDGE,Coney Island Creek Shoreline,Dead end,NB,2021-03-14 10:15:00,174.0,191.0,188.0,148.0,211.0,10,6,246.0
32970,Brooklyn,2021,3,14,10,30,195,157501,POINT (988148.6889210109 151103.24158873298),CROPSEY AVENUE BRIDGE,Cropsey Avenue,Dead end,SB,2021-03-14 10:30:00,176.0,197.0,149.0,120.0,225.0,10,6,205.0
32970,Queens,2021,3,14,10,30,111,177615,POINT (1028931.8143046284 215115.26618027306),ROOSEVELT AVENUE BRIDGE,Flushing Line,Flushing Line,EB,2021-03-14 10:30:00,104.0,106.0,98.0,59.0,115.0,10,6,124.0
32970,Queens,2021,3,14,10,30,103,177615,POINT (1028931.8143046284 215115.26618027306),ROOSEVELT AVENUE BRIDGE,Flushing Line,Flushing Line,WB,2021-03-14 10:30:00,80.0,75.0,84.0,56.0,87.0,10,6,115.0
32970,Brooklyn,2021,3,14,10,30,211,191114,POINT (988207.4245194928 151130.52481856258),CROPSEY AVENUE BRIDGE,Coney Island Creek Shoreline,Dead end,NB,2021-03-14 10:30:00,204.0,174.0,187.0,165.0,210.0,10,6,239.0
32970,Brooklyn,2021,3,14,10,45,210,191114,POINT (988207.4245194928 151130.52481856258),CROPSEY AVENUE BRIDGE,Coney Island Creek Shoreline,Dead end,NB,2021-03-14 10:45:00,211.0,204.0,191.0,149.0,192.0,10,6,209.0
32970,Queens,2021,3,14,10,45,87,177615,POINT (1028931.8143046284 215115.26618027306),ROOSEVELT AVENUE BRIDGE,Flushing Line,Flushing Line,WB,2021-03-14 10:45:00,103.0,80.0,81.0,56.0,91.0,10,6,101.0
32970,Queens,2021,3,14,10,45,115,177615,POINT (1028931.8143046284 215115.26618027306),ROOSEVELT AVENUE BRIDGE,Flushing Line,Flushing Line,EB,2021-03-14 10:45:00,111.0,104.0,84.0,62.0,105.0,10,6,128.0
32970,Brooklyn,2021,3,14,10,45,225,157501,POINT (988148.6889210109 151103.24158873298),CROPSEY AVENUE BRIDGE,Cropsey Avenue,Dead end,SB,2021-03-14 10:45:00,195.0,176.0,175.0,135.0,224.0,10,6,243.0
32970,Brooklyn,2021,3,14,11,0,224,157501,POINT (988148.6889210109 151103.24158873298),CROPSEY AVENUE BRIDGE,Cropsey Avenue,Dead end,SB,2021-03-14 11:00:00,225.0,195.0,197.0,155.0,224.0,11,6,243.0
32970,Queens,2021,3,14,11,0,105,177615,POINT (1028931.8143046284 215115.26618027306),ROOSEVELT AVENUE BRIDGE,Flushing Line,Flushing Line,EB,2021-03-14 11:00:00,115.0,111.0,106.0,94.0,112.0,11,6,103.0
32970,Queens,2021,3,14,11,0,91,177615,POINT (1028931.8143046284 215115.26618027306),ROOSEVELT AVENUE BRIDGE,Flushing Line,Flushing Line,WB,2021-03-14 11:00:00,87.0,103.0,75.0,66.0,96.0,11,6,97.0
32970,Brooklyn,2021,3,14,11,0,192,191114,POINT (988207.4245194928 151130.52481856258),CROPSEY AVENUE BRIDGE,Coney Island Creek Shoreline,Dead end,NB,2021-03-14 11:00:00,210.0,211.0,174.0,150.0,229.0,11,6,235.0
32970,Brooklyn,2021,3,14,11,15,224,157501,POINT (988148.6889210109 151103.24158873298),CROPSEY AVENUE BRIDGE,Cropsey Avenue,Dead end,SB,2021-03-14 11:15:00,224.0,225.0,176.0,165.0,225.0,11,6,237.0
32970,Queens,2021,3,14,11,15,112,177615,POINT (1028931.8143046284 215115.26618027306),ROOSEVELT AVENUE BRIDGE,Flushing Line,Flushing Line,EB,2021-03-14 11:15:00,105.0,115.0,104.0,107.0,118.0,11,6,144.0
32970,Queens,2021,3,14,11,15,96,177615,POINT (1028931.8143046284 215115.26618027306),ROOSEVELT AVENUE BRIDGE,Flushing Line,Flushing Line,WB,2021-03-14 11:15:00,91.0,87.0,80.0,81.0,87.0,11,6,118.0
32970,Brooklyn,2021,3,14,11,15,229,191114,POINT (988207.4245194928 151130.52481856258),CROPSEY AVENUE BRIDGE,Coney Island Creek Shoreline,Dead end,NB,2021-03-14 11:15:00,192.0,210.0,204.0,188.0,207.0,11,6,227.0
32970,Brooklyn,2021,3,14,11,30,207,191114,POINT (988207.4245194928 151130.52481856258),CROPSEY AVENUE BRIDGE,Coney Island Creek Shoreline,Dead end,NB,2021-03-14 11:30:00,229.0,192.0,211.0,187.0,251.0,11,6,249.0
32970,Queens,2021,3,14,11,30,87,177615,POINT (1028931.8143046284 215115.26618027306),ROOSEVELT AVENUE BRIDGE,Flushing Line,Flushing Line,WB,2021-03-14 11:30:00,96.0,91.0,103.0,84.0,97.0,11,6,107.0
32970,Queens,2021,3,14,11,30,118,177615,POINT (1028931.8143046284 215115.26618027306),ROOSEVELT AVENUE BRIDGE,Flushing Line,Flushing Line,EB,2021-03-14 11:30:00,112.0,105.0,111.0,98.0,153.0,11,6,139.0
32970,Brooklyn,2021,3,14,11,30,225,157501,POINT (988148.6889210109 151103.24158873298),CROPSEY AVENUE BRIDGE,Cropsey Avenue,Dead end,SB,2021-03-14 11:30:00,224.0,224.0,195.0,149.0,237.0,11,6,238.0
32970,Brooklyn,2021,3,14,11,45,237,157501,POINT (988148.6889210109 151103.24158873298),CROPSEY AVENUE BRIDGE,Cropsey Avenue,Dead end,SB,2021-03-14 11:45:00,225.0,224.0,225.0,175.0,244.0,11,6,231.0
32970,Queens,2021,3,14,11,45,153,177615,POINT (1028931.8143046284 215115.26618027306),ROOSEVELT AVENUE BRIDGE,Flushing Line,Flushing Line,EB,2021-03-14 11:45:00,118.0,112.0,115.0,84.0,92.0,11,6,132.0
32970,Queens,2021,3,14,11,45,97,177615,POINT (1028931.8143046284 215115.26618027306),ROOSEVELT AVENUE BRIDGE,Flushing Line,Flushing Line,WB,2021-03-14 11:45:00,87.0,96.0,87.0,81.0,107.0,11,6,114.0
32970,Brooklyn,2021,3,14,11,45,251,191114,POINT (988207.4245194928 151130.52481856258),CROPSEY AVENUE BRIDGE,Coney Island Creek Shoreline,Dead end,NB,2021-03-14 11:45:00,207.0,229.0,210.0,191.0,245.0,11,6,236.0
32970,Brooklyn,2021,3,14,12,0,244,157501,POINT (988148.6889210109 151103.24158873298),CROPSEY AVENUE BRIDGE,Cropsey Avenue,Dead end,SB,2021-03-14 12:00:00,237.0,225.0,224.0,197.0,235.0,12,6,254.0
32970,Queens,2021,3,14,12,0,92,177615,POINT (1028931.8143046284 215115.26618027306),ROOSEVELT AVENUE BRIDGE,Flushing Line,Flushing Line,EB,2021-03-14 12:00:00,153.0,118.0,105.0,106.0,128.0,12,6,127.0
32970,Queens,2021,3,14,12,0,107,177615,POINT (1028931.8143046284 215115.26618027306),ROOSEVELT AVENUE BRIDGE,Flushing Line,Flushing Line,WB,2021-03-14 12:00:00,97.0,87.0,91.0,75.0,92.0,12,6,109.0
32970,Brooklyn,2021,3,14,12,0,245,191114,POINT (988207.4245194928 151130.52481856258),CROPSEY AVENUE BRIDGE,Coney Island Creek Shoreline,Dead end,NB,2021-03-14 12:00:00,251.0,207.0,192.0,174.0,261.0,12,6,251.0
32970,Brooklyn,2021,3,14,12,15,261,191114,POINT (988207.4245194928 151130.52481856258),CROPSEY AVENUE BRIDGE,Coney Island Creek Shoreline,Dead end,NB,2021-03-14 12:15:00,245.0,251.0,229.0,204.0,251.0,12,6,250.0
32970,Queens,2021,3,14,12,15,92,177615,POINT (1028931.8143046284 215115.26618027306),ROOSEVELT AVENUE BRIDGE,Flushing Line,Flushing Line,WB,2021-03-14 12:15:00,107.0,97.0,96.0,80.0,127.0,12,6,125.0
32970,Queens,2021,3,14,12,15,128,177615,POINT (1028931.8143046284 215115.26618027306),ROOSEVELT AVENUE BRIDGE,Flushing Line,Flushing Line,EB,2021-03-14 12:15:00,92.0,153.0,112.0,104.0,126.0,12,6,144.0
32970,Brooklyn,2021,3,14,12,15,235,157501,POINT (988148.6889210109 151103.24158873298),CROPSEY AVENUE BRIDGE,Cropsey Avenue,Dead end,SB,2021-03-14 12:15:00,244.0,237.0,224.0,176.0,247.0,12,6,247.0
32970,Brooklyn,2021,3,14,12,30,247,157501,POINT (988148.6889210109 151103.24158873298),CROPSEY AVENUE BRIDGE,Cropsey Avenue,Dead end,SB,2021-03-14 12:30:00,235.0,244.0,225.0,195.0,262.0,12,6,264.0
32970,Queens,2021,3,14,12,30,126,177615,POINT (1028931.8143046284 215115.26618027306),ROOSEVELT AVENUE BRIDGE,Flushing Line,Flushing Line,EB,2021-03-14 12:30:00,128.0,92.0,118.0,111.0,139.0,12,6,136.0
32970,Queens,2021,3,14,12,30,127,177615,POINT (1028931.8143046284 215115.26618027306),ROOSEVELT AVENUE BRIDGE,Flushing Line,Flushing Line,WB,2021-03-14 12:30:00,92.0,107.0,87.0,103.0,102.0,12,6,102.0
32970,Brooklyn,2021,3,14,12,30,251,191114,POINT (988207.4245194928 151130.52481856258),CROPSEY AVENUE BRIDGE,Coney Island Creek Shoreline,Dead end,NB,2021-03-14 12:30:00,261.0,245.0,207.0,211.0,249.0,12,6,225.0
32970,Brooklyn,2021,3,14,12,45,262,157501,POINT (988148.6889210109 151103.24158873298),CROPSEY AVENUE BRIDGE,Cropsey Avenue,Dead end,SB,2021-03-14 12:45:00,247.0,235.0,237.0,225.0,246.0,12,6,261.0
32970,Queens,2021,3,14,12,45,139,177615,POINT (1028931.8143046284 215115.26618027306),ROOSEVELT AVENUE BRIDGE,Flushing Line,Flushing Line,EB,2021-03-14 12:45:00,126.0,128.0,153.0,115.0,97.0,12,6,145.0
32970,Queens,2021,3,14,12,45,102,177615,POINT (1028931.8143046284 215115.26618027306),ROOSEVELT AVENUE BRIDGE,Flushing Line,Flushing Line,WB,2021-03-14 12:45:00,127.0,92.0,97.0,87.0,102.0,12,6,118.0
32970,Brooklyn,2021,3,14,12,45,249,191114,POINT (988207.4245194928 151130.52481856258),CROPSEY AVENUE BRIDGE,Coney Island Creek Shoreline,Dead end,NB,2021-03-14 12:45:00,251.0,261.0,251.0,210.0,263.0,12,6,249.0
32970,Brooklyn,2021,3,14,13,0,263,191114,POINT (988207.4245194928 151130.52481856258),CROPSEY AVENUE BRIDGE,Coney Island Creek Shoreline,Dead end,NB,2021-03-14 13:00:00,249.0,251.0,245.0,192.0,250.0,13,6,265.0
32970,Queens,2021,3,14,13,0,102,177615,POINT (1028931.8143046284 215115.26618027306),ROOSEVELT AVENUE BRIDGE,Flushing Line,Flushing Line,WB,2021-03-14 13:00:00,102.0,127.0,107.0,91.0,115.0,13,6,125.0
32970,Queens,2021,3,14,13,0,97,177615,POINT (1028931.8143046284 215115.26618027306),ROOSEVELT AVENUE BRIDGE,Flushing Line,Flushing Line,EB,2021-03-14 13:00:00,139.0,126.0,92.0,105.0,133.0,13,6,146.0
32970,Brooklyn,2021,3,14,13,0,246,157501,POINT (988148.6889210109 151103.24158873298),CROPSEY AVENUE BRIDGE,Cropsey Avenue,Dead end,SB,2021-03-14 13:00:00,262.0,247.0,244.0,224.0,261.0,13,6,245.0
32970,Brooklyn,2021,3,14,13,15,261,157501,POINT (988148.6889210109 151103.24158873298),CROPSEY AVENUE BRIDGE,Cropsey Avenue,Dead end,SB,2021-03-14 13:15:00,246.0,262.0,235.0,224.0,265.0,13,6,239.0
32970,Queens,2021,3,14,13,15,133,177615,POINT (1028931.8143046284 215115.26618027306),ROOSEVELT AVENUE BRIDGE,Flushing Line,Flushing Line,EB,2021-03-14 13:15:00,97.0,139.0,128.0,112.0,128.0,13,6,137.0
32970,Queens,2021,3,14,13,15,115,177615,POINT (1028931.8143046284 215115.26618027306),ROOSEVELT AVENUE BRIDGE,Flushing Line,Flushing Line,WB,2021-03-14 13:15:00,102.0,102.0,92.0,96.0,116.0,13,6,113.0
32970,Brooklyn,2021,3,14,13,15,250,191114,POINT (988207.4245194928 151130.52481856258),CROPSEY AVENUE BRIDGE,Coney Island Creek Shoreline,Dead end,NB,2021-03-14 13:15:00,263.0,249.0,261.0,229.0,261.0,13,6,266.0
32970,Brooklyn,2021,3,14,13,30,265,157501,POINT (988148.6889210109 151103.24158873298),CROPSEY AVENUE BRIDGE,Cropsey Avenue,Dead end,SB,2021-03-14 13:30:00,261.0,246.0,247.0,225.0,271.0,13,6,265.0
32970,Queens,2021,3,14,13,30,128,177615,POINT (1028931.8143046284 215115.26618027306),ROOSEVELT AVENUE BRIDGE,Flushing Line,Flushing Line,EB,2021-03-14 13:30:00,133.0,97.0,126.0,118.0,158.0,13,6,138.0
32970,Queens,2021,3,14,13,30,116,177615,POINT (1028931.8143046284 215115.26618027306),ROOSEVELT AVENUE BRIDGE,Flushing Line,Flushing Line,WB,2021-03-14 13:30:00,115.0,102.0,127.0,87.0,141.0,13,6,133.0
32970,Brooklyn,2021,3,14,13,30,261,191114,POINT (988207.4245194928 151130.52481856258),CROPSEY AVENUE BRIDGE,Coney Island Creek Shoreline,Dead end,NB,2021-03-14 13:30:00,250.0,263.0,251.0,207.0,240.0,13,6,267.0
32970,Queens,2021,3,14,13,45,158,177615,POINT (1028931.8143046284 215115.26618027306),ROOSEVELT AVENUE BRIDGE,Flushing Line,Flushing Line,EB,2021-03-14 13:45:00,128.0,133.0,139.0,153.0,116.0,13,6,115.0
32970,Queens,2021,3,14,13,45,141,177615,POINT (1028931.8143046284 215115.26618027306),ROOSEVELT AVENUE BRIDGE,Flushing Line,Flushing Line,WB,2021-03-14 13:45:00,116.0,115.0,102.0,97.0,125.0,13,6,138.0
32970,Brooklyn,2021,3,14,13,45,271,157501,POINT (988148.6889210109 151103.24158873298),CROPSEY AVENUE BRIDGE,Cropsey Avenue,Dead end,SB,2021-03-14 13:45:00,265.0,261.0,262.0,237.0,272.0,13,6,241.0
32970,Brooklyn,2021,3,14,13,45,240,191114,POINT (988207.4245194928 151130.52481856258),CROPSEY AVENUE BRIDGE,Coney Island Creek Shoreline,Dead end,NB,2021-03-14 13:45:00,261.0,250.0,249.0,251.0,273.0,13,6,303.0
32970,Brooklyn,2021,3,14,14,0,273,191114,POINT (988207.4245194928 151130.52481856258),CROPSEY AVENUE BRIDGE,Coney Island Creek Shoreline,Dead end,NB,2021-03-14 14:00:00,240.0,261.0,263.0,245.0,269.0,14,6,284.0
32970,Queens,2021,3,14,14,0,125,177615,POINT (1028931.8143046284 215115.26618027306),ROOSEVELT AVENUE BRIDGE,Flushing Line,Flushing Line,WB,2021-03-14 14:00:00,141.0,116.0,102.0,107.0,123.0,14,6,131.0
32970,Queens,2021,3,14,14,0,116,177615,POINT (1028931.8143046284 215115.26618027306),ROOSEVELT AVENUE BRIDGE,Flushing Line,Flushing Line,EB,2021-03-14 14:00:00,158.0,128.0,97.0,92.0,129.0,14,6,128.0
32970,Brooklyn,2021,3,14,14,0,272,157501,POINT (988148.6889210109 151103.24158873298),CROPSEY AVENUE BRIDGE,Cropsey Avenue,Dead end,SB,2021-03-14 14:00:00,271.0,265.0,246.0,244.0,285.0,14,6,272.0
32970,Brooklyn,2021,3,14,14,15,285,157501,POINT (988148.6889210109 151103.24158873298),CROPSEY AVENUE BRIDGE,Cropsey Avenue,Dead end,SB,2021-03-14 14:15:00,272.0,271.0,261.0,235.0,287.0,14,6,255.0
32970,Queens,2021,3,14,14,15,129,177615,POINT (1028931.8143046284 215115.26618027306),ROOSEVELT AVENUE BRIDGE,Flushing Line,Flushing Line,EB,2021-03-14 14:15:00,116.0,158.0,133.0,128.0,125.0,14,6,140.0
32970,Queens,2021,3,14,14,15,123,177615,POINT (1028931.8143046284 215115.26618027306),ROOSEVELT AVENUE BRIDGE,Flushing Line,Flushing Line,WB,2021-03-14 14:15:00,125.0,141.0,115.0,92.0,136.0,14,6,145.0
32970,Brooklyn,2021,3,14,14,15,269,191114,POINT (988207.4245194928 151130.52481856258),CROPSEY AVENUE BRIDGE,Coney Island Creek Shoreline,Dead end,NB,2021-03-14 14:15:00,273.0,240.0,250.0,261.0,269.0,14,6,259.0
32970,Brooklyn,2021,3,14,14,30,287,157501,POINT (988148.6889210109 151103.24158873298),CROPSEY AVENUE BRIDGE,Cropsey Avenue,Dead end,SB,2021-03-14 14:30:00,285.0,272.0,265.0,247.0,272.0,14,6,247.0
32970,Queens,2021,3,14,14,30,125,177615,POINT (1028931.8143046284 215115.26618027306),ROOSEVELT AVENUE BRIDGE,Flushing Line,Flushing Line,EB,2021-03-14 14:30:00,129.0,116.0,128.0,126.0,149.0,14,6,139.0
32970,Queens,2021,3,14,14,30,136,177615,POINT (1028931.8143046284 215115.26618027306),ROOSEVELT AVENUE BRIDGE,Flushing Line,Flushing Line,WB,2021-03-14 14:30:00,123.0,125.0,116.0,127.0,143.0,14,6,152.0
32970,Brooklyn,2021,3,14,14,30,269,191114,POINT (988207.4245194928 151130.52481856258),CROPSEY AVENUE BRIDGE,Coney Island Creek Shoreline,Dead end,NB,2021-03-14 14:30:00,269.0,273.0,261.0,251.0,245.0,14,6,230.0
32970,Brooklyn,2021,3,14,14,45,245,191114,POINT (988207.4245194928 151130.52481856258),CROPSEY AVENUE BRIDGE,Coney Island Creek Shoreline,Dead end,NB,2021-03-14 14:45:00,269.0,269.0,240.0,249.0,224.0,14,6,252.0
32970,Queens,2021,3,14,14,45,143,177615,POINT (1028931.8143046284 215115.26618027306),ROOSEVELT AVENUE BRIDGE,Flushing Line,Flushing Line,WB,2021-03-14 14:45:00,136.0,123.0,141.0,102.0,102.0,14,6,135.0
32970,Brooklyn,2021,3,14,14,45,272,157501,POINT (988148.6889210109 151103.24158873298),CROPSEY AVENUE BRIDGE,Cropsey Avenue,Dead end,SB,2021-03-14 14:45:00,287.0,285.0,271.0,262.0,265.0,14,6,302.0
32970,Queens,2021,3,14,14,45,149,177615,POINT (1028931.8143046284 215115.26618027306),ROOSEVELT AVENUE BRIDGE,Flushing Line,Flushing Line,EB,2021-03-14 14:45:00,125.0,129.0,158.0,139.0,122.0,14,6,132.0
32970,Brooklyn,2021,3,14,15,0,265,157501,POINT (988148.6889210109 151103.24158873298),CROPSEY AVENUE BRIDGE,Cropsey Avenue,Dead end,SB,2021-03-14 15:00:00,272.0,287.0,272.0,246.0,221.0,15,6,316.0
32970,Queens,2021,3,14,15,0,122,177615,POINT (1028931.8143046284 215115.26618027306),ROOSEVELT AVENUE BRIDGE,Flushing Line,Flushing Line,EB,2021-03-14 15:00:00,149.0,125.0,116.0,97.0,124.0,15,6,112.0
32970,Queens,2021,3,14,15,0,102,177615,POINT (1028931.8143046284 215115.26618027306),ROOSEVELT AVENUE BRIDGE,Flushing Line,Flushing Line,WB,2021-03-14 15:00:00,143.0,136.0,125.0,102.0,107.0,15,6,128.0
32970,Brooklyn,2021,3,14,15,0,224,191114,POINT (988207.4245194928 151130.52481856258),CROPSEY AVENUE BRIDGE,Coney Island Creek Shoreline,Dead end,NB,2021-03-14 15:00:00,245.0,269.0,273.0,263.0,242.0,15,6,252.0
32970,Brooklyn,2021,3,14,15,15,221,157501,POINT (988148.6889210109 151103.24158873298),CROPSEY AVENUE BRIDGE,Cropsey Avenue,Dead end,SB,2021-03-14 15:15:00,265.0,272.0,285.0,261.0,211.0,15,6,274.0
32970,Queens,2021,3,14,15,15,124,177615,POINT (1028931.8143046284 215115.26618027306),ROOSEVELT AVENUE BRIDGE,Flushing Line,Flushing Line,EB,2021-03-14 15:15:00,122.0,149.0,129.0,133.0,119.0,15,6,122.0
32970,Queens,2021,3,14,15,15,107,177615,POINT (1028931.8143046284 215115.26618027306),ROOSEVELT AVENUE BRIDGE,Flushing Line,Flushing Line,WB,2021-03-14 15:15:00,102.0,143.0,123.0,115.0,116.0,15,6,126.0
32970,Brooklyn,2021,3,14,15,15,242,191114,POINT (988207.4245194928 151130.52481856258),CROPSEY AVENUE BRIDGE,Coney Island Creek Shoreline,Dead end,NB,2021-03-14 15:15:00,224.0,245.0,269.0,250.0,224.0,15,6,253.0
32970,Brooklyn,2021,3,14,15,30,224,191114,POINT (988207.4245194928 151130.52481856258),CROPSEY AVENUE BRIDGE,Coney Island Creek Shoreline,Dead end,NB,2021-03-14 15:30:00,242.0,224.0,269.0,261.0,235.0,15,6,254.0
32970,Queens,2021,3,14,15,30,116,177615,POINT (1028931.8143046284 215115.26618027306),ROOSEVELT AVENUE BRIDGE,Flushing Line,Flushing Line,WB,2021-03-14 15:30:00,107.0,102.0,136.0,116.0,121.0,15,6,153.0
32970,Queens,2021,3,14,15,30,119,177615,POINT (1028931.8143046284 215115.26618027306),ROOSEVELT AVENUE BRIDGE,Flushing Line,Flushing Line,EB,2021-03-14 15:30:00,124.0,122.0,125.0,128.0,111.0,15,6,142.0
32970,Brooklyn,2021,3,14,15,30,211,157501,POINT (988148.6889210109 151103.24158873298),CROPSEY AVENUE BRIDGE,Cropsey Avenue,Dead end,SB,2021-03-14 15:30:00,221.0,265.0,287.0,265.0,193.0,15,6,252.0
32970,Brooklyn,2021,3,14,15,45,193,157501,POINT (988148.6889210109 151103.24158873298),CROPSEY AVENUE BRIDGE,Cropsey Avenue,Dead end,SB,2021-03-14 15:45:00,211.0,221.0,272.0,271.0,210.0,15,6,259.0
32970,Queens,2021,3,14,15,45,111,177615,POINT (1028931.8143046284 215115.26618027306),ROOSEVELT AVENUE BRIDGE,Flushing Line,Flushing Line,EB,2021-03-14 15:45:00,119.0,124.0,149.0,158.0,117.0,15,6,134.0
32970,Queens,2021,3,14,15,45,121,177615,POINT (1028931.8143046284 215115.26618027306),ROOSEVELT AVENUE BRIDGE,Flushing Line,Flushing Line,WB,2021-03-14 15:45:00,116.0,107.0,143.0,141.0,113.0,15,6,136.0
32970,Brooklyn,2021,3,14,15,45,235,191114,POINT (988207.4245194928 151130.52481856258),CROPSEY AVENUE BRIDGE,Coney Island Creek Shoreline,Dead end,NB,2021-03-14 15:45:00,224.0,242.0,245.0,240.0,202.0,15,6,255.0
32970,Brooklyn,2021,3,14,16,0,210,157501,POINT (988148.6889210109 151103.24158873298),CROPSEY AVENUE BRIDGE,Cropsey Avenue,Dead end,SB,2021-03-14 16:00:00,193.0,211.0,265.0,272.0,188.0,16,6,249.0
32970,Queens,2021,3,14,16,0,117,177615,POINT (1028931.8143046284 215115.26618027306),ROOSEVELT AVENUE BRIDGE,Flushing Line,Flushing Line,EB,2021-03-14 16:00:00,111.0,119.0,122.0,116.0,135.0,16,6,128.0
32970,Queens,2021,3,14,16,0,113,177615,POINT (1028931.8143046284 215115.26618027306),ROOSEVELT AVENUE BRIDGE,Flushing Line,Flushing Line,WB,2021-03-14 16:00:00,121.0,116.0,102.0,125.0,106.0,16,6,136.0
32970,Brooklyn,2021,3,14,16,0,202,191114,POINT (988207.4245194928 151130.52481856258),CROPSEY AVENUE BRIDGE,Coney Island Creek Shoreline,Dead end,NB,2021-03-14 16:00:00,235.0,224.0,224.0,273.0,243.0,16,6,258.0
32970,Brooklyn,2021,3,14,16,15,243,191114,POINT (988207.4245194928 151130.52481856258),CROPSEY AVENUE BRIDGE,Coney Island Creek Shoreline,Dead end,NB,2021-03-14 16:15:00,202.0,235.0,242.0,269.0,185.0,16,6,251.0
32970,Queens,2021,3,14,16,15,106,177615,POINT (1028931.8143046284 215115.26618027306),ROOSEVELT AVENUE BRIDGE,Flushing Line,Flushing Line,WB,2021-03-14 16:15:00,113.0,121.0,107.0,123.0,114.0,16,6,124.0
32970,Queens,2021,3,14,16,15,135,177615,POINT (1028931.8143046284 215115.26618027306),ROOSEVELT AVENUE BRIDGE,Flushing Line,Flushing Line,EB,2021-03-14 16:15:00,117.0,111.0,124.0,129.0,103.0,16,6,127.0
32970,Brooklyn,2021,3,14,16,15,188,157501,POINT (988148.6889210109 151103.24158873298),CROPSEY AVENUE BRIDGE,Cropsey Avenue,Dead end,SB,2021-03-14 16:15:00,210.0,193.0,221.0,285.0,186.0,16,6,257.0
32970,Brooklyn,2021,3,14,16,30,186,157501,POINT (988148.6889210109 151103.24158873298),CROPSEY AVENUE BRIDGE,Cropsey Avenue,Dead end,SB,2021-03-14 16:30:00,188.0,210.0,211.0,287.0,194.0,16,6,264.0
32970,Queens,2021,3,14,16,30,103,177615,POINT (1028931.8143046284 215115.26618027306),ROOSEVELT AVENUE BRIDGE,Flushing Line,Flushing Line,EB,2021-03-14 16:30:00,135.0,117.0,119.0,125.0,123.0,16,6,109.0
32970,Queens,2021,3,14,16,30,114,177615,POINT (1028931.8143046284 215115.26618027306),ROOSEVELT AVENUE BRIDGE,Flushing Line,Flushing Line,WB,2021-03-14 16:30:00,106.0,113.0,116.0,136.0,99.0,16,6,127.0
32970,Brooklyn,2021,3,14,16,30,185,191114,POINT (988207.4245194928 151130.52481856258),CROPSEY AVENUE BRIDGE,Coney Island Creek Shoreline,Dead end,NB,2021-03-14 16:30:00,243.0,202.0,224.0,269.0,225.0,16,6,252.0
32970,Brooklyn,2021,3,14,16,45,194,157501,POINT (988148.6889210109 151103.24158873298),CROPSEY AVENUE BRIDGE,Cropsey Avenue,Dead end,SB,2021-03-14 16:45:00,186.0,188.0,193.0,272.0,211.0,16,6,261.0
32970,Queens,2021,3,14,16,45,123,177615,POINT (1028931.8143046284 215115.26618027306),ROOSEVELT AVENUE BRIDGE,Flushing Line,Flushing Line,EB,2021-03-14 16:45:00,103.0,135.0,111.0,149.0,122.0,16,6,126.0
32970,Queens,2021,3,14,16,45,99,177615,POINT (1028931.8143046284 215115.26618027306),ROOSEVELT AVENUE BRIDGE,Flushing Line,Flushing Line,WB,2021-03-14 16:45:00,114.0,106.0,121.0,143.0,104.0,16,6,141.0
32970,Brooklyn,2021,3,14,16,45,225,191114,POINT (988207.4245194928 151130.52481856258),CROPSEY AVENUE BRIDGE,Coney Island Creek Shoreline,Dead end,NB,2021-03-14 16:45:00,185.0,243.0,235.0,245.0,210.0,16,6,207.0
32970,Queens,2021,3,14,17,0,104,177615,POINT (1028931.8143046284 215115.26618027306),ROOSEVELT AVENUE BRIDGE,Flushing Line,Flushing Line,WB,2021-03-14 17:00:00,99.0,114.0,113.0,102.0,107.0,17,6,134.0
32970,Brooklyn,2021,3,14,17,0,210,191114,POINT (988207.4245194928 151130.52481856258),CROPSEY AVENUE BRIDGE,Coney Island Creek Shoreline,Dead end,NB,2021-03-14 17:00:00,225.0,185.0,202.0,224.0,197.0,17,6,222.0
32970,Brooklyn,2021,3,14,17,0,211,157501,POINT (988148.6889210109 151103.24158873298),CROPSEY AVENUE BRIDGE,Cropsey Avenue,Dead end,SB,2021-03-14 17:00:00,194.0,186.0,210.0,265.0,197.0,17,6,249.0
32970,Queens,2021,3,14,17,0,122,177615,POINT (1028931.8143046284 215115.26618027306),ROOSEVELT AVENUE BRIDGE,Flushing Line,Flushing Line,EB,2021-03-14 17:00:00,123.0,103.0,117.0,122.0,117.0,17,6,132.0
32970,Brooklyn,2021,3,14,17,15,197,157501,POINT (988148.6889210109 151103.24158873298),CROPSEY AVENUE BRIDGE,Cropsey Avenue,Dead end,SB,2021-03-14 17:15:00,211.0,194.0,188.0,221.0,228.0,17,6,246.0
32970,Queens,2021,3,14,17,15,117,177615,POINT (1028931.8143046284 215115.26618027306),ROOSEVELT AVENUE BRIDGE,Flushing Line,Flushing Line,EB,2021-03-14 17:15:00,122.0,123.0,135.0,124.0,105.0,17,6,144.0
32970,Queens,2021,3,14,17,15,107,177615,POINT (1028931.8143046284 215115.26618027306),ROOSEVELT AVENUE BRIDGE,Flushing Line,Flushing Line,WB,2021-03-14 17:15:00,104.0,99.0,106.0,107.0,107.0,17,6,148.0
32970,Brooklyn,2021,3,14,17,15,197,191114,POINT (988207.4245194928 151130.52481856258),CROPSEY AVENUE BRIDGE,Coney Island Creek Shoreline,Dead end,NB,2021-03-14 17:15:00,210.0,225.0,243.0,242.0,192.0,17,6,257.0
32970,Brooklyn,2021,3,14,17,30,228,157501,POINT (988148.6889210109 151103.24158873298),CROPSEY AVENUE BRIDGE,Cropsey Avenue,Dead end,SB,2021-03-14 17:30:00,197.0,211.0,186.0,211.0,206.0,17,6,227.0
32970,Queens,2021,3,14,17,30,105,177615,POINT (1028931.8143046284 215115.26618027306),ROOSEVELT AVENUE BRIDGE,Flushing Line,Flushing Line,EB,2021-03-14 17:30:00,117.0,122.0,103.0,119.0,96.0,17,6,101.0
32970,Queens,2021,3,14,17,30,107,177615,POINT (1028931.8143046284 215115.26618027306),ROOSEVELT AVENUE BRIDGE,Flushing Line,Flushing Line,WB,2021-03-14 17:30:00,107.0,104.0,114.0,116.0,90.0,17,6,136.0
32970,Brooklyn,2021,3,14,17,30,192,191114,POINT (988207.4245194928 151130.52481856258),CROPSEY AVENUE BRIDGE,Coney Island Creek Shoreline,Dead end,NB,2021-03-14 17:30:00,197.0,210.0,185.0,224.0,181.0,17,6,208.0
32970,Brooklyn,2021,3,14,17,45,181,191114,POINT (988207.4245194928 151130.52481856258),CROPSEY AVENUE BRIDGE,Coney Island Creek Shoreline,Dead end,NB,2021-03-14 17:45:00,192.0,197.0,225.0,235.0,181.0,17,6,188.0
32970,Queens,2021,3,14,17,45,90,177615,POINT (1028931.8143046284 215115.26618027306),ROOSEVELT AVENUE BRIDGE,Flushing Line,Flushing Line,WB,2021-03-14 17:45:00,107.0,107.0,99.0,121.0,97.0,17,6,114.0
32970,Queens,2021,3,14,17,45,96,177615,POINT (1028931.8143046284 215115.26618027306),ROOSEVELT AVENUE BRIDGE,Flushing Line,Flushing Line,EB,2021-03-14 17:45:00,105.0,117.0,123.0,111.0,83.0,17,6,124.0
32970,Brooklyn,2021,3,14,17,45,206,157501,POINT (988148.6889210109 151103.24158873298),CROPSEY AVENUE BRIDGE,Cropsey Avenue,Dead end,SB,2021-03-14 17:45:00,228.0,197.0,194.0,193.0,220.0,17,6,234.0
32970,Brooklyn,2021,3,14,18,0,220,157501,POINT (988148.6889210109 151103.24158873298),CROPSEY AVENUE BRIDGE,Cropsey Avenue,Dead end,SB,2021-03-14 18:00:00,206.0,228.0,211.0,210.0,194.0,18,6,226.0
32970,Queens,2021,3,14,18,0,83,177615,POINT (1028931.8143046284 215115.26618027306),ROOSEVELT AVENUE BRIDGE,Flushing Line,Flushing Line,EB,2021-03-14 18:00:00,96.0,105.0,122.0,117.0,82.0,18,6,145.0
32970,Queens,2021,3,14,18,0,97,177615,POINT (1028931.8143046284 215115.26618027306),ROOSEVELT AVENUE BRIDGE,Flushing Line,Flushing Line,WB,2021-03-14 18:00:00,90.0,107.0,104.0,113.0,115.0,18,6,116.0
32970,Brooklyn,2021,3,14,18,0,181,191114,POINT (988207.4245194928 151130.52481856258),CROPSEY AVENUE BRIDGE,Coney Island Creek Shoreline,Dead end,NB,2021-03-14 18:00:00,181.0,192.0,210.0,202.0,165.0,18,6,233.0
32970,Brooklyn,2021,3,14,18,15,194,157501,POINT (988148.6889210109 151103.24158873298),CROPSEY AVENUE BRIDGE,Cropsey Avenue,Dead end,SB,2021-03-14 18:15:00,220.0,206.0,197.0,188.0,200.0,18,6,236.0
32970,Queens,2021,3,14,18,15,82,177615,POINT (1028931.8143046284 215115.26618027306),ROOSEVELT AVENUE BRIDGE,Flushing Line,Flushing Line,EB,2021-03-14 18:15:00,83.0,96.0,117.0,135.0,87.0,18,6,129.0
32970,Queens,2021,3,14,18,15,115,177615,POINT (1028931.8143046284 215115.26618027306),ROOSEVELT AVENUE BRIDGE,Flushing Line,Flushing Line,WB,2021-03-14 18:15:00,97.0,90.0,107.0,106.0,72.0,18,6,115.0
32970,Brooklyn,2021,3,14,18,15,165,191114,POINT (988207.4245194928 151130.52481856258),CROPSEY AVENUE BRIDGE,Coney Island Creek Shoreline,Dead end,NB,2021-03-14 18:15:00,181.0,181.0,197.0,243.0,158.0,18,6,207.0
32970,Queens,2021,3,14,18,30,72,177615,POINT (1028931.8143046284 215115.26618027306),ROOSEVELT AVENUE BRIDGE,Flushing Line,Flushing Line,WB,2021-03-14 18:30:00,115.0,97.0,107.0,114.0,94.0,18,6,103.0
32970,Brooklyn,2021,3,14,18,30,158,191114,POINT (988207.4245194928 151130.52481856258),CROPSEY AVENUE BRIDGE,Coney Island Creek Shoreline,Dead end,NB,2021-03-14 18:30:00,165.0,181.0,192.0,185.0,147.0,18,6,219.0
32970,Brooklyn,2021,3,14,18,30,200,157501,POINT (988148.6889210109 151103.24158873298),CROPSEY AVENUE BRIDGE,Cropsey Avenue,Dead end,SB,2021-03-14 18:30:00,194.0,220.0,228.0,186.0,221.0,18,6,219.0
32970,Queens,2021,3,14,18,30,87,177615,POINT (1028931.8143046284 215115.26618027306),ROOSEVELT AVENUE BRIDGE,Flushing Line,Flushing Line,EB,2021-03-14 18:30:00,82.0,83.0,105.0,103.0,93.0,18,6,115.0
32970,Brooklyn,2021,3,14,18,45,221,157501,POINT (988148.6889210109 151103.24158873298),CROPSEY AVENUE BRIDGE,Cropsey Avenue,Dead end,SB,2021-03-14 18:45:00,200.0,194.0,206.0,194.0,209.0,18,6,252.0
32970,Queens,2021,3,14,18,45,93,177615,POINT (1028931.8143046284 215115.26618027306),ROOSEVELT AVENUE BRIDGE,Flushing Line,Flushing Line,EB,2021-03-14 18:45:00,87.0,82.0,96.0,123.0,54.0,18,6,117.0
32970,Queens,2021,3,14,18,45,94,177615,POINT (1028931.8143046284 215115.26618027306),ROOSEVELT AVENUE BRIDGE,Flushing Line,Flushing Line,WB,2021-03-14 18:45:00,72.0,115.0,90.0,99.0,70.0,18,6,102.0
32970,Brooklyn,2021,3,14,18,45,147,191114,POINT (988207.4245194928 151130.52481856258),CROPSEY AVENUE BRIDGE,Coney Island Creek Shoreline,Dead end,NB,2021-03-14 18:45:00,158.0,165.0,181.0,225.0,153.0,18,6,211.0
32970,Brooklyn,2021,3,14,19,0,209,157501,POINT (988148.6889210109 151103.24158873298),CROPSEY AVENUE BRIDGE,Cropsey Avenue,Dead end,SB,2021-03-14 19:00:00,221.0,200.0,220.0,211.0,173.0,19,6,205.0
32970,Queens,2021,3,14,19,0,54,177615,POINT (1028931.8143046284 215115.26618027306),ROOSEVELT AVENUE BRIDGE,Flushing Line,Flushing Line,EB,2021-03-14 19:00:00,93.0,87.0,83.0,122.0,79.0,19,6,109.0
32970,Queens,2021,3,14,19,0,70,177615,POINT (1028931.8143046284 215115.26618027306),ROOSEVELT AVENUE BRIDGE,Flushing Line,Flushing Line,WB,2021-03-14 19:00:00,94.0,72.0,97.0,104.0,56.0,19,6,127.0
32970,Brooklyn,2021,3,14,19,0,153,191114,POINT (988207.4245194928 151130.52481856258),CROPSEY AVENUE BRIDGE,Coney Island Creek Shoreline,Dead end,NB,2021-03-14 19:00:00,147.0,158.0,181.0,210.0,153.0,19,6,197.0
32970,Queens,2021,3,14,19,15,56,177615,POINT (1028931.8143046284 215115.26618027306),ROOSEVELT AVENUE BRIDGE,Flushing Line,Flushing Line,WB,2021-03-14 19:15:00,70.0,94.0,115.0,107.0,58.0,19,6,85.0
32970,Brooklyn,2021,3,14,19,15,153,191114,POINT (988207.4245194928 151130.52481856258),CROPSEY AVENUE BRIDGE,Coney Island Creek Shoreline,Dead end,NB,2021-03-14 19:15:00,153.0,147.0,165.0,197.0,152.0,19,6,188.0
32970,Brooklyn,2021,3,14,19,15,173,157501,POINT (988148.6889210109 151103.24158873298),CROPSEY AVENUE BRIDGE,Cropsey Avenue,Dead end,SB,2021-03-14 19:15:00,209.0,221.0,194.0,197.0,162.0,19,6,216.0
32970,Queens,2021,3,14,19,15,79,177615,POINT (1028931.8143046284 215115.26618027306),ROOSEVELT AVENUE BRIDGE,Flushing Line,Flushing Line,EB,2021-03-14 19:15:00,54.0,93.0,82.0,117.0,61.0,19,6,93.0
32970,Brooklyn,2021,3,14,19,30,162,157501,POINT (988148.6889210109 151103.24158873298),CROPSEY AVENUE BRIDGE,Cropsey Avenue,Dead end,SB,2021-03-14 19:30:00,173.0,209.0,200.0,228.0,161.0,19,6,245.0
32970,Queens,2021,3,14,19,30,61,177615,POINT (1028931.8143046284 215115.26618027306),ROOSEVELT AVENUE BRIDGE,Flushing Line,Flushing Line,EB,2021-03-14 19:30:00,79.0,54.0,87.0,105.0,77.0,19,6,117.0
32970,Queens,2021,3,14,19,30,58,177615,POINT (1028931.8143046284 215115.26618027306),ROOSEVELT AVENUE BRIDGE,Flushing Line,Flushing Line,WB,2021-03-14 19:30:00,56.0,70.0,72.0,107.0,61.0,19,6,101.0
32970,Brooklyn,2021,3,14,19,30,152,191114,POINT (988207.4245194928 151130.52481856258),CROPSEY AVENUE BRIDGE,Coney Island Creek Shoreline,Dead end,NB,2021-03-14 19:30:00,153.0,153.0,158.0,192.0,137.0,19,6,172.0
32970,Brooklyn,2021,3,14,19,45,161,157501,POINT (988148.6889210109 151103.24158873298),CROPSEY AVENUE BRIDGE,Cropsey Avenue,Dead end,SB,2021-03-14 19:45:00,162.0,173.0,221.0,206.0,159.0,19,6,207.0
32970,Queens,2021,3,14,19,45,77,177615,POINT (1028931.8143046284 215115.26618027306),ROOSEVELT AVENUE BRIDGE,Flushing Line,Flushing Line,EB,2021-03-14 19:45:00,61.0,79.0,93.0,96.0,54.0,19,6,97.0
32970,Queens,2021,3,14,19,45,61,177615,POINT (1028931.8143046284 215115.26618027306),ROOSEVELT AVENUE BRIDGE,Flushing Line,Flushing Line,WB,2021-03-14 19:45:00,58.0,56.0,94.0,90.0,55.0,19,6,82.0
32970,Brooklyn,2021,3,14,19,45,137,191114,POINT (988207.4245194928 151130.52481856258),CROPSEY AVENUE BRIDGE,Coney Island Creek Shoreline,Dead end,NB,2021-03-14 19:45:00,152.0,153.0,147.0,181.0,115.0,19,6,204.0
32970,Brooklyn,2021,3,14,20,0,115,191114,POINT (988207.4245194928 151130.52481856258),CROPSEY AVENUE BRIDGE,Coney Island Creek Shoreline,Dead end,NB,2021-03-14 20:00:00,137.0,152.0,153.0,181.0,109.0,20,6,180.0
32970,Brooklyn,2021,3,14,20,0,159,157501,POINT (988148.6889210109 151103.24158873298),CROPSEY AVENUE BRIDGE,Cropsey Avenue,Dead end,SB,2021-03-14 20:00:00,161.0,162.0,209.0,220.0,168.0,20,6,194.0
32970,Queens,2021,3,14,20,0,54,177615,POINT (1028931.8143046284 215115.26618027306),ROOSEVELT AVENUE BRIDGE,Flushing Line,Flushing Line,EB,2021-03-14 20:00:00,77.0,61.0,54.0,83.0,43.0,20,6,88.0
32970,Queens,2021,3,14,20,0,55,177615,POINT (1028931.8143046284 215115.26618027306),ROOSEVELT AVENUE BRIDGE,Flushing Line,Flushing Line,WB,2021-03-14 20:00:00,61.0,58.0,70.0,97.0,41.0,20,6,90.0
32970,Queens,2021,3,14,20,15,41,177615,POINT (1028931.8143046284 215115.26618027306),ROOSEVELT AVENUE BRIDGE,Flushing Line,Flushing Line,WB,2021-03-14 20:15:00,55.0,61.0,56.0,115.0,53.0,20,6,81.0
32970,Brooklyn,2021,3,14,20,15,109,191114,POINT (988207.4245194928 151130.52481856258),CROPSEY AVENUE BRIDGE,Coney Island Creek Shoreline,Dead end,NB,2021-03-14 20:15:00,115.0,137.0,153.0,165.0,112.0,20,6,170.0
32970,Brooklyn,2021,3,14,20,15,168,157501,POINT (988148.6889210109 151103.24158873298),CROPSEY AVENUE BRIDGE,Cropsey Avenue,Dead end,SB,2021-03-14 20:15:00,159.0,161.0,173.0,194.0,164.0,20,6,209.0
32970,Queens,2021,3,14,20,15,43,177615,POINT (1028931.8143046284 215115.26618027306),ROOSEVELT AVENUE BRIDGE,Flushing Line,Flushing Line,EB,2021-03-14 20:15:00,54.0,77.0,79.0,82.0,46.0,20,6,101.0
32970,Brooklyn,2021,3,14,20,30,112,191114,POINT (988207.4245194928 151130.52481856258),CROPSEY AVENUE BRIDGE,Coney Island Creek Shoreline,Dead end,NB,2021-03-14 20:30:00,109.0,115.0,152.0,158.0,105.0,20,6,139.0
32970,Queens,2021,3,14,20,30,53,177615,POINT (1028931.8143046284 215115.26618027306),ROOSEVELT AVENUE BRIDGE,Flushing Line,Flushing Line,WB,2021-03-14 20:30:00,41.0,55.0,58.0,72.0,38.0,20,6,68.0
32970,Queens,2021,3,14,20,30,46,177615,POINT (1028931.8143046284 215115.26618027306),ROOSEVELT AVENUE BRIDGE,Flushing Line,Flushing Line,EB,2021-03-14 20:30:00,43.0,54.0,61.0,87.0,58.0,20,6,79.0
32970,Brooklyn,2021,3,14,20,30,164,157501,POINT (988148.6889210109 151103.24158873298),CROPSEY AVENUE BRIDGE,Cropsey Avenue,Dead end,SB,2021-03-14 20:30:00,168.0,159.0,162.0,200.0,126.0,20,6,217.0
32970,Brooklyn,2021,3,14,20,45,126,157501,POINT (988148.6889210109 151103.24158873298),CROPSEY AVENUE BRIDGE,Cropsey Avenue,Dead end,SB,2021-03-14 20:45:00,164.0,168.0,161.0,221.0,151.0,20,6,184.0
32970,Queens,2021,3,14,20,45,58,177615,POINT (1028931.8143046284 215115.26618027306),ROOSEVELT AVENUE BRIDGE,Flushing Line,Flushing Line,EB,2021-03-14 20:45:00,46.0,43.0,77.0,93.0,42.0,20,6,67.0
32970,Queens,2021,3,14,20,45,38,177615,POINT (1028931.8143046284 215115.26618027306),ROOSEVELT AVENUE BRIDGE,Flushing Line,Flushing Line,WB,2021-03-14 20:45:00,53.0,41.0,61.0,94.0,41.0,20,6,63.0
32970,Brooklyn,2021,3,14,20,45,105,191114,POINT (988207.4245194928 151130.52481856258),CROPSEY AVENUE BRIDGE,Coney Island Creek Shoreline,Dead end,NB,2021-03-14 20:45:00,112.0,109.0,137.0,147.0,109.0,20,6,169.0
32970,Brooklyn,2021,3,14,21,0,151,157501,POINT (988148.6889210109 151103.24158873298),CROPSEY AVENUE BRIDGE,Cropsey Avenue,Dead end,SB,2021-03-14 21:00:00,126.0,164.0,159.0,209.0,143.0,21,6,184.0
32970,Queens,2021,3,14,21,0,42,177615,POINT (1028931.8143046284 215115.26618027306),ROOSEVELT AVENUE BRIDGE,Flushing Line,Flushing Line,EB,2021-03-14 21:00:00,58.0,46.0,54.0,54.0,40.0,21,6,81.0
32970,Queens,2021,3,14,21,0,41,177615,POINT (1028931.8143046284 215115.26618027306),ROOSEVELT AVENUE BRIDGE,Flushing Line,Flushing Line,WB,2021-03-14 21:00:00,38.0,53.0,55.0,70.0,30.0,21,6,57.0
32970,Brooklyn,2021,3,14,21,0,109,191114,POINT (988207.4245194928 151130.52481856258),CROPSEY AVENUE BRIDGE,Coney Island Creek Shoreline,Dead end,NB,2021-03-14 21:00:00,105.0,112.0,115.0,153.0,94.0,21,6,146.0
32970,Brooklyn,2021,3,14,21,15,94,191114,POINT (988207.4245194928 151130.52481856258),CROPSEY AVENUE BRIDGE,Coney Island Creek Shoreline,Dead end,NB,2021-03-14 21:15:00,109.0,105.0,109.0,153.0,86.0,21,6,138.0
32970,Queens,2021,3,14,21,15,30,177615,POINT (1028931.8143046284 215115.26618027306),ROOSEVELT AVENUE BRIDGE,Flushing Line,Flushing Line,WB,2021-03-14 21:15:00,41.0,38.0,41.0,56.0,34.0,21,6,54.0
32970,Queens,2021,3,14,21,15,40,177615,POINT (1028931.8143046284 215115.26618027306),ROOSEVELT AVENUE BRIDGE,Flushing Line,Flushing Line,EB,2021-03-14 21:15:00,42.0,58.0,43.0,79.0,40.0,21,6,57.0
32970,Brooklyn,2021,3,14,21,15,143,157501,POINT (988148.6889210109 151103.24158873298),CROPSEY AVENUE BRIDGE,Cropsey Avenue,Dead end,SB,2021-03-14 21:15:00,151.0,126.0,168.0,173.0,116.0,21,6,173.0
32970,Brooklyn,2021,3,14,21,30,116,157501,POINT (988148.6889210109 151103.24158873298),CROPSEY AVENUE BRIDGE,Cropsey Avenue,Dead end,SB,2021-03-14 21:30:00,143.0,151.0,164.0,162.0,138.0,21,6,145.0
32970,Queens,2021,3,14,21,30,40,177615,POINT (1028931.8143046284 215115.26618027306),ROOSEVELT AVENUE BRIDGE,Flushing Line,Flushing Line,EB,2021-03-14 21:30:00,40.0,42.0,46.0,61.0,37.0,21,6,58.0
32970,Queens,2021,3,14,21,30,34,177615,POINT (1028931.8143046284 215115.26618027306),ROOSEVELT AVENUE BRIDGE,Flushing Line,Flushing Line,WB,2021-03-14 21:30:00,30.0,41.0,53.0,58.0,25.0,21,6,64.0
32970,Brooklyn,2021,3,14,21,30,86,191114,POINT (988207.4245194928 151130.52481856258),CROPSEY AVENUE BRIDGE,Coney Island Creek Shoreline,Dead end,NB,2021-03-14 21:30:00,94.0,109.0,112.0,152.0,75.0,21,6,124.0
32970,Brooklyn,2021,3,14,21,45,138,157501,POINT (988148.6889210109 151103.24158873298),CROPSEY AVENUE BRIDGE,Cropsey Avenue,Dead end,SB,2021-03-14 21:45:00,116.0,143.0,126.0,161.0,112.0,21,6,154.0
32970,Queens,2021,3,14,21,45,37,177615,POINT (1028931.8143046284 215115.26618027306),ROOSEVELT AVENUE BRIDGE,Flushing Line,Flushing Line,EB,2021-03-14 21:45:00,40.0,40.0,58.0,77.0,31.0,21,6,63.0
32970,Queens,2021,3,14,21,45,25,177615,POINT (1028931.8143046284 215115.26618027306),ROOSEVELT AVENUE BRIDGE,Flushing Line,Flushing Line,WB,2021-03-14 21:45:00,34.0,30.0,38.0,61.0,34.0,21,6,49.0
32970,Brooklyn,2021,3,14,21,45,75,191114,POINT (988207.4245194928 151130.52481856258),CROPSEY AVENUE BRIDGE,Coney Island Creek Shoreline,Dead end,NB,2021-03-14 21:45:00,86.0,94.0,105.0,137.0,85.0,21,6,104.0
32970,Brooklyn,2021,3,14,22,0,85,191114,POINT (988207.4245194928 151130.52481856258),CROPSEY AVENUE BRIDGE,Coney Island Creek Shoreline,Dead end,NB,2021-03-14 22:00:00,75.0,86.0,109.0,115.0,86.0,22,6,139.0
32970,Queens,2021,3,14,22,0,34,177615,POINT (1028931.8143046284 215115.26618027306),ROOSEVELT AVENUE BRIDGE,Flushing Line,Flushing Line,WB,2021-03-14 22:00:00,25.0,34.0,41.0,55.0,18.0,22,6,52.0
32970,Queens,2021,3,14,22,0,31,177615,POINT (1028931.8143046284 215115.26618027306),ROOSEVELT AVENUE BRIDGE,Flushing Line,Flushing Line,EB,2021-03-14 22:00:00,37.0,40.0,42.0,54.0,32.0,22,6,48.0
32970,Brooklyn,2021,3,14,22,0,112,157501,POINT (988148.6889210109 151103.24158873298),CROPSEY AVENUE BRIDGE,Cropsey Avenue,Dead end,SB,2021-03-14 22:00:00,138.0,116.0,151.0,159.0,104.0,22,6,133.0
32970,Brooklyn,2021,3,14,22,15,104,157501,POINT (988148.6889210109 151103.24158873298),CROPSEY AVENUE BRIDGE,Cropsey Avenue,Dead end,SB,2021-03-14 22:15:00,112.0,138.0,143.0,168.0,107.0,22,6,144.0
32970,Queens,2021,3,14,22,15,32,177615,POINT (1028931.8143046284 215115.26618027306),ROOSEVELT AVENUE BRIDGE,Flushing Line,Flushing Line,EB,2021-03-14 22:15:00,31.0,37.0,40.0,43.0,26.0,22,6,53.0
32970,Queens,2021,3,14,22,15,18,177615,POINT (1028931.8143046284 215115.26618027306),ROOSEVELT AVENUE BRIDGE,Flushing Line,Flushing Line,WB,2021-03-14 22:15:00,34.0,25.0,30.0,41.0,26.0,22,6,38.0
32970,Brooklyn,2021,3,14,22,15,86,191114,POINT (988207.4245194928 151130.52481856258),CROPSEY AVENUE BRIDGE,Coney Island Creek Shoreline,Dead end,NB,2021-03-14 22:15:00,85.0,75.0,94.0,109.0,60.0,22,6,116.0
32970,Brooklyn,2021,3,14,22,30,107,157501,POINT (988148.6889210109 151103.24158873298),CROPSEY AVENUE BRIDGE,Cropsey Avenue,Dead end,SB,2021-03-14 22:30:00,104.0,112.0,116.0,164.0,97.0,22,6,147.0
32970,Queens,2021,3,14,22,30,26,177615,POINT (1028931.8143046284 215115.26618027306),ROOSEVELT AVENUE BRIDGE,Flushing Line,Flushing Line,EB,2021-03-14 22:30:00,32.0,31.0,40.0,46.0,30.0,22,6,56.0
32970,Queens,2021,3,14,22,30,26,177615,POINT (1028931.8143046284 215115.26618027306),ROOSEVELT AVENUE BRIDGE,Flushing Line,Flushing Line,WB,2021-03-14 22:30:00,18.0,34.0,34.0,53.0,31.0,22,6,28.0
32970,Brooklyn,2021,3,14,22,30,60,191114,POINT (988207.4245194928 151130.52481856258),CROPSEY AVENUE BRIDGE,Coney Island Creek Shoreline,Dead end,NB,2021-03-14 22:30:00,86.0,85.0,86.0,112.0,79.0,22,6,116.0
32970,Brooklyn,2021,3,14,22,45,79,191114,POINT (988207.4245194928 151130.52481856258),CROPSEY AVENUE BRIDGE,Coney Island Creek Shoreline,Dead end,NB,2021-03-14 22:45:00,60.0,86.0,75.0,105.0,59.0,22,6,104.0
32970,Queens,2021,3,14,22,45,31,177615,POINT (1028931.8143046284 215115.26618027306),ROOSEVELT AVENUE BRIDGE,Flushing Line,Flushing Line,WB,2021-03-14 22:45:00,26.0,18.0,25.0,38.0,22.0,22,6,41.0
32970,Queens,2021,3,14,22,45,30,177615,POINT (1028931.8143046284 215115.26618027306),ROOSEVELT AVENUE BRIDGE,Flushing Line,Flushing Line,EB,2021-03-14 22:45:00,26.0,32.0,37.0,58.0,24.0,22,6,35.0
32970,Brooklyn,2021,3,14,22,45,97,157501,POINT (988148.6889210109 151103.24158873298),CROPSEY AVENUE BRIDGE,Cropsey Avenue,Dead end,SB,2021-03-14 22:45:00,107.0,104.0,138.0,126.0,71.0,22,6,158.0
32970,Brooklyn,2021,3,14,23,0,71,157501,POINT (988148.6889210109 151103.24158873298),CROPSEY AVENUE BRIDGE,Cropsey Avenue,Dead end,SB,2021-03-14 23:00:00,97.0,107.0,112.0,151.0,72.0,23,6,120.0
32970,Queens,2021,3,14,23,0,24,177615,POINT (1028931.8143046284 215115.26618027306),ROOSEVELT AVENUE BRIDGE,Flushing Line,Flushing Line,EB,2021-03-14 23:00:00,30.0,26.0,31.0,42.0,33.0,23,6,46.0
32970,Queens,2021,3,14,23,0,22,177615,POINT (1028931.8143046284 215115.26618027306),ROOSEVELT AVENUE BRIDGE,Flushing Line,Flushing Line,WB,2021-03-14 23:00:00,31.0,26.0,34.0,41.0,20.0,23,6,32.0
32970,Brooklyn,2021,3,14,23,0,59,191114,POINT (988207.4245194928 151130.52481856258),CROPSEY AVENUE BRIDGE,Coney Island Creek Shoreline,Dead end,NB,2021-03-14 23:00:00,79.0,60.0,85.0,109.0,54.0,23,6,105.0
32970,Brooklyn,2021,3,14,23,15,72,157501,POINT (988148.6889210109 151103.24158873298),CROPSEY AVENUE BRIDGE,Cropsey Avenue,Dead end,SB,2021-03-14 23:15:00,71.0,97.0,104.0,143.0,58.0,23,6,108.0
32970,Queens,2021,3,14,23,15,33,177615,POINT (1028931.8143046284 215115.26618027306),ROOSEVELT AVENUE BRIDGE,Flushing Line,Flushing Line,EB,2021-03-14 23:15:00,24.0,30.0,32.0,40.0,24.0,23,6,40.0
32970,Queens,2021,3,14,23,15,20,177615,POINT (1028931.8143046284 215115.26618027306),ROOSEVELT AVENUE BRIDGE,Flushing Line,Flushing Line,WB,2021-03-14 23:15:00,22.0,31.0,18.0,30.0,13.0,23,6,42.0
32970,Brooklyn,2021,3,14,23,15,54,191114,POINT (988207.4245194928 151130.52481856258),CROPSEY AVENUE BRIDGE,Coney Island Creek Shoreline,Dead end,NB,2021-03-14 23:15:00,59.0,79.0,86.0,94.0,47.0,23,6,102.0
32970,Queens,2021,3,14,23,30,13,177615,POINT (1028931.8143046284 215115.26618027306),ROOSEVELT AVENUE BRIDGE,Flushing Line,Flushing Line,WB,2021-03-14 23:30:00,20.0,22.0,26.0,34.0,14.0,23,6,23.0
32970,Brooklyn,2021,3,14,23,30,47,191114,POINT (988207.4245194928 151130.52481856258),CROPSEY AVENUE BRIDGE,Coney Island Creek Shoreline,Dead end,NB,2021-03-14 23:30:00,54.0,59.0,60.0,86.0,47.0,23,6,90.0
32970,Brooklyn,2021,3,14,23,30,58,157501,POINT (988148.6889210109 151103.24158873298),CROPSEY AVENUE BRIDGE,Cropsey Avenue,Dead end,SB,2021-03-14 23:30:00,72.0,71.0,107.0,116.0,47.0,23,6,124.0
32970,Queens,2021,3,14,23,30,24,177615,POINT (1028931.8143046284 215115.26618027306),ROOSEVELT AVENUE BRIDGE,Flushing Line,Flushing Line,EB,2021-03-14 23:30:00,33.0,24.0,26.0,40.0,25.0,23,6,44.0
32970,Brooklyn,2021,3,14,23,45,47,157501,POINT (988148.6889210109 151103.24158873298),CROPSEY AVENUE BRIDGE,Cropsey Avenue,Dead end,SB,2021-03-14 23:45:00,58.0,72.0,97.0,138.0,42.0,23,6,103.0
32970,Queens,2021,3,14,23,45,25,177615,POINT (1028931.8143046284 215115.26618027306),ROOSEVELT AVENUE BRIDGE,Flushing Line,Flushing Line,EB,2021-03-14 23:45:00,24.0,33.0,30.0,37.0,19.0,23,6,46.0
32970,Queens,2021,3,14,23,45,14,177615,POINT (1028931.8143046284 215115.26618027306),ROOSEVELT AVENUE BRIDGE,Flushing Line,Flushing Line,WB,2021-03-14 23:45:00,13.0,20.0,31.0,25.0,14.0,23,6,38.0
32970,Brooklyn,2021,3,14,23,45,47,191114,POINT (988207.4245194928 151130.52481856258),CROPSEY AVENUE BRIDGE,Coney Island Creek Shoreline,Dead end,NB,2021-03-14 23:45:00,47.0,54.0,79.0,75.0,28.0,23,6,93.0
32970,Brooklyn,2021,3,15,0,0,42,157501,POINT (988148.6889210109 151103.24158873298),CROPSEY AVENUE BRIDGE,Cropsey Avenue,Dead end,SB,2021-03-15 00:00:00,47.0,58.0,71.0,112.0,35.0,0,0,107.0
32970,Queens,2021,3,15,0,0,19,177615,POINT (1028931.8143046284 215115.26618027306),ROOSEVELT AVENUE BRIDGE,Flushing Line,Flushing Line,EB,2021-03-15 00:00:00,25.0,24.0,24.0,31.0,12.0,0,0,37.0
32970,Queens,2021,3,15,0,0,14,177615,POINT (1028931.8143046284 215115.26618027306),ROOSEVELT AVENUE BRIDGE,Flushing Line,Flushing Line,WB,2021-03-15 00:00:00,14.0,13.0,22.0,34.0,9.0,0,0,34.0
32970,Brooklyn,2021,3,15,0,0,28,191114,POINT (988207.4245194928 151130.52481856258),CROPSEY AVENUE BRIDGE,Coney Island Creek Shoreline,Dead end,NB,2021-03-15 00:00:00,47.0,47.0,59.0,85.0,24.0,0,0,78.0
32970,Brooklyn,2021,3,15,0,15,24,191114,POINT (988207.4245194928 151130.52481856258),CROPSEY AVENUE BRIDGE,Coney Island Creek Shoreline,Dead end,NB,2021-03-15 00:15:00,28.0,47.0,54.0,86.0,31.0,0,0,73.0
32970,Queens,2021,3,15,0,15,9,177615,POINT (1028931.8143046284 215115.26618027306),ROOSEVELT AVENUE BRIDGE,Flushing Line,Flushing Line,WB,2021-03-15 00:15:00,14.0,14.0,20.0,18.0,17.0,0,0,30.0
32970,Queens,2021,3,15,0,15,12,177615,POINT (1028931.8143046284 215115.26618027306),ROOSEVELT AVENUE BRIDGE,Flushing Line,Flushing Line,EB,2021-03-15 00:15:00,19.0,25.0,33.0,32.0,16.0,0,0,33.0
32970,Brooklyn,2021,3,15,0,15,35,157501,POINT (988148.6889210109 151103.24158873298),CROPSEY AVENUE BRIDGE,Cropsey Avenue,Dead end,SB,2021-03-15 00:15:00,42.0,47.0,72.0,104.0,48.0,0,0,97.0
32970,Brooklyn,2021,3,15,0,30,48,157501,POINT (988148.6889210109 151103.24158873298),CROPSEY AVENUE BRIDGE,Cropsey Avenue,Dead end,SB,2021-03-15 00:30:00,35.0,42.0,58.0,107.0,20.0,0,0,85.0
32970,Queens,2021,3,15,0,30,16,177615,POINT (1028931.8143046284 215115.26618027306),ROOSEVELT AVENUE BRIDGE,Flushing Line,Flushing Line,EB,2021-03-15 00:30:00,12.0,19.0,24.0,26.0,14.0,0,0,20.0
32970,Queens,2021,3,15,0,30,17,177615,POINT (1028931.8143046284 215115.26618027306),ROOSEVELT AVENUE BRIDGE,Flushing Line,Flushing Line,WB,2021-03-15 00:30:00,9.0,14.0,13.0,26.0,10.0,0,0,23.0
32970,Brooklyn,2021,3,15,0,30,31,191114,POINT (988207.4245194928 151130.52481856258),CROPSEY AVENUE BRIDGE,Coney Island Creek Shoreline,Dead end,NB,2021-03-15 00:30:00,24.0,28.0,47.0,60.0,19.0,0,0,76.0
32970,Brooklyn,2021,3,15,0,45,20,157501,POINT (988148.6889210109 151103.24158873298),CROPSEY AVENUE BRIDGE,Cropsey Avenue,Dead end,SB,2021-03-15 00:45:00,48.0,35.0,47.0,97.0,27.0,0,0,72.0
32970,Queens,2021,3,15,0,45,14,177615,POINT (1028931.8143046284 215115.26618027306),ROOSEVELT AVENUE BRIDGE,Flushing Line,Flushing Line,EB,2021-03-15 00:45:00,16.0,12.0,25.0,30.0,14.0,0,0,31.0
32970,Queens,2021,3,15,0,45,10,177615,POINT (1028931.8143046284 215115.26618027306),ROOSEVELT AVENUE BRIDGE,Flushing Line,Flushing Line,WB,2021-03-15 00:45:00,17.0,9.0,14.0,31.0,14.0,0,0,18.0
32970,Brooklyn,2021,3,15,0,45,19,191114,POINT (988207.4245194928 151130.52481856258),CROPSEY AVENUE BRIDGE,Coney Island Creek Shoreline,Dead end,NB,2021-03-15 00:45:00,31.0,24.0,47.0,79.0,26.0,0,0,63.0
32970,Queens,2021,3,15,1,0,14,177615,POINT (1028931.8143046284 215115.26618027306),ROOSEVELT AVENUE BRIDGE,Flushing Line,Flushing Line,WB,2021-03-15 01:00:00,10.0,17.0,14.0,22.0,10.0,1,0,14.0
32970,Brooklyn,2021,3,15,1,0,26,191114,POINT (988207.4245194928 151130.52481856258),CROPSEY AVENUE BRIDGE,Coney Island Creek Shoreline,Dead end,NB,2021-03-15 01:00:00,19.0,31.0,28.0,59.0,27.0,1,0,55.0
32970,Brooklyn,2021,3,15,1,0,27,157501,POINT (988148.6889210109 151103.24158873298),CROPSEY AVENUE BRIDGE,Cropsey Avenue,Dead end,SB,2021-03-15 01:00:00,20.0,48.0,42.0,71.0,28.0,1,0,58.0
32970,Queens,2021,3,15,1,0,14,177615,POINT (1028931.8143046284 215115.26618027306),ROOSEVELT AVENUE BRIDGE,Flushing Line,Flushing Line,EB,2021-03-15 01:00:00,14.0,16.0,19.0,24.0,15.0,1,0,27.0
32970,Brooklyn,2021,3,15,1,15,28,157501,POINT (988148.6889210109 151103.24158873298),CROPSEY AVENUE BRIDGE,Cropsey Avenue,Dead end,SB,2021-03-15 01:15:00,27.0,20.0,35.0,72.0,18.0,1,0,58.0
32970,Queens,2021,3,15,1,15,15,177615,POINT (1028931.8143046284 215115.26618027306),ROOSEVELT AVENUE BRIDGE,Flushing Line,Flushing Line,EB,2021-03-15 01:15:00,14.0,14.0,12.0,33.0,15.0,1,0,23.0
32970,Queens,2021,3,15,1,15,10,177615,POINT (1028931.8143046284 215115.26618027306),ROOSEVELT AVENUE BRIDGE,Flushing Line,Flushing Line,WB,2021-03-15 01:15:00,14.0,10.0,9.0,20.0,6.0,1,0,25.0
32970,Brooklyn,2021,3,15,1,15,27,191114,POINT (988207.4245194928 151130.52481856258),CROPSEY AVENUE BRIDGE,Coney Island Creek Shoreline,Dead end,NB,2021-03-15 01:15:00,26.0,19.0,24.0,54.0,18.0,1,0,30.0
32970,Brooklyn,2021,3,15,1,30,18,157501,POINT (988148.6889210109 151103.24158873298),CROPSEY AVENUE BRIDGE,Cropsey Avenue,Dead end,SB,2021-03-15 01:30:00,28.0,27.0,48.0,58.0,26.0,1,0,42.0
32970,Queens,2021,3,15,1,30,15,177615,POINT (1028931.8143046284 215115.26618027306),ROOSEVELT AVENUE BRIDGE,Flushing Line,Flushing Line,EB,2021-03-15 01:30:00,15.0,14.0,16.0,24.0,10.0,1,0,26.0
32970,Queens,2021,3,15,1,30,6,177615,POINT (1028931.8143046284 215115.26618027306),ROOSEVELT AVENUE BRIDGE,Flushing Line,Flushing Line,WB,2021-03-15 01:30:00,10.0,14.0,17.0,13.0,7.0,1,0,17.0
32970,Brooklyn,2021,3,15,1,30,18,191114,POINT (988207.4245194928 151130.52481856258),CROPSEY AVENUE BRIDGE,Coney Island Creek Shoreline,Dead end,NB,2021-03-15 01:30:00,27.0,26.0,31.0,47.0,20.0,1,0,52.0
32970,Queens,2021,3,15,1,45,7,177615,POINT (1028931.8143046284 215115.26618027306),ROOSEVELT AVENUE BRIDGE,Flushing Line,Flushing Line,WB,2021-03-15 01:45:00,6.0,10.0,10.0,14.0,13.0,1,0,9.0
32970,Brooklyn,2021,3,15,1,45,20,191114,POINT (988207.4245194928 151130.52481856258),CROPSEY AVENUE BRIDGE,Coney Island Creek Shoreline,Dead end,NB,2021-03-15 01:45:00,18.0,27.0,19.0,47.0,18.0,1,0,32.0
32970,Brooklyn,2021,3,15,1,45,26,157501,POINT (988148.6889210109 151103.24158873298),CROPSEY AVENUE BRIDGE,Cropsey Avenue,Dead end,SB,2021-03-15 01:45:00,18.0,28.0,20.0,47.0,23.0,1,0,49.0
32970,Queens,2021,3,15,1,45,10,177615,POINT (1028931.8143046284 215115.26618027306),ROOSEVELT AVENUE BRIDGE,Flushing Line,Flushing Line,EB,2021-03-15 01:45:00,15.0,15.0,14.0,25.0,18.0,1,0,18.0
32970,Brooklyn,2021,3,15,2,0,23,157501,POINT (988148.6889210109 151103.24158873298),CROPSEY AVENUE BRIDGE,Cropsey Avenue,Dead end,SB,2021-03-15 02:00:00,26.0,18.0,27.0,42.0,19.0,2,0,43.0
32970,Queens,2021,3,15,2,0,18,177615,POINT (1028931.8143046284 215115.26618027306),ROOSEVELT AVENUE BRIDGE,Flushing Line,Flushing Line,EB,2021-03-15 02:00:00,10.0,15.0,14.0,19.0,15.0,2,0,20.0
32970,Queens,2021,3,15,2,0,13,177615,POINT (1028931.8143046284 215115.26618027306),ROOSEVELT AVENUE BRIDGE,Flushing Line,Flushing Line,WB,2021-03-15 02:00:00,7.0,6.0,14.0,14.0,8.0,2,0,9.0
32970,Brooklyn,2021,3,15,2,0,18,191114,POINT (988207.4245194928 151130.52481856258),CROPSEY AVENUE BRIDGE,Coney Island Creek Shoreline,Dead end,NB,2021-03-15 02:00:00,20.0,18.0,26.0,28.0,20.0,2,0,54.0
32970,Brooklyn,2021,3,15,2,15,19,157501,POINT (988148.6889210109 151103.24158873298),CROPSEY AVENUE BRIDGE,Cropsey Avenue,Dead end,SB,2021-03-15 02:15:00,23.0,26.0,28.0,35.0,15.0,2,0,44.0
32970,Queens,2021,3,15,2,15,15,177615,POINT (1028931.8143046284 215115.26618027306),ROOSEVELT AVENUE BRIDGE,Flushing Line,Flushing Line,EB,2021-03-15 02:15:00,18.0,10.0,15.0,12.0,15.0,2,0,19.0
32970,Queens,2021,3,15,2,15,8,177615,POINT (1028931.8143046284 215115.26618027306),ROOSEVELT AVENUE BRIDGE,Flushing Line,Flushing Line,WB,2021-03-15 02:15:00,13.0,7.0,10.0,9.0,7.0,2,0,14.0
32970,Brooklyn,2021,3,15,2,15,20,191114,POINT (988207.4245194928 151130.52481856258),CROPSEY AVENUE BRIDGE,Coney Island Creek Shoreline,Dead end,NB,2021-03-15 02:15:00,18.0,20.0,27.0,24.0,23.0,2,0,40.0
32970,Brooklyn,2021,3,15,2,30,23,191114,POINT (988207.4245194928 151130.52481856258),CROPSEY AVENUE BRIDGE,Coney Island Creek Shoreline,Dead end,NB,2021-03-15 02:30:00,20.0,18.0,18.0,31.0,20.0,2,0,40.0
32970,Brooklyn,2021,3,15,2,30,15,157501,POINT (988148.6889210109 151103.24158873298),CROPSEY AVENUE BRIDGE,Cropsey Avenue,Dead end,SB,2021-03-15 02:30:00,19.0,23.0,18.0,48.0,31.0,2,0,36.0
32970,Queens,2021,3,15,2,30,15,177615,POINT (1028931.8143046284 215115.26618027306),ROOSEVELT AVENUE BRIDGE,Flushing Line,Flushing Line,EB,2021-03-15 02:30:00,15.0,18.0,15.0,16.0,20.0,2,0,16.0
32970,Queens,2021,3,15,2,30,7,177615,POINT (1028931.8143046284 215115.26618027306),ROOSEVELT AVENUE BRIDGE,Flushing Line,Flushing Line,WB,2021-03-15 02:30:00,8.0,13.0,6.0,17.0,14.0,2,0,15.0
32970,Queens,2021,3,15,2,45,14,177615,POINT (1028931.8143046284 215115.26618027306),ROOSEVELT AVENUE BRIDGE,Flushing Line,Flushing Line,WB,2021-03-15 02:45:00,7.0,8.0,7.0,10.0,13.0,2,0,9.0
32970,Brooklyn,2021,3,15,2,45,20,191114,POINT (988207.4245194928 151130.52481856258),CROPSEY AVENUE BRIDGE,Coney Island Creek Shoreline,Dead end,NB,2021-03-15 02:45:00,23.0,20.0,20.0,19.0,27.0,2,0,29.0
32970,Brooklyn,2021,3,15,2,45,31,157501,POINT (988148.6889210109 151103.24158873298),CROPSEY AVENUE BRIDGE,Cropsey Avenue,Dead end,SB,2021-03-15 02:45:00,15.0,19.0,26.0,20.0,29.0,2,0,48.0
32970,Queens,2021,3,15,2,45,20,177615,POINT (1028931.8143046284 215115.26618027306),ROOSEVELT AVENUE BRIDGE,Flushing Line,Flushing Line,EB,2021-03-15 02:45:00,15.0,15.0,10.0,14.0,10.0,2,0,14.0
32970,Brooklyn,2021,3,15,3,0,29,157501,POINT (988148.6889210109 151103.24158873298),CROPSEY AVENUE BRIDGE,Cropsey Avenue,Dead end,SB,2021-03-15 03:00:00,31.0,15.0,23.0,27.0,31.0,3,0,32.0
32970,Queens,2021,3,15,3,0,10,177615,POINT (1028931.8143046284 215115.26618027306),ROOSEVELT AVENUE BRIDGE,Flushing Line,Flushing Line,EB,2021-03-15 03:00:00,20.0,15.0,18.0,14.0,14.0,3,0,17.0
32970,Queens,2021,3,15,3,0,13,177615,POINT (1028931.8143046284 215115.26618027306),ROOSEVELT AVENUE BRIDGE,Flushing Line,Flushing Line,WB,2021-03-15 03:00:00,14.0,7.0,13.0,14.0,13.0,3,0,15.0
32970,Brooklyn,2021,3,15,3,0,27,191114,POINT (988207.4245194928 151130.52481856258),CROPSEY AVENUE BRIDGE,Coney Island Creek Shoreline,Dead end,NB,2021-03-15 03:00:00,20.0,23.0,18.0,26.0,25.0,3,0,43.0
32970,Brooklyn,2021,3,15,3,15,31,157501,POINT (988148.6889210109 151103.24158873298),CROPSEY AVENUE BRIDGE,Cropsey Avenue,Dead end,SB,2021-03-15 03:15:00,29.0,31.0,19.0,28.0,42.0,3,0,35.0
32970,Queens,2021,3,15,3,15,14,177615,POINT (1028931.8143046284 215115.26618027306),ROOSEVELT AVENUE BRIDGE,Flushing Line,Flushing Line,EB,2021-03-15 03:15:00,10.0,20.0,15.0,15.0,17.0,3,0,16.0
32970,Queens,2021,3,15,3,15,13,177615,POINT (1028931.8143046284 215115.26618027306),ROOSEVELT AVENUE BRIDGE,Flushing Line,Flushing Line,WB,2021-03-15 03:15:00,13.0,14.0,8.0,10.0,15.0,3,0,9.0
32970,Brooklyn,2021,3,15,3,15,25,191114,POINT (988207.4245194928 151130.52481856258),CROPSEY AVENUE BRIDGE,Coney Island Creek Shoreline,Dead end,NB,2021-03-15 03:15:00,27.0,20.0,20.0,27.0,32.0,3,0,27.0
32970,Brooklyn,2021,3,15,3,30,32,191114,POINT (988207.4245194928 151130.52481856258),CROPSEY AVENUE BRIDGE,Coney Island Creek Shoreline,Dead end,NB,2021-03-15 03:30:00,25.0,27.0,23.0,18.0,42.0,3,0,31.0
32970,Queens,2021,3,15,3,30,15,177615,POINT (1028931.8143046284 215115.26618027306),ROOSEVELT AVENUE BRIDGE,Flushing Line,Flushing Line,WB,2021-03-15 03:30:00,13.0,13.0,7.0,6.0,12.0,3,0,14.0
32970,Brooklyn,2021,3,15,3,30,42,157501,POINT (988148.6889210109 151103.24158873298),CROPSEY AVENUE BRIDGE,Cropsey Avenue,Dead end,SB,2021-03-15 03:30:00,31.0,29.0,15.0,18.0,54.0,3,0,24.0
32970,Queens,2021,3,15,3,30,17,177615,POINT (1028931.8143046284 215115.26618027306),ROOSEVELT AVENUE BRIDGE,Flushing Line,Flushing Line,EB,2021-03-15 03:30:00,14.0,10.0,15.0,15.0,10.0,3,0,21.0
32970,Brooklyn,2021,3,15,3,45,54,157501,POINT (988148.6889210109 151103.24158873298),CROPSEY AVENUE BRIDGE,Cropsey Avenue,Dead end,SB,2021-03-15 03:45:00,42.0,31.0,31.0,26.0,43.0,3,0,29.0
32970,Queens,2021,3,15,3,45,10,177615,POINT (1028931.8143046284 215115.26618027306),ROOSEVELT AVENUE BRIDGE,Flushing Line,Flushing Line,EB,2021-03-15 03:45:00,17.0,14.0,20.0,10.0,19.0,3,0,26.0
32970,Queens,2021,3,15,3,45,12,177615,POINT (1028931.8143046284 215115.26618027306),ROOSEVELT AVENUE BRIDGE,Flushing Line,Flushing Line,WB,2021-03-15 03:45:00,15.0,13.0,14.0,7.0,18.0,3,0,10.0
32970,Brooklyn,2021,3,15,3,45,42,191114,POINT (988207.4245194928 151130.52481856258),CROPSEY AVENUE BRIDGE,Coney Island Creek Shoreline,Dead end,NB,2021-03-15 03:45:00,32.0,25.0,20.0,20.0,58.0,3,0,23.0
32970,Brooklyn,2021,3,15,4,0,58,191114,POINT (988207.4245194928 151130.52481856258),CROPSEY AVENUE BRIDGE,Coney Island Creek Shoreline,Dead end,NB,2021-03-15 04:00:00,42.0,32.0,27.0,18.0,50.0,4,0,27.0
32970,Brooklyn,2021,3,15,4,0,43,157501,POINT (988148.6889210109 151103.24158873298),CROPSEY AVENUE BRIDGE,Cropsey Avenue,Dead end,SB,2021-03-15 04:00:00,54.0,42.0,29.0,23.0,49.0,4,0,36.0
32970,Queens,2021,3,15,4,0,19,177615,POINT (1028931.8143046284 215115.26618027306),ROOSEVELT AVENUE BRIDGE,Flushing Line,Flushing Line,EB,2021-03-15 04:00:00,10.0,17.0,10.0,18.0,27.0,4,0,18.0
32970,Queens,2021,3,15,4,0,18,177615,POINT (1028931.8143046284 215115.26618027306),ROOSEVELT AVENUE BRIDGE,Flushing Line,Flushing Line,WB,2021-03-15 04:00:00,12.0,15.0,13.0,13.0,24.0,4,0,7.0
32970,Queens,2021,3,15,4,15,24,177615,POINT (1028931.8143046284 215115.26618027306),ROOSEVELT AVENUE BRIDGE,Flushing Line,Flushing Line,WB,2021-03-15 04:15:00,18.0,12.0,13.0,8.0,26.0,4,0,14.0
32970,Brooklyn,2021,3,15,4,15,50,191114,POINT (988207.4245194928 151130.52481856258),CROPSEY AVENUE BRIDGE,Coney Island Creek Shoreline,Dead end,NB,2021-03-15 04:15:00,58.0,42.0,25.0,20.0,71.0,4,0,32.0
32970,Brooklyn,2021,3,15,4,15,49,157501,POINT (988148.6889210109 151103.24158873298),CROPSEY AVENUE BRIDGE,Cropsey Avenue,Dead end,SB,2021-03-15 04:15:00,43.0,54.0,31.0,19.0,85.0,4,0,32.0
32970,Queens,2021,3,15,4,15,27,177615,POINT (1028931.8143046284 215115.26618027306),ROOSEVELT AVENUE BRIDGE,Flushing Line,Flushing Line,EB,2021-03-15 04:15:00,19.0,10.0,14.0,15.0,31.0,4,0,15.0
32970,Brooklyn,2021,3,15,4,30,71,191114,POINT (988207.4245194928 151130.52481856258),CROPSEY AVENUE BRIDGE,Coney Island Creek Shoreline,Dead end,NB,2021-03-15 04:30:00,50.0,58.0,32.0,23.0,107.0,4,0,30.0
32970,Queens,2021,3,15,4,30,26,177615,POINT (1028931.8143046284 215115.26618027306),ROOSEVELT AVENUE BRIDGE,Flushing Line,Flushing Line,WB,2021-03-15 04:30:00,24.0,18.0,15.0,7.0,42.0,4,0,17.0
32970,Brooklyn,2021,3,15,4,30,85,157501,POINT (988148.6889210109 151103.24158873298),CROPSEY AVENUE BRIDGE,Cropsey Avenue,Dead end,SB,2021-03-15 04:30:00,49.0,43.0,42.0,15.0,83.0,4,0,43.0
32970,Queens,2021,3,15,4,30,31,177615,POINT (1028931.8143046284 215115.26618027306),ROOSEVELT AVENUE BRIDGE,Flushing Line,Flushing Line,EB,2021-03-15 04:30:00,27.0,19.0,17.0,15.0,44.0,4,0,17.0
32970,Brooklyn,2021,3,15,4,45,83,157501,POINT (988148.6889210109 151103.24158873298),CROPSEY AVENUE BRIDGE,Cropsey Avenue,Dead end,SB,2021-03-15 04:45:00,85.0,49.0,54.0,31.0,120.0,4,0,40.0
32970,Queens,2021,3,15,4,45,44,177615,POINT (1028931.8143046284 215115.26618027306),ROOSEVELT AVENUE BRIDGE,Flushing Line,Flushing Line,EB,2021-03-15 04:45:00,31.0,27.0,10.0,20.0,31.0,4,0,26.0
32970,Queens,2021,3,15,4,45,42,177615,POINT (1028931.8143046284 215115.26618027306),ROOSEVELT AVENUE BRIDGE,Flushing Line,Flushing Line,WB,2021-03-15 04:45:00,26.0,24.0,12.0,14.0,54.0,4,0,13.0
32970,Brooklyn,2021,3,15,4,45,107,191114,POINT (988207.4245194928 151130.52481856258),CROPSEY AVENUE BRIDGE,Coney Island Creek Shoreline,Dead end,NB,2021-03-15 04:45:00,71.0,50.0,42.0,20.0,87.0,4,0,34.0
32970,Brooklyn,2021,3,15,5,0,87,191114,POINT (988207.4245194928 151130.52481856258),CROPSEY AVENUE BRIDGE,Coney Island Creek Shoreline,Dead end,NB,2021-03-15 05:00:00,107.0,71.0,58.0,27.0,140.0,5,0,49.0
32970,Brooklyn,2021,3,15,5,0,120,157501,POINT (988148.6889210109 151103.24158873298),CROPSEY AVENUE BRIDGE,Cropsey Avenue,Dead end,SB,2021-03-15 05:00:00,83.0,85.0,43.0,29.0,173.0,5,0,43.0
32970,Queens,2021,3,15,5,0,31,177615,POINT (1028931.8143046284 215115.26618027306),ROOSEVELT AVENUE BRIDGE,Flushing Line,Flushing Line,EB,2021-03-15 05:00:00,44.0,31.0,19.0,10.0,25.0,5,0,26.0
32970,Queens,2021,3,15,5,0,54,177615,POINT (1028931.8143046284 215115.26618027306),ROOSEVELT AVENUE BRIDGE,Flushing Line,Flushing Line,WB,2021-03-15 05:00:00,42.0,26.0,18.0,13.0,45.0,5,0,14.0
32970,Brooklyn,2021,3,15,5,15,140,191114,POINT (988207.4245194928 151130.52481856258),CROPSEY AVENUE BRIDGE,Coney Island Creek Shoreline,Dead end,NB,2021-03-15 05:15:00,87.0,107.0,50.0,25.0,161.0,5,0,53.0
32970,Queens,2021,3,15,5,15,45,177615,POINT (1028931.8143046284 215115.26618027306),ROOSEVELT AVENUE BRIDGE,Flushing Line,Flushing Line,WB,2021-03-15 05:15:00,54.0,42.0,24.0,13.0,51.0,5,0,19.0
32970,Brooklyn,2021,3,15,5,15,173,157501,POINT (988148.6889210109 151103.24158873298),CROPSEY AVENUE BRIDGE,Cropsey Avenue,Dead end,SB,2021-03-15 05:15:00,120.0,83.0,49.0,31.0,211.0,5,0,53.0
32970,Queens,2021,3,15,5,15,25,177615,POINT (1028931.8143046284 215115.26618027306),ROOSEVELT AVENUE BRIDGE,Flushing Line,Flushing Line,EB,2021-03-15 05:15:00,31.0,44.0,27.0,14.0,41.0,5,0,18.0
32970,Brooklyn,2021,3,15,5,30,211,157501,POINT (988148.6889210109 151103.24158873298),CROPSEY AVENUE BRIDGE,Cropsey Avenue,Dead end,SB,2021-03-15 05:30:00,173.0,120.0,85.0,42.0,244.0,5,0,72.0
32970,Queens,2021,3,15,5,30,41,177615,POINT (1028931.8143046284 215115.26618027306),ROOSEVELT AVENUE BRIDGE,Flushing Line,Flushing Line,EB,2021-03-15 05:30:00,25.0,31.0,31.0,17.0,57.0,5,0,24.0
32970,Queens,2021,3,15,5,30,51,177615,POINT (1028931.8143046284 215115.26618027306),ROOSEVELT AVENUE BRIDGE,Flushing Line,Flushing Line,WB,2021-03-15 05:30:00,45.0,54.0,26.0,15.0,66.0,5,0,16.0
32970,Brooklyn,2021,3,15,5,30,161,191114,POINT (988207.4245194928 151130.52481856258),CROPSEY AVENUE BRIDGE,Coney Island Creek Shoreline,Dead end,NB,2021-03-15 05:30:00,140.0,87.0,71.0,32.0,162.0,5,0,60.0
32970,Brooklyn,2021,3,15,5,45,244,157501,POINT (988148.6889210109 151103.24158873298),CROPSEY AVENUE BRIDGE,Cropsey Avenue,Dead end,SB,2021-03-15 05:45:00,211.0,173.0,83.0,54.0,214.0,5,0,81.0
32970,Queens,2021,3,15,5,45,57,177615,POINT (1028931.8143046284 215115.26618027306),ROOSEVELT AVENUE BRIDGE,Flushing Line,Flushing Line,EB,2021-03-15 05:45:00,41.0,25.0,44.0,10.0,69.0,5,0,35.0
32970,Queens,2021,3,15,5,45,66,177615,POINT (1028931.8143046284 215115.26618027306),ROOSEVELT AVENUE BRIDGE,Flushing Line,Flushing Line,WB,2021-03-15 05:45:00,51.0,45.0,42.0,12.0,89.0,5,0,24.0
32970,Brooklyn,2021,3,15,5,45,162,191114,POINT (988207.4245194928 151130.52481856258),CROPSEY AVENUE BRIDGE,Coney Island Creek Shoreline,Dead end,NB,2021-03-15 05:45:00,161.0,140.0,107.0,42.0,175.0,5,0,54.0
32970,Queens,2021,3,15,6,0,89,177615,POINT (1028931.8143046284 215115.26618027306),ROOSEVELT AVENUE BRIDGE,Flushing Line,Flushing Line,WB,2021-03-15 06:00:00,66.0,51.0,54.0,18.0,87.0,6,0,29.0
32970,Brooklyn,2021,3,15,6,0,175,191114,POINT (988207.4245194928 151130.52481856258),CROPSEY AVENUE BRIDGE,Coney Island Creek Shoreline,Dead end,NB,2021-03-15 06:00:00,162.0,161.0,87.0,58.0,211.0,6,0,62.0
32970,Queens,2021,3,15,6,0,69,177615,POINT (1028931.8143046284 215115.26618027306),ROOSEVELT AVENUE BRIDGE,Flushing Line,Flushing Line,EB,2021-03-15 06:00:00,57.0,41.0,31.0,19.0,67.0,6,0,30.0
32970,Brooklyn,2021,3,15,6,0,214,157501,POINT (988148.6889210109 151103.24158873298),CROPSEY AVENUE BRIDGE,Cropsey Avenue,Dead end,SB,2021-03-15 06:00:00,244.0,211.0,120.0,43.0,244.0,6,0,86.0
32970,Brooklyn,2021,3,15,6,15,244,157501,POINT (988148.6889210109 151103.24158873298),CROPSEY AVENUE BRIDGE,Cropsey Avenue,Dead end,SB,2021-03-15 06:15:00,214.0,244.0,173.0,49.0,227.0,6,0,73.0
32970,Queens,2021,3,15,6,15,67,177615,POINT (1028931.8143046284 215115.26618027306),ROOSEVELT AVENUE BRIDGE,Flushing Line,Flushing Line,EB,2021-03-15 06:15:00,69.0,57.0,25.0,27.0,66.0,6,0,30.0
32970,Queens,2021,3,15,6,15,87,177615,POINT (1028931.8143046284 215115.26618027306),ROOSEVELT AVENUE BRIDGE,Flushing Line,Flushing Line,WB,2021-03-15 06:15:00,89.0,66.0,45.0,24.0,92.0,6,0,33.0
32970,Brooklyn,2021,3,15,6,15,211,191114,POINT (988207.4245194928 151130.52481856258),CROPSEY AVENUE BRIDGE,Coney Island Creek Shoreline,Dead end,NB,2021-03-15 06:15:00,175.0,162.0,140.0,50.0,221.0,6,0,72.0
32970,Brooklyn,2021,3,15,6,30,227,157501,POINT (988148.6889210109 151103.24158873298),CROPSEY AVENUE BRIDGE,Cropsey Avenue,Dead end,SB,2021-03-15 06:30:00,244.0,214.0,211.0,85.0,279.0,6,0,100.0
32970,Queens,2021,3,15,6,30,66,177615,POINT (1028931.8143046284 215115.26618027306),ROOSEVELT AVENUE BRIDGE,Flushing Line,Flushing Line,EB,2021-03-15 06:30:00,67.0,69.0,41.0,31.0,92.0,6,0,37.0
32970,Queens,2021,3,15,6,30,92,177615,POINT (1028931.8143046284 215115.26618027306),ROOSEVELT AVENUE BRIDGE,Flushing Line,Flushing Line,WB,2021-03-15 06:30:00,87.0,89.0,51.0,26.0,95.0,6,0,39.0
32970,Brooklyn,2021,3,15,6,30,221,191114,POINT (988207.4245194928 151130.52481856258),CROPSEY AVENUE BRIDGE,Coney Island Creek Shoreline,Dead end,NB,2021-03-15 06:30:00,211.0,175.0,161.0,71.0,211.0,6,0,69.0
32970,Queens,2021,3,15,6,45,95,177615,POINT (1028931.8143046284 215115.26618027306),ROOSEVELT AVENUE BRIDGE,Flushing Line,Flushing Line,WB,2021-03-15 06:45:00,92.0,87.0,66.0,42.0,84.0,6,0,21.0
32970,Brooklyn,2021,3,15,6,45,279,157501,POINT (988148.6889210109 151103.24158873298),CROPSEY AVENUE BRIDGE,Cropsey Avenue,Dead end,SB,2021-03-15 06:45:00,227.0,244.0,244.0,83.0,265.0,6,0,95.0
32970,Queens,2021,3,15,6,45,92,177615,POINT (1028931.8143046284 215115.26618027306),ROOSEVELT AVENUE BRIDGE,Flushing Line,Flushing Line,EB,2021-03-15 06:45:00,66.0,67.0,57.0,44.0,88.0,6,0,36.0
32970,Brooklyn,2021,3,15,6,45,211,191114,POINT (988207.4245194928 151130.52481856258),CROPSEY AVENUE BRIDGE,Coney Island Creek Shoreline,Dead end,NB,2021-03-15 06:45:00,221.0,211.0,162.0,107.0,237.0,6,0,98.0
32970,Brooklyn,2021,3,15,7,0,237,191114,POINT (988207.4245194928 151130.52481856258),CROPSEY AVENUE BRIDGE,Coney Island Creek Shoreline,Dead end,NB,2021-03-15 07:00:00,211.0,221.0,175.0,87.0,247.0,7,0,105.0
32970,Queens,2021,3,15,7,0,84,177615,POINT (1028931.8143046284 215115.26618027306),ROOSEVELT AVENUE BRIDGE,Flushing Line,Flushing Line,WB,2021-03-15 07:00:00,95.0,92.0,89.0,54.0,98.0,7,0,33.0
32970,Brooklyn,2021,3,15,7,0,265,157501,POINT (988148.6889210109 151103.24158873298),CROPSEY AVENUE BRIDGE,Cropsey Avenue,Dead end,SB,2021-03-15 07:00:00,279.0,227.0,214.0,120.0,81.0,7,0,86.0
32970,Queens,2021,3,15,7,0,88,177615,POINT (1028931.8143046284 215115.26618027306),ROOSEVELT AVENUE BRIDGE,Flushing Line,Flushing Line,EB,2021-03-15 07:00:00,92.0,66.0,69.0,31.0,83.0,7,0,44.0
32970,Brooklyn,2021,3,15,7,15,81,157501,POINT (988148.6889210109 151103.24158873298),CROPSEY AVENUE BRIDGE,Cropsey Avenue,Dead end,SB,2021-03-15 07:15:00,265.0,279.0,244.0,173.0,231.0,7,0,91.0
32970,Queens,2021,3,15,7,15,83,177615,POINT (1028931.8143046284 215115.26618027306),ROOSEVELT AVENUE BRIDGE,Flushing Line,Flushing Line,EB,2021-03-15 07:15:00,88.0,92.0,67.0,25.0,91.0,7,0,44.0
32970,Queens,2021,3,15,7,15,98,177615,POINT (1028931.8143046284 215115.26618027306),ROOSEVELT AVENUE BRIDGE,Flushing Line,Flushing Line,WB,2021-03-15 07:15:00,84.0,95.0,87.0,45.0,125.0,7,0,39.0
32970,Brooklyn,2021,3,15,7,15,247,191114,POINT (988207.4245194928 151130.52481856258),CROPSEY AVENUE BRIDGE,Coney Island Creek Shoreline,Dead end,NB,2021-03-15 07:15:00,237.0,211.0,211.0,140.0,273.0,7,0,106.0
32970,Brooklyn,2021,3,15,7,30,273,191114,POINT (988207.4245194928 151130.52481856258),CROPSEY AVENUE BRIDGE,Coney Island Creek Shoreline,Dead end,NB,2021-03-15 07:30:00,247.0,237.0,221.0,161.0,226.0,7,0,107.0
32970,Queens,2021,3,15,7,30,125,177615,POINT (1028931.8143046284 215115.26618027306),ROOSEVELT AVENUE BRIDGE,Flushing Line,Flushing Line,WB,2021-03-15 07:30:00,98.0,84.0,92.0,51.0,73.0,7,0,39.0
32970,Queens,2021,3,15,7,30,91,177615,POINT (1028931.8143046284 215115.26618027306),ROOSEVELT AVENUE BRIDGE,Flushing Line,Flushing Line,EB,2021-03-15 07:30:00,83.0,88.0,66.0,41.0,103.0,7,0,39.0
32970,Brooklyn,2021,3,15,7,30,231,157501,POINT (988148.6889210109 151103.24158873298),CROPSEY AVENUE BRIDGE,Cropsey Avenue,Dead end,SB,2021-03-15 07:30:00,81.0,265.0,227.0,211.0,255.0,7,0,111.0
32970,Brooklyn,2021,3,15,7,45,226,191114,POINT (988207.4245194928 151130.52481856258),CROPSEY AVENUE BRIDGE,Coney Island Creek Shoreline,Dead end,NB,2021-03-15 07:45:00,273.0,247.0,211.0,162.0,201.0,7,0,123.0
32970,Queens,2021,3,15,7,45,73,177615,POINT (1028931.8143046284 215115.26618027306),ROOSEVELT AVENUE BRIDGE,Flushing Line,Flushing Line,WB,2021-03-15 07:45:00,125.0,98.0,95.0,66.0,103.0,7,0,57.0
32970,Brooklyn,2021,3,15,7,45,255,157501,POINT (988148.6889210109 151103.24158873298),CROPSEY AVENUE BRIDGE,Cropsey Avenue,Dead end,SB,2021-03-15 07:45:00,231.0,81.0,279.0,244.0,272.0,7,0,116.0
32970,Queens,2021,3,15,7,45,103,177615,POINT (1028931.8143046284 215115.26618027306),ROOSEVELT AVENUE BRIDGE,Flushing Line,Flushing Line,EB,2021-03-15 07:45:00,91.0,83.0,92.0,57.0,103.0,7,0,53.0
32970,Brooklyn,2021,3,15,8,0,272,157501,POINT (988148.6889210109 151103.24158873298),CROPSEY AVENUE BRIDGE,Cropsey Avenue,Dead end,SB,2021-03-15 08:00:00,255.0,231.0,265.0,214.0,241.0,8,0,120.0
32970,Queens,2021,3,15,8,0,103,177615,POINT (1028931.8143046284 215115.26618027306),ROOSEVELT AVENUE BRIDGE,Flushing Line,Flushing Line,EB,2021-03-15 08:00:00,103.0,91.0,88.0,69.0,101.0,8,0,62.0
32970,Queens,2021,3,15,8,0,103,177615,POINT (1028931.8143046284 215115.26618027306),ROOSEVELT AVENUE BRIDGE,Flushing Line,Flushing Line,WB,2021-03-15 08:00:00,73.0,125.0,84.0,89.0,70.0,8,0,52.0
32970,Brooklyn,2021,3,15,8,0,201,191114,POINT (988207.4245194928 151130.52481856258),CROPSEY AVENUE BRIDGE,Coney Island Creek Shoreline,Dead end,NB,2021-03-15 08:00:00,226.0,273.0,237.0,175.0,205.0,8,0,131.0
32970,Brooklyn,2021,3,15,8,15,205,191114,POINT (988207.4245194928 151130.52481856258),CROPSEY AVENUE BRIDGE,Coney Island Creek Shoreline,Dead end,NB,2021-03-15 08:15:00,201.0,226.0,247.0,211.0,232.0,8,0,148.0
32970,Brooklyn,2021,3,15,8,15,241,157501,POINT (988148.6889210109 151103.24158873298),CROPSEY AVENUE BRIDGE,Cropsey Avenue,Dead end,SB,2021-03-15 08:15:00,272.0,255.0,81.0,244.0,218.0,8,0,101.0
32970,Queens,2021,3,15,8,15,101,177615,POINT (1028931.8143046284 215115.26618027306),ROOSEVELT AVENUE BRIDGE,Flushing Line,Flushing Line,EB,2021-03-15 08:15:00,103.0,103.0,83.0,67.0,91.0,8,0,65.0
32970,Queens,2021,3,15,8,15,70,177615,POINT (1028931.8143046284 215115.26618027306),ROOSEVELT AVENUE BRIDGE,Flushing Line,Flushing Line,WB,2021-03-15 08:15:00,103.0,73.0,98.0,87.0,91.0,8,0,41.0
32970,Brooklyn,2021,3,15,8,30,218,157501,POINT (988148.6889210109 151103.24158873298),CROPSEY AVENUE BRIDGE,Cropsey Avenue,Dead end,SB,2021-03-15 08:30:00,241.0,272.0,231.0,227.0,227.0,8,0,120.0
32970,Queens,2021,3,15,8,30,91,177615,POINT (1028931.8143046284 215115.26618027306),ROOSEVELT AVENUE BRIDGE,Flushing Line,Flushing Line,EB,2021-03-15 08:30:00,101.0,103.0,91.0,66.0,101.0,8,0,59.0
32970,Queens,2021,3,15,8,30,91,177615,POINT (1028931.8143046284 215115.26618027306),ROOSEVELT AVENUE BRIDGE,Flushing Line,Flushing Line,WB,2021-03-15 08:30:00,70.0,103.0,125.0,92.0,82.0,8,0,56.0
32970,Brooklyn,2021,3,15,8,30,232,191114,POINT (988207.4245194928 151130.52481856258),CROPSEY AVENUE BRIDGE,Coney Island Creek Shoreline,Dead end,NB,2021-03-15 08:30:00,205.0,201.0,273.0,221.0,195.0,8,0,165.0
32970,Queens,2021,3,15,8,45,82,177615,POINT (1028931.8143046284 215115.26618027306),ROOSEVELT AVENUE BRIDGE,Flushing Line,Flushing Line,WB,2021-03-15 08:45:00,91.0,70.0,73.0,95.0,96.0,8,0,56.0
32970,Brooklyn,2021,3,15,8,45,195,191114,POINT (988207.4245194928 151130.52481856258),CROPSEY AVENUE BRIDGE,Coney Island Creek Shoreline,Dead end,NB,2021-03-15 08:45:00,232.0,205.0,226.0,211.0,195.0,8,0,149.0
32970,Brooklyn,2021,3,15,8,45,227,157501,POINT (988148.6889210109 151103.24158873298),CROPSEY AVENUE BRIDGE,Cropsey Avenue,Dead end,SB,2021-03-15 08:45:00,218.0,241.0,255.0,279.0,228.0,8,0,135.0
32970,Queens,2021,3,15,8,45,101,177615,POINT (1028931.8143046284 215115.26618027306),ROOSEVELT AVENUE BRIDGE,Flushing Line,Flushing Line,EB,2021-03-15 08:45:00,91.0,101.0,103.0,92.0,83.0,8,0,62.0
32970,Queens,2021,3,15,9,0,96,177615,POINT (1028931.8143046284 215115.26618027306),ROOSEVELT AVENUE BRIDGE,Flushing Line,Flushing Line,WB,2021-03-15 09:00:00,82.0,91.0,103.0,84.0,94.0,9,0,66.0
32970,Brooklyn,2021,3,15,9,0,195,191114,POINT (988207.4245194928 151130.52481856258),CROPSEY AVENUE BRIDGE,Coney Island Creek Shoreline,Dead end,NB,2021-03-15 09:00:00,195.0,232.0,201.0,237.0,190.0,9,0,150.0
32970,Brooklyn,2021,3,15,9,0,228,157501,POINT (988148.6889210109 151103.24158873298),CROPSEY AVENUE BRIDGE,Cropsey Avenue,Dead end,SB,2021-03-15 09:00:00,227.0,218.0,272.0,265.0,217.0,9,0,155.0
32970,Queens,2021,3,15,9,0,83,177615,POINT (1028931.8143046284 215115.26618027306),ROOSEVELT AVENUE BRIDGE,Flushing Line,Flushing Line,EB,2021-03-15 09:00:00,101.0,91.0,103.0,88.0,114.0,9,0,94.0
32970,Brooklyn,2021,3,15,9,15,190,191114,POINT (988207.4245194928 151130.52481856258),CROPSEY AVENUE BRIDGE,Coney Island Creek Shoreline,Dead end,NB,2021-03-15 09:15:00,195.0,195.0,205.0,247.0,201.0,9,0,188.0
32970,Queens,2021,3,15,9,15,94,177615,POINT (1028931.8143046284 215115.26618027306),ROOSEVELT AVENUE BRIDGE,Flushing Line,Flushing Line,WB,2021-03-15 09:15:00,96.0,82.0,70.0,98.0,86.0,9,0,81.0
32970,Queens,2021,3,15,9,15,114,177615,POINT (1028931.8143046284 215115.26618027306),ROOSEVELT AVENUE BRIDGE,Flushing Line,Flushing Line,EB,2021-03-15 09:15:00,83.0,101.0,101.0,83.0,116.0,9,0,107.0
32970,Brooklyn,2021,3,15,9,15,217,157501,POINT (988148.6889210109 151103.24158873298),CROPSEY AVENUE BRIDGE,Cropsey Avenue,Dead end,SB,2021-03-15 09:15:00,228.0,227.0,241.0,81.0,182.0,9,0,165.0
32970,Brooklyn,2021,3,15,9,30,182,157501,POINT (988148.6889210109 151103.24158873298),CROPSEY AVENUE BRIDGE,Cropsey Avenue,Dead end,SB,2021-03-15 09:30:00,217.0,228.0,218.0,231.0,236.0,9,0,149.0
32970,Queens,2021,3,15,9,30,116,177615,POINT (1028931.8143046284 215115.26618027306),ROOSEVELT AVENUE BRIDGE,Flushing Line,Flushing Line,EB,2021-03-15 09:30:00,114.0,83.0,91.0,91.0,141.0,9,0,98.0
32970,Queens,2021,3,15,9,30,86,177615,POINT (1028931.8143046284 215115.26618027306),ROOSEVELT AVENUE BRIDGE,Flushing Line,Flushing Line,WB,2021-03-15 09:30:00,94.0,96.0,91.0,125.0,84.0,9,0,84.0
32970,Brooklyn,2021,3,15,9,30,201,191114,POINT (988207.4245194928 151130.52481856258),CROPSEY AVENUE BRIDGE,Coney Island Creek Shoreline,Dead end,NB,2021-03-15 09:30:00,190.0,195.0,232.0,273.0,220.0,9,0,187.0
32970,Brooklyn,2021,3,15,9,45,236,157501,POINT (988148.6889210109 151103.24158873298),CROPSEY AVENUE BRIDGE,Cropsey Avenue,Dead end,SB,2021-03-15 09:45:00,182.0,217.0,227.0,255.0,236.0,9,0,175.0
32970,Queens,2021,3,15,9,45,141,177615,POINT (1028931.8143046284 215115.26618027306),ROOSEVELT AVENUE BRIDGE,Flushing Line,Flushing Line,EB,2021-03-15 09:45:00,116.0,114.0,101.0,103.0,107.0,9,0,84.0
32970,Queens,2021,3,15,9,45,84,177615,POINT (1028931.8143046284 215115.26618027306),ROOSEVELT AVENUE BRIDGE,Flushing Line,Flushing Line,WB,2021-03-15 09:45:00,86.0,94.0,82.0,73.0,88.0,9,0,81.0
32970,Brooklyn,2021,3,15,9,45,220,191114,POINT (988207.4245194928 151130.52481856258),CROPSEY AVENUE BRIDGE,Coney Island Creek Shoreline,Dead end,NB,2021-03-15 09:45:00,201.0,190.0,195.0,226.0,208.0,9,0,191.0
32970,Brooklyn,2021,3,15,10,0,236,157501,POINT (988148.6889210109 151103.24158873298),CROPSEY AVENUE BRIDGE,Cropsey Avenue,Dead end,SB,2021-03-15 10:00:00,236.0,182.0,228.0,272.0,203.0,10,0,197.0
32970,Queens,2021,3,15,10,0,107,177615,POINT (1028931.8143046284 215115.26618027306),ROOSEVELT AVENUE BRIDGE,Flushing Line,Flushing Line,EB,2021-03-15 10:00:00,141.0,116.0,83.0,103.0,96.0,10,0,106.0
32970,Queens,2021,3,15,10,0,88,177615,POINT (1028931.8143046284 215115.26618027306),ROOSEVELT AVENUE BRIDGE,Flushing Line,Flushing Line,WB,2021-03-15 10:00:00,84.0,86.0,96.0,103.0,86.0,10,0,75.0
32970,Brooklyn,2021,3,15,10,0,208,191114,POINT (988207.4245194928 151130.52481856258),CROPSEY AVENUE BRIDGE,Coney Island Creek Shoreline,Dead end,NB,2021-03-15 10:00:00,220.0,201.0,195.0,201.0,228.0,10,0,174.0
32970,Brooklyn,2021,3,15,10,15,228,191114,POINT (988207.4245194928 151130.52481856258),CROPSEY AVENUE BRIDGE,Coney Island Creek Shoreline,Dead end,NB,2021-03-15 10:15:00,208.0,220.0,190.0,205.0,230.0,10,0,204.0
32970,Queens,2021,3,15,10,15,86,177615,POINT (1028931.8143046284 215115.26618027306),ROOSEVELT AVENUE BRIDGE,Flushing Line,Flushing Line,WB,2021-03-15 10:15:00,88.0,84.0,94.0,70.0,95.0,10,0,80.0
32970,Brooklyn,2021,3,15,10,15,203,157501,POINT (988148.6889210109 151103.24158873298),CROPSEY AVENUE BRIDGE,Cropsey Avenue,Dead end,SB,2021-03-15 10:15:00,236.0,236.0,217.0,241.0,210.0,10,0,176.0
32970,Queens,2021,3,15,10,15,96,177615,POINT (1028931.8143046284 215115.26618027306),ROOSEVELT AVENUE BRIDGE,Flushing Line,Flushing Line,EB,2021-03-15 10:15:00,107.0,141.0,114.0,101.0,114.0,10,0,104.0
32970,Brooklyn,2021,3,15,10,30,210,157501,POINT (988148.6889210109 151103.24158873298),CROPSEY AVENUE BRIDGE,Cropsey Avenue,Dead end,SB,2021-03-15 10:30:00,203.0,236.0,182.0,218.0,210.0,10,0,195.0
32970,Queens,2021,3,15,10,30,114,177615,POINT (1028931.8143046284 215115.26618027306),ROOSEVELT AVENUE BRIDGE,Flushing Line,Flushing Line,EB,2021-03-15 10:30:00,96.0,107.0,116.0,91.0,120.0,10,0,111.0
32970,Queens,2021,3,15,10,30,95,177615,POINT (1028931.8143046284 215115.26618027306),ROOSEVELT AVENUE BRIDGE,Flushing Line,Flushing Line,WB,2021-03-15 10:30:00,86.0,88.0,86.0,91.0,79.0,10,0,103.0
32970,Brooklyn,2021,3,15,10,30,230,191114,POINT (988207.4245194928 151130.52481856258),CROPSEY AVENUE BRIDGE,Coney Island Creek Shoreline,Dead end,NB,2021-03-15 10:30:00,228.0,208.0,201.0,232.0,230.0,10,0,211.0
32970,Brooklyn,2021,3,15,10,45,210,157501,POINT (988148.6889210109 151103.24158873298),CROPSEY AVENUE BRIDGE,Cropsey Avenue,Dead end,SB,2021-03-15 10:45:00,210.0,203.0,236.0,227.0,183.0,10,0,225.0
32970,Queens,2021,3,15,10,45,120,177615,POINT (1028931.8143046284 215115.26618027306),ROOSEVELT AVENUE BRIDGE,Flushing Line,Flushing Line,EB,2021-03-15 10:45:00,114.0,96.0,141.0,101.0,115.0,10,0,115.0
32970,Queens,2021,3,15,10,45,79,177615,POINT (1028931.8143046284 215115.26618027306),ROOSEVELT AVENUE BRIDGE,Flushing Line,Flushing Line,WB,2021-03-15 10:45:00,95.0,86.0,84.0,82.0,95.0,10,0,87.0
32970,Brooklyn,2021,3,15,10,45,230,191114,POINT (988207.4245194928 151130.52481856258),CROPSEY AVENUE BRIDGE,Coney Island Creek Shoreline,Dead end,NB,2021-03-15 10:45:00,230.0,228.0,220.0,195.0,228.0,10,0,210.0
32970,Brooklyn,2021,3,15,11,0,228,191114,POINT (988207.4245194928 151130.52481856258),CROPSEY AVENUE BRIDGE,Coney Island Creek Shoreline,Dead end,NB,2021-03-15 11:00:00,230.0,230.0,208.0,195.0,233.0,11,0,192.0
32970,Queens,2021,3,15,11,0,95,177615,POINT (1028931.8143046284 215115.26618027306),ROOSEVELT AVENUE BRIDGE,Flushing Line,Flushing Line,WB,2021-03-15 11:00:00,79.0,95.0,88.0,96.0,104.0,11,0,91.0
32970,Brooklyn,2021,3,15,11,0,183,157501,POINT (988148.6889210109 151103.24158873298),CROPSEY AVENUE BRIDGE,Cropsey Avenue,Dead end,SB,2021-03-15 11:00:00,210.0,210.0,236.0,228.0,234.0,11,0,224.0
32970,Queens,2021,3,15,11,0,115,177615,POINT (1028931.8143046284 215115.26618027306),ROOSEVELT AVENUE BRIDGE,Flushing Line,Flushing Line,EB,2021-03-15 11:00:00,120.0,114.0,107.0,83.0,139.0,11,0,105.0
32970,Brooklyn,2021,3,15,11,15,234,157501,POINT (988148.6889210109 151103.24158873298),CROPSEY AVENUE BRIDGE,Cropsey Avenue,Dead end,SB,2021-03-15 11:15:00,183.0,210.0,203.0,217.0,215.0,11,0,224.0
32970,Queens,2021,3,15,11,15,139,177615,POINT (1028931.8143046284 215115.26618027306),ROOSEVELT AVENUE BRIDGE,Flushing Line,Flushing Line,EB,2021-03-15 11:15:00,115.0,120.0,96.0,114.0,123.0,11,0,112.0
32970,Queens,2021,3,15,11,15,104,177615,POINT (1028931.8143046284 215115.26618027306),ROOSEVELT AVENUE BRIDGE,Flushing Line,Flushing Line,WB,2021-03-15 11:15:00,95.0,79.0,86.0,94.0,91.0,11,0,96.0
32970,Brooklyn,2021,3,15,11,15,233,191114,POINT (988207.4245194928 151130.52481856258),CROPSEY AVENUE BRIDGE,Coney Island Creek Shoreline,Dead end,NB,2021-03-15 11:15:00,228.0,230.0,228.0,190.0,256.0,11,0,229.0
32970,Brooklyn,2021,3,15,11,30,215,157501,POINT (988148.6889210109 151103.24158873298),CROPSEY AVENUE BRIDGE,Cropsey Avenue,Dead end,SB,2021-03-15 11:30:00,234.0,183.0,210.0,182.0,237.0,11,0,225.0
32970,Queens,2021,3,15,11,30,123,177615,POINT (1028931.8143046284 215115.26618027306),ROOSEVELT AVENUE BRIDGE,Flushing Line,Flushing Line,EB,2021-03-15 11:30:00,139.0,115.0,114.0,116.0,88.0,11,0,118.0
32970,Queens,2021,3,15,11,30,91,177615,POINT (1028931.8143046284 215115.26618027306),ROOSEVELT AVENUE BRIDGE,Flushing Line,Flushing Line,WB,2021-03-15 11:30:00,104.0,95.0,95.0,86.0,85.0,11,0,87.0
32970,Brooklyn,2021,3,15,11,30,256,191114,POINT (988207.4245194928 151130.52481856258),CROPSEY AVENUE BRIDGE,Coney Island Creek Shoreline,Dead end,NB,2021-03-15 11:30:00,233.0,228.0,230.0,201.0,236.0,11,0,207.0
32970,Queens,2021,3,15,11,45,85,177615,POINT (1028931.8143046284 215115.26618027306),ROOSEVELT AVENUE BRIDGE,Flushing Line,Flushing Line,WB,2021-03-15 11:45:00,91.0,104.0,79.0,84.0,101.0,11,0,97.0
32970,Brooklyn,2021,3,15,11,45,236,191114,POINT (988207.4245194928 151130.52481856258),CROPSEY AVENUE BRIDGE,Coney Island Creek Shoreline,Dead end,NB,2021-03-15 11:45:00,256.0,233.0,230.0,220.0,240.0,11,0,251.0
32970,Queens,2021,3,15,11,45,88,177615,POINT (1028931.8143046284 215115.26618027306),ROOSEVELT AVENUE BRIDGE,Flushing Line,Flushing Line,EB,2021-03-15 11:45:00,123.0,139.0,120.0,141.0,87.0,11,0,153.0
32970,Brooklyn,2021,3,15,11,45,237,157501,POINT (988148.6889210109 151103.24158873298),CROPSEY AVENUE BRIDGE,Cropsey Avenue,Dead end,SB,2021-03-15 11:45:00,215.0,234.0,210.0,236.0,223.0,11,0,237.0
32970,Brooklyn,2021,3,15,12,0,223,157501,POINT (988148.6889210109 151103.24158873298),CROPSEY AVENUE BRIDGE,Cropsey Avenue,Dead end,SB,2021-03-15 12:00:00,237.0,215.0,183.0,236.0,226.0,12,0,244.0
32970,Queens,2021,3,15,12,0,87,177615,POINT (1028931.8143046284 215115.26618027306),ROOSEVELT AVENUE BRIDGE,Flushing Line,Flushing Line,EB,2021-03-15 12:00:00,88.0,123.0,115.0,107.0,103.0,12,0,92.0
32970,Queens,2021,3,15,12,0,101,177615,POINT (1028931.8143046284 215115.26618027306),ROOSEVELT AVENUE BRIDGE,Flushing Line,Flushing Line,WB,2021-03-15 12:00:00,85.0,91.0,95.0,88.0,70.0,12,0,107.0
32970,Brooklyn,2021,3,15,12,0,240,191114,POINT (988207.4245194928 151130.52481856258),CROPSEY AVENUE BRIDGE,Coney Island Creek Shoreline,Dead end,NB,2021-03-15 12:00:00,236.0,256.0,228.0,208.0,254.0,12,0,245.0
32970,Brooklyn,2021,3,15,12,15,226,157501,POINT (988148.6889210109 151103.24158873298),CROPSEY AVENUE BRIDGE,Cropsey Avenue,Dead end,SB,2021-03-15 12:15:00,223.0,237.0,234.0,203.0,244.0,12,0,235.0
32970,Queens,2021,3,15,12,15,103,177615,POINT (1028931.8143046284 215115.26618027306),ROOSEVELT AVENUE BRIDGE,Flushing Line,Flushing Line,EB,2021-03-15 12:15:00,87.0,88.0,139.0,96.0,95.0,12,0,128.0
32970,Queens,2021,3,15,12,15,70,177615,POINT (1028931.8143046284 215115.26618027306),ROOSEVELT AVENUE BRIDGE,Flushing Line,Flushing Line,WB,2021-03-15 12:15:00,101.0,85.0,104.0,86.0,110.0,12,0,92.0
32970,Brooklyn,2021,3,15,12,15,254,191114,POINT (988207.4245194928 151130.52481856258),CROPSEY AVENUE BRIDGE,Coney Island Creek Shoreline,Dead end,NB,2021-03-15 12:15:00,240.0,236.0,233.0,228.0,267.0,12,0,261.0
32970,Brooklyn,2021,3,15,12,30,267,191114,POINT (988207.4245194928 151130.52481856258),CROPSEY AVENUE BRIDGE,Coney Island Creek Shoreline,Dead end,NB,2021-03-15 12:30:00,254.0,240.0,256.0,230.0,275.0,12,0,251.0
32970,Queens,2021,3,15,12,30,110,177615,POINT (1028931.8143046284 215115.26618027306),ROOSEVELT AVENUE BRIDGE,Flushing Line,Flushing Line,WB,2021-03-15 12:30:00,70.0,101.0,91.0,95.0,105.0,12,0,127.0
32970,Brooklyn,2021,3,15,12,30,244,157501,POINT (988148.6889210109 151103.24158873298),CROPSEY AVENUE BRIDGE,Cropsey Avenue,Dead end,SB,2021-03-15 12:30:00,226.0,223.0,215.0,210.0,285.0,12,0,247.0
32970,Queens,2021,3,15,12,30,95,177615,POINT (1028931.8143046284 215115.26618027306),ROOSEVELT AVENUE BRIDGE,Flushing Line,Flushing Line,EB,2021-03-15 12:30:00,103.0,87.0,123.0,114.0,107.0,12,0,126.0
32970,Brooklyn,2021,3,15,12,45,285,157501,POINT (988148.6889210109 151103.24158873298),CROPSEY AVENUE BRIDGE,Cropsey Avenue,Dead end,SB,2021-03-15 12:45:00,244.0,226.0,237.0,210.0,262.0,12,0,262.0
32970,Queens,2021,3,15,12,45,107,177615,POINT (1028931.8143046284 215115.26618027306),ROOSEVELT AVENUE BRIDGE,Flushing Line,Flushing Line,EB,2021-03-15 12:45:00,95.0,103.0,88.0,120.0,105.0,12,0,139.0
32970,Queens,2021,3,15,12,45,105,177615,POINT (1028931.8143046284 215115.26618027306),ROOSEVELT AVENUE BRIDGE,Flushing Line,Flushing Line,WB,2021-03-15 12:45:00,110.0,70.0,85.0,79.0,100.0,12,0,102.0
32970,Brooklyn,2021,3,15,12,45,275,191114,POINT (988207.4245194928 151130.52481856258),CROPSEY AVENUE BRIDGE,Coney Island Creek Shoreline,Dead end,NB,2021-03-15 12:45:00,267.0,254.0,236.0,230.0,269.0,12,0,249.0
32970,Brooklyn,2021,3,15,13,0,262,157501,POINT (988148.6889210109 151103.24158873298),CROPSEY AVENUE BRIDGE,Cropsey Avenue,Dead end,SB,2021-03-15 13:00:00,285.0,244.0,223.0,183.0,269.0,13,0,246.0
32970,Queens,2021,3,15,13,0,105,177615,POINT (1028931.8143046284 215115.26618027306),ROOSEVELT AVENUE BRIDGE,Flushing Line,Flushing Line,EB,2021-03-15 13:00:00,107.0,95.0,87.0,115.0,138.0,13,0,97.0
32970,Queens,2021,3,15,13,0,100,177615,POINT (1028931.8143046284 215115.26618027306),ROOSEVELT AVENUE BRIDGE,Flushing Line,Flushing Line,WB,2021-03-15 13:00:00,105.0,110.0,101.0,95.0,87.0,13,0,102.0
32970,Brooklyn,2021,3,15,13,0,269,191114,POINT (988207.4245194928 151130.52481856258),CROPSEY AVENUE BRIDGE,Coney Island Creek Shoreline,Dead end,NB,2021-03-15 13:00:00,275.0,267.0,240.0,228.0,327.0,13,0,263.0
32970,Brooklyn,2021,3,15,13,15,327,191114,POINT (988207.4245194928 151130.52481856258),CROPSEY AVENUE BRIDGE,Coney Island Creek Shoreline,Dead end,NB,2021-03-15 13:15:00,269.0,275.0,254.0,233.0,294.0,13,0,250.0
32970,Queens,2021,3,15,13,15,87,177615,POINT (1028931.8143046284 215115.26618027306),ROOSEVELT AVENUE BRIDGE,Flushing Line,Flushing Line,WB,2021-03-15 13:15:00,100.0,105.0,70.0,104.0,90.0,13,0,115.0
32970,Queens,2021,3,15,13,15,138,177615,POINT (1028931.8143046284 215115.26618027306),ROOSEVELT AVENUE BRIDGE,Flushing Line,Flushing Line,EB,2021-03-15 13:15:00,105.0,107.0,103.0,139.0,150.0,13,0,133.0
32970,Brooklyn,2021,3,15,13,15,269,157501,POINT (988148.6889210109 151103.24158873298),CROPSEY AVENUE BRIDGE,Cropsey Avenue,Dead end,SB,2021-03-15 13:15:00,262.0,285.0,226.0,234.0,260.0,13,0,261.0
32970,Brooklyn,2021,3,15,13,30,260,157501,POINT (988148.6889210109 151103.24158873298),CROPSEY AVENUE BRIDGE,Cropsey Avenue,Dead end,SB,2021-03-15 13:30:00,269.0,262.0,244.0,215.0,248.0,13,0,265.0
32970,Queens,2021,3,15,13,30,150,177615,POINT (1028931.8143046284 215115.26618027306),ROOSEVELT AVENUE BRIDGE,Flushing Line,Flushing Line,EB,2021-03-15 13:30:00,138.0,105.0,95.0,123.0,122.0,13,0,128.0
32970,Queens,2021,3,15,13,30,90,177615,POINT (1028931.8143046284 215115.26618027306),ROOSEVELT AVENUE BRIDGE,Flushing Line,Flushing Line,WB,2021-03-15 13:30:00,87.0,100.0,110.0,91.0,105.0,13,0,116.0
32970,Brooklyn,2021,3,15,13,30,294,191114,POINT (988207.4245194928 151130.52481856258),CROPSEY AVENUE BRIDGE,Coney Island Creek Shoreline,Dead end,NB,2021-03-15 13:30:00,327.0,269.0,267.0,256.0,252.0,13,0,261.0
32970,Brooklyn,2021,3,15,13,45,248,157501,POINT (988148.6889210109 151103.24158873298),CROPSEY AVENUE BRIDGE,Cropsey Avenue,Dead end,SB,2021-03-15 13:45:00,260.0,269.0,285.0,237.0,241.0,13,0,271.0
32970,Queens,2021,3,15,13,45,122,177615,POINT (1028931.8143046284 215115.26618027306),ROOSEVELT AVENUE BRIDGE,Flushing Line,Flushing Line,EB,2021-03-15 13:45:00,150.0,138.0,107.0,88.0,160.0,13,0,158.0
32970,Queens,2021,3,15,13,45,105,177615,POINT (1028931.8143046284 215115.26618027306),ROOSEVELT AVENUE BRIDGE,Flushing Line,Flushing Line,WB,2021-03-15 13:45:00,90.0,87.0,105.0,85.0,122.0,13,0,141.0
32970,Brooklyn,2021,3,15,13,45,252,191114,POINT (988207.4245194928 151130.52481856258),CROPSEY AVENUE BRIDGE,Coney Island Creek Shoreline,Dead end,NB,2021-03-15 13:45:00,294.0,327.0,275.0,236.0,286.0,13,0,240.0
32970,Brooklyn,2021,3,15,14,0,286,191114,POINT (988207.4245194928 151130.52481856258),CROPSEY AVENUE BRIDGE,Coney Island Creek Shoreline,Dead end,NB,2021-03-15 14:00:00,252.0,294.0,269.0,240.0,280.0,14,0,273.0
32970,Queens,2021,3,15,14,0,122,177615,POINT (1028931.8143046284 215115.26618027306),ROOSEVELT AVENUE BRIDGE,Flushing Line,Flushing Line,WB,2021-03-15 14:00:00,105.0,90.0,100.0,101.0,107.0,14,0,125.0
32970,Brooklyn,2021,3,15,14,0,241,157501,POINT (988148.6889210109 151103.24158873298),CROPSEY AVENUE BRIDGE,Cropsey Avenue,Dead end,SB,2021-03-15 14:00:00,248.0,260.0,262.0,223.0,257.0,14,0,272.0
32970,Queens,2021,3,15,14,0,160,177615,POINT (1028931.8143046284 215115.26618027306),ROOSEVELT AVENUE BRIDGE,Flushing Line,Flushing Line,EB,2021-03-15 14:00:00,122.0,150.0,105.0,87.0,113.0,14,0,116.0
32970,Brooklyn,2021,3,15,14,15,257,157501,POINT (988148.6889210109 151103.24158873298),CROPSEY AVENUE BRIDGE,Cropsey Avenue,Dead end,SB,2021-03-15 14:15:00,241.0,248.0,269.0,226.0,248.0,14,0,285.0
32970,Queens,2021,3,15,14,15,113,177615,POINT (1028931.8143046284 215115.26618027306),ROOSEVELT AVENUE BRIDGE,Flushing Line,Flushing Line,EB,2021-03-15 14:15:00,160.0,122.0,138.0,103.0,132.0,14,0,129.0
32970,Queens,2021,3,15,14,15,107,177615,POINT (1028931.8143046284 215115.26618027306),ROOSEVELT AVENUE BRIDGE,Flushing Line,Flushing Line,WB,2021-03-15 14:15:00,122.0,105.0,87.0,70.0,100.0,14,0,123.0
32970,Brooklyn,2021,3,15,14,15,280,191114,POINT (988207.4245194928 151130.52481856258),CROPSEY AVENUE BRIDGE,Coney Island Creek Shoreline,Dead end,NB,2021-03-15 14:15:00,286.0,252.0,327.0,254.0,296.0,14,0,269.0
32970,Queens,2021,3,15,14,30,100,177615,POINT (1028931.8143046284 215115.26618027306),ROOSEVELT AVENUE BRIDGE,Flushing Line,Flushing Line,WB,2021-03-15 14:30:00,107.0,122.0,90.0,110.0,125.0,14,0,136.0
32970,Brooklyn,2021,3,15,14,30,296,191114,POINT (988207.4245194928 151130.52481856258),CROPSEY AVENUE BRIDGE,Coney Island Creek Shoreline,Dead end,NB,2021-03-15 14:30:00,280.0,286.0,294.0,267.0,301.0,14,0,269.0
32970,Brooklyn,2021,3,15,14,30,248,157501,POINT (988148.6889210109 151103.24158873298),CROPSEY AVENUE BRIDGE,Cropsey Avenue,Dead end,SB,2021-03-15 14:30:00,257.0,241.0,260.0,244.0,230.0,14,0,287.0
32970,Queens,2021,3,15,14,30,132,177615,POINT (1028931.8143046284 215115.26618027306),ROOSEVELT AVENUE BRIDGE,Flushing Line,Flushing Line,EB,2021-03-15 14:30:00,113.0,160.0,150.0,95.0,133.0,14,0,125.0
32970,Brooklyn,2021,3,15,14,45,230,157501,POINT (988148.6889210109 151103.24158873298),CROPSEY AVENUE BRIDGE,Cropsey Avenue,Dead end,SB,2021-03-15 14:45:00,248.0,257.0,248.0,285.0,254.0,14,0,272.0
32970,Queens,2021,3,15,14,45,133,177615,POINT (1028931.8143046284 215115.26618027306),ROOSEVELT AVENUE BRIDGE,Flushing Line,Flushing Line,EB,2021-03-15 14:45:00,132.0,113.0,122.0,107.0,118.0,14,0,149.0
32970,Queens,2021,3,15,14,45,125,177615,POINT (1028931.8143046284 215115.26618027306),ROOSEVELT AVENUE BRIDGE,Flushing Line,Flushing Line,WB,2021-03-15 14:45:00,100.0,107.0,105.0,105.0,86.0,14,0,143.0
32970,Brooklyn,2021,3,15,14,45,301,191114,POINT (988207.4245194928 151130.52481856258),CROPSEY AVENUE BRIDGE,Coney Island Creek Shoreline,Dead end,NB,2021-03-15 14:45:00,296.0,280.0,252.0,275.0,303.0,14,0,245.0
32970,Brooklyn,2021,3,15,15,0,303,191114,POINT (988207.4245194928 151130.52481856258),CROPSEY AVENUE BRIDGE,Coney Island Creek Shoreline,Dead end,NB,2021-03-15 15:00:00,301.0,296.0,286.0,269.0,274.0,15,0,224.0
32970,Brooklyn,2021,3,15,15,0,254,157501,POINT (988148.6889210109 151103.24158873298),CROPSEY AVENUE BRIDGE,Cropsey Avenue,Dead end,SB,2021-03-15 15:00:00,230.0,248.0,241.0,262.0,238.0,15,0,265.0
32970,Queens,2021,3,15,15,0,118,177615,POINT (1028931.8143046284 215115.26618027306),ROOSEVELT AVENUE BRIDGE,Flushing Line,Flushing Line,EB,2021-03-15 15:00:00,133.0,132.0,160.0,105.0,139.0,15,0,122.0
32970,Queens,2021,3,15,15,0,86,177615,POINT (1028931.8143046284 215115.26618027306),ROOSEVELT AVENUE BRIDGE,Flushing Line,Flushing Line,WB,2021-03-15 15:00:00,125.0,100.0,122.0,100.0,113.0,15,0,102.0
32970,Queens,2021,3,15,15,15,113,177615,POINT (1028931.8143046284 215115.26618027306),ROOSEVELT AVENUE BRIDGE,Flushing Line,Flushing Line,WB,2021-03-15 15:15:00,86.0,125.0,107.0,87.0,107.0,15,0,107.0
32970,Brooklyn,2021,3,15,15,15,274,191114,POINT (988207.4245194928 151130.52481856258),CROPSEY AVENUE BRIDGE,Coney Island Creek Shoreline,Dead end,NB,2021-03-15 15:15:00,303.0,301.0,280.0,327.0,251.0,15,0,242.0
32970,Brooklyn,2021,3,15,15,15,238,157501,POINT (988148.6889210109 151103.24158873298),CROPSEY AVENUE BRIDGE,Cropsey Avenue,Dead end,SB,2021-03-15 15:15:00,254.0,230.0,257.0,269.0,247.0,15,0,221.0
32970,Queens,2021,3,15,15,15,139,177615,POINT (1028931.8143046284 215115.26618027306),ROOSEVELT AVENUE BRIDGE,Flushing Line,Flushing Line,EB,2021-03-15 15:15:00,118.0,133.0,113.0,138.0,141.0,15,0,124.0
32970,Brooklyn,2021,3,15,15,30,251,191114,POINT (988207.4245194928 151130.52481856258),CROPSEY AVENUE BRIDGE,Coney Island Creek Shoreline,Dead end,NB,2021-03-15 15:30:00,274.0,303.0,296.0,294.0,269.0,15,0,224.0
32970,Queens,2021,3,15,15,30,107,177615,POINT (1028931.8143046284 215115.26618027306),ROOSEVELT AVENUE BRIDGE,Flushing Line,Flushing Line,WB,2021-03-15 15:30:00,113.0,86.0,100.0,90.0,106.0,15,0,116.0
32970,Queens,2021,3,15,15,30,141,177615,POINT (1028931.8143046284 215115.26618027306),ROOSEVELT AVENUE BRIDGE,Flushing Line,Flushing Line,EB,2021-03-15 15:30:00,139.0,118.0,132.0,150.0,120.0,15,0,119.0
32970,Brooklyn,2021,3,15,15,30,247,157501,POINT (988148.6889210109 151103.24158873298),CROPSEY AVENUE BRIDGE,Cropsey Avenue,Dead end,SB,2021-03-15 15:30:00,238.0,254.0,248.0,260.0,276.0,15,0,211.0
32970,Brooklyn,2021,3,15,15,45,276,157501,POINT (988148.6889210109 151103.24158873298),CROPSEY AVENUE BRIDGE,Cropsey Avenue,Dead end,SB,2021-03-15 15:45:00,247.0,238.0,230.0,248.0,286.0,15,0,193.0
32970,Queens,2021,3,15,15,45,120,177615,POINT (1028931.8143046284 215115.26618027306),ROOSEVELT AVENUE BRIDGE,Flushing Line,Flushing Line,EB,2021-03-15 15:45:00,141.0,139.0,133.0,122.0,147.0,15,0,111.0
32970,Queens,2021,3,15,15,45,106,177615,POINT (1028931.8143046284 215115.26618027306),ROOSEVELT AVENUE BRIDGE,Flushing Line,Flushing Line,WB,2021-03-15 15:45:00,107.0,113.0,125.0,105.0,112.0,15,0,121.0
32970,Brooklyn,2021,3,15,15,45,269,191114,POINT (988207.4245194928 151130.52481856258),CROPSEY AVENUE BRIDGE,Coney Island Creek Shoreline,Dead end,NB,2021-03-15 15:45:00,251.0,274.0,301.0,252.0,262.0,15,0,235.0
32970,Brooklyn,2021,3,15,16,0,286,157501,POINT (988148.6889210109 151103.24158873298),CROPSEY AVENUE BRIDGE,Cropsey Avenue,Dead end,SB,2021-03-15 16:00:00,276.0,247.0,254.0,241.0,263.0,16,0,210.0
32970,Queens,2021,3,15,16,0,147,177615,POINT (1028931.8143046284 215115.26618027306),ROOSEVELT AVENUE BRIDGE,Flushing Line,Flushing Line,EB,2021-03-15 16:00:00,120.0,141.0,118.0,160.0,165.0,16,0,117.0
32970,Queens,2021,3,15,16,0,112,177615,POINT (1028931.8143046284 215115.26618027306),ROOSEVELT AVENUE BRIDGE,Flushing Line,Flushing Line,WB,2021-03-15 16:00:00,106.0,107.0,86.0,122.0,121.0,16,0,113.0
32970,Brooklyn,2021,3,15,16,0,262,191114,POINT (988207.4245194928 151130.52481856258),CROPSEY AVENUE BRIDGE,Coney Island Creek Shoreline,Dead end,NB,2021-03-15 16:00:00,269.0,251.0,303.0,286.0,282.0,16,0,202.0
32970,Brooklyn,2021,3,15,16,15,282,191114,POINT (988207.4245194928 151130.52481856258),CROPSEY AVENUE BRIDGE,Coney Island Creek Shoreline,Dead end,NB,2021-03-15 16:15:00,262.0,269.0,274.0,280.0,235.0,16,0,243.0
32970,Queens,2021,3,15,16,15,121,177615,POINT (1028931.8143046284 215115.26618027306),ROOSEVELT AVENUE BRIDGE,Flushing Line,Flushing Line,WB,2021-03-15 16:15:00,112.0,106.0,113.0,107.0,128.0,16,0,106.0
32970,Queens,2021,3,15,16,15,165,177615,POINT (1028931.8143046284 215115.26618027306),ROOSEVELT AVENUE BRIDGE,Flushing Line,Flushing Line,EB,2021-03-15 16:15:00,147.0,120.0,139.0,113.0,158.0,16,0,135.0
32970,Brooklyn,2021,3,15,16,15,263,157501,POINT (988148.6889210109 151103.24158873298),CROPSEY AVENUE BRIDGE,Cropsey Avenue,Dead end,SB,2021-03-15 16:15:00,286.0,276.0,238.0,257.0,281.0,16,0,188.0
32970,Brooklyn,2021,3,15,16,30,281,157501,POINT (988148.6889210109 151103.24158873298),CROPSEY AVENUE BRIDGE,Cropsey Avenue,Dead end,SB,2021-03-15 16:30:00,263.0,286.0,247.0,248.0,252.0,16,0,186.0
32970,Queens,2021,3,15,16,30,158,177615,POINT (1028931.8143046284 215115.26618027306),ROOSEVELT AVENUE BRIDGE,Flushing Line,Flushing Line,EB,2021-03-15 16:30:00,165.0,147.0,141.0,132.0,136.0,16,0,103.0
32970,Queens,2021,3,15,16,30,128,177615,POINT (1028931.8143046284 215115.26618027306),ROOSEVELT AVENUE BRIDGE,Flushing Line,Flushing Line,WB,2021-03-15 16:30:00,121.0,112.0,107.0,100.0,124.0,16,0,114.0
32970,Brooklyn,2021,3,15,16,30,235,191114,POINT (988207.4245194928 151130.52481856258),CROPSEY AVENUE BRIDGE,Coney Island Creek Shoreline,Dead end,NB,2021-03-15 16:30:00,282.0,262.0,251.0,296.0,228.0,16,0,185.0
32970,Brooklyn,2021,3,15,16,45,252,157501,POINT (988148.6889210109 151103.24158873298),CROPSEY AVENUE BRIDGE,Cropsey Avenue,Dead end,SB,2021-03-15 16:45:00,281.0,263.0,276.0,230.0,264.0,16,0,194.0
32970,Queens,2021,3,15,16,45,136,177615,POINT (1028931.8143046284 215115.26618027306),ROOSEVELT AVENUE BRIDGE,Flushing Line,Flushing Line,EB,2021-03-15 16:45:00,158.0,165.0,120.0,133.0,166.0,16,0,123.0
32970,Queens,2021,3,15,16,45,124,177615,POINT (1028931.8143046284 215115.26618027306),ROOSEVELT AVENUE BRIDGE,Flushing Line,Flushing Line,WB,2021-03-15 16:45:00,128.0,121.0,106.0,125.0,122.0,16,0,99.0
32970,Brooklyn,2021,3,15,16,45,228,191114,POINT (988207.4245194928 151130.52481856258),CROPSEY AVENUE BRIDGE,Coney Island Creek Shoreline,Dead end,NB,2021-03-15 16:45:00,235.0,282.0,269.0,301.0,208.0,16,0,225.0
32970,Brooklyn,2021,3,15,17,0,208,191114,POINT (988207.4245194928 151130.52481856258),CROPSEY AVENUE BRIDGE,Coney Island Creek Shoreline,Dead end,NB,2021-03-15 17:00:00,228.0,235.0,262.0,303.0,223.0,17,0,210.0
32970,Queens,2021,3,15,17,0,122,177615,POINT (1028931.8143046284 215115.26618027306),ROOSEVELT AVENUE BRIDGE,Flushing Line,Flushing Line,WB,2021-03-15 17:00:00,124.0,128.0,112.0,86.0,96.0,17,0,104.0
32970,Brooklyn,2021,3,15,17,0,264,157501,POINT (988148.6889210109 151103.24158873298),CROPSEY AVENUE BRIDGE,Cropsey Avenue,Dead end,SB,2021-03-15 17:00:00,252.0,281.0,286.0,254.0,241.0,17,0,211.0
32970,Queens,2021,3,15,17,0,166,177615,POINT (1028931.8143046284 215115.26618027306),ROOSEVELT AVENUE BRIDGE,Flushing Line,Flushing Line,EB,2021-03-15 17:00:00,136.0,158.0,147.0,118.0,145.0,17,0,122.0
32970,Brooklyn,2021,3,15,17,15,241,157501,POINT (988148.6889210109 151103.24158873298),CROPSEY AVENUE BRIDGE,Cropsey Avenue,Dead end,SB,2021-03-15 17:15:00,264.0,252.0,263.0,238.0,244.0,17,0,197.0
32970,Queens,2021,3,15,17,15,145,177615,POINT (1028931.8143046284 215115.26618027306),ROOSEVELT AVENUE BRIDGE,Flushing Line,Flushing Line,EB,2021-03-15 17:15:00,166.0,136.0,165.0,139.0,138.0,17,0,117.0
32970,Queens,2021,3,15,17,15,96,177615,POINT (1028931.8143046284 215115.26618027306),ROOSEVELT AVENUE BRIDGE,Flushing Line,Flushing Line,WB,2021-03-15 17:15:00,122.0,124.0,121.0,113.0,108.0,17,0,107.0
32970,Brooklyn,2021,3,15,17,15,223,191114,POINT (988207.4245194928 151130.52481856258),CROPSEY AVENUE BRIDGE,Coney Island Creek Shoreline,Dead end,NB,2021-03-15 17:15:00,208.0,228.0,282.0,274.0,214.0,17,0,197.0
32970,Brooklyn,2021,3,15,17,30,214,191114,POINT (988207.4245194928 151130.52481856258),CROPSEY AVENUE BRIDGE,Coney Island Creek Shoreline,Dead end,NB,2021-03-15 17:30:00,223.0,208.0,235.0,251.0,183.0,17,0,192.0
32970,Brooklyn,2021,3,15,17,30,244,157501,POINT (988148.6889210109 151103.24158873298),CROPSEY AVENUE BRIDGE,Cropsey Avenue,Dead end,SB,2021-03-15 17:30:00,241.0,264.0,281.0,247.0,258.0,17,0,228.0
32970,Queens,2021,3,15,17,30,138,177615,POINT (1028931.8143046284 215115.26618027306),ROOSEVELT AVENUE BRIDGE,Flushing Line,Flushing Line,EB,2021-03-15 17:30:00,145.0,166.0,158.0,141.0,112.0,17,0,105.0
32970,Queens,2021,3,15,17,30,108,177615,POINT (1028931.8143046284 215115.26618027306),ROOSEVELT AVENUE BRIDGE,Flushing Line,Flushing Line,WB,2021-03-15 17:30:00,96.0,122.0,128.0,107.0,90.0,17,0,107.0
32970,Brooklyn,2021,3,15,17,45,183,191114,POINT (988207.4245194928 151130.52481856258),CROPSEY AVENUE BRIDGE,Coney Island Creek Shoreline,Dead end,NB,2021-03-15 17:45:00,214.0,223.0,228.0,269.0,197.0,17,0,181.0
32970,Queens,2021,3,15,17,45,90,177615,POINT (1028931.8143046284 215115.26618027306),ROOSEVELT AVENUE BRIDGE,Flushing Line,Flushing Line,WB,2021-03-15 17:45:00,108.0,96.0,124.0,106.0,81.0,17,0,90.0
32970,Queens,2021,3,15,17,45,112,177615,POINT (1028931.8143046284 215115.26618027306),ROOSEVELT AVENUE BRIDGE,Flushing Line,Flushing Line,EB,2021-03-15 17:45:00,138.0,145.0,136.0,120.0,100.0,17,0,96.0
32970,Brooklyn,2021,3,15,17,45,258,157501,POINT (988148.6889210109 151103.24158873298),CROPSEY AVENUE BRIDGE,Cropsey Avenue,Dead end,SB,2021-03-15 17:45:00,244.0,241.0,252.0,276.0,270.0,17,0,206.0
32970,Brooklyn,2021,3,15,18,0,197,191114,POINT (988207.4245194928 151130.52481856258),CROPSEY AVENUE BRIDGE,Coney Island Creek Shoreline,Dead end,NB,2021-03-15 18:00:00,183.0,214.0,208.0,262.0,207.0,18,0,181.0
32970,Brooklyn,2021,3,15,18,0,270,157501,POINT (988148.6889210109 151103.24158873298),CROPSEY AVENUE BRIDGE,Cropsey Avenue,Dead end,SB,2021-03-15 18:00:00,258.0,244.0,264.0,286.0,251.0,18,0,220.0
32970,Queens,2021,3,15,18,0,100,177615,POINT (1028931.8143046284 215115.26618027306),ROOSEVELT AVENUE BRIDGE,Flushing Line,Flushing Line,EB,2021-03-15 18:00:00,112.0,138.0,166.0,147.0,96.0,18,0,83.0
32970,Queens,2021,3,15,18,0,81,177615,POINT (1028931.8143046284 215115.26618027306),ROOSEVELT AVENUE BRIDGE,Flushing Line,Flushing Line,WB,2021-03-15 18:00:00,90.0,108.0,122.0,112.0,98.0,18,0,97.0
32970,Queens,2021,3,15,18,15,98,177615,POINT (1028931.8143046284 215115.26618027306),ROOSEVELT AVENUE BRIDGE,Flushing Line,Flushing Line,WB,2021-03-15 18:15:00,81.0,90.0,96.0,121.0,84.0,18,0,115.0
32970,Brooklyn,2021,3,15,18,15,207,191114,POINT (988207.4245194928 151130.52481856258),CROPSEY AVENUE BRIDGE,Coney Island Creek Shoreline,Dead end,NB,2021-03-15 18:15:00,197.0,183.0,223.0,282.0,182.0,18,0,165.0
32970,Brooklyn,2021,3,15,18,15,251,157501,POINT (988148.6889210109 151103.24158873298),CROPSEY AVENUE BRIDGE,Cropsey Avenue,Dead end,SB,2021-03-15 18:15:00,270.0,258.0,241.0,263.0,199.0,18,0,194.0
32970,Queens,2021,3,15,18,15,96,177615,POINT (1028931.8143046284 215115.26618027306),ROOSEVELT AVENUE BRIDGE,Flushing Line,Flushing Line,EB,2021-03-15 18:15:00,100.0,112.0,145.0,165.0,89.0,18,0,82.0
32970,Brooklyn,2021,3,15,18,30,182,191114,POINT (988207.4245194928 151130.52481856258),CROPSEY AVENUE BRIDGE,Coney Island Creek Shoreline,Dead end,NB,2021-03-15 18:30:00,207.0,197.0,214.0,235.0,203.0,18,0,158.0
32970,Queens,2021,3,15,18,30,84,177615,POINT (1028931.8143046284 215115.26618027306),ROOSEVELT AVENUE BRIDGE,Flushing Line,Flushing Line,WB,2021-03-15 18:30:00,98.0,81.0,108.0,128.0,89.0,18,0,72.0
32970,Queens,2021,3,15,18,30,89,177615,POINT (1028931.8143046284 215115.26618027306),ROOSEVELT AVENUE BRIDGE,Flushing Line,Flushing Line,EB,2021-03-15 18:30:00,96.0,100.0,138.0,158.0,84.0,18,0,87.0
32970,Brooklyn,2021,3,15,18,30,199,157501,POINT (988148.6889210109 151103.24158873298),CROPSEY AVENUE BRIDGE,Cropsey Avenue,Dead end,SB,2021-03-15 18:30:00,251.0,270.0,244.0,281.0,231.0,18,0,200.0
32970,Brooklyn,2021,3,15,18,45,231,157501,POINT (988148.6889210109 151103.24158873298),CROPSEY AVENUE BRIDGE,Cropsey Avenue,Dead end,SB,2021-03-15 18:45:00,199.0,251.0,258.0,252.0,227.0,18,0,221.0
32970,Queens,2021,3,15,18,45,84,177615,POINT (1028931.8143046284 215115.26618027306),ROOSEVELT AVENUE BRIDGE,Flushing Line,Flushing Line,EB,2021-03-15 18:45:00,89.0,96.0,112.0,136.0,85.0,18,0,93.0
32970,Queens,2021,3,15,18,45,89,177615,POINT (1028931.8143046284 215115.26618027306),ROOSEVELT AVENUE BRIDGE,Flushing Line,Flushing Line,WB,2021-03-15 18:45:00,84.0,98.0,90.0,124.0,80.0,18,0,94.0
32970,Brooklyn,2021,3,15,18,45,203,191114,POINT (988207.4245194928 151130.52481856258),CROPSEY AVENUE BRIDGE,Coney Island Creek Shoreline,Dead end,NB,2021-03-15 18:45:00,182.0,207.0,183.0,228.0,169.0,18,0,147.0
32970,Brooklyn,2021,3,15,19,0,169,191114,POINT (988207.4245194928 151130.52481856258),CROPSEY AVENUE BRIDGE,Coney Island Creek Shoreline,Dead end,NB,2021-03-15 19:00:00,203.0,182.0,197.0,208.0,176.0,19,0,153.0
32970,Brooklyn,2021,3,15,19,0,227,157501,POINT (988148.6889210109 151103.24158873298),CROPSEY AVENUE BRIDGE,Cropsey Avenue,Dead end,SB,2021-03-15 19:00:00,231.0,199.0,270.0,264.0,217.0,19,0,209.0
32970,Queens,2021,3,15,19,0,85,177615,POINT (1028931.8143046284 215115.26618027306),ROOSEVELT AVENUE BRIDGE,Flushing Line,Flushing Line,EB,2021-03-15 19:00:00,84.0,89.0,100.0,166.0,79.0,19,0,54.0
32970,Queens,2021,3,15,19,0,80,177615,POINT (1028931.8143046284 215115.26618027306),ROOSEVELT AVENUE BRIDGE,Flushing Line,Flushing Line,WB,2021-03-15 19:00:00,89.0,84.0,81.0,122.0,77.0,19,0,70.0
32970,Brooklyn,2021,3,15,19,15,176,191114,POINT (988207.4245194928 151130.52481856258),CROPSEY AVENUE BRIDGE,Coney Island Creek Shoreline,Dead end,NB,2021-03-15 19:15:00,169.0,203.0,207.0,223.0,162.0,19,0,153.0
32970,Queens,2021,3,15,19,15,77,177615,POINT (1028931.8143046284 215115.26618027306),ROOSEVELT AVENUE BRIDGE,Flushing Line,Flushing Line,WB,2021-03-15 19:15:00,80.0,89.0,98.0,96.0,79.0,19,0,56.0
32970,Brooklyn,2021,3,15,19,15,217,157501,POINT (988148.6889210109 151103.24158873298),CROPSEY AVENUE BRIDGE,Cropsey Avenue,Dead end,SB,2021-03-15 19:15:00,227.0,231.0,251.0,241.0,170.0,19,0,173.0
32970,Queens,2021,3,15,19,15,79,177615,POINT (1028931.8143046284 215115.26618027306),ROOSEVELT AVENUE BRIDGE,Flushing Line,Flushing Line,EB,2021-03-15 19:15:00,85.0,84.0,96.0,145.0,57.0,19,0,79.0
32970,Queens,2021,3,15,19,30,79,177615,POINT (1028931.8143046284 215115.26618027306),ROOSEVELT AVENUE BRIDGE,Flushing Line,Flushing Line,WB,2021-03-15 19:30:00,77.0,80.0,84.0,108.0,53.0,19,0,58.0
32970,Brooklyn,2021,3,15,19,30,170,157501,POINT (988148.6889210109 151103.24158873298),CROPSEY AVENUE BRIDGE,Cropsey Avenue,Dead end,SB,2021-03-15 19:30:00,217.0,227.0,199.0,244.0,173.0,19,0,162.0
32970,Queens,2021,3,15,19,30,57,177615,POINT (1028931.8143046284 215115.26618027306),ROOSEVELT AVENUE BRIDGE,Flushing Line,Flushing Line,EB,2021-03-15 19:30:00,79.0,85.0,89.0,138.0,71.0,19,0,61.0
32970,Brooklyn,2021,3,15,19,30,162,191114,POINT (988207.4245194928 151130.52481856258),CROPSEY AVENUE BRIDGE,Coney Island Creek Shoreline,Dead end,NB,2021-03-15 19:30:00,176.0,169.0,182.0,214.0,136.0,19,0,152.0
32970,Brooklyn,2021,3,15,19,45,136,191114,POINT (988207.4245194928 151130.52481856258),CROPSEY AVENUE BRIDGE,Coney Island Creek Shoreline,Dead end,NB,2021-03-15 19:45:00,162.0,176.0,203.0,183.0,119.0,19,0,137.0
32970,Queens,2021,3,15,19,45,53,177615,POINT (1028931.8143046284 215115.26618027306),ROOSEVELT AVENUE BRIDGE,Flushing Line,Flushing Line,WB,2021-03-15 19:45:00,79.0,77.0,89.0,90.0,53.0,19,0,61.0
32970,Queens,2021,3,15,19,45,71,177615,POINT (1028931.8143046284 215115.26618027306),ROOSEVELT AVENUE BRIDGE,Flushing Line,Flushing Line,EB,2021-03-15 19:45:00,57.0,79.0,84.0,112.0,52.0,19,0,77.0
32970,Brooklyn,2021,3,15,19,45,173,157501,POINT (988148.6889210109 151103.24158873298),CROPSEY AVENUE BRIDGE,Cropsey Avenue,Dead end,SB,2021-03-15 19:45:00,170.0,217.0,231.0,258.0,156.0,19,0,161.0
32970,Brooklyn,2021,3,15,20,0,156,157501,POINT (988148.6889210109 151103.24158873298),CROPSEY AVENUE BRIDGE,Cropsey Avenue,Dead end,SB,2021-03-15 20:00:00,173.0,170.0,227.0,270.0,127.0,20,0,159.0
32970,Queens,2021,3,15,20,0,52,177615,POINT (1028931.8143046284 215115.26618027306),ROOSEVELT AVENUE BRIDGE,Flushing Line,Flushing Line,EB,2021-03-15 20:00:00,71.0,57.0,85.0,100.0,59.0,20,0,54.0
32970,Queens,2021,3,15,20,0,53,177615,POINT (1028931.8143046284 215115.26618027306),ROOSEVELT AVENUE BRIDGE,Flushing Line,Flushing Line,WB,2021-03-15 20:00:00,53.0,79.0,80.0,81.0,35.0,20,0,55.0
32970,Brooklyn,2021,3,15,20,0,119,191114,POINT (988207.4245194928 151130.52481856258),CROPSEY AVENUE BRIDGE,Coney Island Creek Shoreline,Dead end,NB,2021-03-15 20:00:00,136.0,162.0,169.0,197.0,123.0,20,0,115.0
32970,Queens,2021,3,15,20,15,35,177615,POINT (1028931.8143046284 215115.26618027306),ROOSEVELT AVENUE BRIDGE,Flushing Line,Flushing Line,WB,2021-03-15 20:15:00,53.0,53.0,77.0,98.0,41.0,20,0,41.0
32970,Brooklyn,2021,3,15,20,15,123,191114,POINT (988207.4245194928 151130.52481856258),CROPSEY AVENUE BRIDGE,Coney Island Creek Shoreline,Dead end,NB,2021-03-15 20:15:00,119.0,136.0,176.0,207.0,116.0,20,0,109.0
32970,Brooklyn,2021,3,15,20,15,127,157501,POINT (988148.6889210109 151103.24158873298),CROPSEY AVENUE BRIDGE,Cropsey Avenue,Dead end,SB,2021-03-15 20:15:00,156.0,173.0,217.0,251.0,156.0,20,0,168.0
32970,Queens,2021,3,15,20,15,59,177615,POINT (1028931.8143046284 215115.26618027306),ROOSEVELT AVENUE BRIDGE,Flushing Line,Flushing Line,EB,2021-03-15 20:15:00,52.0,71.0,79.0,96.0,58.0,20,0,43.0
32970,Brooklyn,2021,3,15,20,30,156,157501,POINT (988148.6889210109 151103.24158873298),CROPSEY AVENUE BRIDGE,Cropsey Avenue,Dead end,SB,2021-03-15 20:30:00,127.0,156.0,170.0,199.0,141.0,20,0,164.0
32970,Queens,2021,3,15,20,30,58,177615,POINT (1028931.8143046284 215115.26618027306),ROOSEVELT AVENUE BRIDGE,Flushing Line,Flushing Line,EB,2021-03-15 20:30:00,59.0,52.0,57.0,89.0,48.0,20,0,46.0
32970,Queens,2021,3,15,20,30,41,177615,POINT (1028931.8143046284 215115.26618027306),ROOSEVELT AVENUE BRIDGE,Flushing Line,Flushing Line,WB,2021-03-15 20:30:00,35.0,53.0,79.0,84.0,39.0,20,0,53.0
32970,Brooklyn,2021,3,15,20,30,116,191114,POINT (988207.4245194928 151130.52481856258),CROPSEY AVENUE BRIDGE,Coney Island Creek Shoreline,Dead end,NB,2021-03-15 20:30:00,123.0,119.0,162.0,182.0,105.0,20,0,112.0
32970,Brooklyn,2021,3,15,20,45,105,191114,POINT (988207.4245194928 151130.52481856258),CROPSEY AVENUE BRIDGE,Coney Island Creek Shoreline,Dead end,NB,2021-03-15 20:45:00,116.0,123.0,136.0,203.0,109.0,20,0,105.0
32970,Brooklyn,2021,3,15,20,45,141,157501,POINT (988148.6889210109 151103.24158873298),CROPSEY AVENUE BRIDGE,Cropsey Avenue,Dead end,SB,2021-03-15 20:45:00,156.0,127.0,173.0,231.0,124.0,20,0,126.0
32970,Queens,2021,3,15,20,45,48,177615,POINT (1028931.8143046284 215115.26618027306),ROOSEVELT AVENUE BRIDGE,Flushing Line,Flushing Line,EB,2021-03-15 20:45:00,58.0,59.0,71.0,84.0,46.0,20,0,58.0
32970,Queens,2021,3,15,20,45,39,177615,POINT (1028931.8143046284 215115.26618027306),ROOSEVELT AVENUE BRIDGE,Flushing Line,Flushing Line,WB,2021-03-15 20:45:00,41.0,35.0,53.0,89.0,39.0,20,0,38.0
32970,Queens,2021,3,15,21,0,39,177615,POINT (1028931.8143046284 215115.26618027306),ROOSEVELT AVENUE BRIDGE,Flushing Line,Flushing Line,WB,2021-03-15 21:00:00,39.0,41.0,53.0,80.0,37.0,21,0,41.0
32970,Brooklyn,2021,3,15,21,0,109,191114,POINT (988207.4245194928 151130.52481856258),CROPSEY AVENUE BRIDGE,Coney Island Creek Shoreline,Dead end,NB,2021-03-15 21:00:00,105.0,116.0,119.0,169.0,95.0,21,0,109.0
32970,Brooklyn,2021,3,15,21,0,124,157501,POINT (988148.6889210109 151103.24158873298),CROPSEY AVENUE BRIDGE,Cropsey Avenue,Dead end,SB,2021-03-15 21:00:00,141.0,156.0,156.0,227.0,113.0,21,0,151.0
32970,Queens,2021,3,15,21,0,46,177615,POINT (1028931.8143046284 215115.26618027306),ROOSEVELT AVENUE BRIDGE,Flushing Line,Flushing Line,EB,2021-03-15 21:00:00,48.0,58.0,52.0,85.0,40.0,21,0,42.0
32970,Queens,2021,3,15,21,15,37,177615,POINT (1028931.8143046284 215115.26618027306),ROOSEVELT AVENUE BRIDGE,Flushing Line,Flushing Line,WB,2021-03-15 21:15:00,39.0,39.0,35.0,77.0,32.0,21,0,30.0
32970,Brooklyn,2021,3,15,21,15,95,191114,POINT (988207.4245194928 151130.52481856258),CROPSEY AVENUE BRIDGE,Coney Island Creek Shoreline,Dead end,NB,2021-03-15 21:15:00,109.0,105.0,123.0,176.0,79.0,21,0,94.0
32970,Brooklyn,2021,3,15,21,15,113,157501,POINT (988148.6889210109 151103.24158873298),CROPSEY AVENUE BRIDGE,Cropsey Avenue,Dead end,SB,2021-03-15 21:15:00,124.0,141.0,127.0,217.0,100.0,21,0,143.0
32970,Queens,2021,3,15,21,15,40,177615,POINT (1028931.8143046284 215115.26618027306),ROOSEVELT AVENUE BRIDGE,Flushing Line,Flushing Line,EB,2021-03-15 21:15:00,46.0,48.0,59.0,79.0,43.0,21,0,40.0
32970,Queens,2021,3,15,21,30,32,177615,POINT (1028931.8143046284 215115.26618027306),ROOSEVELT AVENUE BRIDGE,Flushing Line,Flushing Line,WB,2021-03-15 21:30:00,37.0,39.0,41.0,79.0,30.0,21,0,34.0
32970,Brooklyn,2021,3,15,21,30,79,191114,POINT (988207.4245194928 151130.52481856258),CROPSEY AVENUE BRIDGE,Coney Island Creek Shoreline,Dead end,NB,2021-03-15 21:30:00,95.0,109.0,116.0,162.0,75.0,21,0,86.0
32970,Brooklyn,2021,3,15,21,30,100,157501,POINT (988148.6889210109 151103.24158873298),CROPSEY AVENUE BRIDGE,Cropsey Avenue,Dead end,SB,2021-03-15 21:30:00,113.0,124.0,156.0,170.0,123.0,21,0,116.0
32970,Queens,2021,3,15,21,30,43,177615,POINT (1028931.8143046284 215115.26618027306),ROOSEVELT AVENUE BRIDGE,Flushing Line,Flushing Line,EB,2021-03-15 21:30:00,40.0,46.0,58.0,57.0,39.0,21,0,40.0
32970,Queens,2021,3,15,21,45,30,177615,POINT (1028931.8143046284 215115.26618027306),ROOSEVELT AVENUE BRIDGE,Flushing Line,Flushing Line,WB,2021-03-15 21:45:00,32.0,37.0,39.0,53.0,23.0,21,0,25.0
32970,Brooklyn,2021,3,15,21,45,75,191114,POINT (988207.4245194928 151130.52481856258),CROPSEY AVENUE BRIDGE,Coney Island Creek Shoreline,Dead end,NB,2021-03-15 21:45:00,79.0,95.0,105.0,136.0,84.0,21,0,75.0
32970,Brooklyn,2021,3,15,21,45,123,157501,POINT (988148.6889210109 151103.24158873298),CROPSEY AVENUE BRIDGE,Cropsey Avenue,Dead end,SB,2021-03-15 21:45:00,100.0,113.0,141.0,173.0,98.0,21,0,138.0
32970,Queens,2021,3,15,21,45,39,177615,POINT (1028931.8143046284 215115.26618027306),ROOSEVELT AVENUE BRIDGE,Flushing Line,Flushing Line,EB,2021-03-15 21:45:00,43.0,40.0,48.0,71.0,29.0,21,0,37.0
32970,Brooklyn,2021,3,15,22,0,84,191114,POINT (988207.4245194928 151130.52481856258),CROPSEY AVENUE BRIDGE,Coney Island Creek Shoreline,Dead end,NB,2021-03-15 22:00:00,75.0,79.0,109.0,119.0,58.0,22,0,85.0
32970,Queens,2021,3,15,22,0,23,177615,POINT (1028931.8143046284 215115.26618027306),ROOSEVELT AVENUE BRIDGE,Flushing Line,Flushing Line,WB,2021-03-15 22:00:00,30.0,32.0,39.0,53.0,39.0,22,0,34.0
32970,Queens,2021,3,15,22,0,29,177615,POINT (1028931.8143046284 215115.26618027306),ROOSEVELT AVENUE BRIDGE,Flushing Line,Flushing Line,EB,2021-03-15 22:00:00,39.0,43.0,46.0,52.0,32.0,22,0,31.0
32970,Brooklyn,2021,3,15,22,0,98,157501,POINT (988148.6889210109 151103.24158873298),CROPSEY AVENUE BRIDGE,Cropsey Avenue,Dead end,SB,2021-03-15 22:00:00,123.0,100.0,124.0,156.0,105.0,22,0,112.0
32970,Brooklyn,2021,3,15,22,15,105,157501,POINT (988148.6889210109 151103.24158873298),CROPSEY AVENUE BRIDGE,Cropsey Avenue,Dead end,SB,2021-03-15 22:15:00,98.0,123.0,113.0,127.0,103.0,22,0,104.0
32970,Queens,2021,3,15,22,15,32,177615,POINT (1028931.8143046284 215115.26618027306),ROOSEVELT AVENUE BRIDGE,Flushing Line,Flushing Line,EB,2021-03-15 22:15:00,29.0,39.0,40.0,59.0,30.0,22,0,32.0
32970,Queens,2021,3,15,22,15,39,177615,POINT (1028931.8143046284 215115.26618027306),ROOSEVELT AVENUE BRIDGE,Flushing Line,Flushing Line,WB,2021-03-15 22:15:00,23.0,30.0,37.0,35.0,18.0,22,0,18.0
32970,Brooklyn,2021,3,15,22,15,58,191114,POINT (988207.4245194928 151130.52481856258),CROPSEY AVENUE BRIDGE,Coney Island Creek Shoreline,Dead end,NB,2021-03-15 22:15:00,84.0,75.0,95.0,123.0,67.0,22,0,86.0
32970,Brooklyn,2021,3,15,22,30,103,157501,POINT (988148.6889210109 151103.24158873298),CROPSEY AVENUE BRIDGE,Cropsey Avenue,Dead end,SB,2021-03-15 22:30:00,105.0,98.0,100.0,156.0,93.0,22,0,107.0
32970,Queens,2021,3,15,22,30,30,177615,POINT (1028931.8143046284 215115.26618027306),ROOSEVELT AVENUE BRIDGE,Flushing Line,Flushing Line,EB,2021-03-15 22:30:00,32.0,29.0,43.0,58.0,22.0,22,0,26.0
32970,Queens,2021,3,15,22,30,18,177615,POINT (1028931.8143046284 215115.26618027306),ROOSEVELT AVENUE BRIDGE,Flushing Line,Flushing Line,WB,2021-03-15 22:30:00,39.0,23.0,32.0,41.0,17.0,22,0,26.0
32970,Brooklyn,2021,3,15,22,30,67,191114,POINT (988207.4245194928 151130.52481856258),CROPSEY AVENUE BRIDGE,Coney Island Creek Shoreline,Dead end,NB,2021-03-15 22:30:00,58.0,84.0,79.0,116.0,82.0,22,0,60.0
32970,Brooklyn,2021,3,15,22,45,82,191114,POINT (988207.4245194928 151130.52481856258),CROPSEY AVENUE BRIDGE,Coney Island Creek Shoreline,Dead end,NB,2021-03-15 22:45:00,67.0,58.0,75.0,105.0,59.0,22,0,79.0
32970,Queens,2021,3,15,22,45,17,177615,POINT (1028931.8143046284 215115.26618027306),ROOSEVELT AVENUE BRIDGE,Flushing Line,Flushing Line,WB,2021-03-15 22:45:00,18.0,39.0,30.0,39.0,18.0,22,0,31.0
32970,Queens,2021,3,15,22,45,22,177615,POINT (1028931.8143046284 215115.26618027306),ROOSEVELT AVENUE BRIDGE,Flushing Line,Flushing Line,EB,2021-03-15 22:45:00,30.0,32.0,39.0,48.0,30.0,22,0,30.0
32970,Brooklyn,2021,3,15,22,45,93,157501,POINT (988148.6889210109 151103.24158873298),CROPSEY AVENUE BRIDGE,Cropsey Avenue,Dead end,SB,2021-03-15 22:45:00,103.0,105.0,123.0,141.0,60.0,22,0,97.0
32970,Brooklyn,2021,3,15,23,0,60,157501,POINT (988148.6889210109 151103.24158873298),CROPSEY AVENUE BRIDGE,Cropsey Avenue,Dead end,SB,2021-03-15 23:00:00,93.0,103.0,98.0,124.0,65.0,23,0,71.0
32970,Queens,2021,3,15,23,0,30,177615,POINT (1028931.8143046284 215115.26618027306),ROOSEVELT AVENUE BRIDGE,Flushing Line,Flushing Line,EB,2021-03-15 23:00:00,22.0,30.0,29.0,46.0,20.0,23,0,24.0
32970,Queens,2021,3,15,23,0,18,177615,POINT (1028931.8143046284 215115.26618027306),ROOSEVELT AVENUE BRIDGE,Flushing Line,Flushing Line,WB,2021-03-15 23:00:00,17.0,18.0,23.0,39.0,21.0,23,0,22.0
32970,Brooklyn,2021,3,15,23,0,59,191114,POINT (988207.4245194928 151130.52481856258),CROPSEY AVENUE BRIDGE,Coney Island Creek Shoreline,Dead end,NB,2021-03-15 23:00:00,82.0,67.0,84.0,109.0,47.0,23,0,59.0
32970,Brooklyn,2021,3,15,23,15,65,157501,POINT (988148.6889210109 151103.24158873298),CROPSEY AVENUE BRIDGE,Cropsey Avenue,Dead end,SB,2021-03-15 23:15:00,60.0,93.0,105.0,113.0,51.0,23,0,72.0
32970,Queens,2021,3,15,23,15,20,177615,POINT (1028931.8143046284 215115.26618027306),ROOSEVELT AVENUE BRIDGE,Flushing Line,Flushing Line,EB,2021-03-15 23:15:00,30.0,22.0,32.0,40.0,28.0,23,0,33.0
32970,Queens,2021,3,15,23,15,21,177615,POINT (1028931.8143046284 215115.26618027306),ROOSEVELT AVENUE BRIDGE,Flushing Line,Flushing Line,WB,2021-03-15 23:15:00,18.0,17.0,39.0,37.0,17.0,23,0,20.0
32970,Brooklyn,2021,3,15,23,15,47,191114,POINT (988207.4245194928 151130.52481856258),CROPSEY AVENUE BRIDGE,Coney Island Creek Shoreline,Dead end,NB,2021-03-15 23:15:00,59.0,82.0,58.0,95.0,38.0,23,0,54.0
32970,Brooklyn,2021,3,15,23,30,38,191114,POINT (988207.4245194928 151130.52481856258),CROPSEY AVENUE BRIDGE,Coney Island Creek Shoreline,Dead end,NB,2021-03-15 23:30:00,47.0,59.0,67.0,79.0,38.0,23,0,47.0
32970,Queens,2021,3,15,23,30,17,177615,POINT (1028931.8143046284 215115.26618027306),ROOSEVELT AVENUE BRIDGE,Flushing Line,Flushing Line,WB,2021-03-15 23:30:00,21.0,18.0,18.0,32.0,17.0,23,0,13.0
32970,Queens,2021,3,15,23,30,28,177615,POINT (1028931.8143046284 215115.26618027306),ROOSEVELT AVENUE BRIDGE,Flushing Line,Flushing Line,EB,2021-03-15 23:30:00,20.0,30.0,30.0,43.0,15.0,23,0,24.0
32970,Brooklyn,2021,3,15,23,30,51,157501,POINT (988148.6889210109 151103.24158873298),CROPSEY AVENUE BRIDGE,Cropsey Avenue,Dead end,SB,2021-03-15 23:30:00,65.0,60.0,103.0,100.0,52.0,23,0,58.0
32970,Brooklyn,2021,3,15,23,45,52,157501,POINT (988148.6889210109 151103.24158873298),CROPSEY AVENUE BRIDGE,Cropsey Avenue,Dead end,SB,2021-03-15 23:45:00,51.0,65.0,93.0,123.0,37.0,23,0,47.0
32970,Queens,2021,3,15,23,45,15,177615,POINT (1028931.8143046284 215115.26618027306),ROOSEVELT AVENUE BRIDGE,Flushing Line,Flushing Line,EB,2021-03-15 23:45:00,28.0,20.0,22.0,39.0,13.0,23,0,25.0
32970,Queens,2021,3,15,23,45,17,177615,POINT (1028931.8143046284 215115.26618027306),ROOSEVELT AVENUE BRIDGE,Flushing Line,Flushing Line,WB,2021-03-15 23:45:00,17.0,21.0,17.0,30.0,15.0,23,0,14.0
32970,Brooklyn,2021,3,15,23,45,38,191114,POINT (988207.4245194928 151130.52481856258),CROPSEY AVENUE BRIDGE,Coney Island Creek Shoreline,Dead end,NB,2021-03-15 23:45:00,38.0,47.0,82.0,75.0,32.0,23,0,47.0
32970,Brooklyn,2021,3,16,0,0,37,157501,POINT (988148.6889210109 151103.24158873298),CROPSEY AVENUE BRIDGE,Cropsey Avenue,Dead end,SB,2021-03-16 00:00:00,52.0,51.0,60.0,98.0,45.0,0,1,42.0
32970,Queens,2021,3,16,0,0,13,177615,POINT (1028931.8143046284 215115.26618027306),ROOSEVELT AVENUE BRIDGE,Flushing Line,Flushing Line,EB,2021-03-16 00:00:00,15.0,28.0,30.0,29.0,15.0,0,1,19.0
32970,Queens,2021,3,16,0,0,15,177615,POINT (1028931.8143046284 215115.26618027306),ROOSEVELT AVENUE BRIDGE,Flushing Line,Flushing Line,WB,2021-03-16 00:00:00,17.0,17.0,18.0,23.0,12.0,0,1,14.0
32970,Brooklyn,2021,3,16,0,0,32,191114,POINT (988207.4245194928 151130.52481856258),CROPSEY AVENUE BRIDGE,Coney Island Creek Shoreline,Dead end,NB,2021-03-16 00:00:00,38.0,38.0,59.0,84.0,24.0,0,1,28.0
32970,Brooklyn,2021,3,16,0,15,24,191114,POINT (988207.4245194928 151130.52481856258),CROPSEY AVENUE BRIDGE,Coney Island Creek Shoreline,Dead end,NB,2021-03-16 00:15:00,32.0,38.0,47.0,58.0,37.0,0,1,24.0
32970,Queens,2021,3,16,0,15,12,177615,POINT (1028931.8143046284 215115.26618027306),ROOSEVELT AVENUE BRIDGE,Flushing Line,Flushing Line,WB,2021-03-16 00:15:00,15.0,17.0,21.0,39.0,9.0,0,1,9.0
32970,Queens,2021,3,16,0,15,15,177615,POINT (1028931.8143046284 215115.26618027306),ROOSEVELT AVENUE BRIDGE,Flushing Line,Flushing Line,EB,2021-03-16 00:15:00,13.0,15.0,20.0,32.0,11.0,0,1,12.0
32970,Brooklyn,2021,3,16,0,15,45,157501,POINT (988148.6889210109 151103.24158873298),CROPSEY AVENUE BRIDGE,Cropsey Avenue,Dead end,SB,2021-03-16 00:15:00,37.0,52.0,65.0,105.0,31.0,0,1,35.0
32970,Brooklyn,2021,3,16,0,30,31,157501,POINT (988148.6889210109 151103.24158873298),CROPSEY AVENUE BRIDGE,Cropsey Avenue,Dead end,SB,2021-03-16 00:30:00,45.0,37.0,51.0,103.0,30.0,0,1,48.0
32970,Queens,2021,3,16,0,30,11,177615,POINT (1028931.8143046284 215115.26618027306),ROOSEVELT AVENUE BRIDGE,Flushing Line,Flushing Line,EB,2021-03-16 00:30:00,15.0,13.0,28.0,30.0,23.0,0,1,16.0
32970,Queens,2021,3,16,0,30,9,177615,POINT (1028931.8143046284 215115.26618027306),ROOSEVELT AVENUE BRIDGE,Flushing Line,Flushing Line,WB,2021-03-16 00:30:00,12.0,15.0,17.0,18.0,10.0,0,1,17.0
32970,Brooklyn,2021,3,16,0,30,37,191114,POINT (988207.4245194928 151130.52481856258),CROPSEY AVENUE BRIDGE,Coney Island Creek Shoreline,Dead end,NB,2021-03-16 00:30:00,24.0,32.0,38.0,67.0,22.0,0,1,31.0
32970,Brooklyn,2021,3,16,0,45,30,157501,POINT (988148.6889210109 151103.24158873298),CROPSEY AVENUE BRIDGE,Cropsey Avenue,Dead end,SB,2021-03-16 00:45:00,31.0,45.0,52.0,93.0,30.0,0,1,20.0
32970,Queens,2021,3,16,0,45,23,177615,POINT (1028931.8143046284 215115.26618027306),ROOSEVELT AVENUE BRIDGE,Flushing Line,Flushing Line,EB,2021-03-16 00:45:00,11.0,15.0,15.0,22.0,13.0,0,1,14.0
32970,Queens,2021,3,16,0,45,10,177615,POINT (1028931.8143046284 215115.26618027306),ROOSEVELT AVENUE BRIDGE,Flushing Line,Flushing Line,WB,2021-03-16 00:45:00,9.0,12.0,17.0,17.0,9.0,0,1,10.0
32970,Brooklyn,2021,3,16,0,45,22,191114,POINT (988207.4245194928 151130.52481856258),CROPSEY AVENUE BRIDGE,Coney Island Creek Shoreline,Dead end,NB,2021-03-16 00:45:00,37.0,24.0,38.0,82.0,29.0,0,1,19.0
32970,Queens,2021,3,16,1,0,9,177615,POINT (1028931.8143046284 215115.26618027306),ROOSEVELT AVENUE BRIDGE,Flushing Line,Flushing Line,WB,2021-03-16 01:00:00,10.0,9.0,15.0,18.0,12.0,1,1,14.0
32970,Brooklyn,2021,3,16,1,0,29,191114,POINT (988207.4245194928 151130.52481856258),CROPSEY AVENUE BRIDGE,Coney Island Creek Shoreline,Dead end,NB,2021-03-16 01:00:00,22.0,37.0,32.0,59.0,12.0,1,1,26.0
32970,Brooklyn,2021,3,16,1,0,30,157501,POINT (988148.6889210109 151103.24158873298),CROPSEY AVENUE BRIDGE,Cropsey Avenue,Dead end,SB,2021-03-16 01:00:00,30.0,31.0,37.0,60.0,20.0,1,1,27.0
32970,Queens,2021,3,16,1,0,13,177615,POINT (1028931.8143046284 215115.26618027306),ROOSEVELT AVENUE BRIDGE,Flushing Line,Flushing Line,EB,2021-03-16 01:00:00,23.0,11.0,13.0,30.0,12.0,1,1,14.0
32970,Brooklyn,2021,3,16,1,15,20,157501,POINT (988148.6889210109 151103.24158873298),CROPSEY AVENUE BRIDGE,Cropsey Avenue,Dead end,SB,2021-03-16 01:15:00,30.0,30.0,45.0,65.0,25.0,1,1,28.0
32970,Queens,2021,3,16,1,15,12,177615,POINT (1028931.8143046284 215115.26618027306),ROOSEVELT AVENUE BRIDGE,Flushing Line,Flushing Line,EB,2021-03-16 01:15:00,13.0,23.0,15.0,20.0,18.0,1,1,15.0
32970,Queens,2021,3,16,1,15,12,177615,POINT (1028931.8143046284 215115.26618027306),ROOSEVELT AVENUE BRIDGE,Flushing Line,Flushing Line,WB,2021-03-16 01:15:00,9.0,10.0,12.0,21.0,2.0,1,1,10.0
32970,Brooklyn,2021,3,16,1,15,12,191114,POINT (988207.4245194928 151130.52481856258),CROPSEY AVENUE BRIDGE,Coney Island Creek Shoreline,Dead end,NB,2021-03-16 01:15:00,29.0,22.0,24.0,47.0,18.0,1,1,27.0
32970,Brooklyn,2021,3,16,1,30,25,157501,POINT (988148.6889210109 151103.24158873298),CROPSEY AVENUE BRIDGE,Cropsey Avenue,Dead end,SB,2021-03-16 01:30:00,20.0,30.0,31.0,51.0,24.0,1,1,18.0
32970,Queens,2021,3,16,1,30,18,177615,POINT (1028931.8143046284 215115.26618027306),ROOSEVELT AVENUE BRIDGE,Flushing Line,Flushing Line,EB,2021-03-16 01:30:00,12.0,13.0,11.0,28.0,9.0,1,1,15.0
32970,Queens,2021,3,16,1,30,2,177615,POINT (1028931.8143046284 215115.26618027306),ROOSEVELT AVENUE BRIDGE,Flushing Line,Flushing Line,WB,2021-03-16 01:30:00,12.0,9.0,9.0,17.0,12.0,1,1,6.0
32970,Brooklyn,2021,3,16,1,30,18,191114,POINT (988207.4245194928 151130.52481856258),CROPSEY AVENUE BRIDGE,Coney Island Creek Shoreline,Dead end,NB,2021-03-16 01:30:00,12.0,29.0,37.0,38.0,23.0,1,1,18.0
32970,Brooklyn,2021,3,16,1,45,23,191114,POINT (988207.4245194928 151130.52481856258),CROPSEY AVENUE BRIDGE,Coney Island Creek Shoreline,Dead end,NB,2021-03-16 01:45:00,18.0,12.0,22.0,38.0,16.0,1,1,20.0
32970,Queens,2021,3,16,1,45,12,177615,POINT (1028931.8143046284 215115.26618027306),ROOSEVELT AVENUE BRIDGE,Flushing Line,Flushing Line,WB,2021-03-16 01:45:00,2.0,12.0,10.0,17.0,9.0,1,1,7.0
32970,Queens,2021,3,16,1,45,9,177615,POINT (1028931.8143046284 215115.26618027306),ROOSEVELT AVENUE BRIDGE,Flushing Line,Flushing Line,EB,2021-03-16 01:45:00,18.0,12.0,23.0,15.0,12.0,1,1,10.0
32970,Brooklyn,2021,3,16,1,45,24,157501,POINT (988148.6889210109 151103.24158873298),CROPSEY AVENUE BRIDGE,Cropsey Avenue,Dead end,SB,2021-03-16 01:45:00,25.0,20.0,30.0,52.0,15.0,1,1,26.0
32970,Brooklyn,2021,3,16,2,0,15,157501,POINT (988148.6889210109 151103.24158873298),CROPSEY AVENUE BRIDGE,Cropsey Avenue,Dead end,SB,2021-03-16 02:00:00,24.0,25.0,30.0,37.0,19.0,2,1,23.0
32970,Queens,2021,3,16,2,0,12,177615,POINT (1028931.8143046284 215115.26618027306),ROOSEVELT AVENUE BRIDGE,Flushing Line,Flushing Line,EB,2021-03-16 02:00:00,9.0,18.0,13.0,13.0,13.0,2,1,18.0
32970,Queens,2021,3,16,2,0,9,177615,POINT (1028931.8143046284 215115.26618027306),ROOSEVELT AVENUE BRIDGE,Flushing Line,Flushing Line,WB,2021-03-16 02:00:00,12.0,2.0,9.0,15.0,8.0,2,1,13.0
32970,Brooklyn,2021,3,16,2,0,16,191114,POINT (988207.4245194928 151130.52481856258),CROPSEY AVENUE BRIDGE,Coney Island Creek Shoreline,Dead end,NB,2021-03-16 02:00:00,23.0,18.0,29.0,32.0,18.0,2,1,18.0
32970,Brooklyn,2021,3,16,2,15,19,157501,POINT (988148.6889210109 151103.24158873298),CROPSEY AVENUE BRIDGE,Cropsey Avenue,Dead end,SB,2021-03-16 02:15:00,15.0,24.0,20.0,45.0,16.0,2,1,19.0
32970,Queens,2021,3,16,2,15,13,177615,POINT (1028931.8143046284 215115.26618027306),ROOSEVELT AVENUE BRIDGE,Flushing Line,Flushing Line,EB,2021-03-16 02:15:00,12.0,9.0,12.0,15.0,10.0,2,1,15.0
32970,Queens,2021,3,16,2,15,8,177615,POINT (1028931.8143046284 215115.26618027306),ROOSEVELT AVENUE BRIDGE,Flushing Line,Flushing Line,WB,2021-03-16 02:15:00,9.0,12.0,12.0,12.0,8.0,2,1,8.0
32970,Brooklyn,2021,3,16,2,15,18,191114,POINT (988207.4245194928 151130.52481856258),CROPSEY AVENUE BRIDGE,Coney Island Creek Shoreline,Dead end,NB,2021-03-16 02:15:00,16.0,23.0,12.0,24.0,20.0,2,1,20.0
32970,Queens,2021,3,16,2,30,8,177615,POINT (1028931.8143046284 215115.26618027306),ROOSEVELT AVENUE BRIDGE,Flushing Line,Flushing Line,WB,2021-03-16 02:30:00,8.0,9.0,2.0,9.0,9.0,2,1,7.0
32970,Brooklyn,2021,3,16,2,30,20,191114,POINT (988207.4245194928 151130.52481856258),CROPSEY AVENUE BRIDGE,Coney Island Creek Shoreline,Dead end,NB,2021-03-16 02:30:00,18.0,16.0,18.0,37.0,16.0,2,1,23.0
32970,Brooklyn,2021,3,16,2,30,16,157501,POINT (988148.6889210109 151103.24158873298),CROPSEY AVENUE BRIDGE,Cropsey Avenue,Dead end,SB,2021-03-16 02:30:00,19.0,15.0,25.0,31.0,27.0,2,1,15.0
32970,Queens,2021,3,16,2,30,10,177615,POINT (1028931.8143046284 215115.26618027306),ROOSEVELT AVENUE BRIDGE,Flushing Line,Flushing Line,EB,2021-03-16 02:30:00,13.0,12.0,18.0,11.0,15.0,2,1,15.0
32970,Brooklyn,2021,3,16,2,45,27,157501,POINT (988148.6889210109 151103.24158873298),CROPSEY AVENUE BRIDGE,Cropsey Avenue,Dead end,SB,2021-03-16 02:45:00,16.0,19.0,24.0,30.0,25.0,2,1,31.0
32970,Queens,2021,3,16,2,45,15,177615,POINT (1028931.8143046284 215115.26618027306),ROOSEVELT AVENUE BRIDGE,Flushing Line,Flushing Line,EB,2021-03-16 02:45:00,10.0,13.0,9.0,23.0,18.0,2,1,20.0
32970,Queens,2021,3,16,2,45,9,177615,POINT (1028931.8143046284 215115.26618027306),ROOSEVELT AVENUE BRIDGE,Flushing Line,Flushing Line,WB,2021-03-16 02:45:00,8.0,8.0,12.0,10.0,12.0,2,1,14.0
32970,Brooklyn,2021,3,16,2,45,16,191114,POINT (988207.4245194928 151130.52481856258),CROPSEY AVENUE BRIDGE,Coney Island Creek Shoreline,Dead end,NB,2021-03-16 02:45:00,20.0,18.0,23.0,22.0,31.0,2,1,20.0
32970,Brooklyn,2021,3,16,3,0,25,157501,POINT (988148.6889210109 151103.24158873298),CROPSEY AVENUE BRIDGE,Cropsey Avenue,Dead end,SB,2021-03-16 03:00:00,27.0,16.0,15.0,30.0,25.0,3,1,29.0
32970,Queens,2021,3,16,3,0,18,177615,POINT (1028931.8143046284 215115.26618027306),ROOSEVELT AVENUE BRIDGE,Flushing Line,Flushing Line,EB,2021-03-16 03:00:00,15.0,10.0,12.0,13.0,16.0,3,1,10.0
32970,Queens,2021,3,16,3,0,12,177615,POINT (1028931.8143046284 215115.26618027306),ROOSEVELT AVENUE BRIDGE,Flushing Line,Flushing Line,WB,2021-03-16 03:00:00,9.0,8.0,9.0,9.0,10.0,3,1,13.0
32970,Brooklyn,2021,3,16,3,0,31,191114,POINT (988207.4245194928 151130.52481856258),CROPSEY AVENUE BRIDGE,Coney Island Creek Shoreline,Dead end,NB,2021-03-16 03:00:00,16.0,20.0,16.0,29.0,25.0,3,1,27.0
32970,Queens,2021,3,16,3,15,10,177615,POINT (1028931.8143046284 215115.26618027306),ROOSEVELT AVENUE BRIDGE,Flushing Line,Flushing Line,WB,2021-03-16 03:15:00,12.0,9.0,8.0,12.0,16.0,3,1,13.0
32970,Brooklyn,2021,3,16,3,15,25,191114,POINT (988207.4245194928 151130.52481856258),CROPSEY AVENUE BRIDGE,Coney Island Creek Shoreline,Dead end,NB,2021-03-16 03:15:00,31.0,16.0,18.0,12.0,46.0,3,1,25.0
32970,Brooklyn,2021,3,16,3,15,25,157501,POINT (988148.6889210109 151103.24158873298),CROPSEY AVENUE BRIDGE,Cropsey Avenue,Dead end,SB,2021-03-16 03:15:00,25.0,27.0,19.0,20.0,46.0,3,1,31.0
32970,Queens,2021,3,16,3,15,16,177615,POINT (1028931.8143046284 215115.26618027306),ROOSEVELT AVENUE BRIDGE,Flushing Line,Flushing Line,EB,2021-03-16 03:15:00,18.0,15.0,13.0,12.0,15.0,3,1,14.0
32970,Brooklyn,2021,3,16,3,30,46,157501,POINT (988148.6889210109 151103.24158873298),CROPSEY AVENUE BRIDGE,Cropsey Avenue,Dead end,SB,2021-03-16 03:30:00,25.0,25.0,16.0,25.0,35.0,3,1,42.0
32970,Queens,2021,3,16,3,30,15,177615,POINT (1028931.8143046284 215115.26618027306),ROOSEVELT AVENUE BRIDGE,Flushing Line,Flushing Line,EB,2021-03-16 03:30:00,16.0,18.0,10.0,18.0,13.0,3,1,17.0
32970,Queens,2021,3,16,3,30,16,177615,POINT (1028931.8143046284 215115.26618027306),ROOSEVELT AVENUE BRIDGE,Flushing Line,Flushing Line,WB,2021-03-16 03:30:00,10.0,12.0,8.0,2.0,10.0,3,1,15.0
32970,Brooklyn,2021,3,16,3,30,46,191114,POINT (988207.4245194928 151130.52481856258),CROPSEY AVENUE BRIDGE,Coney Island Creek Shoreline,Dead end,NB,2021-03-16 03:30:00,25.0,31.0,20.0,18.0,37.0,3,1,32.0
32970,Brooklyn,2021,3,16,3,45,35,157501,POINT (988148.6889210109 151103.24158873298),CROPSEY AVENUE BRIDGE,Cropsey Avenue,Dead end,SB,2021-03-16 03:45:00,46.0,25.0,27.0,24.0,42.0,3,1,54.0
32970,Queens,2021,3,16,3,45,13,177615,POINT (1028931.8143046284 215115.26618027306),ROOSEVELT AVENUE BRIDGE,Flushing Line,Flushing Line,EB,2021-03-16 03:45:00,15.0,16.0,15.0,9.0,18.0,3,1,10.0
32970,Queens,2021,3,16,3,45,10,177615,POINT (1028931.8143046284 215115.26618027306),ROOSEVELT AVENUE BRIDGE,Flushing Line,Flushing Line,WB,2021-03-16 03:45:00,16.0,10.0,9.0,12.0,18.0,3,1,12.0
32970,Brooklyn,2021,3,16,3,45,37,191114,POINT (988207.4245194928 151130.52481856258),CROPSEY AVENUE BRIDGE,Coney Island Creek Shoreline,Dead end,NB,2021-03-16 03:45:00,46.0,25.0,16.0,23.0,43.0,3,1,42.0
32970,Brooklyn,2021,3,16,4,0,43,191114,POINT (988207.4245194928 151130.52481856258),CROPSEY AVENUE BRIDGE,Coney Island Creek Shoreline,Dead end,NB,2021-03-16 04:00:00,37.0,46.0,31.0,16.0,70.0,4,1,58.0
32970,Brooklyn,2021,3,16,4,0,42,157501,POINT (988148.6889210109 151103.24158873298),CROPSEY AVENUE BRIDGE,Cropsey Avenue,Dead end,SB,2021-03-16 04:00:00,35.0,46.0,25.0,15.0,73.0,4,1,43.0
32970,Queens,2021,3,16,4,0,18,177615,POINT (1028931.8143046284 215115.26618027306),ROOSEVELT AVENUE BRIDGE,Flushing Line,Flushing Line,EB,2021-03-16 04:00:00,13.0,15.0,18.0,12.0,31.0,4,1,19.0
32970,Queens,2021,3,16,4,0,18,177615,POINT (1028931.8143046284 215115.26618027306),ROOSEVELT AVENUE BRIDGE,Flushing Line,Flushing Line,WB,2021-03-16 04:00:00,10.0,16.0,12.0,9.0,26.0,4,1,18.0
32970,Queens,2021,3,16,4,15,26,177615,POINT (1028931.8143046284 215115.26618027306),ROOSEVELT AVENUE BRIDGE,Flushing Line,Flushing Line,WB,2021-03-16 04:15:00,18.0,10.0,10.0,8.0,40.0,4,1,24.0
32970,Brooklyn,2021,3,16,4,15,70,191114,POINT (988207.4245194928 151130.52481856258),CROPSEY AVENUE BRIDGE,Coney Island Creek Shoreline,Dead end,NB,2021-03-16 04:15:00,43.0,37.0,25.0,18.0,71.0,4,1,50.0
32970,Brooklyn,2021,3,16,4,15,73,157501,POINT (988148.6889210109 151103.24158873298),CROPSEY AVENUE BRIDGE,Cropsey Avenue,Dead end,SB,2021-03-16 04:15:00,42.0,35.0,25.0,19.0,82.0,4,1,49.0
32970,Queens,2021,3,16,4,15,31,177615,POINT (1028931.8143046284 215115.26618027306),ROOSEVELT AVENUE BRIDGE,Flushing Line,Flushing Line,EB,2021-03-16 04:15:00,18.0,13.0,16.0,13.0,44.0,4,1,27.0
32970,Brooklyn,2021,3,16,4,30,82,157501,POINT (988148.6889210109 151103.24158873298),CROPSEY AVENUE BRIDGE,Cropsey Avenue,Dead end,SB,2021-03-16 04:30:00,73.0,42.0,46.0,16.0,130.0,4,1,85.0
32970,Queens,2021,3,16,4,30,44,177615,POINT (1028931.8143046284 215115.26618027306),ROOSEVELT AVENUE BRIDGE,Flushing Line,Flushing Line,EB,2021-03-16 04:30:00,31.0,18.0,15.0,10.0,46.0,4,1,31.0
32970,Queens,2021,3,16,4,30,40,177615,POINT (1028931.8143046284 215115.26618027306),ROOSEVELT AVENUE BRIDGE,Flushing Line,Flushing Line,WB,2021-03-16 04:30:00,26.0,18.0,16.0,8.0,46.0,4,1,26.0
32970,Brooklyn,2021,3,16,4,30,71,191114,POINT (988207.4245194928 151130.52481856258),CROPSEY AVENUE BRIDGE,Coney Island Creek Shoreline,Dead end,NB,2021-03-16 04:30:00,70.0,43.0,46.0,20.0,93.0,4,1,71.0
32970,Brooklyn,2021,3,16,4,45,130,157501,POINT (988148.6889210109 151103.24158873298),CROPSEY AVENUE BRIDGE,Cropsey Avenue,Dead end,SB,2021-03-16 04:45:00,82.0,73.0,35.0,27.0,138.0,4,1,83.0
32970,Queens,2021,3,16,4,45,46,177615,POINT (1028931.8143046284 215115.26618027306),ROOSEVELT AVENUE BRIDGE,Flushing Line,Flushing Line,EB,2021-03-16 04:45:00,44.0,31.0,13.0,15.0,25.0,4,1,44.0
32970,Queens,2021,3,16,4,45,46,177615,POINT (1028931.8143046284 215115.26618027306),ROOSEVELT AVENUE BRIDGE,Flushing Line,Flushing Line,WB,2021-03-16 04:45:00,40.0,26.0,10.0,9.0,47.0,4,1,42.0
32970,Brooklyn,2021,3,16,4,45,93,191114,POINT (988207.4245194928 151130.52481856258),CROPSEY AVENUE BRIDGE,Coney Island Creek Shoreline,Dead end,NB,2021-03-16 04:45:00,71.0,70.0,37.0,16.0,120.0,4,1,107.0
32970,Brooklyn,2021,3,16,5,0,120,191114,POINT (988207.4245194928 151130.52481856258),CROPSEY AVENUE BRIDGE,Coney Island Creek Shoreline,Dead end,NB,2021-03-16 05:00:00,93.0,71.0,43.0,31.0,135.0,5,1,87.0
32970,Queens,2021,3,16,5,0,47,177615,POINT (1028931.8143046284 215115.26618027306),ROOSEVELT AVENUE BRIDGE,Flushing Line,Flushing Line,WB,2021-03-16 05:00:00,46.0,40.0,18.0,12.0,53.0,5,1,54.0
32970,Brooklyn,2021,3,16,5,0,138,157501,POINT (988148.6889210109 151103.24158873298),CROPSEY AVENUE BRIDGE,Cropsey Avenue,Dead end,SB,2021-03-16 05:00:00,130.0,82.0,42.0,25.0,176.0,5,1,120.0
32970,Queens,2021,3,16,5,0,25,177615,POINT (1028931.8143046284 215115.26618027306),ROOSEVELT AVENUE BRIDGE,Flushing Line,Flushing Line,EB,2021-03-16 05:00:00,46.0,44.0,18.0,18.0,40.0,5,1,31.0
32970,Brooklyn,2021,3,16,5,15,176,157501,POINT (988148.6889210109 151103.24158873298),CROPSEY AVENUE BRIDGE,Cropsey Avenue,Dead end,SB,2021-03-16 05:15:00,138.0,130.0,73.0,25.0,231.0,5,1,173.0
32970,Queens,2021,3,16,5,15,40,177615,POINT (1028931.8143046284 215115.26618027306),ROOSEVELT AVENUE BRIDGE,Flushing Line,Flushing Line,EB,2021-03-16 05:15:00,25.0,46.0,31.0,16.0,60.0,5,1,25.0
32970,Queens,2021,3,16,5,15,53,177615,POINT (1028931.8143046284 215115.26618027306),ROOSEVELT AVENUE BRIDGE,Flushing Line,Flushing Line,WB,2021-03-16 05:15:00,47.0,46.0,26.0,10.0,55.0,5,1,45.0
32970,Brooklyn,2021,3,16,5,15,135,191114,POINT (988207.4245194928 151130.52481856258),CROPSEY AVENUE BRIDGE,Coney Island Creek Shoreline,Dead end,NB,2021-03-16 05:15:00,120.0,93.0,70.0,25.0,144.0,5,1,140.0
32970,Brooklyn,2021,3,16,5,30,144,191114,POINT (988207.4245194928 151130.52481856258),CROPSEY AVENUE BRIDGE,Coney Island Creek Shoreline,Dead end,NB,2021-03-16 05:30:00,135.0,120.0,71.0,46.0,155.0,5,1,161.0
32970,Brooklyn,2021,3,16,5,30,231,157501,POINT (988148.6889210109 151103.24158873298),CROPSEY AVENUE BRIDGE,Cropsey Avenue,Dead end,SB,2021-03-16 05:30:00,176.0,138.0,82.0,46.0,240.0,5,1,211.0
32970,Queens,2021,3,16,5,30,60,177615,POINT (1028931.8143046284 215115.26618027306),ROOSEVELT AVENUE BRIDGE,Flushing Line,Flushing Line,EB,2021-03-16 05:30:00,40.0,25.0,44.0,15.0,49.0,5,1,41.0
32970,Queens,2021,3,16,5,30,55,177615,POINT (1028931.8143046284 215115.26618027306),ROOSEVELT AVENUE BRIDGE,Flushing Line,Flushing Line,WB,2021-03-16 05:30:00,53.0,47.0,40.0,16.0,79.0,5,1,51.0
32970,Queens,2021,3,16,5,45,79,177615,POINT (1028931.8143046284 215115.26618027306),ROOSEVELT AVENUE BRIDGE,Flushing Line,Flushing Line,WB,2021-03-16 05:45:00,55.0,53.0,46.0,10.0,76.0,5,1,66.0
32970,Brooklyn,2021,3,16,5,45,155,191114,POINT (988207.4245194928 151130.52481856258),CROPSEY AVENUE BRIDGE,Coney Island Creek Shoreline,Dead end,NB,2021-03-16 05:45:00,144.0,135.0,93.0,37.0,198.0,5,1,162.0
32970,Brooklyn,2021,3,16,5,45,240,157501,POINT (988148.6889210109 151103.24158873298),CROPSEY AVENUE BRIDGE,Cropsey Avenue,Dead end,SB,2021-03-16 05:45:00,231.0,176.0,130.0,35.0,220.0,5,1,244.0
32970,Queens,2021,3,16,5,45,49,177615,POINT (1028931.8143046284 215115.26618027306),ROOSEVELT AVENUE BRIDGE,Flushing Line,Flushing Line,EB,2021-03-16 05:45:00,60.0,40.0,46.0,13.0,63.0,5,1,57.0
32970,Brooklyn,2021,3,16,6,0,198,191114,POINT (988207.4245194928 151130.52481856258),CROPSEY AVENUE BRIDGE,Coney Island Creek Shoreline,Dead end,NB,2021-03-16 06:00:00,155.0,144.0,120.0,43.0,197.0,6,1,175.0
32970,Queens,2021,3,16,6,0,76,177615,POINT (1028931.8143046284 215115.26618027306),ROOSEVELT AVENUE BRIDGE,Flushing Line,Flushing Line,WB,2021-03-16 06:00:00,79.0,55.0,47.0,18.0,121.0,6,1,89.0
32970,Brooklyn,2021,3,16,6,0,220,157501,POINT (988148.6889210109 151103.24158873298),CROPSEY AVENUE BRIDGE,Cropsey Avenue,Dead end,SB,2021-03-16 06:00:00,240.0,231.0,138.0,42.0,237.0,6,1,214.0
32970,Queens,2021,3,16,6,0,63,177615,POINT (1028931.8143046284 215115.26618027306),ROOSEVELT AVENUE BRIDGE,Flushing Line,Flushing Line,EB,2021-03-16 06:00:00,49.0,60.0,25.0,18.0,67.0,6,1,69.0
32970,Brooklyn,2021,3,16,6,15,237,157501,POINT (988148.6889210109 151103.24158873298),CROPSEY AVENUE BRIDGE,Cropsey Avenue,Dead end,SB,2021-03-16 06:15:00,220.0,240.0,176.0,73.0,235.0,6,1,244.0
32970,Queens,2021,3,16,6,15,67,177615,POINT (1028931.8143046284 215115.26618027306),ROOSEVELT AVENUE BRIDGE,Flushing Line,Flushing Line,EB,2021-03-16 06:15:00,63.0,49.0,40.0,31.0,78.0,6,1,67.0
32970,Queens,2021,3,16,6,15,121,177615,POINT (1028931.8143046284 215115.26618027306),ROOSEVELT AVENUE BRIDGE,Flushing Line,Flushing Line,WB,2021-03-16 06:15:00,76.0,79.0,53.0,26.0,96.0,6,1,87.0
32970,Brooklyn,2021,3,16,6,15,197,191114,POINT (988207.4245194928 151130.52481856258),CROPSEY AVENUE BRIDGE,Coney Island Creek Shoreline,Dead end,NB,2021-03-16 06:15:00,198.0,155.0,135.0,70.0,230.0,6,1,211.0
32970,Brooklyn,2021,3,16,6,30,230,191114,POINT (988207.4245194928 151130.52481856258),CROPSEY AVENUE BRIDGE,Coney Island Creek Shoreline,Dead end,NB,2021-03-16 06:30:00,197.0,198.0,144.0,71.0,229.0,6,1,221.0
32970,Brooklyn,2021,3,16,6,30,235,157501,POINT (988148.6889210109 151103.24158873298),CROPSEY AVENUE BRIDGE,Cropsey Avenue,Dead end,SB,2021-03-16 06:30:00,237.0,220.0,231.0,82.0,323.0,6,1,227.0
32970,Queens,2021,3,16,6,30,78,177615,POINT (1028931.8143046284 215115.26618027306),ROOSEVELT AVENUE BRIDGE,Flushing Line,Flushing Line,EB,2021-03-16 06:30:00,67.0,63.0,60.0,44.0,83.0,6,1,66.0
32970,Queens,2021,3,16,6,30,96,177615,POINT (1028931.8143046284 215115.26618027306),ROOSEVELT AVENUE BRIDGE,Flushing Line,Flushing Line,WB,2021-03-16 06:30:00,121.0,76.0,55.0,40.0,104.0,6,1,92.0
32970,Brooklyn,2021,3,16,6,45,229,191114,POINT (988207.4245194928 151130.52481856258),CROPSEY AVENUE BRIDGE,Coney Island Creek Shoreline,Dead end,NB,2021-03-16 06:45:00,230.0,197.0,155.0,93.0,257.0,6,1,211.0
32970,Queens,2021,3,16,6,45,104,177615,POINT (1028931.8143046284 215115.26618027306),ROOSEVELT AVENUE BRIDGE,Flushing Line,Flushing Line,WB,2021-03-16 06:45:00,96.0,121.0,79.0,46.0,84.0,6,1,95.0
32970,Brooklyn,2021,3,16,6,45,323,157501,POINT (988148.6889210109 151103.24158873298),CROPSEY AVENUE BRIDGE,Cropsey Avenue,Dead end,SB,2021-03-16 06:45:00,235.0,237.0,240.0,130.0,296.0,6,1,279.0
32970,Queens,2021,3,16,6,45,83,177615,POINT (1028931.8143046284 215115.26618027306),ROOSEVELT AVENUE BRIDGE,Flushing Line,Flushing Line,EB,2021-03-16 06:45:00,78.0,67.0,49.0,46.0,82.0,6,1,92.0
32970,Brooklyn,2021,3,16,7,0,296,157501,POINT (988148.6889210109 151103.24158873298),CROPSEY AVENUE BRIDGE,Cropsey Avenue,Dead end,SB,2021-03-16 07:00:00,323.0,235.0,220.0,138.0,278.0,7,1,265.0
32970,Queens,2021,3,16,7,0,82,177615,POINT (1028931.8143046284 215115.26618027306),ROOSEVELT AVENUE BRIDGE,Flushing Line,Flushing Line,EB,2021-03-16 07:00:00,83.0,78.0,63.0,25.0,84.0,7,1,88.0
32970,Queens,2021,3,16,7,0,84,177615,POINT (1028931.8143046284 215115.26618027306),ROOSEVELT AVENUE BRIDGE,Flushing Line,Flushing Line,WB,2021-03-16 07:00:00,104.0,96.0,76.0,47.0,93.0,7,1,84.0
32970,Brooklyn,2021,3,16,7,0,257,191114,POINT (988207.4245194928 151130.52481856258),CROPSEY AVENUE BRIDGE,Coney Island Creek Shoreline,Dead end,NB,2021-03-16 07:00:00,229.0,230.0,198.0,120.0,269.0,7,1,237.0
32970,Brooklyn,2021,3,16,7,15,278,157501,POINT (988148.6889210109 151103.24158873298),CROPSEY AVENUE BRIDGE,Cropsey Avenue,Dead end,SB,2021-03-16 07:15:00,296.0,323.0,237.0,176.0,252.0,7,1,81.0
32970,Queens,2021,3,16,7,15,84,177615,POINT (1028931.8143046284 215115.26618027306),ROOSEVELT AVENUE BRIDGE,Flushing Line,Flushing Line,EB,2021-03-16 07:15:00,82.0,83.0,67.0,40.0,89.0,7,1,83.0
32970,Queens,2021,3,16,7,15,93,177615,POINT (1028931.8143046284 215115.26618027306),ROOSEVELT AVENUE BRIDGE,Flushing Line,Flushing Line,WB,2021-03-16 07:15:00,84.0,104.0,121.0,53.0,94.0,7,1,98.0
32970,Brooklyn,2021,3,16,7,15,269,191114,POINT (988207.4245194928 151130.52481856258),CROPSEY AVENUE BRIDGE,Coney Island Creek Shoreline,Dead end,NB,2021-03-16 07:15:00,257.0,229.0,197.0,135.0,266.0,7,1,247.0
32970,Queens,2021,3,16,7,30,94,177615,POINT (1028931.8143046284 215115.26618027306),ROOSEVELT AVENUE BRIDGE,Flushing Line,Flushing Line,WB,2021-03-16 07:30:00,93.0,84.0,96.0,55.0,88.0,7,1,125.0
32970,Brooklyn,2021,3,16,7,30,266,191114,POINT (988207.4245194928 151130.52481856258),CROPSEY AVENUE BRIDGE,Coney Island Creek Shoreline,Dead end,NB,2021-03-16 07:30:00,269.0,257.0,230.0,144.0,256.0,7,1,273.0
32970,Queens,2021,3,16,7,30,89,177615,POINT (1028931.8143046284 215115.26618027306),ROOSEVELT AVENUE BRIDGE,Flushing Line,Flushing Line,EB,2021-03-16 07:30:00,84.0,82.0,78.0,60.0,105.0,7,1,91.0
32970,Brooklyn,2021,3,16,7,30,252,157501,POINT (988148.6889210109 151103.24158873298),CROPSEY AVENUE BRIDGE,Cropsey Avenue,Dead end,SB,2021-03-16 07:30:00,278.0,296.0,235.0,231.0,292.0,7,1,231.0
32970,Brooklyn,2021,3,16,7,45,292,157501,POINT (988148.6889210109 151103.24158873298),CROPSEY AVENUE BRIDGE,Cropsey Avenue,Dead end,SB,2021-03-16 07:45:00,252.0,278.0,323.0,240.0,250.0,7,1,255.0
32970,Queens,2021,3,16,7,45,105,177615,POINT (1028931.8143046284 215115.26618027306),ROOSEVELT AVENUE BRIDGE,Flushing Line,Flushing Line,EB,2021-03-16 07:45:00,89.0,84.0,83.0,49.0,92.0,7,1,103.0
32970,Queens,2021,3,16,7,45,88,177615,POINT (1028931.8143046284 215115.26618027306),ROOSEVELT AVENUE BRIDGE,Flushing Line,Flushing Line,WB,2021-03-16 07:45:00,94.0,93.0,104.0,79.0,113.0,7,1,73.0
32970,Brooklyn,2021,3,16,7,45,256,191114,POINT (988207.4245194928 151130.52481856258),CROPSEY AVENUE BRIDGE,Coney Island Creek Shoreline,Dead end,NB,2021-03-16 07:45:00,266.0,269.0,229.0,155.0,211.0,7,1,226.0
32970,Brooklyn,2021,3,16,8,0,250,157501,POINT (988148.6889210109 151103.24158873298),CROPSEY AVENUE BRIDGE,Cropsey Avenue,Dead end,SB,2021-03-16 08:00:00,292.0,252.0,296.0,220.0,254.0,8,1,272.0
32970,Queens,2021,3,16,8,0,92,177615,POINT (1028931.8143046284 215115.26618027306),ROOSEVELT AVENUE BRIDGE,Flushing Line,Flushing Line,EB,2021-03-16 08:00:00,105.0,89.0,82.0,63.0,96.0,8,1,103.0
32970,Queens,2021,3,16,8,0,113,177615,POINT (1028931.8143046284 215115.26618027306),ROOSEVELT AVENUE BRIDGE,Flushing Line,Flushing Line,WB,2021-03-16 08:00:00,88.0,94.0,84.0,76.0,91.0,8,1,103.0
32970,Brooklyn,2021,3,16,8,0,211,191114,POINT (988207.4245194928 151130.52481856258),CROPSEY AVENUE BRIDGE,Coney Island Creek Shoreline,Dead end,NB,2021-03-16 08:00:00,256.0,266.0,257.0,198.0,215.0,8,1,201.0
32970,Queens,2021,3,16,8,15,96,177615,POINT (1028931.8143046284 215115.26618027306),ROOSEVELT AVENUE BRIDGE,Flushing Line,Flushing Line,EB,2021-03-16 08:15:00,92.0,105.0,84.0,67.0,94.0,8,1,101.0
32970,Brooklyn,2021,3,16,8,15,254,157501,POINT (988148.6889210109 151103.24158873298),CROPSEY AVENUE BRIDGE,Cropsey Avenue,Dead end,SB,2021-03-16 08:15:00,250.0,292.0,278.0,237.0,226.0,8,1,241.0
32970,Queens,2021,3,16,8,15,91,177615,POINT (1028931.8143046284 215115.26618027306),ROOSEVELT AVENUE BRIDGE,Flushing Line,Flushing Line,WB,2021-03-16 08:15:00,113.0,88.0,93.0,121.0,77.0,8,1,70.0
32970,Brooklyn,2021,3,16,8,15,215,191114,POINT (988207.4245194928 151130.52481856258),CROPSEY AVENUE BRIDGE,Coney Island Creek Shoreline,Dead end,NB,2021-03-16 08:15:00,211.0,256.0,269.0,197.0,199.0,8,1,205.0
32970,Brooklyn,2021,3,16,8,30,199,191114,POINT (988207.4245194928 151130.52481856258),CROPSEY AVENUE BRIDGE,Coney Island Creek Shoreline,Dead end,NB,2021-03-16 08:30:00,215.0,211.0,266.0,230.0,196.0,8,1,232.0
32970,Queens,2021,3,16,8,30,77,177615,POINT (1028931.8143046284 215115.26618027306),ROOSEVELT AVENUE BRIDGE,Flushing Line,Flushing Line,WB,2021-03-16 08:30:00,91.0,113.0,94.0,96.0,91.0,8,1,91.0
32970,Brooklyn,2021,3,16,8,30,226,157501,POINT (988148.6889210109 151103.24158873298),CROPSEY AVENUE BRIDGE,Cropsey Avenue,Dead end,SB,2021-03-16 08:30:00,254.0,250.0,252.0,235.0,276.0,8,1,218.0
32970,Queens,2021,3,16,8,30,94,177615,POINT (1028931.8143046284 215115.26618027306),ROOSEVELT AVENUE BRIDGE,Flushing Line,Flushing Line,EB,2021-03-16 08:30:00,96.0,92.0,89.0,78.0,111.0,8,1,91.0
32970,Brooklyn,2021,3,16,8,45,196,191114,POINT (988207.4245194928 151130.52481856258),CROPSEY AVENUE BRIDGE,Coney Island Creek Shoreline,Dead end,NB,2021-03-16 08:45:00,199.0,215.0,256.0,229.0,199.0,8,1,195.0
32970,Brooklyn,2021,3,16,8,45,276,157501,POINT (988148.6889210109 151103.24158873298),CROPSEY AVENUE BRIDGE,Cropsey Avenue,Dead end,SB,2021-03-16 08:45:00,226.0,254.0,292.0,323.0,260.0,8,1,227.0
32970,Queens,2021,3,16,8,45,111,177615,POINT (1028931.8143046284 215115.26618027306),ROOSEVELT AVENUE BRIDGE,Flushing Line,Flushing Line,EB,2021-03-16 08:45:00,94.0,96.0,105.0,83.0,102.0,8,1,101.0
32970,Queens,2021,3,16,8,45,91,177615,POINT (1028931.8143046284 215115.26618027306),ROOSEVELT AVENUE BRIDGE,Flushing Line,Flushing Line,WB,2021-03-16 08:45:00,77.0,91.0,88.0,104.0,88.0,8,1,82.0
32970,Queens,2021,3,16,9,0,88,177615,POINT (1028931.8143046284 215115.26618027306),ROOSEVELT AVENUE BRIDGE,Flushing Line,Flushing Line,WB,2021-03-16 09:00:00,91.0,77.0,113.0,84.0,93.0,9,1,96.0
32970,Brooklyn,2021,3,16,9,0,199,191114,POINT (988207.4245194928 151130.52481856258),CROPSEY AVENUE BRIDGE,Coney Island Creek Shoreline,Dead end,NB,2021-03-16 09:00:00,196.0,199.0,211.0,257.0,221.0,9,1,195.0
32970,Brooklyn,2021,3,16,9,0,260,157501,POINT (988148.6889210109 151103.24158873298),CROPSEY AVENUE BRIDGE,Cropsey Avenue,Dead end,SB,2021-03-16 09:00:00,276.0,226.0,250.0,296.0,222.0,9,1,228.0
32970,Queens,2021,3,16,9,0,102,177615,POINT (1028931.8143046284 215115.26618027306),ROOSEVELT AVENUE BRIDGE,Flushing Line,Flushing Line,EB,2021-03-16 09:00:00,111.0,94.0,92.0,82.0,91.0,9,1,83.0
32970,Brooklyn,2021,3,16,9,15,221,191114,POINT (988207.4245194928 151130.52481856258),CROPSEY AVENUE BRIDGE,Coney Island Creek Shoreline,Dead end,NB,2021-03-16 09:15:00,199.0,196.0,215.0,269.0,206.0,9,1,190.0
32970,Queens,2021,3,16,9,15,93,177615,POINT (1028931.8143046284 215115.26618027306),ROOSEVELT AVENUE BRIDGE,Flushing Line,Flushing Line,WB,2021-03-16 09:15:00,88.0,91.0,91.0,93.0,94.0,9,1,94.0
32970,Brooklyn,2021,3,16,9,15,222,157501,POINT (988148.6889210109 151103.24158873298),CROPSEY AVENUE BRIDGE,Cropsey Avenue,Dead end,SB,2021-03-16 09:15:00,260.0,276.0,254.0,278.0,221.0,9,1,217.0
32970,Queens,2021,3,16,9,15,91,177615,POINT (1028931.8143046284 215115.26618027306),ROOSEVELT AVENUE BRIDGE,Flushing Line,Flushing Line,EB,2021-03-16 09:15:00,102.0,111.0,96.0,84.0,103.0,9,1,114.0
32970,Brooklyn,2021,3,16,9,30,221,157501,POINT (988148.6889210109 151103.24158873298),CROPSEY AVENUE BRIDGE,Cropsey Avenue,Dead end,SB,2021-03-16 09:30:00,222.0,260.0,226.0,252.0,245.0,9,1,182.0
32970,Queens,2021,3,16,9,30,103,177615,POINT (1028931.8143046284 215115.26618027306),ROOSEVELT AVENUE BRIDGE,Flushing Line,Flushing Line,EB,2021-03-16 09:30:00,91.0,102.0,94.0,89.0,100.0,9,1,116.0
32970,Queens,2021,3,16,9,30,94,177615,POINT (1028931.8143046284 215115.26618027306),ROOSEVELT AVENUE BRIDGE,Flushing Line,Flushing Line,WB,2021-03-16 09:30:00,93.0,88.0,77.0,94.0,76.0,9,1,86.0
32970,Brooklyn,2021,3,16,9,30,206,191114,POINT (988207.4245194928 151130.52481856258),CROPSEY AVENUE BRIDGE,Coney Island Creek Shoreline,Dead end,NB,2021-03-16 09:30:00,221.0,199.0,199.0,266.0,217.0,9,1,201.0
32970,Brooklyn,2021,3,16,9,45,217,191114,POINT (988207.4245194928 151130.52481856258),CROPSEY AVENUE BRIDGE,Coney Island Creek Shoreline,Dead end,NB,2021-03-16 09:45:00,206.0,221.0,196.0,256.0,198.0,9,1,220.0
32970,Brooklyn,2021,3,16,9,45,245,157501,POINT (988148.6889210109 151103.24158873298),CROPSEY AVENUE BRIDGE,Cropsey Avenue,Dead end,SB,2021-03-16 09:45:00,221.0,222.0,276.0,292.0,228.0,9,1,236.0
32970,Queens,2021,3,16,9,45,100,177615,POINT (1028931.8143046284 215115.26618027306),ROOSEVELT AVENUE BRIDGE,Flushing Line,Flushing Line,EB,2021-03-16 09:45:00,103.0,91.0,111.0,105.0,95.0,9,1,141.0
32970,Queens,2021,3,16,9,45,76,177615,POINT (1028931.8143046284 215115.26618027306),ROOSEVELT AVENUE BRIDGE,Flushing Line,Flushing Line,WB,2021-03-16 09:45:00,94.0,93.0,91.0,88.0,79.0,9,1,84.0
32970,Brooklyn,2021,3,16,10,0,198,191114,POINT (988207.4245194928 151130.52481856258),CROPSEY AVENUE BRIDGE,Coney Island Creek Shoreline,Dead end,NB,2021-03-16 10:00:00,217.0,206.0,199.0,211.0,226.0,10,1,208.0
32970,Queens,2021,3,16,10,0,79,177615,POINT (1028931.8143046284 215115.26618027306),ROOSEVELT AVENUE BRIDGE,Flushing Line,Flushing Line,WB,2021-03-16 10:00:00,76.0,94.0,88.0,113.0,86.0,10,1,88.0
32970,Queens,2021,3,16,10,0,95,177615,POINT (1028931.8143046284 215115.26618027306),ROOSEVELT AVENUE BRIDGE,Flushing Line,Flushing Line,EB,2021-03-16 10:00:00,100.0,103.0,102.0,92.0,115.0,10,1,107.0
32970,Brooklyn,2021,3,16,10,0,228,157501,POINT (988148.6889210109 151103.24158873298),CROPSEY AVENUE BRIDGE,Cropsey Avenue,Dead end,SB,2021-03-16 10:00:00,245.0,221.0,260.0,250.0,230.0,10,1,236.0
32970,Brooklyn,2021,3,16,10,15,226,191114,POINT (988207.4245194928 151130.52481856258),CROPSEY AVENUE BRIDGE,Coney Island Creek Shoreline,Dead end,NB,2021-03-16 10:15:00,198.0,217.0,221.0,215.0,219.0,10,1,228.0
32970,Brooklyn,2021,3,16,10,15,230,157501,POINT (988148.6889210109 151103.24158873298),CROPSEY AVENUE BRIDGE,Cropsey Avenue,Dead end,SB,2021-03-16 10:15:00,228.0,245.0,222.0,254.0,261.0,10,1,203.0
32970,Queens,2021,3,16,10,15,115,177615,POINT (1028931.8143046284 215115.26618027306),ROOSEVELT AVENUE BRIDGE,Flushing Line,Flushing Line,EB,2021-03-16 10:15:00,95.0,100.0,91.0,96.0,112.0,10,1,96.0
32970,Queens,2021,3,16,10,15,86,177615,POINT (1028931.8143046284 215115.26618027306),ROOSEVELT AVENUE BRIDGE,Flushing Line,Flushing Line,WB,2021-03-16 10:15:00,79.0,76.0,93.0,91.0,92.0,10,1,86.0
32970,Queens,2021,3,16,10,30,112,177615,POINT (1028931.8143046284 215115.26618027306),ROOSEVELT AVENUE BRIDGE,Flushing Line,Flushing Line,EB,2021-03-16 10:30:00,115.0,95.0,103.0,94.0,128.0,10,1,114.0
32970,Queens,2021,3,16,10,30,92,177615,POINT (1028931.8143046284 215115.26618027306),ROOSEVELT AVENUE BRIDGE,Flushing Line,Flushing Line,WB,2021-03-16 10:30:00,86.0,79.0,94.0,77.0,100.0,10,1,95.0
32970,Brooklyn,2021,3,16,10,30,261,157501,POINT (988148.6889210109 151103.24158873298),CROPSEY AVENUE BRIDGE,Cropsey Avenue,Dead end,SB,2021-03-16 10:30:00,230.0,228.0,221.0,226.0,290.0,10,1,210.0
32970,Brooklyn,2021,3,16,10,30,219,191114,POINT (988207.4245194928 151130.52481856258),CROPSEY AVENUE BRIDGE,Coney Island Creek Shoreline,Dead end,NB,2021-03-16 10:30:00,226.0,198.0,206.0,199.0,220.0,10,1,230.0
32970,Brooklyn,2021,3,16,10,45,220,191114,POINT (988207.4245194928 151130.52481856258),CROPSEY AVENUE BRIDGE,Coney Island Creek Shoreline,Dead end,NB,2021-03-16 10:45:00,219.0,226.0,217.0,196.0,231.0,10,1,230.0
32970,Queens,2021,3,16,10,45,100,177615,POINT (1028931.8143046284 215115.26618027306),ROOSEVELT AVENUE BRIDGE,Flushing Line,Flushing Line,WB,2021-03-16 10:45:00,92.0,86.0,76.0,91.0,113.0,10,1,79.0
32970,Queens,2021,3,16,10,45,128,177615,POINT (1028931.8143046284 215115.26618027306),ROOSEVELT AVENUE BRIDGE,Flushing Line,Flushing Line,EB,2021-03-16 10:45:00,112.0,115.0,100.0,111.0,85.0,10,1,120.0
32970,Brooklyn,2021,3,16,10,45,290,157501,POINT (988148.6889210109 151103.24158873298),CROPSEY AVENUE BRIDGE,Cropsey Avenue,Dead end,SB,2021-03-16 10:45:00,261.0,230.0,245.0,276.0,268.0,10,1,210.0
32970,Brooklyn,2021,3,16,11,0,268,157501,POINT (988148.6889210109 151103.24158873298),CROPSEY AVENUE BRIDGE,Cropsey Avenue,Dead end,SB,2021-03-16 11:00:00,290.0,261.0,228.0,260.0,225.0,11,1,183.0
32970,Queens,2021,3,16,11,0,85,177615,POINT (1028931.8143046284 215115.26618027306),ROOSEVELT AVENUE BRIDGE,Flushing Line,Flushing Line,EB,2021-03-16 11:00:00,128.0,112.0,95.0,102.0,137.0,11,1,115.0
32970,Queens,2021,3,16,11,0,113,177615,POINT (1028931.8143046284 215115.26618027306),ROOSEVELT AVENUE BRIDGE,Flushing Line,Flushing Line,WB,2021-03-16 11:00:00,100.0,92.0,79.0,88.0,88.0,11,1,95.0
32970,Brooklyn,2021,3,16,11,0,231,191114,POINT (988207.4245194928 151130.52481856258),CROPSEY AVENUE BRIDGE,Coney Island Creek Shoreline,Dead end,NB,2021-03-16 11:00:00,220.0,219.0,198.0,199.0,229.0,11,1,228.0
32970,Brooklyn,2021,3,16,11,15,225,157501,POINT (988148.6889210109 151103.24158873298),CROPSEY AVENUE BRIDGE,Cropsey Avenue,Dead end,SB,2021-03-16 11:15:00,268.0,290.0,230.0,222.0,265.0,11,1,234.0
32970,Queens,2021,3,16,11,15,137,177615,POINT (1028931.8143046284 215115.26618027306),ROOSEVELT AVENUE BRIDGE,Flushing Line,Flushing Line,EB,2021-03-16 11:15:00,85.0,128.0,115.0,91.0,93.0,11,1,139.0
32970,Queens,2021,3,16,11,15,88,177615,POINT (1028931.8143046284 215115.26618027306),ROOSEVELT AVENUE BRIDGE,Flushing Line,Flushing Line,WB,2021-03-16 11:15:00,113.0,100.0,86.0,93.0,83.0,11,1,104.0
32970,Brooklyn,2021,3,16,11,15,229,191114,POINT (988207.4245194928 151130.52481856258),CROPSEY AVENUE BRIDGE,Coney Island Creek Shoreline,Dead end,NB,2021-03-16 11:15:00,231.0,220.0,226.0,221.0,216.0,11,1,233.0
32970,Brooklyn,2021,3,16,11,30,216,191114,POINT (988207.4245194928 151130.52481856258),CROPSEY AVENUE BRIDGE,Coney Island Creek Shoreline,Dead end,NB,2021-03-16 11:30:00,229.0,231.0,219.0,206.0,244.0,11,1,256.0
32970,Queens,2021,3,16,11,30,83,177615,POINT (1028931.8143046284 215115.26618027306),ROOSEVELT AVENUE BRIDGE,Flushing Line,Flushing Line,WB,2021-03-16 11:30:00,88.0,113.0,92.0,94.0,99.0,11,1,91.0
32970,Queens,2021,3,16,11,30,93,177615,POINT (1028931.8143046284 215115.26618027306),ROOSEVELT AVENUE BRIDGE,Flushing Line,Flushing Line,EB,2021-03-16 11:30:00,137.0,85.0,112.0,103.0,98.0,11,1,123.0
32970,Brooklyn,2021,3,16,11,30,265,157501,POINT (988148.6889210109 151103.24158873298),CROPSEY AVENUE BRIDGE,Cropsey Avenue,Dead end,SB,2021-03-16 11:30:00,225.0,268.0,261.0,221.0,256.0,11,1,215.0
32970,Brooklyn,2021,3,16,11,45,256,157501,POINT (988148.6889210109 151103.24158873298),CROPSEY AVENUE BRIDGE,Cropsey Avenue,Dead end,SB,2021-03-16 11:45:00,265.0,225.0,290.0,245.0,234.0,11,1,237.0
32970,Queens,2021,3,16,11,45,98,177615,POINT (1028931.8143046284 215115.26618027306),ROOSEVELT AVENUE BRIDGE,Flushing Line,Flushing Line,EB,2021-03-16 11:45:00,93.0,137.0,128.0,100.0,120.0,11,1,88.0
32970,Queens,2021,3,16,11,45,99,177615,POINT (1028931.8143046284 215115.26618027306),ROOSEVELT AVENUE BRIDGE,Flushing Line,Flushing Line,WB,2021-03-16 11:45:00,83.0,88.0,100.0,76.0,103.0,11,1,85.0
32970,Brooklyn,2021,3,16,11,45,244,191114,POINT (988207.4245194928 151130.52481856258),CROPSEY AVENUE BRIDGE,Coney Island Creek Shoreline,Dead end,NB,2021-03-16 11:45:00,216.0,229.0,220.0,217.0,243.0,11,1,236.0
32970,Brooklyn,2021,3,16,12,0,234,157501,POINT (988148.6889210109 151103.24158873298),CROPSEY AVENUE BRIDGE,Cropsey Avenue,Dead end,SB,2021-03-16 12:00:00,256.0,265.0,268.0,228.0,271.0,12,1,223.0
32970,Queens,2021,3,16,12,0,120,177615,POINT (1028931.8143046284 215115.26618027306),ROOSEVELT AVENUE BRIDGE,Flushing Line,Flushing Line,EB,2021-03-16 12:00:00,98.0,93.0,85.0,95.0,121.0,12,1,87.0
32970,Queens,2021,3,16,12,0,103,177615,POINT (1028931.8143046284 215115.26618027306),ROOSEVELT AVENUE BRIDGE,Flushing Line,Flushing Line,WB,2021-03-16 12:00:00,99.0,83.0,113.0,79.0,92.0,12,1,101.0
32970,Brooklyn,2021,3,16,12,0,243,191114,POINT (988207.4245194928 151130.52481856258),CROPSEY AVENUE BRIDGE,Coney Island Creek Shoreline,Dead end,NB,2021-03-16 12:00:00,244.0,216.0,231.0,198.0,254.0,12,1,240.0
32970,Queens,2021,3,16,12,15,92,177615,POINT (1028931.8143046284 215115.26618027306),ROOSEVELT AVENUE BRIDGE,Flushing Line,Flushing Line,WB,2021-03-16 12:15:00,103.0,99.0,88.0,86.0,95.0,12,1,70.0
32970,Brooklyn,2021,3,16,12,15,254,191114,POINT (988207.4245194928 151130.52481856258),CROPSEY AVENUE BRIDGE,Coney Island Creek Shoreline,Dead end,NB,2021-03-16 12:15:00,243.0,244.0,229.0,226.0,248.0,12,1,254.0
32970,Brooklyn,2021,3,16,12,15,271,157501,POINT (988148.6889210109 151103.24158873298),CROPSEY AVENUE BRIDGE,Cropsey Avenue,Dead end,SB,2021-03-16 12:15:00,234.0,256.0,225.0,230.0,268.0,12,1,226.0
32970,Queens,2021,3,16,12,15,121,177615,POINT (1028931.8143046284 215115.26618027306),ROOSEVELT AVENUE BRIDGE,Flushing Line,Flushing Line,EB,2021-03-16 12:15:00,120.0,98.0,137.0,115.0,125.0,12,1,103.0
32970,Brooklyn,2021,3,16,12,30,268,157501,POINT (988148.6889210109 151103.24158873298),CROPSEY AVENUE BRIDGE,Cropsey Avenue,Dead end,SB,2021-03-16 12:30:00,271.0,234.0,265.0,261.0,278.0,12,1,244.0
32970,Queens,2021,3,16,12,30,125,177615,POINT (1028931.8143046284 215115.26618027306),ROOSEVELT AVENUE BRIDGE,Flushing Line,Flushing Line,EB,2021-03-16 12:30:00,121.0,120.0,93.0,112.0,120.0,12,1,95.0
32970,Queens,2021,3,16,12,30,95,177615,POINT (1028931.8143046284 215115.26618027306),ROOSEVELT AVENUE BRIDGE,Flushing Line,Flushing Line,WB,2021-03-16 12:30:00,92.0,103.0,83.0,92.0,108.0,12,1,110.0
32970,Brooklyn,2021,3,16,12,30,248,191114,POINT (988207.4245194928 151130.52481856258),CROPSEY AVENUE BRIDGE,Coney Island Creek Shoreline,Dead end,NB,2021-03-16 12:30:00,254.0,243.0,216.0,219.0,235.0,12,1,267.0
32970,Brooklyn,2021,3,16,12,45,278,157501,POINT (988148.6889210109 151103.24158873298),CROPSEY AVENUE BRIDGE,Cropsey Avenue,Dead end,SB,2021-03-16 12:45:00,268.0,271.0,256.0,290.0,256.0,12,1,285.0
32970,Queens,2021,3,16,12,45,120,177615,POINT (1028931.8143046284 215115.26618027306),ROOSEVELT AVENUE BRIDGE,Flushing Line,Flushing Line,EB,2021-03-16 12:45:00,125.0,121.0,98.0,128.0,108.0,12,1,107.0
32970,Queens,2021,3,16,12,45,108,177615,POINT (1028931.8143046284 215115.26618027306),ROOSEVELT AVENUE BRIDGE,Flushing Line,Flushing Line,WB,2021-03-16 12:45:00,95.0,92.0,99.0,100.0,96.0,12,1,105.0
32970,Brooklyn,2021,3,16,12,45,235,191114,POINT (988207.4245194928 151130.52481856258),CROPSEY AVENUE BRIDGE,Coney Island Creek Shoreline,Dead end,NB,2021-03-16 12:45:00,248.0,254.0,244.0,220.0,284.0,12,1,275.0
32970,Queens,2021,3,16,13,0,96,177615,POINT (1028931.8143046284 215115.26618027306),ROOSEVELT AVENUE BRIDGE,Flushing Line,Flushing Line,WB,2021-03-16 13:00:00,108.0,95.0,103.0,113.0,95.0,13,1,100.0
32970,Brooklyn,2021,3,16,13,0,284,191114,POINT (988207.4245194928 151130.52481856258),CROPSEY AVENUE BRIDGE,Coney Island Creek Shoreline,Dead end,NB,2021-03-16 13:00:00,235.0,248.0,243.0,231.0,309.0,13,1,269.0
32970,Brooklyn,2021,3,16,13,0,256,157501,POINT (988148.6889210109 151103.24158873298),CROPSEY AVENUE BRIDGE,Cropsey Avenue,Dead end,SB,2021-03-16 13:00:00,278.0,268.0,234.0,268.0,241.0,13,1,262.0
32970,Queens,2021,3,16,13,0,108,177615,POINT (1028931.8143046284 215115.26618027306),ROOSEVELT AVENUE BRIDGE,Flushing Line,Flushing Line,EB,2021-03-16 13:00:00,120.0,125.0,120.0,85.0,122.0,13,1,105.0
32970,Brooklyn,2021,3,16,13,15,241,157501,POINT (988148.6889210109 151103.24158873298),CROPSEY AVENUE BRIDGE,Cropsey Avenue,Dead end,SB,2021-03-16 13:15:00,256.0,278.0,271.0,225.0,234.0,13,1,269.0
32970,Queens,2021,3,16,13,15,122,177615,POINT (1028931.8143046284 215115.26618027306),ROOSEVELT AVENUE BRIDGE,Flushing Line,Flushing Line,EB,2021-03-16 13:15:00,108.0,120.0,121.0,137.0,110.0,13,1,138.0
32970,Queens,2021,3,16,13,15,95,177615,POINT (1028931.8143046284 215115.26618027306),ROOSEVELT AVENUE BRIDGE,Flushing Line,Flushing Line,WB,2021-03-16 13:15:00,96.0,108.0,92.0,88.0,87.0,13,1,87.0
32970,Brooklyn,2021,3,16,13,15,309,191114,POINT (988207.4245194928 151130.52481856258),CROPSEY AVENUE BRIDGE,Coney Island Creek Shoreline,Dead end,NB,2021-03-16 13:15:00,284.0,235.0,254.0,229.0,288.0,13,1,327.0
32970,Brooklyn,2021,3,16,13,30,234,157501,POINT (988148.6889210109 151103.24158873298),CROPSEY AVENUE BRIDGE,Cropsey Avenue,Dead end,SB,2021-03-16 13:30:00,241.0,256.0,268.0,265.0,293.0,13,1,260.0
32970,Queens,2021,3,16,13,30,110,177615,POINT (1028931.8143046284 215115.26618027306),ROOSEVELT AVENUE BRIDGE,Flushing Line,Flushing Line,EB,2021-03-16 13:30:00,122.0,108.0,125.0,93.0,144.0,13,1,150.0
32970,Queens,2021,3,16,13,30,87,177615,POINT (1028931.8143046284 215115.26618027306),ROOSEVELT AVENUE BRIDGE,Flushing Line,Flushing Line,WB,2021-03-16 13:30:00,95.0,96.0,95.0,83.0,89.0,13,1,90.0
32970,Brooklyn,2021,3,16,13,30,288,191114,POINT (988207.4245194928 151130.52481856258),CROPSEY AVENUE BRIDGE,Coney Island Creek Shoreline,Dead end,NB,2021-03-16 13:30:00,309.0,284.0,248.0,216.0,254.0,13,1,294.0
32970,Brooklyn,2021,3,16,13,45,254,191114,POINT (988207.4245194928 151130.52481856258),CROPSEY AVENUE BRIDGE,Coney Island Creek Shoreline,Dead end,NB,2021-03-16 13:45:00,288.0,309.0,235.0,244.0,297.0,13,1,252.0
32970,Brooklyn,2021,3,16,13,45,293,157501,POINT (988148.6889210109 151103.24158873298),CROPSEY AVENUE BRIDGE,Cropsey Avenue,Dead end,SB,2021-03-16 13:45:00,234.0,241.0,278.0,256.0,239.0,13,1,248.0
32970,Queens,2021,3,16,13,45,144,177615,POINT (1028931.8143046284 215115.26618027306),ROOSEVELT AVENUE BRIDGE,Flushing Line,Flushing Line,EB,2021-03-16 13:45:00,110.0,122.0,120.0,98.0,119.0,13,1,122.0
32970,Queens,2021,3,16,13,45,89,177615,POINT (1028931.8143046284 215115.26618027306),ROOSEVELT AVENUE BRIDGE,Flushing Line,Flushing Line,WB,2021-03-16 13:45:00,87.0,95.0,108.0,99.0,104.0,13,1,105.0
32970,Brooklyn,2021,3,16,14,0,297,191114,POINT (988207.4245194928 151130.52481856258),CROPSEY AVENUE BRIDGE,Coney Island Creek Shoreline,Dead end,NB,2021-03-16 14:00:00,254.0,288.0,284.0,243.0,295.0,14,1,286.0
32970,Queens,2021,3,16,14,0,104,177615,POINT (1028931.8143046284 215115.26618027306),ROOSEVELT AVENUE BRIDGE,Flushing Line,Flushing Line,WB,2021-03-16 14:00:00,89.0,87.0,96.0,103.0,96.0,14,1,122.0
32970,Queens,2021,3,16,14,0,119,177615,POINT (1028931.8143046284 215115.26618027306),ROOSEVELT AVENUE BRIDGE,Flushing Line,Flushing Line,EB,2021-03-16 14:00:00,144.0,110.0,108.0,120.0,108.0,14,1,160.0
32970,Brooklyn,2021,3,16,14,0,239,157501,POINT (988148.6889210109 151103.24158873298),CROPSEY AVENUE BRIDGE,Cropsey Avenue,Dead end,SB,2021-03-16 14:00:00,293.0,234.0,256.0,234.0,286.0,14,1,241.0
32970,Brooklyn,2021,3,16,14,15,286,157501,POINT (988148.6889210109 151103.24158873298),CROPSEY AVENUE BRIDGE,Cropsey Avenue,Dead end,SB,2021-03-16 14:15:00,239.0,293.0,241.0,271.0,268.0,14,1,257.0
32970,Queens,2021,3,16,14,15,108,177615,POINT (1028931.8143046284 215115.26618027306),ROOSEVELT AVENUE BRIDGE,Flushing Line,Flushing Line,EB,2021-03-16 14:15:00,119.0,144.0,122.0,121.0,139.0,14,1,113.0
32970,Queens,2021,3,16,14,15,96,177615,POINT (1028931.8143046284 215115.26618027306),ROOSEVELT AVENUE BRIDGE,Flushing Line,Flushing Line,WB,2021-03-16 14:15:00,104.0,89.0,95.0,92.0,117.0,14,1,107.0
32970,Brooklyn,2021,3,16,14,15,295,191114,POINT (988207.4245194928 151130.52481856258),CROPSEY AVENUE BRIDGE,Coney Island Creek Shoreline,Dead end,NB,2021-03-16 14:15:00,297.0,254.0,309.0,254.0,302.0,14,1,280.0
32970,Brooklyn,2021,3,16,14,30,268,157501,POINT (988148.6889210109 151103.24158873298),CROPSEY AVENUE BRIDGE,Cropsey Avenue,Dead end,SB,2021-03-16 14:30:00,286.0,239.0,234.0,268.0,265.0,14,1,248.0
32970,Queens,2021,3,16,14,30,139,177615,POINT (1028931.8143046284 215115.26618027306),ROOSEVELT AVENUE BRIDGE,Flushing Line,Flushing Line,EB,2021-03-16 14:30:00,108.0,119.0,110.0,125.0,138.0,14,1,132.0
32970,Queens,2021,3,16,14,30,117,177615,POINT (1028931.8143046284 215115.26618027306),ROOSEVELT AVENUE BRIDGE,Flushing Line,Flushing Line,WB,2021-03-16 14:30:00,96.0,104.0,87.0,95.0,98.0,14,1,100.0
32970,Brooklyn,2021,3,16,14,30,302,191114,POINT (988207.4245194928 151130.52481856258),CROPSEY AVENUE BRIDGE,Coney Island Creek Shoreline,Dead end,NB,2021-03-16 14:30:00,295.0,297.0,288.0,248.0,278.0,14,1,296.0
32970,Brooklyn,2021,3,16,14,45,278,191114,POINT (988207.4245194928 151130.52481856258),CROPSEY AVENUE BRIDGE,Coney Island Creek Shoreline,Dead end,NB,2021-03-16 14:45:00,302.0,295.0,254.0,235.0,277.0,14,1,301.0
32970,Queens,2021,3,16,14,45,98,177615,POINT (1028931.8143046284 215115.26618027306),ROOSEVELT AVENUE BRIDGE,Flushing Line,Flushing Line,WB,2021-03-16 14:45:00,117.0,96.0,89.0,108.0,90.0,14,1,125.0
32970,Queens,2021,3,16,14,45,138,177615,POINT (1028931.8143046284 215115.26618027306),ROOSEVELT AVENUE BRIDGE,Flushing Line,Flushing Line,EB,2021-03-16 14:45:00,139.0,108.0,144.0,120.0,140.0,14,1,133.0
32970,Brooklyn,2021,3,16,14,45,265,157501,POINT (988148.6889210109 151103.24158873298),CROPSEY AVENUE BRIDGE,Cropsey Avenue,Dead end,SB,2021-03-16 14:45:00,268.0,286.0,293.0,278.0,278.0,14,1,230.0
32970,Brooklyn,2021,3,16,15,0,278,157501,POINT (988148.6889210109 151103.24158873298),CROPSEY AVENUE BRIDGE,Cropsey Avenue,Dead end,SB,2021-03-16 15:00:00,265.0,268.0,239.0,256.0,265.0,15,1,254.0
32970,Queens,2021,3,16,15,0,140,177615,POINT (1028931.8143046284 215115.26618027306),ROOSEVELT AVENUE BRIDGE,Flushing Line,Flushing Line,EB,2021-03-16 15:00:00,138.0,139.0,119.0,108.0,130.0,15,1,118.0
32970,Queens,2021,3,16,15,0,90,177615,POINT (1028931.8143046284 215115.26618027306),ROOSEVELT AVENUE BRIDGE,Flushing Line,Flushing Line,WB,2021-03-16 15:00:00,98.0,117.0,104.0,96.0,101.0,15,1,86.0
32970,Brooklyn,2021,3,16,15,0,277,191114,POINT (988207.4245194928 151130.52481856258),CROPSEY AVENUE BRIDGE,Coney Island Creek Shoreline,Dead end,NB,2021-03-16 15:00:00,278.0,302.0,297.0,284.0,272.0,15,1,303.0
32970,Brooklyn,2021,3,16,15,15,265,157501,POINT (988148.6889210109 151103.24158873298),CROPSEY AVENUE BRIDGE,Cropsey Avenue,Dead end,SB,2021-03-16 15:15:00,278.0,265.0,286.0,241.0,288.0,15,1,238.0
32970,Queens,2021,3,16,15,15,130,177615,POINT (1028931.8143046284 215115.26618027306),ROOSEVELT AVENUE BRIDGE,Flushing Line,Flushing Line,EB,2021-03-16 15:15:00,140.0,138.0,108.0,122.0,123.0,15,1,139.0
32970,Queens,2021,3,16,15,15,101,177615,POINT (1028931.8143046284 215115.26618027306),ROOSEVELT AVENUE BRIDGE,Flushing Line,Flushing Line,WB,2021-03-16 15:15:00,90.0,98.0,96.0,95.0,113.0,15,1,113.0
32970,Brooklyn,2021,3,16,15,15,272,191114,POINT (988207.4245194928 151130.52481856258),CROPSEY AVENUE BRIDGE,Coney Island Creek Shoreline,Dead end,NB,2021-03-16 15:15:00,277.0,278.0,295.0,309.0,266.0,15,1,274.0
32970,Brooklyn,2021,3,16,15,30,266,191114,POINT (988207.4245194928 151130.52481856258),CROPSEY AVENUE BRIDGE,Coney Island Creek Shoreline,Dead end,NB,2021-03-16 15:30:00,272.0,277.0,302.0,288.0,267.0,15,1,251.0
32970,Queens,2021,3,16,15,30,113,177615,POINT (1028931.8143046284 215115.26618027306),ROOSEVELT AVENUE BRIDGE,Flushing Line,Flushing Line,WB,2021-03-16 15:30:00,101.0,90.0,117.0,87.0,111.0,15,1,107.0
32970,Brooklyn,2021,3,16,15,30,288,157501,POINT (988148.6889210109 151103.24158873298),CROPSEY AVENUE BRIDGE,Cropsey Avenue,Dead end,SB,2021-03-16 15:30:00,265.0,278.0,268.0,234.0,274.0,15,1,247.0
32970,Queens,2021,3,16,15,30,123,177615,POINT (1028931.8143046284 215115.26618027306),ROOSEVELT AVENUE BRIDGE,Flushing Line,Flushing Line,EB,2021-03-16 15:30:00,130.0,140.0,139.0,110.0,115.0,15,1,141.0
32970,Brooklyn,2021,3,16,15,45,274,157501,POINT (988148.6889210109 151103.24158873298),CROPSEY AVENUE BRIDGE,Cropsey Avenue,Dead end,SB,2021-03-16 15:45:00,288.0,265.0,265.0,293.0,273.0,15,1,276.0
32970,Queens,2021,3,16,15,45,115,177615,POINT (1028931.8143046284 215115.26618027306),ROOSEVELT AVENUE BRIDGE,Flushing Line,Flushing Line,EB,2021-03-16 15:45:00,123.0,130.0,138.0,144.0,156.0,15,1,120.0
32970,Queens,2021,3,16,15,45,111,177615,POINT (1028931.8143046284 215115.26618027306),ROOSEVELT AVENUE BRIDGE,Flushing Line,Flushing Line,WB,2021-03-16 15:45:00,113.0,101.0,98.0,89.0,107.0,15,1,106.0
32970,Brooklyn,2021,3,16,15,45,267,191114,POINT (988207.4245194928 151130.52481856258),CROPSEY AVENUE BRIDGE,Coney Island Creek Shoreline,Dead end,NB,2021-03-16 15:45:00,266.0,272.0,278.0,254.0,269.0,15,1,269.0
32970,Brooklyn,2021,3,16,16,0,273,157501,POINT (988148.6889210109 151103.24158873298),CROPSEY AVENUE BRIDGE,Cropsey Avenue,Dead end,SB,2021-03-16 16:00:00,274.0,288.0,278.0,239.0,262.0,16,1,286.0
32970,Queens,2021,3,16,16,0,156,177615,POINT (1028931.8143046284 215115.26618027306),ROOSEVELT AVENUE BRIDGE,Flushing Line,Flushing Line,EB,2021-03-16 16:00:00,115.0,123.0,140.0,119.0,138.0,16,1,147.0
32970,Queens,2021,3,16,16,0,107,177615,POINT (1028931.8143046284 215115.26618027306),ROOSEVELT AVENUE BRIDGE,Flushing Line,Flushing Line,WB,2021-03-16 16:00:00,111.0,113.0,90.0,104.0,135.0,16,1,112.0
32970,Brooklyn,2021,3,16,16,0,269,191114,POINT (988207.4245194928 151130.52481856258),CROPSEY AVENUE BRIDGE,Coney Island Creek Shoreline,Dead end,NB,2021-03-16 16:00:00,267.0,266.0,277.0,297.0,247.0,16,1,262.0
32970,Queens,2021,3,16,16,15,135,177615,POINT (1028931.8143046284 215115.26618027306),ROOSEVELT AVENUE BRIDGE,Flushing Line,Flushing Line,WB,2021-03-16 16:15:00,107.0,111.0,101.0,96.0,107.0,16,1,121.0
32970,Brooklyn,2021,3,16,16,15,247,191114,POINT (988207.4245194928 151130.52481856258),CROPSEY AVENUE BRIDGE,Coney Island Creek Shoreline,Dead end,NB,2021-03-16 16:15:00,269.0,267.0,272.0,295.0,259.0,16,1,282.0
32970,Queens,2021,3,16,16,15,138,177615,POINT (1028931.8143046284 215115.26618027306),ROOSEVELT AVENUE BRIDGE,Flushing Line,Flushing Line,EB,2021-03-16 16:15:00,156.0,115.0,130.0,108.0,141.0,16,1,165.0
32970,Brooklyn,2021,3,16,16,15,262,157501,POINT (988148.6889210109 151103.24158873298),CROPSEY AVENUE BRIDGE,Cropsey Avenue,Dead end,SB,2021-03-16 16:15:00,273.0,274.0,265.0,286.0,293.0,16,1,263.0
32970,Brooklyn,2021,3,16,16,30,293,157501,POINT (988148.6889210109 151103.24158873298),CROPSEY AVENUE BRIDGE,Cropsey Avenue,Dead end,SB,2021-03-16 16:30:00,262.0,273.0,288.0,268.0,277.0,16,1,281.0
32970,Queens,2021,3,16,16,30,141,177615,POINT (1028931.8143046284 215115.26618027306),ROOSEVELT AVENUE BRIDGE,Flushing Line,Flushing Line,EB,2021-03-16 16:30:00,138.0,156.0,123.0,139.0,145.0,16,1,158.0
32970,Queens,2021,3,16,16,30,107,177615,POINT (1028931.8143046284 215115.26618027306),ROOSEVELT AVENUE BRIDGE,Flushing Line,Flushing Line,WB,2021-03-16 16:30:00,135.0,107.0,113.0,117.0,119.0,16,1,128.0
32970,Brooklyn,2021,3,16,16,30,259,191114,POINT (988207.4245194928 151130.52481856258),CROPSEY AVENUE BRIDGE,Coney Island Creek Shoreline,Dead end,NB,2021-03-16 16:30:00,247.0,269.0,266.0,302.0,258.0,16,1,235.0
32970,Brooklyn,2021,3,16,16,45,277,157501,POINT (988148.6889210109 151103.24158873298),CROPSEY AVENUE BRIDGE,Cropsey Avenue,Dead end,SB,2021-03-16 16:45:00,293.0,262.0,274.0,265.0,306.0,16,1,252.0
32970,Queens,2021,3,16,16,45,145,177615,POINT (1028931.8143046284 215115.26618027306),ROOSEVELT AVENUE BRIDGE,Flushing Line,Flushing Line,EB,2021-03-16 16:45:00,141.0,138.0,115.0,138.0,162.0,16,1,136.0
32970,Queens,2021,3,16,16,45,119,177615,POINT (1028931.8143046284 215115.26618027306),ROOSEVELT AVENUE BRIDGE,Flushing Line,Flushing Line,WB,2021-03-16 16:45:00,107.0,135.0,111.0,98.0,96.0,16,1,124.0
32970,Brooklyn,2021,3,16,16,45,258,191114,POINT (988207.4245194928 151130.52481856258),CROPSEY AVENUE BRIDGE,Coney Island Creek Shoreline,Dead end,NB,2021-03-16 16:45:00,259.0,247.0,267.0,278.0,237.0,16,1,228.0
32970,Queens,2021,3,16,17,0,162,177615,POINT (1028931.8143046284 215115.26618027306),ROOSEVELT AVENUE BRIDGE,Flushing Line,Flushing Line,EB,2021-03-16 17:00:00,145.0,141.0,156.0,140.0,141.0,17,1,166.0
32970,Queens,2021,3,16,17,0,96,177615,POINT (1028931.8143046284 215115.26618027306),ROOSEVELT AVENUE BRIDGE,Flushing Line,Flushing Line,WB,2021-03-16 17:00:00,119.0,107.0,107.0,90.0,105.0,17,1,122.0
32970,Brooklyn,2021,3,16,17,0,306,157501,POINT (988148.6889210109 151103.24158873298),CROPSEY AVENUE BRIDGE,Cropsey Avenue,Dead end,SB,2021-03-16 17:00:00,277.0,293.0,273.0,278.0,335.0,17,1,264.0
32970,Brooklyn,2021,3,16,17,0,237,191114,POINT (988207.4245194928 151130.52481856258),CROPSEY AVENUE BRIDGE,Coney Island Creek Shoreline,Dead end,NB,2021-03-16 17:00:00,258.0,259.0,269.0,277.0,200.0,17,1,208.0
32970,Brooklyn,2021,3,16,17,15,200,191114,POINT (988207.4245194928 151130.52481856258),CROPSEY AVENUE BRIDGE,Coney Island Creek Shoreline,Dead end,NB,2021-03-16 17:15:00,237.0,258.0,247.0,272.0,217.0,17,1,223.0
32970,Queens,2021,3,16,17,15,105,177615,POINT (1028931.8143046284 215115.26618027306),ROOSEVELT AVENUE BRIDGE,Flushing Line,Flushing Line,WB,2021-03-16 17:15:00,96.0,119.0,135.0,101.0,93.0,17,1,96.0
32970,Brooklyn,2021,3,16,17,15,335,157501,POINT (988148.6889210109 151103.24158873298),CROPSEY AVENUE BRIDGE,Cropsey Avenue,Dead end,SB,2021-03-16 17:15:00,306.0,277.0,262.0,265.0,290.0,17,1,241.0
32970,Queens,2021,3,16,17,15,141,177615,POINT (1028931.8143046284 215115.26618027306),ROOSEVELT AVENUE BRIDGE,Flushing Line,Flushing Line,EB,2021-03-16 17:15:00,162.0,145.0,138.0,130.0,110.0,17,1,145.0
32970,Brooklyn,2021,3,16,17,30,290,157501,POINT (988148.6889210109 151103.24158873298),CROPSEY AVENUE BRIDGE,Cropsey Avenue,Dead end,SB,2021-03-16 17:30:00,335.0,306.0,293.0,288.0,305.0,17,1,244.0
32970,Queens,2021,3,16,17,30,110,177615,POINT (1028931.8143046284 215115.26618027306),ROOSEVELT AVENUE BRIDGE,Flushing Line,Flushing Line,EB,2021-03-16 17:30:00,141.0,162.0,141.0,123.0,110.0,17,1,138.0
32970,Queens,2021,3,16,17,30,93,177615,POINT (1028931.8143046284 215115.26618027306),ROOSEVELT AVENUE BRIDGE,Flushing Line,Flushing Line,WB,2021-03-16 17:30:00,105.0,96.0,107.0,113.0,99.0,17,1,108.0
32970,Brooklyn,2021,3,16,17,30,217,191114,POINT (988207.4245194928 151130.52481856258),CROPSEY AVENUE BRIDGE,Coney Island Creek Shoreline,Dead end,NB,2021-03-16 17:30:00,200.0,237.0,259.0,266.0,216.0,17,1,214.0
32970,Brooklyn,2021,3,16,17,45,305,157501,POINT (988148.6889210109 151103.24158873298),CROPSEY AVENUE BRIDGE,Cropsey Avenue,Dead end,SB,2021-03-16 17:45:00,290.0,335.0,277.0,274.0,255.0,17,1,258.0
32970,Queens,2021,3,16,17,45,110,177615,POINT (1028931.8143046284 215115.26618027306),ROOSEVELT AVENUE BRIDGE,Flushing Line,Flushing Line,EB,2021-03-16 17:45:00,110.0,141.0,145.0,115.0,104.0,17,1,112.0
32970,Queens,2021,3,16,17,45,99,177615,POINT (1028931.8143046284 215115.26618027306),ROOSEVELT AVENUE BRIDGE,Flushing Line,Flushing Line,WB,2021-03-16 17:45:00,93.0,105.0,119.0,111.0,77.0,17,1,90.0
32970,Brooklyn,2021,3,16,17,45,216,191114,POINT (988207.4245194928 151130.52481856258),CROPSEY AVENUE BRIDGE,Coney Island Creek Shoreline,Dead end,NB,2021-03-16 17:45:00,217.0,200.0,258.0,267.0,184.0,17,1,183.0
32970,Queens,2021,3,16,18,0,77,177615,POINT (1028931.8143046284 215115.26618027306),ROOSEVELT AVENUE BRIDGE,Flushing Line,Flushing Line,WB,2021-03-16 18:00:00,99.0,93.0,96.0,107.0,67.0,18,1,81.0
32970,Brooklyn,2021,3,16,18,0,255,157501,POINT (988148.6889210109 151103.24158873298),CROPSEY AVENUE BRIDGE,Cropsey Avenue,Dead end,SB,2021-03-16 18:00:00,305.0,290.0,306.0,273.0,223.0,18,1,270.0
32970,Queens,2021,3,16,18,0,104,177615,POINT (1028931.8143046284 215115.26618027306),ROOSEVELT AVENUE BRIDGE,Flushing Line,Flushing Line,EB,2021-03-16 18:00:00,110.0,110.0,162.0,156.0,90.0,18,1,100.0
32970,Brooklyn,2021,3,16,18,0,184,191114,POINT (988207.4245194928 151130.52481856258),CROPSEY AVENUE BRIDGE,Coney Island Creek Shoreline,Dead end,NB,2021-03-16 18:00:00,216.0,217.0,237.0,269.0,226.0,18,1,197.0
32970,Brooklyn,2021,3,16,18,15,226,191114,POINT (988207.4245194928 151130.52481856258),CROPSEY AVENUE BRIDGE,Coney Island Creek Shoreline,Dead end,NB,2021-03-16 18:15:00,184.0,216.0,200.0,247.0,197.0,18,1,207.0
32970,Queens,2021,3,16,18,15,67,177615,POINT (1028931.8143046284 215115.26618027306),ROOSEVELT AVENUE BRIDGE,Flushing Line,Flushing Line,WB,2021-03-16 18:15:00,77.0,99.0,105.0,135.0,77.0,18,1,98.0
32970,Brooklyn,2021,3,16,18,15,223,157501,POINT (988148.6889210109 151103.24158873298),CROPSEY AVENUE BRIDGE,Cropsey Avenue,Dead end,SB,2021-03-16 18:15:00,255.0,305.0,335.0,262.0,243.0,18,1,251.0
32970,Queens,2021,3,16,18,15,90,177615,POINT (1028931.8143046284 215115.26618027306),ROOSEVELT AVENUE BRIDGE,Flushing Line,Flushing Line,EB,2021-03-16 18:15:00,104.0,110.0,141.0,138.0,86.0,18,1,96.0
32970,Brooklyn,2021,3,16,18,30,243,157501,POINT (988148.6889210109 151103.24158873298),CROPSEY AVENUE BRIDGE,Cropsey Avenue,Dead end,SB,2021-03-16 18:30:00,223.0,255.0,290.0,293.0,207.0,18,1,199.0
32970,Queens,2021,3,16,18,30,86,177615,POINT (1028931.8143046284 215115.26618027306),ROOSEVELT AVENUE BRIDGE,Flushing Line,Flushing Line,EB,2021-03-16 18:30:00,90.0,104.0,110.0,141.0,96.0,18,1,89.0
32970,Queens,2021,3,16,18,30,77,177615,POINT (1028931.8143046284 215115.26618027306),ROOSEVELT AVENUE BRIDGE,Flushing Line,Flushing Line,WB,2021-03-16 18:30:00,67.0,77.0,93.0,107.0,76.0,18,1,84.0
32970,Brooklyn,2021,3,16,18,30,197,191114,POINT (988207.4245194928 151130.52481856258),CROPSEY AVENUE BRIDGE,Coney Island Creek Shoreline,Dead end,NB,2021-03-16 18:30:00,226.0,184.0,217.0,259.0,194.0,18,1,182.0
32970,Brooklyn,2021,3,16,18,45,194,191114,POINT (988207.4245194928 151130.52481856258),CROPSEY AVENUE BRIDGE,Coney Island Creek Shoreline,Dead end,NB,2021-03-16 18:45:00,197.0,226.0,216.0,258.0,162.0,18,1,203.0
32970,Queens,2021,3,16,18,45,76,177615,POINT (1028931.8143046284 215115.26618027306),ROOSEVELT AVENUE BRIDGE,Flushing Line,Flushing Line,WB,2021-03-16 18:45:00,77.0,67.0,99.0,119.0,78.0,18,1,89.0
32970,Queens,2021,3,16,18,45,96,177615,POINT (1028931.8143046284 215115.26618027306),ROOSEVELT AVENUE BRIDGE,Flushing Line,Flushing Line,EB,2021-03-16 18:45:00,86.0,90.0,110.0,145.0,80.0,18,1,84.0
32970,Brooklyn,2021,3,16,18,45,207,157501,POINT (988148.6889210109 151103.24158873298),CROPSEY AVENUE BRIDGE,Cropsey Avenue,Dead end,SB,2021-03-16 18:45:00,243.0,223.0,305.0,277.0,220.0,18,1,231.0
32970,Brooklyn,2021,3,16,19,0,162,191114,POINT (988207.4245194928 151130.52481856258),CROPSEY AVENUE BRIDGE,Coney Island Creek Shoreline,Dead end,NB,2021-03-16 19:00:00,194.0,197.0,184.0,237.0,187.0,19,1,169.0
32970,Queens,2021,3,16,19,0,78,177615,POINT (1028931.8143046284 215115.26618027306),ROOSEVELT AVENUE BRIDGE,Flushing Line,Flushing Line,WB,2021-03-16 19:00:00,76.0,77.0,77.0,96.0,77.0,19,1,80.0
32970,Brooklyn,2021,3,16,19,0,220,157501,POINT (988148.6889210109 151103.24158873298),CROPSEY AVENUE BRIDGE,Cropsey Avenue,Dead end,SB,2021-03-16 19:00:00,207.0,243.0,255.0,306.0,189.0,19,1,227.0
32970,Queens,2021,3,16,19,0,80,177615,POINT (1028931.8143046284 215115.26618027306),ROOSEVELT AVENUE BRIDGE,Flushing Line,Flushing Line,EB,2021-03-16 19:00:00,96.0,86.0,104.0,162.0,68.0,19,1,85.0
32970,Brooklyn,2021,3,16,19,15,189,157501,POINT (988148.6889210109 151103.24158873298),CROPSEY AVENUE BRIDGE,Cropsey Avenue,Dead end,SB,2021-03-16 19:15:00,220.0,207.0,223.0,335.0,154.0,19,1,217.0
32970,Queens,2021,3,16,19,15,68,177615,POINT (1028931.8143046284 215115.26618027306),ROOSEVELT AVENUE BRIDGE,Flushing Line,Flushing Line,EB,2021-03-16 19:15:00,80.0,96.0,90.0,141.0,67.0,19,1,79.0
32970,Queens,2021,3,16,19,15,77,177615,POINT (1028931.8143046284 215115.26618027306),ROOSEVELT AVENUE BRIDGE,Flushing Line,Flushing Line,WB,2021-03-16 19:15:00,78.0,76.0,67.0,105.0,55.0,19,1,77.0
32970,Brooklyn,2021,3,16,19,15,187,191114,POINT (988207.4245194928 151130.52481856258),CROPSEY AVENUE BRIDGE,Coney Island Creek Shoreline,Dead end,NB,2021-03-16 19:15:00,162.0,194.0,226.0,200.0,150.0,19,1,176.0
32970,Brooklyn,2021,3,16,19,30,150,191114,POINT (988207.4245194928 151130.52481856258),CROPSEY AVENUE BRIDGE,Coney Island Creek Shoreline,Dead end,NB,2021-03-16 19:30:00,187.0,162.0,197.0,217.0,155.0,19,1,162.0
32970,Brooklyn,2021,3,16,19,30,154,157501,POINT (988148.6889210109 151103.24158873298),CROPSEY AVENUE BRIDGE,Cropsey Avenue,Dead end,SB,2021-03-16 19:30:00,189.0,220.0,243.0,290.0,154.0,19,1,170.0
32970,Queens,2021,3,16,19,30,67,177615,POINT (1028931.8143046284 215115.26618027306),ROOSEVELT AVENUE BRIDGE,Flushing Line,Flushing Line,EB,2021-03-16 19:30:00,68.0,80.0,86.0,110.0,51.0,19,1,57.0
32970,Queens,2021,3,16,19,30,55,177615,POINT (1028931.8143046284 215115.26618027306),ROOSEVELT AVENUE BRIDGE,Flushing Line,Flushing Line,WB,2021-03-16 19:30:00,77.0,78.0,77.0,93.0,53.0,19,1,79.0
32970,Brooklyn,2021,3,16,19,45,154,157501,POINT (988148.6889210109 151103.24158873298),CROPSEY AVENUE BRIDGE,Cropsey Avenue,Dead end,SB,2021-03-16 19:45:00,154.0,189.0,207.0,305.0,143.0,19,1,173.0
32970,Queens,2021,3,16,19,45,51,177615,POINT (1028931.8143046284 215115.26618027306),ROOSEVELT AVENUE BRIDGE,Flushing Line,Flushing Line,EB,2021-03-16 19:45:00,67.0,68.0,96.0,110.0,52.0,19,1,71.0
32970,Queens,2021,3,16,19,45,53,177615,POINT (1028931.8143046284 215115.26618027306),ROOSEVELT AVENUE BRIDGE,Flushing Line,Flushing Line,WB,2021-03-16 19:45:00,55.0,77.0,76.0,99.0,48.0,19,1,53.0
32970,Brooklyn,2021,3,16,19,45,155,191114,POINT (988207.4245194928 151130.52481856258),CROPSEY AVENUE BRIDGE,Coney Island Creek Shoreline,Dead end,NB,2021-03-16 19:45:00,150.0,187.0,194.0,216.0,111.0,19,1,136.0
32970,Queens,2021,3,16,20,0,48,177615,POINT (1028931.8143046284 215115.26618027306),ROOSEVELT AVENUE BRIDGE,Flushing Line,Flushing Line,WB,2021-03-16 20:00:00,53.0,55.0,78.0,77.0,53.0,20,1,53.0
32970,Brooklyn,2021,3,16,20,0,111,191114,POINT (988207.4245194928 151130.52481856258),CROPSEY AVENUE BRIDGE,Coney Island Creek Shoreline,Dead end,NB,2021-03-16 20:00:00,155.0,150.0,162.0,184.0,135.0,20,1,119.0
32970,Brooklyn,2021,3,16,20,0,143,157501,POINT (988148.6889210109 151103.24158873298),CROPSEY AVENUE BRIDGE,Cropsey Avenue,Dead end,SB,2021-03-16 20:00:00,154.0,154.0,220.0,255.0,133.0,20,1,156.0
32970,Queens,2021,3,16,20,0,52,177615,POINT (1028931.8143046284 215115.26618027306),ROOSEVELT AVENUE BRIDGE,Flushing Line,Flushing Line,EB,2021-03-16 20:00:00,51.0,67.0,80.0,104.0,60.0,20,1,52.0
32970,Queens,2021,3,16,20,15,53,177615,POINT (1028931.8143046284 215115.26618027306),ROOSEVELT AVENUE BRIDGE,Flushing Line,Flushing Line,WB,2021-03-16 20:15:00,48.0,53.0,77.0,67.0,23.0,20,1,35.0
32970,Brooklyn,2021,3,16,20,15,135,191114,POINT (988207.4245194928 151130.52481856258),CROPSEY AVENUE BRIDGE,Coney Island Creek Shoreline,Dead end,NB,2021-03-16 20:15:00,111.0,155.0,187.0,226.0,117.0,20,1,123.0
32970,Brooklyn,2021,3,16,20,15,133,157501,POINT (988148.6889210109 151103.24158873298),CROPSEY AVENUE BRIDGE,Cropsey Avenue,Dead end,SB,2021-03-16 20:15:00,143.0,154.0,189.0,223.0,140.0,20,1,127.0
32970,Queens,2021,3,16,20,15,60,177615,POINT (1028931.8143046284 215115.26618027306),ROOSEVELT AVENUE BRIDGE,Flushing Line,Flushing Line,EB,2021-03-16 20:15:00,52.0,51.0,68.0,90.0,51.0,20,1,59.0
32970,Brooklyn,2021,3,16,20,30,117,191114,POINT (988207.4245194928 151130.52481856258),CROPSEY AVENUE BRIDGE,Coney Island Creek Shoreline,Dead end,NB,2021-03-16 20:30:00,135.0,111.0,150.0,197.0,95.0,20,1,116.0
32970,Queens,2021,3,16,20,30,23,177615,POINT (1028931.8143046284 215115.26618027306),ROOSEVELT AVENUE BRIDGE,Flushing Line,Flushing Line,WB,2021-03-16 20:30:00,53.0,48.0,55.0,77.0,39.0,20,1,41.0
32970,Brooklyn,2021,3,16,20,30,140,157501,POINT (988148.6889210109 151103.24158873298),CROPSEY AVENUE BRIDGE,Cropsey Avenue,Dead end,SB,2021-03-16 20:30:00,133.0,143.0,154.0,243.0,139.0,20,1,156.0
32970,Queens,2021,3,16,20,30,51,177615,POINT (1028931.8143046284 215115.26618027306),ROOSEVELT AVENUE BRIDGE,Flushing Line,Flushing Line,EB,2021-03-16 20:30:00,60.0,52.0,67.0,86.0,46.0,20,1,58.0
32970,Brooklyn,2021,3,16,20,45,139,157501,POINT (988148.6889210109 151103.24158873298),CROPSEY AVENUE BRIDGE,Cropsey Avenue,Dead end,SB,2021-03-16 20:45:00,140.0,133.0,154.0,207.0,132.0,20,1,141.0
32970,Queens,2021,3,16,20,45,46,177615,POINT (1028931.8143046284 215115.26618027306),ROOSEVELT AVENUE BRIDGE,Flushing Line,Flushing Line,EB,2021-03-16 20:45:00,51.0,60.0,51.0,96.0,52.0,20,1,48.0
32970,Queens,2021,3,16,20,45,39,177615,POINT (1028931.8143046284 215115.26618027306),ROOSEVELT AVENUE BRIDGE,Flushing Line,Flushing Line,WB,2021-03-16 20:45:00,23.0,53.0,53.0,76.0,40.0,20,1,39.0
32970,Brooklyn,2021,3,16,20,45,95,191114,POINT (988207.4245194928 151130.52481856258),CROPSEY AVENUE BRIDGE,Coney Island Creek Shoreline,Dead end,NB,2021-03-16 20:45:00,117.0,135.0,155.0,194.0,120.0,20,1,105.0
32970,Brooklyn,2021,3,16,21,0,132,157501,POINT (988148.6889210109 151103.24158873298),CROPSEY AVENUE BRIDGE,Cropsey Avenue,Dead end,SB,2021-03-16 21:00:00,139.0,140.0,143.0,220.0,134.0,21,1,124.0
32970,Queens,2021,3,16,21,0,52,177615,POINT (1028931.8143046284 215115.26618027306),ROOSEVELT AVENUE BRIDGE,Flushing Line,Flushing Line,EB,2021-03-16 21:00:00,46.0,51.0,52.0,80.0,49.0,21,1,46.0
32970,Queens,2021,3,16,21,0,40,177615,POINT (1028931.8143046284 215115.26618027306),ROOSEVELT AVENUE BRIDGE,Flushing Line,Flushing Line,WB,2021-03-16 21:00:00,39.0,23.0,48.0,78.0,38.0,21,1,39.0
32970,Brooklyn,2021,3,16,21,0,120,191114,POINT (988207.4245194928 151130.52481856258),CROPSEY AVENUE BRIDGE,Coney Island Creek Shoreline,Dead end,NB,2021-03-16 21:00:00,95.0,117.0,111.0,162.0,76.0,21,1,109.0
32970,Brooklyn,2021,3,16,21,15,76,191114,POINT (988207.4245194928 151130.52481856258),CROPSEY AVENUE BRIDGE,Coney Island Creek Shoreline,Dead end,NB,2021-03-16 21:15:00,120.0,95.0,135.0,187.0,74.0,21,1,95.0
32970,Queens,2021,3,16,21,15,38,177615,POINT (1028931.8143046284 215115.26618027306),ROOSEVELT AVENUE BRIDGE,Flushing Line,Flushing Line,WB,2021-03-16 21:15:00,40.0,39.0,53.0,77.0,27.0,21,1,37.0
32970,Brooklyn,2021,3,16,21,15,134,157501,POINT (988148.6889210109 151103.24158873298),CROPSEY AVENUE BRIDGE,Cropsey Avenue,Dead end,SB,2021-03-16 21:15:00,132.0,139.0,133.0,189.0,98.0,21,1,113.0
32970,Queens,2021,3,16,21,15,49,177615,POINT (1028931.8143046284 215115.26618027306),ROOSEVELT AVENUE BRIDGE,Flushing Line,Flushing Line,EB,2021-03-16 21:15:00,52.0,46.0,60.0,68.0,31.0,21,1,40.0
32970,Brooklyn,2021,3,16,21,30,98,157501,POINT (988148.6889210109 151103.24158873298),CROPSEY AVENUE BRIDGE,Cropsey Avenue,Dead end,SB,2021-03-16 21:30:00,134.0,132.0,140.0,154.0,116.0,21,1,100.0
32970,Queens,2021,3,16,21,30,31,177615,POINT (1028931.8143046284 215115.26618027306),ROOSEVELT AVENUE BRIDGE,Flushing Line,Flushing Line,EB,2021-03-16 21:30:00,49.0,52.0,51.0,67.0,36.0,21,1,43.0
32970,Queens,2021,3,16,21,30,27,177615,POINT (1028931.8143046284 215115.26618027306),ROOSEVELT AVENUE BRIDGE,Flushing Line,Flushing Line,WB,2021-03-16 21:30:00,38.0,40.0,23.0,55.0,26.0,21,1,32.0
32970,Brooklyn,2021,3,16,21,30,74,191114,POINT (988207.4245194928 151130.52481856258),CROPSEY AVENUE BRIDGE,Coney Island Creek Shoreline,Dead end,NB,2021-03-16 21:30:00,76.0,120.0,117.0,150.0,75.0,21,1,79.0
32970,Brooklyn,2021,3,16,21,45,116,157501,POINT (988148.6889210109 151103.24158873298),CROPSEY AVENUE BRIDGE,Cropsey Avenue,Dead end,SB,2021-03-16 21:45:00,98.0,134.0,139.0,154.0,115.0,21,1,123.0
32970,Queens,2021,3,16,21,45,36,177615,POINT (1028931.8143046284 215115.26618027306),ROOSEVELT AVENUE BRIDGE,Flushing Line,Flushing Line,EB,2021-03-16 21:45:00,31.0,49.0,46.0,51.0,22.0,21,1,39.0
32970,Queens,2021,3,16,21,45,26,177615,POINT (1028931.8143046284 215115.26618027306),ROOSEVELT AVENUE BRIDGE,Flushing Line,Flushing Line,WB,2021-03-16 21:45:00,27.0,38.0,39.0,53.0,19.0,21,1,30.0
32970,Brooklyn,2021,3,16,21,45,75,191114,POINT (988207.4245194928 151130.52481856258),CROPSEY AVENUE BRIDGE,Coney Island Creek Shoreline,Dead end,NB,2021-03-16 21:45:00,74.0,76.0,95.0,155.0,81.0,21,1,75.0
32970,Queens,2021,3,16,22,0,19,177615,POINT (1028931.8143046284 215115.26618027306),ROOSEVELT AVENUE BRIDGE,Flushing Line,Flushing Line,WB,2021-03-16 22:00:00,26.0,27.0,40.0,48.0,24.0,22,1,23.0
32970,Brooklyn,2021,3,16,22,0,81,191114,POINT (988207.4245194928 151130.52481856258),CROPSEY AVENUE BRIDGE,Coney Island Creek Shoreline,Dead end,NB,2021-03-16 22:00:00,75.0,74.0,120.0,111.0,75.0,22,1,84.0
32970,Queens,2021,3,16,22,0,22,177615,POINT (1028931.8143046284 215115.26618027306),ROOSEVELT AVENUE BRIDGE,Flushing Line,Flushing Line,EB,2021-03-16 22:00:00,36.0,31.0,52.0,52.0,34.0,22,1,29.0
32970,Brooklyn,2021,3,16,22,0,115,157501,POINT (988148.6889210109 151103.24158873298),CROPSEY AVENUE BRIDGE,Cropsey Avenue,Dead end,SB,2021-03-16 22:00:00,116.0,98.0,132.0,143.0,104.0,22,1,98.0
32970,Brooklyn,2021,3,16,22,15,104,157501,POINT (988148.6889210109 151103.24158873298),CROPSEY AVENUE BRIDGE,Cropsey Avenue,Dead end,SB,2021-03-16 22:15:00,115.0,116.0,134.0,133.0,73.0,22,1,105.0
32970,Queens,2021,3,16,22,15,34,177615,POINT (1028931.8143046284 215115.26618027306),ROOSEVELT AVENUE BRIDGE,Flushing Line,Flushing Line,EB,2021-03-16 22:15:00,22.0,36.0,49.0,60.0,20.0,22,1,32.0
32970,Queens,2021,3,16,22,15,24,177615,POINT (1028931.8143046284 215115.26618027306),ROOSEVELT AVENUE BRIDGE,Flushing Line,Flushing Line,WB,2021-03-16 22:15:00,19.0,26.0,38.0,53.0,20.0,22,1,39.0
32970,Brooklyn,2021,3,16,22,15,75,191114,POINT (988207.4245194928 151130.52481856258),CROPSEY AVENUE BRIDGE,Coney Island Creek Shoreline,Dead end,NB,2021-03-16 22:15:00,81.0,75.0,76.0,135.0,74.0,22,1,58.0
32970,Brooklyn,2021,3,16,22,30,74,191114,POINT (988207.4245194928 151130.52481856258),CROPSEY AVENUE BRIDGE,Coney Island Creek Shoreline,Dead end,NB,2021-03-16 22:30:00,75.0,81.0,74.0,117.0,62.0,22,1,67.0
32970,Brooklyn,2021,3,16,22,30,73,157501,POINT (988148.6889210109 151103.24158873298),CROPSEY AVENUE BRIDGE,Cropsey Avenue,Dead end,SB,2021-03-16 22:30:00,104.0,115.0,98.0,140.0,91.0,22,1,103.0
32970,Queens,2021,3,16,22,30,20,177615,POINT (1028931.8143046284 215115.26618027306),ROOSEVELT AVENUE BRIDGE,Flushing Line,Flushing Line,EB,2021-03-16 22:30:00,34.0,22.0,31.0,51.0,31.0,22,1,30.0
32970,Queens,2021,3,16,22,30,20,177615,POINT (1028931.8143046284 215115.26618027306),ROOSEVELT AVENUE BRIDGE,Flushing Line,Flushing Line,WB,2021-03-16 22:30:00,24.0,19.0,27.0,23.0,23.0,22,1,18.0
32970,Brooklyn,2021,3,16,22,45,91,157501,POINT (988148.6889210109 151103.24158873298),CROPSEY AVENUE BRIDGE,Cropsey Avenue,Dead end,SB,2021-03-16 22:45:00,73.0,104.0,116.0,139.0,72.0,22,1,93.0
32970,Queens,2021,3,16,22,45,31,177615,POINT (1028931.8143046284 215115.26618027306),ROOSEVELT AVENUE BRIDGE,Flushing Line,Flushing Line,EB,2021-03-16 22:45:00,20.0,34.0,36.0,46.0,23.0,22,1,22.0
32970,Queens,2021,3,16,22,45,23,177615,POINT (1028931.8143046284 215115.26618027306),ROOSEVELT AVENUE BRIDGE,Flushing Line,Flushing Line,WB,2021-03-16 22:45:00,20.0,24.0,26.0,39.0,30.0,22,1,17.0
32970,Brooklyn,2021,3,16,22,45,62,191114,POINT (988207.4245194928 151130.52481856258),CROPSEY AVENUE BRIDGE,Coney Island Creek Shoreline,Dead end,NB,2021-03-16 22:45:00,74.0,75.0,75.0,95.0,53.0,22,1,82.0
32970,Queens,2021,3,16,23,0,30,177615,POINT (1028931.8143046284 215115.26618027306),ROOSEVELT AVENUE BRIDGE,Flushing Line,Flushing Line,WB,2021-03-16 23:00:00,23.0,20.0,19.0,40.0,21.0,23,1,18.0
32970,Brooklyn,2021,3,16,23,0,53,191114,POINT (988207.4245194928 151130.52481856258),CROPSEY AVENUE BRIDGE,Coney Island Creek Shoreline,Dead end,NB,2021-03-16 23:00:00,62.0,74.0,81.0,120.0,34.0,23,1,59.0
32970,Brooklyn,2021,3,16,23,0,72,157501,POINT (988148.6889210109 151103.24158873298),CROPSEY AVENUE BRIDGE,Cropsey Avenue,Dead end,SB,2021-03-16 23:00:00,91.0,73.0,115.0,132.0,62.0,23,1,60.0
32970,Queens,2021,3,16,23,0,23,177615,POINT (1028931.8143046284 215115.26618027306),ROOSEVELT AVENUE BRIDGE,Flushing Line,Flushing Line,EB,2021-03-16 23:00:00,31.0,20.0,22.0,52.0,25.0,23,1,30.0
32970,Queens,2021,3,16,23,15,25,177615,POINT (1028931.8143046284 215115.26618027306),ROOSEVELT AVENUE BRIDGE,Flushing Line,Flushing Line,EB,2021-03-16 23:15:00,23.0,31.0,34.0,49.0,30.0,23,1,20.0
32970,Queens,2021,3,16,23,15,21,177615,POINT (1028931.8143046284 215115.26618027306),ROOSEVELT AVENUE BRIDGE,Flushing Line,Flushing Line,WB,2021-03-16 23:15:00,30.0,23.0,24.0,38.0,15.0,23,1,21.0
32970,Brooklyn,2021,3,16,23,15,62,157501,POINT (988148.6889210109 151103.24158873298),CROPSEY AVENUE BRIDGE,Cropsey Avenue,Dead end,SB,2021-03-16 23:15:00,72.0,91.0,104.0,134.0,54.0,23,1,65.0
32970,Brooklyn,2021,3,16,23,15,34,191114,POINT (988207.4245194928 151130.52481856258),CROPSEY AVENUE BRIDGE,Coney Island Creek Shoreline,Dead end,NB,2021-03-16 23:15:00,53.0,62.0,75.0,76.0,49.0,23,1,47.0
32970,Brooklyn,2021,3,16,23,30,49,191114,POINT (988207.4245194928 151130.52481856258),CROPSEY AVENUE BRIDGE,Coney Island Creek Shoreline,Dead end,NB,2021-03-16 23:30:00,34.0,53.0,74.0,74.0,34.0,23,1,38.0
32970,Queens,2021,3,16,23,30,15,177615,POINT (1028931.8143046284 215115.26618027306),ROOSEVELT AVENUE BRIDGE,Flushing Line,Flushing Line,WB,2021-03-16 23:30:00,21.0,30.0,20.0,27.0,12.0,23,1,17.0
32970,Queens,2021,3,16,23,30,30,177615,POINT (1028931.8143046284 215115.26618027306),ROOSEVELT AVENUE BRIDGE,Flushing Line,Flushing Line,EB,2021-03-16 23:30:00,25.0,23.0,20.0,31.0,13.0,23,1,28.0
32970,Brooklyn,2021,3,16,23,30,54,157501,POINT (988148.6889210109 151103.24158873298),CROPSEY AVENUE BRIDGE,Cropsey Avenue,Dead end,SB,2021-03-16 23:30:00,62.0,72.0,73.0,98.0,55.0,23,1,51.0
32970,Brooklyn,2021,3,16,23,45,55,157501,POINT (988148.6889210109 151103.24158873298),CROPSEY AVENUE BRIDGE,Cropsey Avenue,Dead end,SB,2021-03-16 23:45:00,54.0,62.0,91.0,116.0,41.0,23,1,52.0
32970,Queens,2021,3,16,23,45,13,177615,POINT (1028931.8143046284 215115.26618027306),ROOSEVELT AVENUE BRIDGE,Flushing Line,Flushing Line,EB,2021-03-16 23:45:00,30.0,25.0,31.0,36.0,15.0,23,1,15.0
32970,Queens,2021,3,16,23,45,12,177615,POINT (1028931.8143046284 215115.26618027306),ROOSEVELT AVENUE BRIDGE,Flushing Line,Flushing Line,WB,2021-03-16 23:45:00,15.0,21.0,23.0,26.0,14.0,23,1,17.0
32970,Brooklyn,2021,3,16,23,45,34,191114,POINT (988207.4245194928 151130.52481856258),CROPSEY AVENUE BRIDGE,Coney Island Creek Shoreline,Dead end,NB,2021-03-16 23:45:00,49.0,34.0,62.0,75.0,39.0,23,1,38.0
32970,Brooklyn,2021,3,17,0,0,41,157501,POINT (988148.6889210109 151103.24158873298),CROPSEY AVENUE BRIDGE,Cropsey Avenue,Dead end,SB,2021-03-17 00:00:00,55.0,54.0,72.0,115.0,41.0,0,2,37.0
32970,Queens,2021,3,17,0,0,15,177615,POINT (1028931.8143046284 215115.26618027306),ROOSEVELT AVENUE BRIDGE,Flushing Line,Flushing Line,EB,2021-03-17 00:00:00,13.0,30.0,23.0,22.0,15.0,0,2,13.0
32970,Queens,2021,3,17,0,0,14,177615,POINT (1028931.8143046284 215115.26618027306),ROOSEVELT AVENUE BRIDGE,Flushing Line,Flushing Line,WB,2021-03-17 00:00:00,12.0,15.0,30.0,19.0,18.0,0,2,15.0
32970,Brooklyn,2021,3,17,0,0,39,191114,POINT (988207.4245194928 151130.52481856258),CROPSEY AVENUE BRIDGE,Coney Island Creek Shoreline,Dead end,NB,2021-03-17 00:00:00,34.0,49.0,53.0,81.0,24.0,0,2,32.0
32970,Brooklyn,2021,3,17,0,15,24,191114,POINT (988207.4245194928 151130.52481856258),CROPSEY AVENUE BRIDGE,Coney Island Creek Shoreline,Dead end,NB,2021-03-17 00:15:00,39.0,34.0,34.0,75.0,29.0,0,2,24.0
32970,Queens,2021,3,17,0,15,18,177615,POINT (1028931.8143046284 215115.26618027306),ROOSEVELT AVENUE BRIDGE,Flushing Line,Flushing Line,WB,2021-03-17 00:15:00,14.0,12.0,21.0,24.0,12.0,0,2,12.0
32970,Brooklyn,2021,3,17,0,15,41,157501,POINT (988148.6889210109 151103.24158873298),CROPSEY AVENUE BRIDGE,Cropsey Avenue,Dead end,SB,2021-03-17 00:15:00,41.0,55.0,62.0,104.0,21.0,0,2,45.0
32970,Queens,2021,3,17,0,15,15,177615,POINT (1028931.8143046284 215115.26618027306),ROOSEVELT AVENUE BRIDGE,Flushing Line,Flushing Line,EB,2021-03-17 00:15:00,15.0,13.0,25.0,34.0,23.0,0,2,15.0
32970,Brooklyn,2021,3,17,0,30,21,157501,POINT (988148.6889210109 151103.24158873298),CROPSEY AVENUE BRIDGE,Cropsey Avenue,Dead end,SB,2021-03-17 00:30:00,41.0,41.0,54.0,73.0,23.0,0,2,31.0
32970,Queens,2021,3,17,0,30,23,177615,POINT (1028931.8143046284 215115.26618027306),ROOSEVELT AVENUE BRIDGE,Flushing Line,Flushing Line,EB,2021-03-17 00:30:00,15.0,15.0,30.0,20.0,26.0,0,2,11.0
32970,Queens,2021,3,17,0,30,12,177615,POINT (1028931.8143046284 215115.26618027306),ROOSEVELT AVENUE BRIDGE,Flushing Line,Flushing Line,WB,2021-03-17 00:30:00,18.0,14.0,15.0,20.0,7.0,0,2,9.0
32970,Brooklyn,2021,3,17,0,30,29,191114,POINT (988207.4245194928 151130.52481856258),CROPSEY AVENUE BRIDGE,Coney Island Creek Shoreline,Dead end,NB,2021-03-17 00:30:00,24.0,39.0,49.0,74.0,34.0,0,2,37.0
32970,Brooklyn,2021,3,17,0,45,23,157501,POINT (988148.6889210109 151103.24158873298),CROPSEY AVENUE BRIDGE,Cropsey Avenue,Dead end,SB,2021-03-17 00:45:00,21.0,41.0,55.0,91.0,31.0,0,2,30.0
32970,Queens,2021,3,17,0,45,26,177615,POINT (1028931.8143046284 215115.26618027306),ROOSEVELT AVENUE BRIDGE,Flushing Line,Flushing Line,EB,2021-03-17 00:45:00,23.0,15.0,13.0,31.0,13.0,0,2,23.0
32970,Queens,2021,3,17,0,45,7,177615,POINT (1028931.8143046284 215115.26618027306),ROOSEVELT AVENUE BRIDGE,Flushing Line,Flushing Line,WB,2021-03-17 00:45:00,12.0,18.0,12.0,23.0,8.0,0,2,10.0
32970,Brooklyn,2021,3,17,0,45,34,191114,POINT (988207.4245194928 151130.52481856258),CROPSEY AVENUE BRIDGE,Coney Island Creek Shoreline,Dead end,NB,2021-03-17 00:45:00,29.0,24.0,34.0,62.0,25.0,0,2,22.0
32970,Brooklyn,2021,3,17,1,0,25,191114,POINT (988207.4245194928 151130.52481856258),CROPSEY AVENUE BRIDGE,Coney Island Creek Shoreline,Dead end,NB,2021-03-17 01:00:00,34.0,29.0,39.0,53.0,17.0,1,2,29.0
32970,Queens,2021,3,17,1,0,8,177615,POINT (1028931.8143046284 215115.26618027306),ROOSEVELT AVENUE BRIDGE,Flushing Line,Flushing Line,WB,2021-03-17 01:00:00,7.0,12.0,14.0,30.0,7.0,1,2,9.0
32970,Queens,2021,3,17,1,0,13,177615,POINT (1028931.8143046284 215115.26618027306),ROOSEVELT AVENUE BRIDGE,Flushing Line,Flushing Line,EB,2021-03-17 01:00:00,26.0,23.0,15.0,23.0,7.0,1,2,13.0
32970,Brooklyn,2021,3,17,1,0,31,157501,POINT (988148.6889210109 151103.24158873298),CROPSEY AVENUE BRIDGE,Cropsey Avenue,Dead end,SB,2021-03-17 01:00:00,23.0,21.0,41.0,72.0,24.0,1,2,30.0
32970,Brooklyn,2021,3,17,1,15,24,157501,POINT (988148.6889210109 151103.24158873298),CROPSEY AVENUE BRIDGE,Cropsey Avenue,Dead end,SB,2021-03-17 01:15:00,31.0,23.0,41.0,62.0,37.0,1,2,20.0
32970,Queens,2021,3,17,1,15,7,177615,POINT (1028931.8143046284 215115.26618027306),ROOSEVELT AVENUE BRIDGE,Flushing Line,Flushing Line,EB,2021-03-17 01:15:00,13.0,26.0,15.0,25.0,16.0,1,2,12.0
32970,Queens,2021,3,17,1,15,7,177615,POINT (1028931.8143046284 215115.26618027306),ROOSEVELT AVENUE BRIDGE,Flushing Line,Flushing Line,WB,2021-03-17 01:15:00,8.0,7.0,18.0,21.0,10.0,1,2,12.0
32970,Brooklyn,2021,3,17,1,15,17,191114,POINT (988207.4245194928 151130.52481856258),CROPSEY AVENUE BRIDGE,Coney Island Creek Shoreline,Dead end,NB,2021-03-17 01:15:00,25.0,34.0,24.0,34.0,18.0,1,2,12.0
32970,Brooklyn,2021,3,17,1,30,37,157501,POINT (988148.6889210109 151103.24158873298),CROPSEY AVENUE BRIDGE,Cropsey Avenue,Dead end,SB,2021-03-17 01:30:00,24.0,31.0,21.0,54.0,25.0,1,2,25.0
32970,Queens,2021,3,17,1,30,16,177615,POINT (1028931.8143046284 215115.26618027306),ROOSEVELT AVENUE BRIDGE,Flushing Line,Flushing Line,EB,2021-03-17 01:30:00,7.0,13.0,23.0,30.0,7.0,1,2,18.0
32970,Queens,2021,3,17,1,30,10,177615,POINT (1028931.8143046284 215115.26618027306),ROOSEVELT AVENUE BRIDGE,Flushing Line,Flushing Line,WB,2021-03-17 01:30:00,7.0,8.0,12.0,15.0,11.0,1,2,2.0
32970,Brooklyn,2021,3,17,1,30,18,191114,POINT (988207.4245194928 151130.52481856258),CROPSEY AVENUE BRIDGE,Coney Island Creek Shoreline,Dead end,NB,2021-03-17 01:30:00,17.0,25.0,29.0,49.0,17.0,1,2,18.0
32970,Brooklyn,2021,3,17,1,45,17,191114,POINT (988207.4245194928 151130.52481856258),CROPSEY AVENUE BRIDGE,Coney Island Creek Shoreline,Dead end,NB,2021-03-17 01:45:00,18.0,17.0,34.0,34.0,20.0,1,2,23.0
32970,Queens,2021,3,17,1,45,11,177615,POINT (1028931.8143046284 215115.26618027306),ROOSEVELT AVENUE BRIDGE,Flushing Line,Flushing Line,WB,2021-03-17 01:45:00,10.0,7.0,7.0,12.0,8.0,1,2,12.0
32970,Queens,2021,3,17,1,45,7,177615,POINT (1028931.8143046284 215115.26618027306),ROOSEVELT AVENUE BRIDGE,Flushing Line,Flushing Line,EB,2021-03-17 01:45:00,16.0,7.0,26.0,13.0,10.0,1,2,9.0
32970,Brooklyn,2021,3,17,1,45,25,157501,POINT (988148.6889210109 151103.24158873298),CROPSEY AVENUE BRIDGE,Cropsey Avenue,Dead end,SB,2021-03-17 01:45:00,37.0,24.0,23.0,55.0,15.0,1,2,24.0
32970,Brooklyn,2021,3,17,2,0,15,157501,POINT (988148.6889210109 151103.24158873298),CROPSEY AVENUE BRIDGE,Cropsey Avenue,Dead end,SB,2021-03-17 02:00:00,25.0,37.0,31.0,41.0,20.0,2,2,15.0
32970,Queens,2021,3,17,2,0,10,177615,POINT (1028931.8143046284 215115.26618027306),ROOSEVELT AVENUE BRIDGE,Flushing Line,Flushing Line,EB,2021-03-17 02:00:00,7.0,16.0,13.0,15.0,11.0,2,2,12.0
32970,Queens,2021,3,17,2,0,8,177615,POINT (1028931.8143046284 215115.26618027306),ROOSEVELT AVENUE BRIDGE,Flushing Line,Flushing Line,WB,2021-03-17 02:00:00,11.0,10.0,8.0,14.0,3.0,2,2,9.0
32970,Brooklyn,2021,3,17,2,0,20,191114,POINT (988207.4245194928 151130.52481856258),CROPSEY AVENUE BRIDGE,Coney Island Creek Shoreline,Dead end,NB,2021-03-17 02:00:00,17.0,18.0,25.0,39.0,29.0,2,2,16.0
32970,Brooklyn,2021,3,17,2,15,20,157501,POINT (988148.6889210109 151103.24158873298),CROPSEY AVENUE BRIDGE,Cropsey Avenue,Dead end,SB,2021-03-17 02:15:00,15.0,25.0,24.0,41.0,24.0,2,2,19.0
32970,Queens,2021,3,17,2,15,11,177615,POINT (1028931.8143046284 215115.26618027306),ROOSEVELT AVENUE BRIDGE,Flushing Line,Flushing Line,EB,2021-03-17 02:15:00,10.0,7.0,7.0,15.0,17.0,2,2,13.0
32970,Queens,2021,3,17,2,15,3,177615,POINT (1028931.8143046284 215115.26618027306),ROOSEVELT AVENUE BRIDGE,Flushing Line,Flushing Line,WB,2021-03-17 02:15:00,8.0,11.0,7.0,18.0,8.0,2,2,8.0
32970,Brooklyn,2021,3,17,2,15,29,191114,POINT (988207.4245194928 151130.52481856258),CROPSEY AVENUE BRIDGE,Coney Island Creek Shoreline,Dead end,NB,2021-03-17 02:15:00,20.0,17.0,17.0,24.0,20.0,2,2,18.0
32970,Queens,2021,3,17,2,30,8,177615,POINT (1028931.8143046284 215115.26618027306),ROOSEVELT AVENUE BRIDGE,Flushing Line,Flushing Line,WB,2021-03-17 02:30:00,3.0,8.0,10.0,12.0,11.0,2,2,8.0
32970,Brooklyn,2021,3,17,2,30,20,191114,POINT (988207.4245194928 151130.52481856258),CROPSEY AVENUE BRIDGE,Coney Island Creek Shoreline,Dead end,NB,2021-03-17 02:30:00,29.0,20.0,18.0,29.0,27.0,2,2,20.0
32970,Brooklyn,2021,3,17,2,30,24,157501,POINT (988148.6889210109 151103.24158873298),CROPSEY AVENUE BRIDGE,Cropsey Avenue,Dead end,SB,2021-03-17 02:30:00,20.0,15.0,37.0,21.0,21.0,2,2,16.0
32970,Queens,2021,3,17,2,30,17,177615,POINT (1028931.8143046284 215115.26618027306),ROOSEVELT AVENUE BRIDGE,Flushing Line,Flushing Line,EB,2021-03-17 02:30:00,11.0,10.0,16.0,23.0,17.0,2,2,10.0
32970,Brooklyn,2021,3,17,2,45,21,157501,POINT (988148.6889210109 151103.24158873298),CROPSEY AVENUE BRIDGE,Cropsey Avenue,Dead end,SB,2021-03-17 02:45:00,24.0,20.0,25.0,23.0,25.0,2,2,27.0
32970,Queens,2021,3,17,2,45,17,177615,POINT (1028931.8143046284 215115.26618027306),ROOSEVELT AVENUE BRIDGE,Flushing Line,Flushing Line,EB,2021-03-17 02:45:00,17.0,11.0,7.0,26.0,14.0,2,2,15.0
32970,Queens,2021,3,17,2,45,11,177615,POINT (1028931.8143046284 215115.26618027306),ROOSEVELT AVENUE BRIDGE,Flushing Line,Flushing Line,WB,2021-03-17 02:45:00,8.0,3.0,11.0,7.0,7.0,2,2,9.0
32970,Brooklyn,2021,3,17,2,45,27,191114,POINT (988207.4245194928 151130.52481856258),CROPSEY AVENUE BRIDGE,Coney Island Creek Shoreline,Dead end,NB,2021-03-17 02:45:00,20.0,29.0,17.0,34.0,29.0,2,2,16.0
32970,Brooklyn,2021,3,17,3,0,25,157501,POINT (988148.6889210109 151103.24158873298),CROPSEY AVENUE BRIDGE,Cropsey Avenue,Dead end,SB,2021-03-17 03:00:00,21.0,24.0,15.0,31.0,32.0,3,2,25.0
32970,Queens,2021,3,17,3,0,14,177615,POINT (1028931.8143046284 215115.26618027306),ROOSEVELT AVENUE BRIDGE,Flushing Line,Flushing Line,EB,2021-03-17 03:00:00,17.0,17.0,10.0,13.0,22.0,3,2,18.0
32970,Queens,2021,3,17,3,0,7,177615,POINT (1028931.8143046284 215115.26618027306),ROOSEVELT AVENUE BRIDGE,Flushing Line,Flushing Line,WB,2021-03-17 03:00:00,11.0,8.0,8.0,8.0,12.0,3,2,12.0
32970,Brooklyn,2021,3,17,3,0,29,191114,POINT (988207.4245194928 151130.52481856258),CROPSEY AVENUE BRIDGE,Coney Island Creek Shoreline,Dead end,NB,2021-03-17 03:00:00,27.0,20.0,20.0,25.0,39.0,3,2,31.0
32970,Brooklyn,2021,3,17,3,15,39,191114,POINT (988207.4245194928 151130.52481856258),CROPSEY AVENUE BRIDGE,Coney Island Creek Shoreline,Dead end,NB,2021-03-17 03:15:00,29.0,27.0,29.0,17.0,25.0,3,2,25.0
32970,Queens,2021,3,17,3,15,12,177615,POINT (1028931.8143046284 215115.26618027306),ROOSEVELT AVENUE BRIDGE,Flushing Line,Flushing Line,WB,2021-03-17 03:15:00,7.0,11.0,3.0,7.0,13.0,3,2,10.0
32970,Queens,2021,3,17,3,15,22,177615,POINT (1028931.8143046284 215115.26618027306),ROOSEVELT AVENUE BRIDGE,Flushing Line,Flushing Line,EB,2021-03-17 03:15:00,14.0,17.0,11.0,7.0,17.0,3,2,16.0
32970,Brooklyn,2021,3,17,3,15,32,157501,POINT (988148.6889210109 151103.24158873298),CROPSEY AVENUE BRIDGE,Cropsey Avenue,Dead end,SB,2021-03-17 03:15:00,25.0,21.0,20.0,24.0,47.0,3,2,25.0
32970,Brooklyn,2021,3,17,3,30,47,157501,POINT (988148.6889210109 151103.24158873298),CROPSEY AVENUE BRIDGE,Cropsey Avenue,Dead end,SB,2021-03-17 03:30:00,32.0,25.0,24.0,37.0,39.0,3,2,46.0
32970,Queens,2021,3,17,3,30,17,177615,POINT (1028931.8143046284 215115.26618027306),ROOSEVELT AVENUE BRIDGE,Flushing Line,Flushing Line,EB,2021-03-17 03:30:00,22.0,14.0,17.0,16.0,25.0,3,2,15.0
32970,Queens,2021,3,17,3,30,13,177615,POINT (1028931.8143046284 215115.26618027306),ROOSEVELT AVENUE BRIDGE,Flushing Line,Flushing Line,WB,2021-03-17 03:30:00,12.0,7.0,8.0,10.0,15.0,3,2,16.0
32970,Brooklyn,2021,3,17,3,30,25,191114,POINT (988207.4245194928 151130.52481856258),CROPSEY AVENUE BRIDGE,Coney Island Creek Shoreline,Dead end,NB,2021-03-17 03:30:00,39.0,29.0,20.0,18.0,42.0,3,2,46.0
32970,Brooklyn,2021,3,17,3,45,39,157501,POINT (988148.6889210109 151103.24158873298),CROPSEY AVENUE BRIDGE,Cropsey Avenue,Dead end,SB,2021-03-17 03:45:00,47.0,32.0,21.0,25.0,53.0,3,2,35.0
32970,Queens,2021,3,17,3,45,25,177615,POINT (1028931.8143046284 215115.26618027306),ROOSEVELT AVENUE BRIDGE,Flushing Line,Flushing Line,EB,2021-03-17 03:45:00,17.0,22.0,17.0,7.0,16.0,3,2,13.0
32970,Queens,2021,3,17,3,45,15,177615,POINT (1028931.8143046284 215115.26618027306),ROOSEVELT AVENUE BRIDGE,Flushing Line,Flushing Line,WB,2021-03-17 03:45:00,13.0,12.0,11.0,11.0,19.0,3,2,10.0
32970,Brooklyn,2021,3,17,3,45,42,191114,POINT (988207.4245194928 151130.52481856258),CROPSEY AVENUE BRIDGE,Coney Island Creek Shoreline,Dead end,NB,2021-03-17 03:45:00,25.0,39.0,27.0,17.0,48.0,3,2,37.0
32970,Queens,2021,3,17,4,0,19,177615,POINT (1028931.8143046284 215115.26618027306),ROOSEVELT AVENUE BRIDGE,Flushing Line,Flushing Line,WB,2021-03-17 04:00:00,15.0,13.0,7.0,8.0,19.0,4,2,18.0
32970,Brooklyn,2021,3,17,4,0,48,191114,POINT (988207.4245194928 151130.52481856258),CROPSEY AVENUE BRIDGE,Coney Island Creek Shoreline,Dead end,NB,2021-03-17 04:00:00,42.0,25.0,29.0,20.0,74.0,4,2,43.0
32970,Brooklyn,2021,3,17,4,0,53,157501,POINT (988148.6889210109 151103.24158873298),CROPSEY AVENUE BRIDGE,Cropsey Avenue,Dead end,SB,2021-03-17 04:00:00,39.0,47.0,25.0,15.0,72.0,4,2,42.0
32970,Queens,2021,3,17,4,0,16,177615,POINT (1028931.8143046284 215115.26618027306),ROOSEVELT AVENUE BRIDGE,Flushing Line,Flushing Line,EB,2021-03-17 04:00:00,25.0,17.0,14.0,10.0,31.0,4,2,18.0
32970,Brooklyn,2021,3,17,4,15,72,157501,POINT (988148.6889210109 151103.24158873298),CROPSEY AVENUE BRIDGE,Cropsey Avenue,Dead end,SB,2021-03-17 04:15:00,53.0,39.0,32.0,20.0,80.0,4,2,73.0
32970,Queens,2021,3,17,4,15,31,177615,POINT (1028931.8143046284 215115.26618027306),ROOSEVELT AVENUE BRIDGE,Flushing Line,Flushing Line,EB,2021-03-17 04:15:00,16.0,25.0,22.0,11.0,37.0,4,2,31.0
32970,Queens,2021,3,17,4,15,19,177615,POINT (1028931.8143046284 215115.26618027306),ROOSEVELT AVENUE BRIDGE,Flushing Line,Flushing Line,WB,2021-03-17 04:15:00,19.0,15.0,12.0,3.0,42.0,4,2,26.0
32970,Brooklyn,2021,3,17,4,15,74,191114,POINT (988207.4245194928 151130.52481856258),CROPSEY AVENUE BRIDGE,Coney Island Creek Shoreline,Dead end,NB,2021-03-17 04:15:00,48.0,42.0,39.0,29.0,73.0,4,2,70.0
32970,Brooklyn,2021,3,17,4,30,80,157501,POINT (988148.6889210109 151103.24158873298),CROPSEY AVENUE BRIDGE,Cropsey Avenue,Dead end,SB,2021-03-17 04:30:00,72.0,53.0,47.0,24.0,127.0,4,2,82.0
32970,Queens,2021,3,17,4,30,37,177615,POINT (1028931.8143046284 215115.26618027306),ROOSEVELT AVENUE BRIDGE,Flushing Line,Flushing Line,EB,2021-03-17 04:30:00,31.0,16.0,17.0,17.0,40.0,4,2,44.0
32970,Queens,2021,3,17,4,30,42,177615,POINT (1028931.8143046284 215115.26618027306),ROOSEVELT AVENUE BRIDGE,Flushing Line,Flushing Line,WB,2021-03-17 04:30:00,19.0,19.0,13.0,8.0,39.0,4,2,40.0
32970,Brooklyn,2021,3,17,4,30,73,191114,POINT (988207.4245194928 151130.52481856258),CROPSEY AVENUE BRIDGE,Coney Island Creek Shoreline,Dead end,NB,2021-03-17 04:30:00,74.0,48.0,25.0,20.0,86.0,4,2,71.0
